audit_status,audit_reason,market,stock_code,company_name,priority_level,level1_tag,level2_tag,level3_tag,evidence_method,sector,main_business,strategic_business,industry_level_1,industry_level_2,industry_level_3,policy_review_note,tag_batch,ah_conflict
B_行业与主营一致,主营为轨交装备或核心控制/供电系统,cn,000008,神州高铁,4,国家重点扶持产业,第二梯队：新兴支柱产业,高端装备,主营+行业映射,公司主营业务为轨道交通运营检修装备,轨道交通运营检修装备、轨道交通运营维保服务,,机械设备,轨交设备,轨交设备Ⅲ,2026-08-30复核：生产主营“轨道交通运营检修装备、轨道交通运营维保服务”，行业分类“机械设备/轨交设备/轨交设备Ⅲ”；归入高端装备,20260830_NEW,False
A_主营直接支持,主营/新战略业务直接命中生物医药证据,cn,000009,中国宝安,3,用户常用,第二梯队：新兴支柱产业,生物医药,旧批次规则复核,公司主营业务为高新技术行业,高新技术行业、生物医药行业、房地产行业,,电力设备,电池,电池化学品,Codex复核：披露业务“高新技术行业”明确属于生物医药,PREEXISTING,False
D_确认需修正,显示器整机组装与注塑件，不具备新型显示核心器件、材料或技术主营证据，应取消重点产业标签,cn,000020,深华发A,4,国家重点扶持产业,第二梯队：新兴支柱产业,新型显示,主营+行业映射,公司主营业务为显示器,显示器、注塑件,,电子,光学光电子,面板,2026-08-30复核：生产主营“显示器、注塑件”，行业分类“电子/光学光电子/面板”；归入新型显示,20260830_NEW,False
A_主营直接支持,主营/新战略业务直接命中集成电路证据,cn,000021,深科技,3,用户常用,第二梯队：新兴支柱产业,集成电路,旧批次规则复核,公司主营业务为高端制造,存储半导体业务、计量智能终端、高端制造,,电子,消费电子,消费电子零部件及组装,Codex复核：披露业务“高端制造”明确属于集成电路,PREEXISTING,False
A_主营直接支持,主营/新战略业务直接命中光伏证据,cn,000027,深圳能源,4,国家重点扶持产业,第二梯队：新兴支柱产业,光伏,主营/战略文本,公司主营业务为电力-燃煤,电力-燃煤、电力-燃机、电力-水电、电力-风电、电力-光伏、生态环保、综合燃气,,公用事业,电力,火力发电,2026-08-30复核：生产主营业务“电力-燃煤、电力-燃机、电力-水电、电力-风电、电力-光伏、生态环保、综合燃气”命中“光伏”；归入光伏,20260830_NEW,False
B_行业与主营一致,申万三级行业为医药流通，未发现直接冲突,cn,000028,国药一致,4,国家重点扶持产业,第二梯队：新兴支柱产业,生物医药,旧批次规则复核,公司主营业务为药品,药品、器械耗材、诊断试剂、仪器设备,,医药生物,医药商业,医药流通,Codex复核：披露业务“药品”明确属于生物医药,PREEXISTING,False
A_主营直接支持,主营/新战略业务直接命中软件与信息技术服务证据,cn,000034,神州数码,3,用户常用,第二梯队：新兴支柱产业,软件与信息技术服务,主营+行业映射,公司主营业务为消费电子业务,消费电子业务、企业增值业务、自有品牌产品、数云服务及软件、分部间抵消,,计算机,IT服务,IT服务Ⅲ,2026-08-30复核：生产主营“消费电子业务、企业增值业务、自有品牌产品、数云服务及软件、分部间抵消”，行业分类“计算机/IT服务/IT服务Ⅲ”；归入软件与信息技术服务,20260830_NEW,False
B_行业与主营一致,申万三级行业为固废治理，未发现直接冲突,cn,000035,中国天楹,4,国家重点扶持产业,第二梯队：新兴支柱产业,节能环保,主营+行业映射,公司主营业务为供电及垃圾处理服务,城市环境服务、供电及垃圾处理服务、提供建造服务,,环保,环境治理,固废治理,2026-08-30复核：生产主营“城市环境服务、供电及垃圾处理服务、提供建造服务”，行业分类“环保/环境治理/固废治理”；归入节能环保,20260830_NEW,False
A_主营直接支持,主营/新战略业务直接命中海洋工程装备证据,cn,000039,中集集团,3,用户常用,第二梯队：新兴支柱产业,海洋工程装备,主营/战略文本,公司主营业务为集装箱制造,合并抵消、循环载具、海洋工程、物流服务、空港与物流装备、消防与救援设备、能源、化工及液态食品装备、道路运输车辆、金融及资产管理、集装箱制造,,机械设备,通用设备,金属制品,2026-08-30复核：生产主营业务“合并抵消、循环载具、海洋工程、物流服务、空港与物流装备、消防与救援设备、能源、化工及液态食品装备、道路运输车辆、金融及资产管理、集装箱制造”命中“海洋工程”；归入海洋工程装备,20260830_NEW,False
A_主营直接支持,主营/新战略业务直接命中新型显示证据,cn,000045,深纺织A,4,国家重点扶持产业,第二梯队：新兴支柱产业,新型显示,主营+行业映射,公司主营业务为偏光片销售业务,偏光片销售业务,,电子,光学光电子,面板,2026-08-30复核：生产主营“偏光片销售业务”，行业分类“电子/光学光电子/面板”；归入新型显示,20260830_NEW,False
A_主营直接支持,主营/新战略业务直接命中动力电池与新型储能证据,cn,000049,德赛电池,4,国家重点扶持产业,第二梯队：新兴支柱产业,动力电池与新型储能,主营+行业映射,公司主营业务为智能手机类,智能手机类、智能穿戴类、电动工具、智能家居和出行类、笔记本电脑和平板电脑类、储能产品类,,电力设备,电池,锂电池,2026-08-30复核：生产主营“智能手机类、智能穿戴类、电动工具、智能家居和出行类、笔记本电脑和平板电脑类、储能产品类”，行业分类“电力设备/电池/锂电池”；归入动力电池与新型储能,20260830_NEW,False
A_主营直接支持,主营/新战略业务直接命中新型显示证据,cn,000050,深天马A,4,国家重点扶持产业,第二梯队：新兴支柱产业,新型显示,主营+行业映射,公司主营业务为显示屏及显示模组,显示屏及显示模组,,电子,光学光电子,面板,2026-08-30复核：生产主营“显示屏及显示模组”，行业分类“电子/光学光电子/面板”；归入新型显示,20260830_NEW,False
A_主营直接支持,主营/新战略业务直接命中新材料证据,cn,000060,中金岭南,4,国家重点扶持产业,第二梯队：新兴支柱产业,新材料,主营/战略文本,公司主营业务为铜冶炼产品,精矿产品、铅锌冶炼产品、铜冶炼产品、铝型材、电池、复合材料、有色金属贸易业务、产品间抵销,,有色金属,工业金属,铅锌,2026-08-30复核：生产主营业务“精矿产品、铅锌冶炼产品、铜冶炼产品、铝型材、电池、复合材料、有色金属贸易业务、产品间抵销”命中“复合材料”；归入新材料,20260830_NEW,False
B_行业与主营一致,申万三级行业为通信网络设备及器件，未发现直接冲突,cn,000063,中兴通讯,3,用户常用,第二梯队：新兴支柱产业,新一代通信,主营+行业映射,公司主营业务为运营商网络,政企业务、消费者业务、运营商网络,,通信,通信设备,通信网络设备及器件,2026-08-30复核：生产主营“政企业务、消费者业务、运营商网络”，行业分类“通信/通信设备/通信网络设备及器件”；归入新一代通信,20260830_NEW,False
B_行业与主营一致,申万三级行业为其他计算机设备，主营未发现冲突,cn,000066,中国长城,3,用户常用,第二梯队：新兴支柱产业,先进计算与信息设备,主营+行业映射,公司主营业务为计算产业,系统装备、计算产业,,计算机,计算机设备,其他计算机设备,2026-08-30复核：生产主营“系统装备、计算产业”，行业分类“计算机/计算机设备/其他计算机设备”；归入先进计算与信息设备,20260830_NEW,False
B_行业与主营一致,申万三级行业为综合环境治理，未发现直接冲突,cn,000068,华控赛格,4,国家重点扶持产业,第二梯队：新兴支柱产业,节能环保,主营+行业映射,公司主营业务为建筑材料,专业技术及运营服务、工程建设、建筑材料、锂电池负极材料,,环保,环境治理,综合环境治理,2026-08-30复核：生产主营“专业技术及运营服务、工程建设、建筑材料、锂电池负极材料”，行业分类“环保/环境治理/综合环境治理”；归入节能环保,20260830_NEW,False
A_主营直接支持,主营/新战略业务直接命中集成电路证据,cn,000100,TCL科技,3,用户常用,第二梯队：新兴支柱产业,集成电路,旧批次规则复核,公司主营业务为半导体显示器件,半导体显示器件、电子产品分销,,电子,光学光电子,面板,Codex复核：披露业务“半导体显示器件”明确属于集成电路,PREEXISTING,False
A_主营直接支持,主营/新战略业务直接命中新材料证据,cn,000151,中成股份,4,国家重点扶持产业,第二梯队：新兴支柱产业,新材料,主营/战略文本,公司主营业务为成套设备出口和工程承包,成套设备出口和工程承包、环境科技、复合材料生产,,商贸零售,贸易,贸易Ⅲ,2026-08-30复核：生产主营业务“成套设备出口和工程承包、环境科技、复合材料生产”命中“复合材料”；归入新材料,20260830_NEW,False
A_主营直接支持,主营/新战略业务直接命中生物医药证据,cn,000153,丰原药业,4,国家重点扶持产业,第二梯队：新兴支柱产业,生物医药,主营+行业映射,公司主营业务为药品批发,中药及制剂、化学合成药及制剂、生物药及制剂、药品批发、药品零售、药用辅料,,医药生物,化学制药,化学制剂,2026-08-30复核：生产主营“中药及制剂、化学合成药及制剂、生物药及制剂、药品批发、药品零售、药用辅料”，行业分类“医药生物/化学制药/化学制剂”；归入生物医药,20260830_NEW,False
A_主营直接支持,主营/新战略业务直接命中光伏证据,cn,000155,川能动力,4,国家重点扶持产业,第二梯队：新兴支柱产业,光伏,主营/战略文本,公司主营业务为风力及光伏发电收入,风力及光伏发电收入、锂电业务收入、垃圾发电收入、环卫服务收入,,公用事业,电力,风力发电,2026-08-30复核：生产主营业务“风力及光伏发电收入、锂电业务收入、垃圾发电收入、环卫服务收入”命中“光伏”；归入光伏,20260830_NEW,False
A_主营直接支持,主营/新战略业务直接命中软件与信息技术服务证据,cn,000158,常山北明,3,用户常用,第二梯队：新兴支柱产业,软件与信息技术服务,主营+行业映射,公司主营业务为系统集成及行业解决方案服务,代理产品增值销售、坯布、定制软件及服务、系统集成及行业解决方案服务、纱,,计算机,IT服务,IT服务Ⅲ,2026-08-30复核：生产主营“代理产品增值销售、坯布、定制软件及服务、系统集成及行业解决方案服务、纱”，行业分类“计算机/IT服务/IT服务Ⅲ”；归入软件与信息技术服务,20260830_NEW,False
A_主营直接支持,主营/新战略业务直接命中光伏证据,cn,000159,国际实业,4,国家重点扶持产业,第二梯队：新兴支柱产业,光伏,主营/战略文本,公司主营业务为油品及化工产品,油品及化工产品、房地产开发业、仓储服务、钢管杆、光伏支架、角钢塔、受托加工镀锌,,电力设备,光伏设备,光伏辅材,2026-08-30复核：生产主营业务“油品及化工产品、房地产开发业、仓储服务、钢管杆、光伏支架、角钢塔、受托加工镀锌”命中“光伏”；归入光伏,20260830_NEW,False
A_主营直接支持,主营/新战略业务直接命中智能机器人证据,cn,000333,美的集团,2,S100,第二梯队：新兴支柱产业,智能机器人,主营/战略文本,公司主营业务为智能家居业务,商业及工业解决方案、新能源及工业技术、智能建筑科技、机器人与自动化、智能家居业务,,家用电器,白色家电,空调,2026-08-30复核：生产主营业务“商业及工业解决方案、新能源及工业技术、智能建筑科技、机器人与自动化、智能家居业务”命中“机器人与自动化”；归入智能机器人,20260830_NEW,False
B_行业与主营一致,申万三级行业为血液制品，未发现直接冲突,cn,000403,派林生物,4,国家重点扶持产业,第二梯队：新兴支柱产业,生物医药,主营+行业映射,公司主营业务为血液制品,血液制品、基质体,,医药生物,生物制品,血液制品,2026-08-30复核：生产主营“血液制品、基质体”，行业分类“医药生物/生物制品/血液制品”；归入生物医药,20260830_NEW,False
A_主营直接支持,主营/新战略业务直接命中工业互联网证据,cn,000409,云鼎科技,4,国家重点扶持产业,第一梯队：AI+超级主线,工业互联网,旧批次规则复核,公司主营业务为智能矿山产品及解决方案,智能矿山产品及解决方案、工业互联网平台产品、智能洗选产品及解决方案、ERP实施及运维服务、智能电力新能源产品及解决方案、煤气化专业技术实施许可及解决方案,,计算机,IT服务,IT服务Ⅲ,Codex复核：披露业务“智能矿山产品及解决方案”明确属于工业互联网,PREEXISTING,False
A_主营直接支持,主营/新战略业务直接命中工业母机证据,cn,000410,沈阳机床,4,国家重点扶持产业,第三梯队：卡脖子底座,工业母机,旧批次规则复核,公司主营业务为数控机床,数控机床、普通车床、普通钻、镗床,,机械设备,通用设备,机床工具,Codex复核：披露业务“数控机床”明确属于工业母机,PREEXISTING,False
A_主营直接支持,主营/新战略业务直接命中新材料证据,cn,000420,吉林化纤,4,国家重点扶持产业,第二梯队：新兴支柱产业,新材料,主营/战略文本,公司主营业务为粘胶长丝,粘胶长丝、粘胶短纤、碳纤维产品,,基础化工,化学纤维,粘胶,2026-08-30复核：生产主营业务“粘胶长丝、粘胶短纤、碳纤维产品”命中“碳纤维”；归入新材料,20260830_NEW,False
B_行业与主营一致,申万三级行业为中药Ⅲ，未发现直接冲突,cn,000423,东阿阿胶,3,用户常用,第二梯队：新兴支柱产业,现代中药,主营+行业映射,公司主营业务为阿胶及系列产品,阿胶及系列产品、毛驴养殖及销售,,医药生物,中药,中药Ⅲ,2026-08-30复核：生产主营“阿胶及系列产品、毛驴养殖及销售”，行业分类“医药生物/中药/中药Ⅲ”；归入现代中药,20260830_NEW,False
B_行业与主营一致,申万三级行业为垂直应用软件，与软件/信息服务标签一致,cn,000503,国新健康,4,国家重点扶持产业,第二梯队：新兴支柱产业,软件与信息技术服务,主营+行业映射,公司主营业务为数字医保,数字医保、数字医疗、数字医药、健康服务,,计算机,软件开发,垂直应用软件,2026-08-30复核：生产主营“数字医保、数字医疗、数字医药、健康服务”，行业分类“计算机/软件开发/垂直应用软件”；归入软件与信息技术服务,20260830_NEW,False
B_行业与主营一致,申万三级行业为风力发电，未发现直接冲突,cn,000507,珠海港,4,国家重点扶持产业,第二梯队：新兴支柱产业,风电,主营+行业映射,公司主营业务为新能源板块,港口板块、航运板块、物流板块、港口服务板块、新能源板块,,公用事业,电力,风力发电,2026-08-30复核：生产主营“港口板块、航运板块、物流板块、港口服务板块、新能源板块”，行业分类“公用事业/电力/风力发电”；归入风电,20260830_NEW,False
C_需人工复核,终端/配套业务是否纳入该产业需按政策口径和收入占比复核，暂不直接判错,cn,000509,华塑控股,4,国家重点扶持产业,第二梯队：新兴支柱产业,新型显示,主营+行业映射,公司主营业务为电子产品,电子产品,,电子,光学光电子,面板,2026-08-30复核：生产主营“电子产品”，行业分类“电子/光学光电子/面板”；归入新型显示,20260830_NEW,False
A_主营直接支持,主营/新战略业务直接命中生物医药证据,cn,000513,丽珠集团,4,国家重点扶持产业,第二梯队：新兴支柱产业,生物医药,旧批次规则复核,公司主营业务为化学制剂,中药制剂、化学制剂、原料药和中间体、生物制品、诊断试剂及设备,,医药生物,化学制药,化学制剂,Codex复核：披露业务“化学制剂”明确属于生物医药,PREEXISTING,False
B_行业与主营一致,申万三级行业为其他生物制品，未发现直接冲突,cn,000518,四环生物,4,国家重点扶持产业,第二梯队：新兴支柱产业,生物医药,主营+行业映射,公司主营业务为EPO,EPO,,医药生物,生物制品,其他生物制品,2026-08-30复核：生产主营“EPO”，行业分类“医药生物/生物制品/其他生物制品”；归入生物医药,20260830_NEW,False
C_需人工复核,未在主营/新战略业务中找到新材料直接证据；当前主要依赖其他生物制品,cn,000534,万泽股份,4,国家重点扶持产业,第二梯队：新兴支柱产业,新材料,主营/战略文本,公司主营业务为金双歧,金属检测及加工服务、高温合金材料销售、金双歧、定君生、微生态大健康产品,,医药生物,生物制品,其他生物制品,2026-08-30复核：生产主营业务“金属检测及加工服务、高温合金材料销售、金双歧、定君生、微生态大健康产品”命中“高温合金”；归入新材料,20260830_NEW,False
A_主营直接支持,主营/新战略业务直接命中新型显示证据,cn,000536,华映科技,4,国家重点扶持产业,第二梯队：新兴支柱产业,新型显示,主营+行业映射,公司主营业务为面板业务,模组相关业务、面板业务,,电子,光学光电子,面板,2026-08-30复核：生产主营“模组相关业务、面板业务”，行业分类“电子/光学光电子/面板”；归入新型显示,20260830_NEW,False
B_行业与主营一致,申万三级行业为风力发电，未发现直接冲突,cn,000537,绿发电力,4,国家重点扶持产业,第二梯队：新兴支柱产业,风电,主营+行业映射,公司主营业务为电力,电力、租赁,,公用事业,电力,风力发电,2026-08-30复核：生产主营“电力、租赁”，行业分类“公用事业/电力/风力发电”；归入风电,20260830_NEW,False
B_行业与主营一致,申万三级行业为中药Ⅲ，未发现直接冲突,cn,000538,云南白药,3,用户常用,第二梯队：新兴支柱产业,现代中药,主营+行业映射,公司主营业务为批发零售,工业产品（自制）、批发零售、农产品,,医药生物,中药,中药Ⅲ,2026-08-30复核：生产主营“工业产品（自制）、批发零售、农产品”，行业分类“医药生物/中药/中药Ⅲ”；归入现代中药,20260830_NEW,False
A_主营直接支持,主营/新战略业务直接命中节能环保证据,cn,000544,中原环保,4,国家重点扶持产业,第二梯队：新兴支柱产业,节能环保,主营+行业映射,公司主营业务为污水处理,污水处理、PPP项目收入、供热销售、工程施工及管理、污泥处理处置费,,环保,环境治理,水务及水治理,2026-08-30复核：生产主营“污水处理、PPP项目收入、供热销售、工程施工及管理、污泥处理处置费”，行业分类“环保/环境治理/水务及水治理”；归入节能环保,20260830_NEW,False
A_主营直接支持,主营/新战略业务直接命中节能环保证据,cn,000546,金圆股份,4,国家重点扶持产业,第二梯队：新兴支柱产业,节能环保,主营+行业映射,公司主营业务为固废危废资源化综合利用,固废危废资源化综合利用、固废危废无害化处置,,环保,环境治理,固废治理,2026-08-30复核：生产主营“固废危废资源化综合利用、固废危废无害化处置”，行业分类“环保/环境治理/固废治理”；归入节能环保,20260830_NEW,False
B_行业与主营一致,打标说明记录了主营/战略关键词命中,cn,000547,航天发展,3,用户常用,第二梯队：新兴支柱产业,海洋工程装备,主营/战略文本,公司主营业务为蓝军装备及相关产品,蓝军装备及相关产品、通信与指控类产品、空间信息应用类产品、数据安全应用类产品、海洋装备、电力装备等产品,,国防军工,军工电子,军工电子Ⅲ,2026-08-30复核：生产主营业务“蓝军装备及相关产品、通信与指控类产品、空间信息应用类产品、数据安全应用类产品、海洋装备、电力装备等产品”命中“海洋装备”；归入海洋工程装备,20260830_NEW,False
B_行业与主营一致,申万三级行业为环保设备Ⅲ，未发现直接冲突,cn,000551,创元科技,4,国家重点扶持产业,第二梯队：新兴支柱产业,节能环保,主营+行业映射,公司主营业务为洁净设备及工程,洁净设备及工程、输变电高压瓷绝缘子、精密轴承、磨具磨料、测绘仪器、贸易、服务,,环保,环保设备,环保设备Ⅲ,2026-08-30复核：生产主营“洁净设备及工程、输变电高压瓷绝缘子、精密轴承、磨具磨料、测绘仪器、贸易、服务”，行业分类“环保/环保设备/环保设备Ⅲ”；归入节能环保,20260830_NEW,False
A_主营直接支持,主营/新战略业务直接命中软件与信息技术服务证据,cn,000555,神州信息,4,国家重点扶持产业,第二梯队：新兴支柱产业,软件与信息技术服务,主营+行业映射,公司主营业务为软件开发及技术服务,软件开发及技术服务、系统集成,,计算机,IT服务,IT服务Ⅲ,2026-08-30复核：生产主营“软件开发及技术服务、系统集成”，行业分类“计算机/IT服务/IT服务Ⅲ”；归入软件与信息技术服务,20260830_NEW,False
B_行业与主营一致,申万三级行业为航空装备Ⅲ，未发现直接冲突,cn,000561,烽火电子,4,国家重点扶持产业,第二梯队：新兴支柱产业,航空航天,主营+行业映射,公司主营业务为通信产品及配套,电声器件、通信产品及配套,,国防军工,航空装备,航空装备Ⅲ,2026-08-30复核：生产主营“电声器件、通信产品及配套”，行业分类“国防军工/航空装备/航空装备Ⅲ”；归入航空航天,20260830_NEW,False
A_主营直接支持,主营/新战略业务直接命中生物医药证据,cn,000566,海南海药,4,国家重点扶持产业,第二梯队：新兴支柱产业,生物医药,主营/战略文本,公司主营业务为其他品种,肠胃康、头孢制剂系列、原料药及中间体、医疗服务费,,医药生物,化学制药,化学制剂,2026-08-30复核：生产主营业务“肠胃康、头孢制剂系列、原料药及中间体、医疗服务费”命中“原料药”；归入生物医药,20260830_NEW,False
A_主营直接支持,主营/新战略业务直接命中新一代通信证据,cn,000586,汇源通信,4,国家重点扶持产业,第二梯队：新兴支柱产业,新一代通信,主营+行业映射,公司主营业务为光缆和光纤产品,光缆和光纤产品、在线监测产品、通信工程及系统集成,,通信,通信设备,通信线缆及配套,2026-08-30复核：生产主营“光缆和光纤产品、在线监测产品、通信工程及系统集成”，行业分类“通信/通信设备/通信线缆及配套”；归入新一代通信,20260830_NEW,False
A_主营直接支持,主营/新战略业务直接命中现代中药证据,cn,000590,古汉医药,4,国家重点扶持产业,第二梯队：新兴支柱产业,现代中药,主营+行业映射,公司主营业务为中药公司及营销公司产品,中药公司及营销公司产品、广东先通公司产品、制药公司产品,,医药生物,中药,中药Ⅲ,2026-08-30复核：生产主营“中药公司及营销公司产品、广东先通公司产品、制药公司产品”，行业分类“医药生物/中药/中药Ⅲ”；归入现代中药,20260830_NEW,False
B_行业与主营一致,申万三级行业为光伏发电，未发现直接冲突,cn,000591,太阳能,4,国家重点扶持产业,第二梯队：新兴支柱产业,光伏,主营+行业映射,公司主营业务为太阳能发电,太阳能发电、太阳能产品制造,,公用事业,电力,光伏发电,2026-08-30复核：生产主营“太阳能发电、太阳能产品制造”，行业分类“公用事业/电力/光伏发电”；归入光伏,20260830_NEW,False
A_主营直接支持,主营/新战略业务直接命中生物医药证据,cn,000597,东北制药,4,国家重点扶持产业,第二梯队：新兴支柱产业,生物医药,主营+行业映射,公司主营业务为其他（含其他业务收入）,原料销售、制剂销售,,医药生物,化学制药,化学制剂,2026-08-30复核：生产主营“原料销售、制剂销售”，行业分类“医药生物/化学制药/化学制剂”；归入生物医药,20260830_NEW,False
A_主营直接支持,主营/新战略业务直接命中节能环保证据,cn,000598,兴蓉环境,4,国家重点扶持产业,第二梯队：新兴支柱产业,节能环保,主营+行业映射,公司主营业务为污水处理服务,自来水制售、污水处理服务、供排水管网工程、垃圾渗滤液处理、垃圾焚烧发电、污泥处置,,环保,环境治理,水务及水治理,2026-08-30复核：生产主营“自来水制售、污水处理服务、供排水管网工程、垃圾渗滤液处理、垃圾焚烧发电、污泥处置”，行业分类“环保/环境治理/水务及水治理”；归入节能环保,20260830_NEW,False
A_主营直接支持,主营/新战略业务直接命中光伏证据,cn,000600,建投能源,4,国家重点扶持产业,第二梯队：新兴支柱产业,光伏,主营/战略文本,公司主营业务为火力发电电量,火力发电电量、火力发电热量、热力供应、餐饮住宿服务、商贸流通、能源服务、光伏发电,,公用事业,电力,火力发电,2026-08-30复核：生产主营业务“火力发电电量、火力发电热量、热力供应、餐饮住宿服务、商贸流通、能源服务、光伏发电”命中“光伏”；归入光伏,20260830_NEW,False
A_主营直接支持,主营/新战略业务直接命中节能环保证据,cn,000605,渤海股份,4,国家重点扶持产业,第二梯队：新兴支柱产业,节能环保,主营+行业映射,公司主营业务为供热,原水、自来水、供热、环境治理,,环保,环境治理,水务及水治理,2026-08-30复核：生产主营“原水、自来水、供热、环境治理”，行业分类“环保/环境治理/水务及水治理”；归入节能环保,20260830_NEW,False
A_主营直接支持,主营/新战略业务直接命中现代中药证据,cn,000623,吉林敖东,4,国家重点扶持产业,第二梯队：新兴支柱产业,现代中药,主营+行业映射,公司主营业务为中药,中药、化学药品、连锁药店批发和零售、食品,,医药生物,中药,中药Ⅲ,2026-08-30复核：生产主营“中药、化学药品、连锁药店批发和零售、食品”，行业分类“医药生物/中药/中药Ⅲ”；归入现代中药,20260830_NEW,False
A_主营直接支持,主营/新战略业务直接命中集成电路证据,cn,000628,高新发展,4,国家重点扶持产业,第二梯队：新兴支柱产业,集成电路,旧批次规则复核,公司主营业务为建筑施工,建筑施工、功率半导体业务,,建筑装饰,房屋建设,房屋建设Ⅲ,Codex复核：披露业务“建筑施工”明确属于集成电路,PREEXISTING,False
A_主营直接支持,主营/新战略业务直接命中风电证据,cn,000631,顺发恒能,4,国家重点扶持产业,第二梯队：新兴支柱产业,风电,主营/战略文本,公司主营业务为物业管理服务,房地产开发、物业管理服务、食堂餐饮服务、风力发电、综合能源服务,,房地产,房地产开发,住宅开发,2026-08-30复核：生产主营业务“房地产开发、物业管理服务、食堂餐饮服务、风力发电、综合能源服务”命中“风力发电”；归入风电,20260830_NEW,False
B_行业与主营一致,材料类主营与其他金属新材料行业一致,cn,000633,合金投资,4,国家重点扶持产业,第二梯队：新兴支柱产业,新材料,主营+行业映射,公司主营业务为合金棒材,合金线材、合金棒材、运输服务,,有色金属,金属新材料,其他金属新材料,2026-08-30复核：生产主营“合金线材、合金棒材、运输服务”，行业分类“有色金属/金属新材料/其他金属新材料”；归入新材料,20260830_NEW,False
A_主营直接支持,主营/新战略业务直接命中关键电子元器件证据,cn,000636,风华高科,3,用户常用,第二梯队：新兴支柱产业,关键电子元器件,主营+行业映射,公司主营业务为电子元器件及电子材料,电子元器件及电子材料,,电子,元件,被动元件,2026-08-30复核：生产主营“电子元器件及电子材料”，行业分类“电子/元件/被动元件”；归入关键电子元器件,20260830_NEW,False
B_行业与主营一致,申万三级行业为中药Ⅲ，未发现直接冲突,cn,000650,仁和药业,4,国家重点扶持产业,第二梯队：新兴支柱产业,现代中药,主营+行业映射,公司主营业务为药品,药品、健康相关产品,,医药生物,中药,中药Ⅲ,2026-08-30复核：生产主营“药品、健康相关产品”，行业分类“医药生物/中药/中药Ⅲ”；归入现代中药,20260830_NEW,False
A_主营直接支持,主营/新战略业务直接命中高端装备证据,cn,000651,格力电器,3,用户常用,第二梯队：新兴支柱产业,高端装备,主营/战略文本,公司主营业务为消费电器,消费电器、工业制品及绿色能源、智能装备,,家用电器,白色家电,空调,2026-08-30复核：生产主营业务“消费电器、工业制品及绿色能源、智能装备”命中“智能装备”；归入高端装备,20260830_NEW,False
B_行业与主营一致,申万三级行业为其他生物制品，未发现直接冲突,cn,000661,长春高新,3,用户常用,第二梯队：新兴支柱产业,生物医药,主营+行业映射,公司主营业务为基因工程/生物类药品,基因工程/生物类药品、中成药、房地产、服务业,,医药生物,生物制品,其他生物制品,2026-08-30复核：生产主营“基因工程/生物类药品、中成药、房地产、服务业”，行业分类“医药生物/生物制品/其他生物制品”；归入生物医药,20260830_NEW,False
A_主营直接支持,主营/新战略业务直接命中集成电路证据,cn,000670,盈方微,4,国家重点扶持产业,第二梯队：新兴支柱产业,集成电路,旧批次规则复核,公司主营业务为主动件类产品,SoC芯片、主动件类产品、被动件类产品,,电子,其他电子,其他电子Ⅲ,Codex复核：披露业务“主动件类产品”明确属于集成电路,PREEXISTING,False
B_行业与主营一致,申万三级行业为图片媒体，未发现直接冲突,cn,000681,视觉中国,3,用户常用,第二梯队：新兴支柱产业,数字创意,主营+行业映射,公司主营业务为视觉内容与服务,视觉内容与服务,,传媒,数字媒体,图片媒体,2026-08-30复核：生产主营“视觉内容与服务”，行业分类“传媒/数字媒体/图片媒体”；归入数字创意,20260830_NEW,False
A_主营直接支持,主营/新战略业务直接命中工业互联网证据,cn,000682,东方电子,4,国家重点扶持产业,第一梯队：AI+超级主线,工业互联网,旧批次规则复核,公司主营业务为智能配用电业务,调度及云化业务、输变电自动化业务、智能配用电业务、综合能源及虚拟电厂、新能源及储能业务、工业互联网及智能制造、租赁,,电力设备,电网设备,电网自动化设备,Codex复核：披露业务“智能配用电业务”明确属于工业互联网,PREEXISTING,False
A_主营直接支持,主营/新战略业务直接命中节能环保证据,cn,000685,中山公用,4,国家重点扶持产业,第二梯队：新兴支柱产业,节能环保,主营+行业映射,公司主营业务为工程安装,供水及污水处理、垃圾发电及环卫服务、工程安装、新能源,,环保,环境治理,水务及水治理,2026-08-30复核：生产主营“供水及污水处理、垃圾发电及环卫服务、工程安装、新能源”，行业分类“环保/环境治理/水务及水治理”；归入节能环保,20260830_NEW,False
B_行业与主营一致,申万三级行业为电池化学品，未发现直接冲突,cn,000695,滨海能源,4,国家重点扶持产业,第二梯队：新兴支柱产业,动力电池与新型储能,主营+行业映射,公司主营业务为负极材料及代工,印刷品、负极材料及代工,,电力设备,电池,电池化学品,2026-08-30复核：生产主营“印刷品、负极材料及代工”，行业分类“电力设备/电池/电池化学品”；归入动力电池与新型储能,20260830_NEW,False
A_主营直接支持,主营/新战略业务直接命中生物医药证据,cn,000705,浙江震元,4,国家重点扶持产业,第二梯队：新兴支柱产业,生物医药,主营/战略文本,公司主营业务为药品中成药批发,中药材及中药饮片、制剂、原料药、药品中成药批发、零售、健康服务,,医药生物,医药商业,医药流通,2026-08-30复核：生产主营业务“中药材及中药饮片、制剂、原料药、药品中成药批发、零售、健康服务”命中“原料药”；归入生物医药,20260830_NEW,False
B_行业与主营一致,材料类主营与特钢Ⅲ行业一致,cn,000708,中信特钢,4,国家重点扶持产业,第二梯队：新兴支柱产业,新材料,主营+行业映射,公司主营业务为特殊钢棒材,特殊钢棒材、特殊钢线材、特种钢板、特种无缝钢管,,钢铁,特钢,特钢Ⅲ,2026-08-30复核：生产主营“特殊钢棒材、特殊钢线材、特种钢板、特种无缝钢管”，行业分类“钢铁/特钢/特钢Ⅲ”；归入新材料,20260830_NEW,False
B_行业与主营一致,申万三级行业为诊断服务，未发现直接冲突,cn,000710,贝瑞基因,4,国家重点扶持产业,第二梯队：新兴支柱产业,生物医药,主营+行业映射,公司主营业务为试剂销售,基础科研服务、医学检测服务、试剂销售、设备销售,,医药生物,医疗服务,诊断服务,2026-08-30复核：生产主营“基础科研服务、医学检测服务、试剂销售、设备销售”，行业分类“医药生物/医疗服务/诊断服务”；归入生物医药,20260830_NEW,False
A_主营直接支持,主营/新战略业务直接命中生物育种证据,cn,000713,国投丰乐,4,国家重点扶持产业,第二梯队：新兴支柱产业,生物育种,主营+行业映射,公司主营业务为农化产品,种子产品、农化产品、香料产品,,农林牧渔,种植业,种子,2026-08-30复核：生产主营“种子产品、农化产品、香料产品”，行业分类“农林牧渔/种植业/种子”；归入生物育种,20260830_NEW,False
A_主营直接支持,主营/新战略业务直接命中生物医药证据,cn,000718,苏宁环球,4,国家重点扶持产业,第二梯队：新兴支柱产业,生物医药,旧批次规则复核,公司主营业务为房地产业,房地产业、医美及生物医药、酒店业,,房地产,房地产开发,住宅开发,Codex复核：披露业务“房地产业”明确属于生物医药,PREEXISTING,False
A_主营直接支持,主营/新战略业务直接命中新型显示证据,cn,000725,京东方A,3,用户常用,第二梯队：新兴支柱产业,新型显示,主营+行业映射,公司主营业务为显示器件业务,MLED业务、传感业务、显示器件业务、智慧医工业务、物联网创新业务,,电子,光学光电子,面板,2026-08-30复核：生产主营“MLED业务、传感业务、显示器件业务、智慧医工业务、物联网创新业务”，行业分类“电子/光学光电子/面板”；归入新型显示,20260830_NEW,False
C_需人工复核,终端/配套业务是否纳入该产业需按政策口径和收入占比复核，暂不直接判错,cn,000727,冠捷科技,4,国家重点扶持产业,第二梯队：新兴支柱产业,新型显示,主营+行业映射,公司主营业务为显示器产品,显示器产品、电视产品,,电子,光学光电子,面板,2026-08-30复核：生产主营“显示器产品、电视产品”，行业分类“电子/光学光电子/面板”；归入新型显示,20260830_NEW,False
B_行业与主营一致,申万三级行业为军工电子Ⅲ，未发现直接冲突,cn,000733,振华科技,3,用户常用,第二梯队：新兴支柱产业,航空航天与军工电子,主营+行业映射,公司主营业务为新型电子元器件,新型电子元器件、现代服务业,,国防军工,军工电子,军工电子Ⅲ,2026-08-30复核：生产主营“新型电子元器件、现代服务业”，行业分类“国防军工/军工电子/军工电子Ⅲ”；归入航空航天与军工电子,20260830_NEW,False
A_主营直接支持,主营/新战略业务直接命中航空航天证据,cn,000738,航发控制,3,用户常用,第二梯队：新兴支柱产业,航空航天,旧批次规则复核,公司主营业务为航空发动机及燃气轮机控制系统,航空发动机及燃气轮机控制系统、国际合作、控制系统技术衍生产品,,国防军工,航空装备,航空装备Ⅲ,Codex复核：披露业务“航空发动机及燃气轮机控制系统”明确属于航空航天,PREEXISTING,False
A_主营直接支持,主营/新战略业务直接命中生物医药证据,cn,000739,普洛药业,4,国家重点扶持产业,第二梯队：新兴支柱产业,生物医药,旧批次规则复核,公司主营业务为原料药中间体,原料药中间体、创新药研发生产服务、药品,,医药生物,化学制药,原料药,Codex复核：披露业务“原料药中间体”明确属于生物医药,PREEXISTING,False
A_主营直接支持,主营/新战略业务直接命中生物医药证据,cn,000756,新华制药,4,国家重点扶持产业,第二梯队：新兴支柱产业,生物医药,主营/战略文本,公司主营业务为片剂、针剂、胶囊剂等制剂,解热镇痛类等原料药、片剂、针剂、胶囊剂等制剂,,医药生物,化学制药,原料药,2026-08-30复核：生产主营业务“解热镇痛类等原料药、片剂、针剂、胶囊剂等制剂”命中“原料药”；归入生物医药,20260830_NEW,False
A_主营直接支持,主营/新战略业务直接命中生物医药证据,cn,000766,通化金马,4,国家重点扶持产业,第二梯队：新兴支柱产业,生物医药,主营/战略文本,公司主营业务为生化药,中成药、生化药、原料药,,医药生物,化学制药,化学制剂,2026-08-30复核：生产主营业务“中成药、生化药、原料药”命中“原料药”；归入生物医药,20260830_NEW,False
A_主营直接支持,主营/新战略业务直接命中光伏证据,cn,000767,晋控电力,4,国家重点扶持产业,第二梯队：新兴支柱产业,光伏,主营/战略文本,公司主营业务为火电电力,火电电力、风电电力、光伏电力、水电电力、合并抵消、检修服务、热力、燃煤,,公用事业,电力,火力发电,2026-08-30复核：生产主营业务“火电电力、风电电力、光伏电力、水电电力、合并抵消、检修服务、热力、燃煤”命中“光伏”；归入光伏,20260830_NEW,False
A_主营直接支持,主营/新战略业务直接命中航空航天证据,cn,000768,中航西飞,3,用户常用,第二梯队：新兴支柱产业,航空航天,旧批次规则复核,公司主营业务为航空产品,航空产品,,国防军工,航空装备,航空装备Ⅲ,Codex复核：披露业务“航空产品”明确属于航空航天,PREEXISTING,False
A_主营直接支持,主营/新战略业务直接命中生物医药证据,cn,000788,北大医药,4,国家重点扶持产业,第二梯队：新兴支柱产业,生物医药,主营+行业映射,公司主营业务为药品,制剂药、药品、医药器械及试剂,,医药生物,化学制药,化学制剂,2026-08-30复核：生产主营“制剂药、药品、医药器械及试剂”，行业分类“医药生物/化学制药/化学制剂”；归入生物医药,20260830_NEW,False
B_行业与主营一致,申万三级行业为中药Ⅲ，未发现直接冲突,cn,000790,华神科技,4,国家重点扶持产业,第二梯队：新兴支柱产业,现代中药,主营+行业映射,公司主营业务为中西成药,中西成药、钢结构制作安装服务、大健康饮品及服务、医疗器械,,医药生物,中药,中药Ⅲ,2026-08-30复核：生产主营“中西成药、钢结构制作安装服务、大健康饮品及服务、医疗器械”，行业分类“医药生物/中药/中药Ⅲ”；归入现代中药,20260830_NEW,False
A_主营直接支持,主营/新战略业务直接命中光伏证据,cn,000791,甘肃能源,4,国家重点扶持产业,第二梯队：新兴支柱产业,光伏,主营/战略文本,公司主营业务为火电产品,水电产品、火电产品、风电产品、光伏产品,,公用事业,电力,水力发电,2026-08-30复核：生产主营业务“水电产品、火电产品、风电产品、光伏产品”命中“光伏”；归入光伏,20260830_NEW,False
B_行业与主营一致,材料类主营与磁性材料行业一致,cn,000795,英洛华,4,国家重点扶持产业,第二梯队：新兴支柱产业,新材料,主营+行业映射,公司主营业务为钕铁硼,钕铁硼、电机系列、电动轮椅及代步车、音响扬声器类,,有色金属,金属新材料,磁性材料,2026-08-30复核：生产主营“钕铁硼、电机系列、电动轮椅及代步车、音响扬声器类”，行业分类“有色金属/金属新材料/磁性材料”；归入新材料,20260830_NEW,False
B_行业与主营一致,申万三级行业为影视动漫制作，未发现直接冲突,cn,000802,北京文化,4,国家重点扶持产业,第二梯队：新兴支柱产业,数字创意,主营+行业映射,公司主营业务为电视剧及网剧,电影、演唱会、艺人经纪、电视剧及网剧,,传媒,影视院线,影视动漫制作,2026-08-30复核：生产主营“电影、演唱会、艺人经纪、电视剧及网剧”，行业分类“传媒/影视院线/影视动漫制作”；归入数字创意,20260830_NEW,False
B_行业与主营一致,申万三级行业为化学制剂，未发现直接冲突,cn,000813,德展健康,4,国家重点扶持产业,第二梯队：新兴支柱产业,生物医药,主营+行业映射,公司主营业务为药品销售,药品销售、材料销售,,医药生物,化学制药,化学制剂,2026-08-30复核：生产主营“药品销售、材料销售”，行业分类“医药生物/化学制药/化学制剂”；归入生物医药,20260830_NEW,False
A_主营直接支持,主营/新战略业务直接命中光伏证据,cn,000815,美利云,4,国家重点扶持产业,第二梯队：新兴支柱产业,光伏,主营/战略文本,公司主营业务为云业务,云业务、光伏发电、彩色纸、文化纸,,计算机,IT服务,IT服务Ⅲ,2026-08-30复核：生产主营业务“云业务、光伏发电、彩色纸、文化纸”命中“光伏”；归入光伏,20260830_NEW,False
B_行业与主营一致,申万三级行业为环保设备Ⅲ，未发现直接冲突,cn,000820,神雾节能,4,国家重点扶持产业,第二梯队：新兴支柱产业,节能环保,主营+行业映射,公司主营业务为设备供货+安装,设备供货+安装,,环保,环保设备,环保设备Ⅲ,2026-08-30复核：生产主营“设备供货+安装”，行业分类“环保/环保设备/环保设备Ⅲ”；归入节能环保,20260830_NEW,False
A_主营直接支持,主营/新战略业务直接命中PCB证据,cn,000823,超声电子,4,国家重点扶持产业,第一梯队：AI+超级主线,PCB,旧批次规则复核,公司主营业务为印制线路板,印制线路板、液晶显示器、覆铜板,,电子,元件,印制电路板,Codex复核：披露业务“印制线路板”明确属于PCB,PREEXISTING,False
B_行业与主营一致,材料类主营与特钢Ⅲ行业一致,cn,000825,太钢不锈,4,国家重点扶持产业,第二梯队：新兴支柱产业,新材料,主营+行业映射,公司主营业务为不锈钢材,不锈钢材、普通钢材、普碳钢坯,,钢铁,特钢,特钢Ⅲ,2026-08-30复核：生产主营“不锈钢材、普通钢材、普碳钢坯”，行业分类“钢铁/特钢/特钢Ⅲ”；归入新材料,20260830_NEW,False
A_主营直接支持,主营/新战略业务直接命中先进材料证据,cn,000830,鲁西化工,4,国家重点扶持产业,第三梯队：卡脖子底座,先进材料,旧批次规则复核,公司主营业务为化工新材料产品,化工新材料产品、基础化工产品、化肥产品,,基础化工,化学原料,煤化工,Codex复核：披露业务“化工新材料产品”明确属于先进材料,PREEXISTING,False
A_主营直接支持,主营/新战略业务直接命中新材料证据,cn,000831,中国稀土,3,用户常用,第二梯队：新兴支柱产业,新材料,主营+行业映射,公司主营业务为稀土氧化物,稀土氧化物、稀土金属、试剂收入、技术服务收入,,有色金属,小金属,稀土,2026-08-30复核：生产主营“稀土氧化物、稀土金属、试剂收入、技术服务收入”，行业分类“有色金属/小金属/稀土”；归入新材料,20260830_NEW,False
A_主营直接支持,主营/新战略业务直接命中工业母机证据,cn,000837,秦川机床,3,用户常用,第三梯队：卡脖子底座,工业母机,主营+行业映射,公司主营业务为机床类,仪器仪表类、工具类、机床类、贸易类、零部件类,,机械设备,通用设备,机床工具,2026-08-30复核：生产主营“仪器仪表类、工具类、机床类、贸易类、零部件类”，行业分类“机械设备/通用设备/机床工具”；归入工业母机,20260830_NEW,False
B_行业与主营一致,申万三级行业为通信应用增值服务，未发现直接冲突,cn,000839,国安股份,4,国家重点扶持产业,第二梯队：新兴支柱产业,新一代通信,主营+行业映射,公司主营业务为企业综合信息服务,企业综合信息服务、房地产业务,,通信,通信服务,通信应用增值服务,2026-08-30复核：生产主营“企业综合信息服务、房地产业务”，行业分类“通信/通信服务/通信应用增值服务”；归入新一代通信,20260830_NEW,False
A_主营直接支持,主营/新战略业务直接命中氢能证据,cn,000852,石化机械,4,国家重点扶持产业,第四梯队：未来产业,氢能,旧批次规则复核,公司主营业务为石油机械设备,石油机械设备、钻头及钻具、油气钢管、氢能装备,,机械设备,专用设备,能源及重型设备,Codex复核：披露业务“石油机械设备”明确属于氢能,PREEXISTING,False
A_主营直接支持,主营/新战略业务直接命中新材料证据,cn,000859,国风新材,4,国家重点扶持产业,第二梯队：新兴支柱产业,新材料,主营+行业映射,公司主营业务为薄膜材料,薄膜材料、新能源汽车配套材料、新型木塑材料,,基础化工,塑料,膜材料,2026-08-30复核：生产主营“薄膜材料、新能源汽车配套材料、新型木塑材料”，行业分类“基础化工/塑料/膜材料”；归入新材料,20260830_NEW,False
B_行业与主营一致,申万三级行业为风力发电，未发现直接冲突,cn,000862,银星能源,4,国家重点扶持产业,第二梯队：新兴支柱产业,风电,主营+行业映射,公司主营业务为新能源发电,提供劳务、设备制造、新能源发电,,公用事业,电力,风力发电,2026-08-30复核：生产主营“提供劳务、设备制造、新能源发电”，行业分类“公用事业/电力/风力发电”；归入风电,20260830_NEW,False
A_主营直接支持,主营/新战略业务直接命中先进材料证据,cn,000881,中广核技,4,国家重点扶持产业,第三梯队：卡脖子底座,先进材料,旧批次规则复核,公司主营业务为新材料,电子加速器及辐照加工、新材料、进出口贸易、远洋运输,,基础化工,化学制品,其他化学制品,Codex复核：披露业务“新材料”明确属于先进材料,PREEXISTING,False
A_主营直接支持,主营/新战略业务直接命中节能环保证据,cn,000885,城发环境,4,国家重点扶持产业,第二梯队：新兴支柱产业,节能环保,主营+行业映射,公司主营业务为固体废弃物处理及环卫业务,固体废弃物处理及环卫业务、环保方案集成服务业务、高速公路业务、水处理业务,,环保,环境治理,固废治理,2026-08-30复核：生产主营“固体废弃物处理及环卫业务、环保方案集成服务业务、高速公路业务、水处理业务”，行业分类“环保/环境治理/固废治理”；归入节能环保,20260830_NEW,False
A_主营直接支持,主营/新战略业务直接命中节能环保证据,cn,000890,法尔胜,4,国家重点扶持产业,第二梯队：新兴支柱产业,节能环保,主营+行业映射,公司主营业务为金属制品,金属制品、环保业务,,环保,环保设备,环保设备Ⅲ,2026-08-30复核：生产主营“金属制品、环保业务”，行业分类“环保/环保设备/环保设备Ⅲ”；归入节能环保,20260830_NEW,False
A_主营直接支持,主营/新战略业务直接命中数字创意证据,cn,000892,欢瑞世纪,4,国家重点扶持产业,第二梯队：新兴支柱产业,数字创意,主营+行业映射,公司主营业务为影视剧及衍生品,影视剧及衍生品、艺人经纪、电商,,传媒,影视院线,影视动漫制作,2026-08-30复核：生产主营“影视剧及衍生品、艺人经纪、电商”，行业分类“传媒/影视院线/影视动漫制作”；归入数字创意,20260830_NEW,False
A_主营直接支持,主营/新战略业务直接命中生物医药证据,cn,000915,华特达因,4,国家重点扶持产业,第二梯队：新兴支柱产业,生物医药,主营+行业映射,公司主营业务为医药产品,医药产品,,医药生物,化学制药,化学制剂,2026-08-30复核：生产主营“医药产品”，行业分类“医药生物/化学制药/化学制剂”；归入生物医药,20260830_NEW,False
A_主营直接支持,主营/新战略业务直接命中生物医药证据,cn,000919,金陵药业,4,国家重点扶持产业,第二梯队：新兴支柱产业,生物医药,主营/战略文本,公司主营业务为医疗服务,中药、化学药品、原料药及医药中间体、医疗服务,,医药生物,化学制药,化学制剂,2026-08-30复核：生产主营业务“中药、化学药品、原料药及医药中间体、医疗服务”命中“原料药”；归入生物医药,20260830_NEW,False
B_行业与主营一致,材料类主营与膜材料行业一致,cn,000920,沃顿科技,4,国家重点扶持产业,第二梯队：新兴支柱产业,新材料,主营+行业映射,公司主营业务为膜产品,膜产品、植物纤维制品、膜分离工程、中水回用,,基础化工,塑料,膜材料,2026-08-30复核：生产主营“膜产品、植物纤维制品、膜分离工程、中水回用”，行业分类“基础化工/塑料/膜材料”；归入新材料,20260830_NEW,False
B_行业与主营一致,主营为轨交装备或核心控制/供电系统,cn,000925,众合科技,4,国家重点扶持产业,第二梯队：新兴支柱产业,高端装备,主营+行业映射,公司主营业务为轨道交通信号系统,轨道交通信号系统、自动售检票系统、单晶硅及其制品、数智产品,,机械设备,轨交设备,轨交设备Ⅲ,2026-08-30复核：生产主营“轨道交通信号系统、自动售检票系统、单晶硅及其制品、数智产品”，行业分类“机械设备/轨交设备/轨交设备Ⅲ”；归入高端装备,20260830_NEW,False
D_确认需修正,主营铁路供应链、物流和综合服务，不是高端装备制造企业,cn,000927,中国铁物,4,国家重点扶持产业,第二梯队：新兴支柱产业,高端装备,主营+行业映射,公司主营业务为铁路产业综合服务,铁路产业综合服务、工程及生产物资供应链集成服务、铁路综合物流及危险品物流服务,,机械设备,轨交设备,轨交设备Ⅲ,2026-08-30复核：生产主营“铁路产业综合服务、工程及生产物资供应链集成服务、铁路综合物流及危险品物流服务”，行业分类“机械设备/轨交设备/轨交设备Ⅲ”；归入高端装备,20260830_NEW,False
A_主营直接支持,主营/新战略业务直接命中生物医药证据,cn,000931,中关村,4,国家重点扶持产业,第二梯队：新兴支柱产业,生物医药,旧批次规则复核,公司主营业务为生物医药,生物医药、商砼、养老医疗,,医药生物,化学制药,化学制剂,Codex复核：披露业务“生物医药”明确属于生物医药,PREEXISTING,False
B_行业与主营一致,申万三级行业为IT服务Ⅲ，与软件/信息服务标签一致,cn,000938,紫光股份,3,用户常用,第二梯队：新兴支柱产业,软件与信息技术服务,主营+行业映射,公司主营业务为ICT基础设施及服务,ICT基础设施及服务、IT产品分销与供应链服务、合并抵消,,计算机,IT服务,IT服务Ⅲ,2026-08-30复核：生产主营“ICT基础设施及服务、IT产品分销与供应链服务、合并抵消”，行业分类“计算机/IT服务/IT服务Ⅲ”；归入软件与信息技术服务,20260830_NEW,False
A_主营直接支持,主营/新战略业务直接命中软件与信息技术服务证据,cn,000948,南天信息,4,国家重点扶持产业,第二梯队：新兴支柱产业,软件与信息技术服务,主营+行业映射,公司主营业务为集成解决方案,软件开发及服务、集成解决方案、IT产品销售及产业互联网、智能渠道解决方案,,计算机,软件开发,垂直应用软件,2026-08-30复核：生产主营“软件开发及服务、集成解决方案、IT产品销售及产业互联网、智能渠道解决方案”，行业分类“计算机/软件开发/垂直应用软件”；归入软件与信息技术服务,20260830_NEW,False
A_主营直接支持,主营/新战略业务直接命中生物医药证据,cn,000952,广济药业,4,国家重点扶持产业,第二梯队：新兴支柱产业,生物医药,主营+行业映射,公司主营业务为原料系列产品,原料系列产品、制剂系列产品,,医药生物,化学制药,原料药,2026-08-30复核：生产主营“原料系列产品、制剂系列产品”，行业分类“医药生物/化学制药/原料药”；归入生物医药,20260830_NEW,False
A_主营直接支持,主营/新战略业务直接命中生物医药证据,cn,000953,中哲精化,4,国家重点扶持产业,第二梯队：新兴支柱产业,生物医药,主营+行业映射,公司主营业务为尿素,医药中间体、化工产品、尿素,,医药生物,化学制药,原料药,2026-08-30复核：生产主营“医药中间体、化工产品、尿素”，行业分类“医药生物/化学制药/原料药”；归入生物医药,20260830_NEW,False
B_行业与主营一致,申万三级行业为化学制剂，未发现直接冲突,cn,000963,华东医药,3,用户常用,第二梯队：新兴支柱产业,生物医药,主营+行业映射,公司主营业务为商业,分部间抵销、制造业、商业、医美,,医药生物,化学制药,化学制剂,2026-08-30复核：生产主营“分部间抵销、制造业、商业、医美”，行业分类“医药生物/化学制药/化学制剂”；归入生物医药,20260830_NEW,False
A_主营直接支持,主营/新战略业务直接命中高端装备证据,cn,000967,盈峰环境,4,国家重点扶持产业,第二梯队：新兴支柱产业,高端装备,主营/战略文本,公司主营业务为智慧服务,智能装备、智慧服务,,环保,环保设备,环保设备Ⅲ,2026-08-30复核：生产主营业务“智能装备、智慧服务”命中“智能装备”；归入高端装备,20260830_NEW,False
A_主营直接支持,主营/新战略业务直接命中新材料证据,cn,000969,安泰科技,3,用户常用,第二梯队：新兴支柱产业,新材料,主营+行业映射,公司主营业务为特种粉末冶金材料及制品,先进功能材料及器件、特种粉末冶金材料及制品、高品质特钢及焊接材料、环保与高端科技服务业,,有色金属,金属新材料,其他金属新材料,2026-08-30复核：生产主营“先进功能材料及器件、特种粉末冶金材料及制品、高品质特钢及焊接材料、环保与高端科技服务业”，行业分类“有色金属/金属新材料/其他金属新材料”；归入新材料,20260830_NEW,False
B_行业与主营一致,材料类主营与磁性材料行业一致,cn,000970,中科三环,4,国家重点扶持产业,第二梯队：新兴支柱产业,新材料,主营+行业映射,公司主营业务为磁材产品销售,磁材产品销售,,有色金属,金属新材料,磁性材料,2026-08-30复核：生产主营“磁材产品销售”，行业分类“有色金属/金属新材料/磁性材料”；归入新材料,20260830_NEW,False
B_行业与主营一致,材料类主营与膜材料行业一致,cn,000973,佛塑科技,4,国家重点扶持产业,第二梯队：新兴支柱产业,新材料,主营+行业映射,公司主营业务为双向拉伸薄膜,光学薄膜、双向拉伸薄膜、渗析防护材料、塑编阻隔材料,,基础化工,塑料,膜材料,2026-08-30复核：生产主营“光学薄膜、双向拉伸薄膜、渗析防护材料、塑编阻隔材料”，行业分类“基础化工/塑料/膜材料”；归入新材料,20260830_NEW,False
A_主营直接支持,主营/新战略业务直接命中服务器证据,cn,000977,浪潮信息,3,用户常用,第一梯队：AI+超级主线,服务器,旧批次规则复核,公司主营业务为服务器及部件,服务器及部件、IT终端及散件,,计算机,计算机设备,其他计算机设备,Codex复核：披露业务“服务器及部件”明确属于服务器,PREEXISTING,False
B_行业与主营一致,主营为激光设备/装备，与高端装备方向一致,cn,000988,华工科技,3,用户常用,第二梯队：新兴支柱产业,高端装备,主营+行业映射,公司主营业务为光电器件系列产品,激光加工装备及智能制造产线、激光全息膜类系列产品、光电器件系列产品、敏感元器件,,机械设备,自动化设备,激光设备,2026-08-30复核：生产主营“激光加工装备及智能制造产线、激光全息膜类系列产品、光电器件系列产品、敏感元器件”，行业分类“机械设备/自动化设备/激光设备”；归入高端装备,20260830_NEW,False
A_主营直接支持,主营/新战略业务直接命中集成电路证据,cn,000990,诚志股份,4,国家重点扶持产业,第二梯队：新兴支柱产业,集成电路,旧批次规则复核,公司主营业务为清洁能源产品,清洁能源产品、半导体显示材料产品、生命医疗服务,,基础化工,化学原料,煤化工,Codex复核：披露业务“清洁能源产品”明确属于集成电路,PREEXISTING,False
B_行业与主营一致,申万三级行业为其他计算机设备，主营未发现冲突,cn,000997,新大陆,3,用户常用,第二梯队：新兴支柱产业,先进计算与信息设备,主营+行业映射,公司主营业务为电子支付产品及信息识读产品,商户运营及增值服务、电子支付产品及信息识读产品、行业应用与软件开发及服务,,计算机,计算机设备,其他计算机设备,2026-08-30复核：生产主营“商户运营及增值服务、电子支付产品及信息识读产品、行业应用与软件开发及服务”，行业分类“计算机/计算机设备/其他计算机设备”；归入先进计算与信息设备,20260830_NEW,False
A_主营直接支持,主营/新战略业务直接命中生物育种证据,cn,000998,隆平高科,4,国家重点扶持产业,第二梯队：新兴支柱产业,生物育种,主营+行业映射,公司主营业务为玉米种子,水稻种子、玉米种子、蔬菜瓜果种子、向日葵种子、杂谷种子,,农林牧渔,种植业,种子,2026-08-30复核：生产主营“水稻种子、玉米种子、蔬菜瓜果种子、向日葵种子、杂谷种子”，行业分类“农林牧渔/种植业/种子”；归入生物育种,20260830_NEW,False
B_行业与主营一致,申万三级行业为中药Ⅲ，未发现直接冲突,cn,000999,华润三九,3,用户常用,第二梯队：新兴支柱产业,现代中药,主营+行业映射,公司主营业务为医药行业-自我诊疗（CHC）,医药行业-自我诊疗（CHC）、医药行业-处方药、医药行业-传统国药（昆药）、包装印刷、药品、器械批发与零售,,医药生物,中药,中药Ⅲ,2026-08-30复核：生产主营“医药行业-自我诊疗（CHC）、医药行业-处方药、医药行业-传统国药（昆药）、包装印刷、药品、器械批发与零售”，行业分类“医药生物/中药/中药Ⅲ”；归入现代中药,20260830_NEW,False
A_主营直接支持,主营/新战略业务直接命中高端装备证据,cn,001223,欧克科技,4,国家重点扶持产业,第二梯队：新兴支柱产业,高端装备,主营/战略文本,公司主营业务为智能装备,分部间抵销、智能装备、薄膜材料,,机械设备,自动化设备,其他自动化设备,2026-08-30复核：生产主营业务“分部间抵销、智能装备、薄膜材料”命中“智能装备”；归入高端装备,20260830_NEW,False
B_行业与主营一致,申万三级行业为其他计算机设备，主营未发现冲突,cn,001229,魅视科技,4,国家重点扶持产业,第二梯队：新兴支柱产业,先进计算与信息设备,主营+行业映射,公司主营业务为分布式系统,分布式系统、中控系统、矩阵拼接类产品,,计算机,计算机设备,其他计算机设备,2026-08-30复核：生产主营“分布式系统、中控系统、矩阵拼接类产品”，行业分类“计算机/计算机设备/其他计算机设备”；归入先进计算与信息设备,20260830_NEW,False
B_行业与主营一致,申万三级行业为固废治理，未发现直接冲突,cn,001230,劲旅环境,4,国家重点扶持产业,第二梯队：新兴支柱产业,节能环保,主营+行业映射,公司主营业务为特许经营权业务,特许经营权业务、传统城乡环卫业务、设备制造与销售,,环保,环境治理,固废治理,2026-08-30复核：生产主营“特许经营权业务、传统城乡环卫业务、设备制造与销售”，行业分类“环保/环境治理/固废治理”；归入节能环保,20260830_NEW,False
A_主营直接支持,主营/新战略业务直接命中光伏证据,cn,001258,立新能源,4,国家重点扶持产业,第二梯队：新兴支柱产业,光伏,主营/战略文本,公司主营业务为风力发电,风力发电、光伏发电,,公用事业,电力,风力发电,2026-08-30复核：生产主营业务“风力发电、光伏发电”命中“光伏”；归入光伏,20260830_NEW,False
B_行业与主营一致,申万三级行业为工控设备，未发现直接冲突,cn,001266,宏英智能,4,国家重点扶持产业,第二梯队：新兴支柱产业,智能制造装备,主营+行业映射,公司主营业务为新能源,新能源、智能电控产品、智能电控总成、电动化三电系统,,机械设备,自动化设备,工控设备,2026-08-30复核：生产主营“新能源、智能电控产品、智能电控总成、电动化三电系统”，行业分类“机械设备/自动化设备/工控设备”；归入智能制造装备,20260830_NEW,False
A_主营直接支持,主营/新战略业务直接命中光伏证据,cn,001269,欧晶科技,4,国家重点扶持产业,第二梯队：新兴支柱产业,光伏,主营/战略文本,公司主营业务为光伏配套加工服务,石英坩埚、光伏配套加工服务,,电力设备,光伏设备,光伏辅材,2026-08-30复核：生产主营业务“石英坩埚、光伏配套加工服务”命中“光伏”；归入光伏,20260830_NEW,False
B_行业与主营一致,申万三级行业为锂电池，未发现直接冲突,cn,001283,豪鹏科技,4,国家重点扶持产业,第二梯队：新兴支柱产业,动力电池与新型储能,主营+行业映射,公司主营业务为方形锂离子电池,方形锂离子电池、圆柱锂离子电池、镍氢电池,,电力设备,电池,锂电池,2026-08-30复核：生产主营“方形锂离子电池、圆柱锂离子电池、镍氢电池”，行业分类“电力设备/电池/锂电池”；归入动力电池与新型储能,20260830_NEW,False
B_行业与主营一致,申万三级行业为风力发电，未发现直接冲突,cn,001289,龙源电力,4,国家重点扶持产业,第二梯队：新兴支柱产业,风电,主营+行业映射,公司主营业务为电力销售,抵消、热力销售、煤炭销售、电力销售,,公用事业,电力,风力发电,2026-08-30复核：生产主营“抵消、热力销售、煤炭销售、电力销售”，行业分类“公用事业/电力/风力发电”；归入风电,20260830_NEW,True
B_行业与主营一致,材料类主营与非金属材料Ⅲ行业一致,cn,001296,长江材料,4,国家重点扶持产业,第二梯队：新兴支柱产业,新材料,主营+行业映射,公司主营业务为铸造材料,铸造材料、压裂支撑剂,,基础化工,非金属材料,非金属材料Ⅲ,2026-08-30复核：生产主营“铸造材料、压裂支撑剂”，行业分类“基础化工/非金属材料/非金属材料Ⅲ”；归入新材料,20260830_NEW,False
B_行业与主营一致,申万三级行业为电池化学品，未发现直接冲突,cn,001301,尚太科技,4,国家重点扶持产业,第二梯队：新兴支柱产业,动力电池与新型储能,主营+行业映射,公司主营业务为负极材料,负极材料、石墨化焦、受托加工负极材料、金刚石碳源,,电力设备,电池,电池化学品,2026-08-30复核：生产主营“负极材料、石墨化焦、受托加工负极材料、金刚石碳源”，行业分类“电力设备/电池/电池化学品”；归入动力电池与新型储能,20260830_NEW,False
C_需人工复核,终端/配套业务是否纳入该产业需按政策口径和收入占比复核，暂不直接判错,cn,001308,康冠科技,4,国家重点扶持产业,第二梯队：新兴支柱产业,新型显示,主营+行业映射,公司主营业务为智能电视,智能交互显示产品、创新类显示产品、智能电视、部品销售业务,,电子,光学光电子,面板,2026-08-30复核：生产主营“智能交互显示产品、创新类显示产品、智能电视、部品销售业务”，行业分类“电子/光学光电子/面板”；归入新型显示,20260830_NEW,False
A_主营直接支持,主营/新战略业务直接命中先进存储产品证据,cn,001309,德明利,2,S100,第二梯队：新兴支柱产业,先进存储产品,人工复核,公司主营业务为固态硬盘类产品,移动存储类产品、固态硬盘类产品、嵌入式类产品,,电子,半导体,数字芯片设计,2026-08-30人工复核：主营固态硬盘、嵌入式存储；归入先进存储产品,20260830_NEW,False
C_需人工复核,未在主营/新战略业务中找到关键电子元器件直接证据；当前主要依赖消费电子零部件及组装,cn,001314,亿道信息,4,国家重点扶持产业,第二梯队：新兴支柱产业,关键电子元器件,主营+行业映射,公司主营业务为智能硬件产品,智能硬件产品、加固智能行业终端、XR及AIoT产品,,电子,消费电子,消费电子零部件及组装,2026-08-30复核：生产主营“智能硬件产品、加固智能行业终端、XR及AIoT产品”，行业分类“电子/消费电子/消费电子零部件及组装”；归入关键电子元器件,20260830_NEW,False
B_行业与主营一致,主营为轨交装备或核心控制/供电系统,cn,001324,长青科技,4,国家重点扶持产业,第二梯队：新兴支柱产业,高端装备,主营+行业映射,公司主营业务为轨交车辆内饰业务,轨交车辆内饰业务、建筑装饰业务、检修业务及备品备件、车载乘客信息系统、邮轮内饰业务,,机械设备,轨交设备,轨交设备Ⅲ,2026-08-30复核：生产主营“轨交车辆内饰业务、建筑装饰业务、检修业务及备品备件、车载乘客信息系统、邮轮内饰业务”，行业分类“机械设备/轨交设备/轨交设备Ⅲ”；归入高端装备,20260830_NEW,False
B_行业与主营一致,申万三级行业为影视动漫制作，未发现直接冲突,cn,001330,博纳影业,4,国家重点扶持产业,第二梯队：新兴支柱产业,数字创意,主营+行业映射,公司主营业务为影院,电影投资、影院、分部间抵销、电影发行、院线,,传媒,影视院线,影视动漫制作,2026-08-30复核：生产主营“电影投资、影院、分部间抵销、电影发行、院线”，行业分类“传媒/影视院线/影视动漫制作”；归入数字创意,20260830_NEW,False
A_主营直接支持,主营/新战略业务直接命中节能环保证据,cn,001336,楚环科技,4,国家重点扶持产业,第二梯队：新兴支柱产业,节能环保,主营+行业映射,公司主营业务为废气恶臭治理设备,废气恶臭治理设备、水处理设备、设备维修及运维服务、能源业务,,环保,环保设备,环保设备Ⅲ,2026-08-30复核：生产主营“废气恶臭治理设备、水处理设备、设备维修及运维服务、能源业务”，行业分类“环保/环保设备/环保设备Ⅲ”；归入节能环保,20260830_NEW,False
B_行业与主营一致,申万三级行业为其他计算机设备，主营未发现冲突,cn,001339,智微智能,4,国家重点扶持产业,第二梯队：新兴支柱产业,先进计算与信息设备,主营+行业映射,公司主营业务为行业终端,行业终端、ICT基础设施、工业物联网,,计算机,计算机设备,其他计算机设备,2026-08-30复核：生产主营“行业终端、ICT基础设施、工业物联网”，行业分类“计算机/计算机设备/其他计算机设备”；归入先进计算与信息设备,20260830_NEW,False
A_主营直接支持,主营/新战略业务直接命中先进材料证据,cn,001359,平安电工,4,国家重点扶持产业,第三梯队：卡脖子底座,先进材料,旧批次规则复核,公司主营业务为耐高温云母绝缘材料,耐高温云母绝缘材料、新能源安全防护复合材料、玻纤布,,基础化工,塑料,膜材料,Codex复核：披露业务“耐高温云母绝缘材料”明确属于先进材料,PREEXISTING,False
A_主营直接支持,主营/新战略业务直接命中生物医药证据,cn,001367,海森药业,4,国家重点扶持产业,第二梯队：新兴支柱产业,生物医药,主营/战略文本,公司主营业务为原料药业务,原料药业务、中间体业务、制剂业务,,医药生物,化学制药,原料药,2026-08-30复核：生产主营业务“原料药业务、中间体业务、制剂业务”命中“原料药”；归入生物医药,20260830_NEW,False
B_行业与主营一致,申万三级为光学元件，与关键元器件方向一致,cn,001373,翔腾新材,4,国家重点扶持产业,第二梯队：新兴支柱产业,关键电子元器件,主营+行业映射,公司主营业务为光学膜片,偏光片、光学膜片、功能性胶粘类产品,,电子,光学光电子,光学元件,2026-08-30复核：生产主营“偏光片、光学膜片、功能性胶粘类产品”，行业分类“电子/光学光电子/光学元件”；归入关键电子元器件,20260830_NEW,False
B_行业与主营一致,材料类主营与膜材料行业一致,cn,001378,德冠新材,4,国家重点扶持产业,第二梯队：新兴支柱产业,新材料,主营+行业映射,公司主营业务为功能薄膜,功能薄膜、功能母料,,基础化工,塑料,膜材料,2026-08-30复核：生产主营“功能薄膜、功能母料”，行业分类“基础化工/塑料/膜材料”；归入新材料,20260830_NEW,False
A_主营直接支持,主营/新战略业务直接命中PCB证据,cn,001389,广合科技,4,国家重点扶持产业,第一梯队：AI+超级主线,PCB,旧批次规则复核,公司主营业务为印制电路板,印制电路板,,电子,元件,印制电路板,Codex复核：披露业务“印制电路板”明确属于PCB,PREEXISTING,False
A_主营直接支持,主营/新战略业务直接命中光伏证据,cn,001896,豫能控股,4,国家重点扶持产业,第二梯队：新兴支柱产业,光伏,主营/战略文本,公司主营业务为火力发电及供热,火力发电及供热、风力发电、光伏发电、煤炭销售及运输业务,,公用事业,电力,火力发电,2026-08-30复核：生产主营业务“火力发电及供热、风力发电、光伏发电、煤炭销售及运输业务”命中“光伏”；归入光伏,20260830_NEW,False
A_主营直接支持,主营/新战略业务直接命中生物医药证据,cn,002004,华邦健康,4,国家重点扶持产业,第二梯队：新兴支柱产业,生物医药,主营+行业映射,公司主营业务为农化新材料,农化新材料、医疗收入、医药产品、旅游服务业,,医药生物,化学制药,化学制剂,2026-08-30复核：生产主营“农化新材料、医疗收入、医药产品、旅游服务业”，行业分类“医药生物/化学制药/化学制剂”；归入生物医药,20260830_NEW,False
A_主营直接支持,主营/新战略业务直接命中新材料证据,cn,002006,精工科技,4,国家重点扶持产业,第二梯队：新兴支柱产业,新材料,主营/战略文本,公司主营业务为碳纤维装备,碳纤维装备、新能源装备、建筑建材专用设备、轻纺专用设备、部件及精密加工、聚酯循环再生装备,,机械设备,专用设备,其他专用设备,2026-08-30复核：生产主营业务“碳纤维装备、新能源装备、建筑建材专用设备、轻纺专用设备、部件及精密加工、聚酯循环再生装备”命中“碳纤维”；归入新材料,20260830_NEW,False
A_主营直接支持,主营/新战略业务直接命中生物医药证据,cn,002007,华兰生物,4,国家重点扶持产业,第二梯队：新兴支柱产业,生物医药,旧批次规则复核,公司主营业务为人血白蛋白,人血白蛋白、静注丙球、流感疫苗,,医药生物,生物制品,疫苗,Codex复核：披露业务“人血白蛋白”明确属于生物医药,PREEXISTING,False
A_主营直接支持,主营/新战略业务直接命中PCB证据,cn,002008,大族激光,3,用户常用,第一梯队：AI+超级主线,PCB,旧批次规则复核,公司主营业务为其他智能制造装备,PCB智能制造装备,,机械设备,自动化设备,激光设备,Codex复核：披露业务“其他智能制造装备”明确属于PCB,PREEXISTING,False
A_主营直接支持,主营/新战略业务直接命中高端装备证据,cn,002009,天奇股份,4,国家重点扶持产业,第二梯队：新兴支柱产业,高端装备,主营/战略文本,公司主营业务为智能装备事业部,智能装备事业部、汽车智能装备、散料输送设备、循环装备业务、重工机械业务、锂电池循环业务,,机械设备,专用设备,其他专用设备,2026-08-30复核：生产主营业务“智能装备事业部、汽车智能装备、散料输送设备、循环装备业务、重工机械业务、锂电池循环业务”命中“智能装备”；归入高端装备,20260830_NEW,False
B_行业与主营一致,申万三级行业为通信终端及配件，未发现直接冲突,cn,002017,东信和平,4,国家重点扶持产业,第二梯队：新兴支柱产业,新一代通信,主营+行业映射,公司主营业务为智能卡产品,智能卡产品、数字安全与平台业务,,通信,通信设备,通信终端及配件,2026-08-30复核：生产主营“智能卡产品、数字安全与平台业务”，行业分类“通信/通信设备/通信终端及配件”；归入新一代通信,20260830_NEW,False
A_主营直接支持,主营/新战略业务直接命中生物医药证据,cn,002019,亿帆医药,4,国家重点扶持产业,第二梯队：新兴支柱产业,生物医药,主营+行业映射,公司主营业务为医药自有产品（含进口）,医药自有产品（含进口）、医药服务、维生素、高分子材料,,医药生物,化学制药,化学制剂,2026-08-30复核：生产主营“医药自有产品（含进口）、医药服务、维生素、高分子材料”，行业分类“医药生物/化学制药/化学制剂”；归入生物医药,20260830_NEW,False
A_主营直接支持,主营/新战略业务直接命中生物医药证据,cn,002020,京新药业,4,国家重点扶持产业,第二梯队：新兴支柱产业,生物医药,主营/战略文本,公司主营业务为医药制造,医药制造、医用器械,,医药生物,化学制药,化学制剂,2026-08-30复核：生产主营业务“医药制造、医用器械”命中“医药制造”；归入生物医药,20260830_NEW,False
B_行业与主营一致,申万三级为体外诊断；保留“高端”口径复核要求,cn,002022,科华生物,4,国家重点扶持产业,第二梯队：新兴支柱产业,高端医疗器械,主营+行业映射,公司主营业务为自产产品,自产产品、代理产品,,医药生物,医疗器械,体外诊断,2026-08-30复核：生产主营“自产产品、代理产品”，行业分类“医药生物/医疗器械/体外诊断”；归入高端医疗器械,20260830_NEW,False
A_主营直接支持,主营/新战略业务直接命中航空航天证据,cn,002023,海特高新,4,国家重点扶持产业,第二梯队：新兴支柱产业,航空航天,主营+行业映射,公司主营业务为航空工程技术与服务,航空工程技术与服务、高端核心装备研制与保障,,国防军工,航空装备,航空装备Ⅲ,2026-08-30复核：生产主营“航空工程技术与服务、高端核心装备研制与保障”，行业分类“国防军工/航空装备/航空装备Ⅲ”；归入航空航天,20260830_NEW,False
B_行业与主营一致,申万三级行业为军工电子Ⅲ，未发现直接冲突,cn,002025,航天电器,4,国家重点扶持产业,第二梯队：新兴支柱产业,航空航天与军工电子,主营+行业映射,公司主营业务为连接器及互连一体化产品,继电器、连接器及互连一体化产品、电机与控制组件、光通信器件,,国防军工,军工电子,军工电子Ⅲ,2026-08-30复核：生产主营“继电器、连接器及互连一体化产品、电机与控制组件、光通信器件”，行业分类“国防军工/军工电子/军工电子Ⅲ”；归入航空航天与军工电子,20260830_NEW,False
B_行业与主营一致,申万三级为体外诊断；保留“高端”口径复核要求,cn,002030,达安基因,4,国家重点扶持产业,第二梯队：新兴支柱产业,高端医疗器械,主营+行业映射,公司主营业务为销售商品,销售商品、提供劳务、金融服务,,医药生物,医疗器械,体外诊断,2026-08-30复核：生产主营“销售商品、提供劳务、金融服务”，行业分类“医药生物/医疗器械/体外诊断”；归入高端医疗器械,20260830_NEW,False
A_主营直接支持,主营/新战略业务直接命中高端装备证据,cn,002031,巨轮智能,3,用户常用,第二梯队：新兴支柱产业,高端装备,主营/战略文本,公司主营业务为液压式硫化机,轮胎模具、液压式硫化机、机器人及智能装备、精密机床,,机械设备,专用设备,其他专用设备,2026-08-30复核：生产主营业务“轮胎模具、液压式硫化机、机器人及智能装备、精密机床”命中“智能装备”；归入高端装备,20260830_NEW,False
B_行业与主营一致,申万三级行业为固废治理，未发现直接冲突,cn,002034,旺能环境,4,国家重点扶持产业,第二梯队：新兴支柱产业,节能环保,主营+行业映射,公司主营业务为生活垃圾项目运行,生活垃圾项目运行、餐厨垃圾项目运行、BOT项目建造、污泥处置、橡胶再生、锂电池再利用,,环保,环境治理,固废治理,2026-08-30复核：生产主营“生活垃圾项目运行、餐厨垃圾项目运行、BOT项目建造、污泥处置、橡胶再生、锂电池再利用”，行业分类“环保/环境治理/固废治理”；归入节能环保,20260830_NEW,False
B_行业与主营一致,申万三级为光学元件，与关键元器件方向一致,cn,002036,联创电子,4,国家重点扶持产业,第二梯队：新兴支柱产业,关键电子元器件,主营+行业映射,公司主营业务为光学产品,光学产品、触控显示产品、应用终端,,电子,光学光电子,光学元件,2026-08-30复核：生产主营“光学产品、触控显示产品、应用终端”，行业分类“电子/光学光电子/光学元件”；归入关键电子元器件,20260830_NEW,False
B_行业与主营一致,申万三级行业为化学制剂，未发现直接冲突,cn,002038,双鹭药业,4,国家重点扶持产业,第二梯队：新兴支柱产业,生物医药,主营+行业映射,公司主营业务为化学药,生物、生化药、化学药,,医药生物,化学制药,化学制剂,2026-08-30复核：生产主营“生物、生化药、化学药”，行业分类“医药生物/化学制药/化学制剂”；归入生物医药,20260830_NEW,False
A_主营直接支持,主营/新战略业务直接命中光伏证据,cn,002039,黔源电力,4,国家重点扶持产业,第二梯队：新兴支柱产业,光伏,主营/战略文本,公司主营业务为水力发电,水力发电、光伏发电,,公用事业,电力,水力发电,2026-08-30复核：生产主营业务“水力发电、光伏发电”命中“光伏”；归入光伏,20260830_NEW,False
B_行业与主营一致,申万三级行业为种子，未发现直接冲突,cn,002041,登海种业,4,国家重点扶持产业,第二梯队：新兴支柱产业,生物育种,主营+行业映射,公司主营业务为玉米种,玉米种、蔬菜种、小麦种、水稻种、花卉,,农林牧渔,种植业,种子,2026-08-30复核：生产主营“玉米种、蔬菜种、小麦种、水稻种、花卉”，行业分类“农林牧渔/种植业/种子”；归入生物育种,20260830_NEW,False
B_行业与主营一致,申万三级行业为品牌消费电子，未发现直接冲突,cn,002045,国光电器,4,国家重点扶持产业,第二梯队：新兴支柱产业,新一代智能终端,主营+行业映射,公司主营业务为音箱及扬声器,音箱及扬声器、电池、电子零配件,,电子,消费电子,品牌消费电子,2026-08-30复核：生产主营“音箱及扬声器、电池、电子零配件”，行业分类“电子/消费电子/品牌消费电子”；归入新一代智能终端,20260830_NEW,False
B_行业与主营一致,申万三级行业为数字芯片设计，未发现直接冲突,cn,002049,紫光国微,3,用户常用,第三梯队：卡脖子底座,高端芯片,旧批次规则复核,公司主营业务为智能安全芯片,智能安全芯片、特种集成电路、石英晶体频率器件,,电子,半导体,数字芯片设计,Codex复核：披露业务“智能安全芯片”明确属于高端芯片,PREEXISTING,False
A_主营直接支持,主营/新战略业务直接命中光伏证据,cn,002053,云南能投,4,国家重点扶持产业,第二梯队：新兴支柱产业,光伏,主营/战略文本,公司主营业务为盐硝产品,盐硝产品、天然气、风电、光伏发电,,公用事业,电力,风力发电,2026-08-30复核：生产主营业务“盐硝产品、天然气、风电、光伏发电”命中“光伏”；归入光伏,20260830_NEW,False
A_主营直接支持,主营/新战略业务直接命中光伏证据,cn,002056,横店东磁,4,国家重点扶持产业,第二梯队：新兴支柱产业,光伏,主营/战略文本,公司主营业务为光伏产品,光伏产品、器件、磁性材料、锂电池,,电力设备,光伏设备,光伏电池组件,2026-08-30复核：生产主营业务“光伏产品、器件、磁性材料、锂电池”命中“光伏”；归入光伏,20260830_NEW,False
A_主营直接支持,主营/新战略业务直接命中风电证据,cn,002060,广东建工,4,国家重点扶持产业,第二梯队：新兴支柱产业,风电,主营/战略文本,公司主营业务为房屋工程,勘测设计与咨询服务、太阳能发电、市政工程、房屋工程、智能装备制造、水利水电、水力发电、风力发电,,公用事业,电力,电能综合服务,2026-08-30复核：生产主营业务“勘测设计与咨询服务、太阳能发电、市政工程、房屋工程、智能装备制造、水利水电、水力发电、风力发电”命中“风力发电”；归入风电,20260830_NEW,False
B_行业与主营一致,申万三级行业为垂直应用软件，与软件/信息服务标签一致,cn,002063,远光软件,4,国家重点扶持产业,第二梯队：新兴支柱产业,软件与信息技术服务,主营+行业映射,公司主营业务为数字企业,数字企业、智慧能源、人工智能、数据资源整合及服务,,计算机,软件开发,垂直应用软件,2026-08-30复核：生产主营“数字企业、智慧能源、人工智能、数据资源整合及服务”，行业分类“计算机/软件开发/垂直应用软件”；归入软件与信息技术服务,20260830_NEW,False
A_主营直接支持,主营/新战略业务直接命中软件与信息技术服务证据,cn,002065,东华软件,3,用户常用,第二梯队：新兴支柱产业,软件与信息技术服务,主营+行业映射,公司主营业务为系统集成收入,系统集成收入、软件收入、技术服务收入,,计算机,IT服务,IT服务Ⅲ,2026-08-30复核：生产主营“系统集成收入、软件收入、技术服务收入”，行业分类“计算机/IT服务/IT服务Ⅲ”；归入软件与信息技术服务,20260830_NEW,False
A_主营直接支持,主营/新战略业务直接命中动力电池与新型储能证据,cn,002074,国轩高科,3,用户常用,第二梯队：新兴支柱产业,动力电池与新型储能,主营/战略文本,公司主营业务为动力电池系统,动力电池系统、储能电池系统、输配电产品,,电力设备,电池,锂电池,2026-08-30复核：生产主营业务“动力电池系统、储能电池系统、输配电产品”命中“动力电池”；归入动力电池与新型储能,20260830_NEW,False
B_行业与主营一致,材料类主营与特钢Ⅲ行业一致,cn,002075,沙钢股份,4,国家重点扶持产业,第二梯队：新兴支柱产业,新材料,主营+行业映射,公司主营业务为优质钢,弹簧钢、管坯钢、优质钢、海洋用钢、耐磨钢、汽车及工程机械用钢、钢坯、其它,,钢铁,特钢,特钢Ⅲ,2026-08-30复核：生产主营“弹簧钢、管坯钢、优质钢、海洋用钢、耐磨钢、汽车及工程机械用钢、钢坯、其它”，行业分类“钢铁/特钢/特钢Ⅲ”；归入新材料,20260830_NEW,False
A_主营直接支持,主营/新战略业务直接命中集成电路证据,cn,002077,大港股份,4,国家重点扶持产业,第二梯队：新兴支柱产业,集成电路,旧批次规则复核,公司主营业务为其他,集成电路测试、码头仓储供水等园区服务、NMP废液提纯、环保固废填埋、租赁,,电子,半导体,集成电路封测,Codex复核：披露业务“其他”明确属于集成电路,PREEXISTING,False
A_主营直接支持,主营/新战略业务直接命中集成电路证据,cn,002079,苏州固锝,4,国家重点扶持产业,第二梯队：新兴支柱产业,集成电路,旧批次规则复核,公司主营业务为新能源材料,半导体、新能源材料,,电力设备,电池,电池化学品,Codex复核：披露业务“新能源材料”明确属于集成电路,PREEXISTING,False
A_主营直接支持,主营/新战略业务直接命中先进材料证据,cn,002080,中材科技,3,用户常用,第三梯队：卡脖子底座,先进材料,旧批次规则复核,公司主营业务为风电叶片,风电叶片、玻璃纤维及制品、锂电池隔膜、高压气瓶、特种纤维及制品、工程复合材料、先进复合材料、技术与装备,,建筑材料,玻璃玻纤,玻纤制造,Codex复核：披露业务“风电叶片”明确属于先进材料,PREEXISTING,False
A_主营直接支持,主营/新战略业务直接命中生物医药证据,cn,002086,东方海洋,4,国家重点扶持产业,第二梯队：新兴支柱产业,生物医药,旧批次规则复核,公司主营业务为来料加工,进料加工、来料加工、国内贸易、海参、检测费、试剂盒、疫苗接种,,医药生物,医疗器械,体外诊断,Codex复核：披露业务“来料加工”明确属于生物医药,PREEXISTING,False
A_主营直接支持,主营/新战略业务直接命中新材料证据,cn,002094,青岛金王,4,国家重点扶持产业,第二梯队：新兴支柱产业,新材料,主营/战略文本,公司主营业务为新材料蜡烛、香薰及工艺品等,新材料蜡烛、香薰及工艺品等、化妆品,,美容护理,化妆品,化妆品制造及其他,2026-08-30复核：生产所属行业“公司主营业务为新材料蜡烛、香薰及工艺品等”命中“主营业务为新材料”；归入新材料,20260830_NEW,False
A_主营直接支持,主营/新战略业务直接命中生物医药证据,cn,002099,海翔药业,4,国家重点扶持产业,第二梯队：新兴支柱产业,生物医药,主营/战略文本,公司主营业务为原料药及医药中间体,原料药及医药中间体、合同定制业务、制剂、染料及染颜料中间体,,医药生物,化学制药,原料药,2026-08-30复核：生产主营业务“原料药及医药中间体、合同定制业务、制剂、染料及染颜料中间体”命中“原料药”；归入生物医药,20260830_NEW,False
B_行业与主营一致,申万三级行业为通信终端及配件，未发现直接冲突,cn,002104,恒宝股份,4,国家重点扶持产业,第二梯队：新兴支柱产业,新一代通信,主营+行业映射,公司主营业务为制卡类,票证类、制卡类、模块类,,通信,通信设备,通信终端及配件,2026-08-30复核：生产主营“票证类、制卡类、模块类”，行业分类“通信/通信设备/通信终端及配件”；归入新一代通信,20260830_NEW,False
A_主营直接支持,主营/新战略业务直接命中新型显示证据,cn,002106,莱宝高科,4,国家重点扶持产业,第二梯队：新兴支柱产业,新型显示,主营+行业映射,公司主营业务为显示材料及触控器件,显示材料及触控器件,,电子,光学光电子,面板,2026-08-30复核：生产主营“显示材料及触控器件”，行业分类“电子/光学光电子/面板”；归入新型显示,20260830_NEW,False
B_行业与主营一致,申万三级行业为中药Ⅲ，未发现直接冲突,cn,002107,沃华医药,4,国家重点扶持产业,第二梯队：新兴支柱产业,现代中药,主营+行业映射,公司主营业务为沃华®心可舒片,沃华®心可舒片、骨疏康胶囊/颗粒、荷丹片/胶囊、脑血疏口服液,,医药生物,中药,中药Ⅲ,2026-08-30复核：生产主营“沃华®心可舒片、骨疏康胶囊/颗粒、荷丹片/胶囊、脑血疏口服液”，行业分类“医药生物/中药/中药Ⅲ”；归入现代中药,20260830_NEW,False
B_行业与主营一致,申万三级行业为航空装备Ⅲ，未发现直接冲突,cn,002111,威海广泰,4,国家重点扶持产业,第二梯队：新兴支柱产业,航空航天,主营+行业映射,公司主营业务为空港装备,空港装备、消防救援装备,,国防军工,航空装备,航空装备Ⅲ,2026-08-30复核：生产主营“空港装备、消防救援装备”，行业分类“国防军工/航空装备/航空装备Ⅲ”；归入航空航天,20260830_NEW,False
A_主营直接支持,主营/新战略业务直接命中商业航天证据,cn,002115,三维通信,4,国家重点扶持产业,第二梯队：新兴支柱产业,商业航天,旧批次规则复核,公司主营业务为互联网营销业务,网优覆盖业务、卫星通信业务、通信设施运营业务、互联网营销业务,,通信,通信服务,通信工程及服务,Codex复核：披露业务“互联网营销业务”明确属于商业航天,PREEXISTING,False
B_行业与主营一致,申万三级明确为半导体材料,cn,002119,康强电子,4,国家重点扶持产业,第三梯队：卡脖子底座,集成电路材料,主营+行业映射,公司主营业务为引线框架产品,引线框架产品、键合丝产品、电极丝产品、模具及备件,,电子,半导体,半导体材料,2026-08-30复核：生产主营“引线框架产品、键合丝产品、电极丝产品、模具及备件”，行业分类“电子/半导体/半导体材料”；归入集成电路材料,20260830_NEW,False
A_主营直接支持,主营/新战略业务直接命中新一代通信证据,cn,002123,梦网科技,4,国家重点扶持产业,第二梯队：新兴支柱产业,新一代通信,主营+行业映射,公司主营业务为云通信服务业,云通信服务业,,通信,通信服务,通信应用增值服务,2026-08-30复核：生产主营“云通信服务业”，行业分类“通信/通信服务/通信应用增值服务”；归入新一代通信,20260830_NEW,False
B_行业与主营一致,申万三级行业为电池化学品，未发现直接冲突,cn,002125,湘潭电化,4,国家重点扶持产业,第二梯队：新兴支柱产业,动力电池与新型储能,主营+行业映射,公司主营业务为电解二氧化锰,电解二氧化锰、锰酸锂正极材料、四氧化三锰、尖晶石型锰酸锂、污水处理,,电力设备,电池,电池化学品,2026-08-30复核：生产主营“电解二氧化锰、锰酸锂正极材料、四氧化三锰、尖晶石型锰酸锂、污水处理”，行业分类“电力设备/电池/电池化学品”；归入动力电池与新型储能,20260830_NEW,False
A_主营直接支持,主营/新战略业务直接命中光伏证据,cn,002129,TCL中环,4,国家重点扶持产业,第二梯队：新兴支柱产业,光伏,主营/战略文本,公司主营业务为光伏硅片,光伏硅片、光伏组件、光伏电站,,电力设备,光伏设备,硅料硅片,2026-08-30复核：生产主营业务“光伏硅片、光伏组件、光伏电站”命中“光伏”；归入光伏,20260830_NEW,False
A_主营直接支持,主营/新战略业务直接命中PCB证据,cn,002134,天津普林,4,国家重点扶持产业,第一梯队：AI+超级主线,PCB,旧批次规则复核,公司主营业务为印制电路板,印制电路板,,电子,元件,印制电路板,Codex复核：披露业务“印制电路板”明确属于PCB,PREEXISTING,False
A_主营直接支持,主营/新战略业务直接命中光伏证据,cn,002135,东南网架,4,国家重点扶持产业,第二梯队：新兴支柱产业,光伏,主营/战略文本,公司主营业务为钢结构分包,工程总承包、钢结构分包、化纤、光伏发电,,建筑装饰,专业工程,钢结构,2026-08-30复核：生产主营业务“工程总承包、钢结构分包、化纤、光伏发电”命中“光伏”；归入光伏,20260830_NEW,False
C_需人工复核,终端/配套业务是否纳入该产业需按政策口径和收入占比复核，暂不直接判错,cn,002137,实益达,4,国家重点扶持产业,第二梯队：新兴支柱产业,新型显示,主营+行业映射,公司主营业务为智能终端产品,智能终端产品、智能硬件制造,,电子,光学光电子,LED,2026-08-30复核：生产主营“智能终端产品、智能硬件制造”，行业分类“电子/光学光电子/LED”；归入新型显示,20260830_NEW,False
B_行业与主营一致,申万三级为被动元件，与关键元器件方向一致,cn,002138,顺络电子,4,国家重点扶持产业,第二梯队：新兴支柱产业,关键电子元器件,主营+行业映射,公司主营业务为片式电子元件,片式电子元件,,电子,元件,被动元件,2026-08-30复核：生产主营“片式电子元件”，行业分类“电子/元件/被动元件”；归入关键电子元器件,20260830_NEW,False
C_需人工复核,未在主营/新战略业务中找到关键电子元器件直接证据；当前主要依赖消费电子零部件及组装,cn,002139,拓邦股份,3,用户常用,第二梯队：新兴支柱产业,关键电子元器件,主营+行业映射,公司主营业务为工具和家电,工具和家电、数字能源和智能汽车、机器人,,电子,消费电子,消费电子零部件及组装,2026-08-30复核：生产主营“工具和家电、数字能源和智能汽车、机器人”，行业分类“电子/消费电子/消费电子零部件及组装”；归入关键电子元器件,20260830_NEW,False
B_行业与主营一致,所属行业直接支持新一代通信,cn,002148,北纬科技,4,国家重点扶持产业,第二梯队：新兴支柱产业,新一代通信,主营+行业映射,公司主营业务为物联网应用及其他移动通信业务,手机游戏业务、移动互联网产业园,,通信,通信服务,通信应用增值服务,2026-08-30复核：生产主营“手机游戏业务、移动互联网产业园”，行业分类“通信/通信服务/通信应用增值服务”；归入新一代通信,20260830_NEW,False
B_行业与主营一致,申万三级行业为军工电子Ⅲ，未发现直接冲突,cn,002151,北斗星通,3,用户常用,第二梯队：新兴支柱产业,航空航天与军工电子,主营+行业映射,公司主营业务为产品销售,产品销售、系统应用、服务收入,,国防军工,军工电子,军工电子Ⅲ,2026-08-30复核：生产主营“产品销售、系统应用、服务收入”，行业分类“国防军工/军工电子/军工电子Ⅲ”；归入航空航天与军工电子,20260830_NEW,False
B_行业与主营一致,申万三级行业为其他计算机设备，主营未发现冲突,cn,002152,广电运通,4,国家重点扶持产业,第二梯队：新兴支柱产业,先进计算与信息设备,主营+行业映射,公司主营业务为智能设备,智能设备、软件开发及服务,,计算机,计算机设备,其他计算机设备,2026-08-30复核：生产主营“智能设备、软件开发及服务”，行业分类“计算机/计算机设备/其他计算机设备”；归入先进计算与信息设备,20260830_NEW,False
B_行业与主营一致,申万三级行业为垂直应用软件，与软件/信息服务标签一致,cn,002153,石基信息,4,国家重点扶持产业,第二梯队：新兴支柱产业,软件与信息技术服务,主营+行业映射,公司主营业务为酒店信息管理系统业务,酒店信息管理系统业务、社会餐饮信息管理系统业务、支付系统业务、零售信息管理系统业务、旅游休闲系统业务、第三方硬件配套业务、自有智能商用设备,,计算机,软件开发,垂直应用软件,2026-08-30复核：生产主营“酒店信息管理系统业务、社会餐饮信息管理系统业务、支付系统业务、零售信息管理系统业务、旅游休闲系统业务、第三方硬件配套业务、自有智能商用设备”，行业分类“计算机/软件开发/垂直应用软件”；归入软件与信息技术服务,20260830_NEW,False
A_主营直接支持,主营/新战略业务直接命中集成电路证据,cn,002156,通富微电,3,用户常用,第二梯队：新兴支柱产业,集成电路,旧批次规则复核,公司主营业务为集成电路封装测试,集成电路封装测试,,电子,半导体,集成电路封测,Codex复核：披露业务“集成电路封装测试”明确属于集成电路,PREEXISTING,False
A_主营直接支持,主营/新战略业务直接命中先进材料证据,cn,002171,楚江新材,4,国家重点扶持产业,第三梯队：卡脖子底座,先进材料,旧批次规则复核,公司主营业务为铜基材料,铜基材料、钢基材料、高端装备、碳纤维复合材料,,有色金属,工业金属,铜,Codex复核：披露业务“铜基材料”明确属于先进材料,PREEXISTING,False
A_主营直接支持,主营/新战略业务直接命中数字创意证据,cn,002174,游族网络,4,国家重点扶持产业,第二梯队：新兴支柱产业,数字创意,主营+行业映射,公司主营业务为移动游戏,PC端游戏、移动游戏,,传媒,游戏,游戏Ⅲ,2026-08-30复核：生产主营“PC端游戏、移动游戏”，行业分类“传媒/游戏/游戏Ⅲ”；归入数字创意,20260830_NEW,False
A_主营直接支持,主营/新战略业务直接命中机器人核心部件证据,cn,002176,江特电机,4,国家重点扶持产业,第三梯队：卡脖子底座,机器人核心部件,主营/战略文本,公司主营业务为电动机,锂矿采选及锂盐制造业、电动机、工业电机、伺服电机,,电力设备,电机,电机Ⅲ,2026-08-30复核：生产主营业务“锂矿采选及锂盐制造业、电动机、工业电机、伺服电机”命中“伺服电机”；归入机器人核心部件,20260830_NEW,False
B_行业与主营一致,申万三级行业为其他计算机设备，主营未发现冲突,cn,002177,御银股份,4,国家重点扶持产业,第二梯队：新兴支柱产业,先进计算与信息设备,主营+行业映射,公司主营业务为经营租赁,ATM合作运营、ATM技术、金融服务、经营租赁,,计算机,计算机设备,其他计算机设备,2026-08-30复核：生产主营“ATM合作运营、ATM技术、金融服务、经营租赁”，行业分类“计算机/计算机设备/其他计算机设备”；归入先进计算与信息设备,20260830_NEW,False
B_行业与主营一致,申万三级行业为垂直应用软件，与软件/信息服务标签一致,cn,002178,延华智能,4,国家重点扶持产业,第二梯队：新兴支柱产业,软件与信息技术服务,主营+行业映射,公司主营业务为智慧医疗与大健康,智慧医疗与大健康、智慧城市顶层设计与咨询、智能产品销售、绿色双碳与数字能源,,计算机,软件开发,垂直应用软件,2026-08-30复核：生产主营“智慧医疗与大健康、智慧城市顶层设计与咨询、智能产品销售、绿色双碳与数字能源”，行业分类“计算机/软件开发/垂直应用软件”；归入软件与信息技术服务,20260830_NEW,False
B_行业与主营一致,申万三级行业为军工电子Ⅲ，未发现直接冲突,cn,002179,中航光电,3,用户常用,第二梯队：新兴支柱产业,航空航天与军工电子,主营+行业映射,公司主营业务为电连接器及集成互连组件,电连接器及集成互连组件,,国防军工,军工电子,军工电子Ⅲ,2026-08-30复核：生产主营“电连接器及集成互连组件”，行业分类“国防军工/军工电子/军工电子Ⅲ”；归入航空航天与军工电子,20260830_NEW,False
B_行业与主营一致,申万三级行业为其他计算机设备，主营未发现冲突,cn,002180,奔图科技,4,国家重点扶持产业,第二梯队：新兴支柱产业,先进计算与信息设备,主营+行业映射,公司主营业务为原装打印机及耗材,原装打印机及耗材、芯片、通用耗材及配件,,计算机,计算机设备,其他计算机设备,2026-08-30复核：生产主营“原装打印机及耗材、芯片、通用耗材及配件”，行业分类“计算机/计算机设备/其他计算机设备”；归入先进计算与信息设备,20260830_NEW,False
B_行业与主营一致,申万三级行业为工控设备，未发现直接冲突,cn,002184,海得控制,4,国家重点扶持产业,第二梯队：新兴支柱产业,智能制造装备,主营+行业映射,公司主营业务为工业电气自动化业务,工业电气自动化业务、工业信息化业务、新能源业务、分部间抵消,,机械设备,自动化设备,工控设备,2026-08-30复核：生产主营“工业电气自动化业务、工业信息化业务、新能源业务、分部间抵消”，行业分类“机械设备/自动化设备/工控设备”；归入智能制造装备,20260830_NEW,False
A_主营直接支持,主营/新战略业务直接命中集成电路证据,cn,002185,华天科技,3,用户常用,第二梯队：新兴支柱产业,集成电路,旧批次规则复核,公司主营业务为集成电路,集成电路、LED,,电子,半导体,集成电路封测,Codex复核：披露业务“集成电路”明确属于集成电路,PREEXISTING,False
B_行业与主营一致,申万三级行业为军工电子Ⅲ，未发现直接冲突,cn,002189,中光学,4,国家重点扶持产业,第二梯队：新兴支柱产业,航空航天与军工电子,主营+行业映射,公司主营业务为光学元组件,光学元组件、光电防务与要地监控、投影机整机及配件,,国防军工,军工电子,军工电子Ⅲ,2026-08-30复核：生产主营“光学元组件、光电防务与要地监控、投影机整机及配件”，行业分类“国防军工/军工电子/军工电子Ⅲ”；归入航空航天与军工电子,20260830_NEW,False
A_主营直接支持,主营/新战略业务直接命中航空航天证据,cn,002190,成飞集成,4,国家重点扶持产业,第二梯队：新兴支柱产业,航空航天,主营/战略文本,公司主营业务为工装及汽车零部件收入,工装及汽车零部件收入、航空零部件收入,,汽车,汽车零部件,其他汽车零部件,2026-08-30复核：生产主营业务“工装及汽车零部件收入、航空零部件收入”命中“航空零部件”；归入航空航天,20260830_NEW,False
B_行业与主营一致,申万三级行业为通信网络设备及器件，未发现直接冲突,cn,002194,武汉凡谷,4,国家重点扶持产业,第二梯队：新兴支柱产业,新一代通信,主营+行业映射,公司主营业务为双工器,双工器、滤波器、射频子系统,,通信,通信设备,通信网络设备及器件,2026-08-30复核：生产主营“双工器、滤波器、射频子系统”，行业分类“通信/通信设备/通信网络设备及器件”；归入新一代通信,20260830_NEW,False
B_行业与主营一致,申万三级行业为IT服务Ⅲ，未发现直接冲突,cn,002195,岩山科技,3,用户常用,第一梯队：AI+超级主线,行业模型,旧批次规则复核,公司主营业务为互联网业务,互联网业务、人工智能业务、多元投资,,计算机,IT服务,IT服务Ⅲ,Codex复核：披露业务“互联网业务”明确属于行业模型,PREEXISTING,False
B_行业与主营一致,材料类主营与玻纤制造行业一致,cn,002201,九鼎新材,4,国家重点扶持产业,第二梯队：新兴支柱产业,新材料,主营/战略文本,公司主营业务为玻璃纤维及制品,玻璃纤维及制品、玻璃钢制品,,建筑材料,玻璃玻纤,玻纤制造,2026-08-30复核：生产主营业务“玻璃纤维及制品、玻璃钢制品”命中“玻璃纤维及制品”；归入新材料,20260830_NEW,False
A_主营直接支持,主营/新战略业务直接命中风电证据,cn,002202,金风科技,3,用户常用,第二梯队：新兴支柱产业,风电,主营+行业映射,公司主营业务为风机及零部件销售,风机及零部件销售、风电场开发、风电服务,,电力设备,风电设备,风电整机,2026-08-30复核：生产主营“风机及零部件销售、风电场开发、风电服务”，行业分类“电力设备/风电设备/风电整机”；归入风电,20260830_NEW,False
A_主营直接支持,主营/新战略业务直接命中节能环保证据,cn,002210,飞马国际,4,国家重点扶持产业,第二梯队：新兴支柱产业,节能环保,主营+行业映射,公司主营业务为环保新能源行业,综合物流服务、贸易执行服务、环保新能源行业、PPP项目建造服务,,环保,环境治理,固废治理,2026-08-30复核：生产主营“综合物流服务、贸易执行服务、环保新能源行业、PPP项目建造服务”，行业分类“环保/环境治理/固废治理”；归入节能环保,20260830_NEW,False
A_主营直接支持,主营/新战略业务直接命中软件与信息技术服务证据,cn,002212,天融信,4,国家重点扶持产业,第二梯队：新兴支柱产业,软件与信息技术服务,主营+行业映射,公司主营业务为网络安全,网络安全、云计算,,计算机,软件开发,横向通用软件,2026-08-30复核：生产主营“网络安全、云计算”，行业分类“计算机/软件开发/横向通用软件”；归入软件与信息技术服务,20260830_NEW,False
A_主营直接支持,主营/新战略业务直接命中集成电路证据,cn,002213,大为股份,4,国家重点扶持产业,第二梯队：新兴支柱产业,集成电路,旧批次规则复核,公司主营业务为半导体存储器,半导体存储器、新能源材料、汽车缓速器,,电子,半导体,数字芯片设计,Codex复核：披露业务“半导体存储器”明确属于集成电路,PREEXISTING,False
A_主营直接支持,主营/新战略业务直接命中光伏证据,cn,002218,拓日新能,4,国家重点扶持产业,第二梯队：新兴支柱产业,光伏,主营/战略文本,公司主营业务为光伏玻璃,电费收入、晶体硅太阳能电池芯片及组件、光伏玻璃、工程收入,,公用事业,电力,光伏发电,2026-08-30复核：生产主营业务“电费收入、晶体硅太阳能电池芯片及组件、光伏玻璃、工程收入”命中“太阳能电池”；归入光伏,20260830_NEW,False
A_主营直接支持,主营/新战略业务直接命中关键电子元器件证据,cn,002222,福晶科技,3,用户常用,第二梯队：新兴支柱产业,关键电子元器件,主营+行业映射,公司主营业务为精密光学元件,非线性光学晶体元器件、激光晶体元器件、精密光学元件、激光器件,,电子,光学光电子,光学元件,2026-08-30复核：生产主营“非线性光学晶体元器件、激光晶体元器件、精密光学元件、激光器件”，行业分类“电子/光学光电子/光学元件”；归入关键电子元器件,20260830_NEW,False
B_行业与主营一致,申万三级行业为医疗设备，未发现直接冲突,cn,002223,鱼跃医疗,3,用户常用,第二梯队：新兴支柱产业,生物医药,旧批次规则复核,公司主营业务为呼吸治疗解决方案,呼吸治疗解决方案、糖尿病护理解决方案、感染控制解决方案、家用类电子检测及体外诊断、急救、康复及临床器械,,医药生物,医疗器械,医疗设备,Codex复核：披露业务“呼吸治疗解决方案”明确属于生物医药,PREEXISTING,False
B_行业与主营一致,申万三级行业为横向通用软件，与软件/信息服务标签一致,cn,002230,科大讯飞,3,用户常用,第二梯队：新兴支柱产业,软件与信息技术服务,主营+行业映射,公司主营业务为开放平台及消费者业务,开放平台及消费者业务、开放平台、智能硬件、移动互联网产品及服务、智慧医疗、智慧教育、智慧城市、信息工程、数字政府行业应用、智慧政法行业应用、企业AI解决方案、智慧汽车、运营商,,计算机,软件开发,横向通用软件,2026-08-30复核：生产主营“开放平台及消费者业务、开放平台、智能硬件、移动互联网产品及服务、智慧医疗、智慧教育、智慧城市、信息工程、数字政府行业应用、智慧政法行业应用、企业AI解决方案、智慧汽车、运营商”，行业分类“计算机/软件开发/横向通用软件”；归入软件与信息技术服务,20260830_NEW,False
A_主营直接支持,主营/新战略业务直接命中软件与信息技术服务证据,cn,002232,启明信息,4,国家重点扶持产业,第二梯队：新兴支柱产业,软件与信息技术服务,主营+行业映射,公司主营业务为管理软件及服务,集成服务、汽车电子及服务、管理软件及服务,,计算机,IT服务,IT服务Ⅲ,2026-08-30复核：生产主营“集成服务、汽车电子及服务、管理软件及服务”，行业分类“计算机/IT服务/IT服务Ⅲ”；归入软件与信息技术服务,20260830_NEW,False
A_主营直接支持,主营/新战略业务直接命中光伏证据,cn,002233,塔牌集团,4,国家重点扶持产业,第二梯队：新兴支柱产业,光伏,主营/战略文本,公司主营业务为水泥,水泥、熟料、商品混凝土、石灰石及废碴、机制砂石、环保处置、光伏发电上网,,建筑材料,水泥,水泥制造,2026-08-30复核：生产主营业务“水泥、熟料、商品混凝土、石灰石及废碴、机制砂石、环保处置、光伏发电上网”命中“光伏”；归入光伏,20260830_NEW,False
B_行业与主营一致,申万三级行业为安防设备，主营未发现冲突,cn,002236,大华股份,3,用户常用,第二梯队：新兴支柱产业,先进计算与信息设备,主营+行业映射,公司主营业务为智慧物联产品及方案,智慧物联产品及方案、软件业务、创新业务,,计算机,计算机设备,安防设备,2026-08-30复核：生产主营“智慧物联产品及方案、软件业务、创新业务”，行业分类“计算机/计算机设备/安防设备”；归入先进计算与信息设备,20260830_NEW,False
A_主营直接支持,主营/新战略业务直接命中动力电池与新型储能证据,cn,002239,奥特佳,4,国家重点扶持产业,第二梯队：新兴支柱产业,动力电池与新型储能,主营/战略文本,公司主营业务为汽车空调压缩机,汽车空调压缩机、汽车空调系统及储能电池热管理设备,,汽车,汽车零部件,汽车电子电气系统,2026-08-30复核：生产主营业务“汽车空调压缩机、汽车空调系统及储能电池热管理设备”命中“储能电池”；归入动力电池与新型储能,20260830_NEW,False
B_行业与主营一致,主营明确包含关键电子元器件/组件,cn,002241,歌尔股份,3,用户常用,第二梯队：新兴支柱产业,关键电子元器件,主营+行业映射,公司主营业务为智能硬件,精密零组件、智能声学整机、智能硬件,,电子,消费电子,消费电子零部件及组装,2026-08-30复核：生产主营“精密零组件、智能声学整机、智能硬件”，行业分类“电子/消费电子/消费电子零部件及组装”；归入关键电子元器件,20260830_NEW,False
A_主营直接支持,主营/新战略业务直接命中新材料证据,cn,002243,力合科创,4,国家重点扶持产业,第二梯队：新兴支柱产业,新材料,主营/战略文本,公司主营业务为新材料,创新基地平台服务、数字经济产业、新材料、科技创新运营服务,,美容护理,化妆品,化妆品制造及其他,2026-08-30复核：生产所属行业“公司主营业务为新材料”命中“主营业务为新材料”；归入新材料,20260830_NEW,False
A_主营直接支持,主营/新战略业务直接命中动力电池与新型储能证据,cn,002245,蔚蓝锂芯,2,S100,第二梯队：新兴支柱产业,动力电池与新型储能,主营/战略文本,公司主营业务为锂电池产品,锂电池产品、LED产品、金属物流产品,,电力设备,电池,锂电池,2026-08-30复核：生产主营业务“锂电池产品、LED产品、金属物流产品”命中“锂电池产品”；归入动力电池与新型储能,20260830_NEW,False
A_主营直接支持,主营/新战略业务直接命中工业母机证据,cn,002248,华东数控,4,国家重点扶持产业,第三梯队：卡脖子底座,工业母机,主营+行业映射,公司主营业务为数控产品,数控产品、普通产品、机床配件,,机械设备,通用设备,机床工具,2026-08-30复核：生产主营“数控产品、普通产品、机床配件”，行业分类“机械设备/通用设备/机床工具”；归入工业母机,20260830_NEW,False
B_行业与主营一致,申万三级行业为血液制品，未发现直接冲突,cn,002252,上海莱士,4,国家重点扶持产业,第二梯队：新兴支柱产业,生物医药,主营+行业映射,公司主营业务为进口白蛋白,自产白蛋白、进口白蛋白、静丙、检测设备及试剂,,医药生物,生物制品,血液制品,2026-08-30复核：生产主营“自产白蛋白、进口白蛋白、静丙、检测设备及试剂”，行业分类“医药生物/生物制品/血液制品”；归入生物医药,20260830_NEW,False
B_行业与主营一致,申万三级行业为垂直应用软件，与软件/信息服务标签一致,cn,002253,川大智胜,4,国家重点扶持产业,第二梯队：新兴支柱产业,软件与信息技术服务,主营+行业映射,公司主营业务为航空及空管产品与服务,航空及空管产品与服务,,计算机,软件开发,垂直应用软件,2026-08-30复核：生产主营“航空及空管产品与服务”，行业分类“计算机/软件开发/垂直应用软件”；归入软件与信息技术服务,20260830_NEW,False
A_主营直接支持,主营/新战略业务直接命中光伏证据,cn,002256,兆新股份,4,国家重点扶持产业,第二梯队：新兴支柱产业,光伏,主营/战略文本,公司主营业务为环保功能涂料与辅料,环保功能涂料与辅料、绿色环保家居用品、汽车环保节能美容护理用品、减水剂、萘磺酸、光伏发电、光伏施工,,公用事业,电力,光伏发电,2026-08-30复核：生产主营业务“环保功能涂料与辅料、绿色环保家居用品、汽车环保节能美容护理用品、减水剂、萘磺酸、光伏发电、光伏施工”命中“光伏”；归入光伏,20260830_NEW,False
A_主营直接支持,主营/新战略业务直接命中软件与信息技术服务证据,cn,002261,拓维信息,3,用户常用,第二梯队：新兴支柱产业,软件与信息技术服务,主营+行业映射,公司主营业务为智能计算产品,软件及服务、行业云、软硬一体化解决方案、智能计算产品,,计算机,软件开发,垂直应用软件,2026-08-30复核：生产主营“软件及服务、行业云、软硬一体化解决方案、智能计算产品”，行业分类“计算机/软件开发/垂直应用软件”；归入软件与信息技术服务,20260830_NEW,False
A_主营直接支持,主营/新战略业务直接命中生物医药证据,cn,002262,恩华药业,3,用户常用,第二梯队：新兴支柱产业,生物医药,主营/战略文本,公司主营业务为麻醉类,麻醉类、精神类、神经类、原料药、商业医药,,医药生物,化学制药,化学制剂,2026-08-30复核：生产主营业务“麻醉类、精神类、神经类、原料药、商业医药”命中“原料药”；归入生物医药,20260830_NEW,False
B_行业与主营一致,材料类主营与膜材料行业一致,cn,002263,大东南,4,国家重点扶持产业,第二梯队：新兴支柱产业,新材料,主营+行业映射,公司主营业务为BOPP(电容膜）,BOPP(电容膜）、CPP膜、BOPET膜、光学膜,,基础化工,塑料,膜材料,2026-08-30复核：生产主营“BOPP(电容膜）、CPP膜、BOPET膜、光学膜”，行业分类“基础化工/塑料/膜材料”；归入新材料,20260830_NEW,False
B_行业与主营一致,申万三级行业为固废治理，未发现直接冲突,cn,002266,浙富控股,4,国家重点扶持产业,第二梯队：新兴支柱产业,节能环保,主营+行业映射,公司主营业务为危险废物处置及资源化产品,清洁能源设备、石油采掘、危险废物处置及资源化产品,,环保,环境治理,固废治理,2026-08-30复核：生产主营“清洁能源设备、石油采掘、危险废物处置及资源化产品”，行业分类“环保/环境治理/固废治理”；归入节能环保,20260830_NEW,False
B_行业与主营一致,申万三级行业为其他计算机设备，主营未发现冲突,cn,002268,电科网安,4,国家重点扶持产业,第二梯队：新兴支柱产业,先进计算与信息设备,主营+行业映射,公司主营业务为网络安全,密码、网络安全、数据安全,,计算机,计算机设备,其他计算机设备,2026-08-30复核：生产主营“密码、网络安全、数据安全”，行业分类“计算机/计算机设备/其他计算机设备”；归入先进计算与信息设备,20260830_NEW,False
A_主营直接支持,主营/新战略业务直接命中集成电路证据,cn,002273,水晶光电,3,用户常用,第二梯队：新兴支柱产业,集成电路,旧批次规则复核,公司主营业务为光学元器件,光学元器件、半导体光学、薄膜光学面板、汽车电子（AR+）、反光材料,,电子,光学光电子,光学元件,Codex复核：披露业务“光学元器件”明确属于集成电路,PREEXISTING,False
B_行业与主营一致,申万三级行业为中药Ⅲ，未发现直接冲突,cn,002275,桂林三金,4,国家重点扶持产业,第二梯队：新兴支柱产业,现代中药,主营+行业映射,公司主营业务为工业,工业、商品流通,,医药生物,中药,中药Ⅲ,2026-08-30复核：生产主营“工业、商品流通”，行业分类“医药生物/中药/中药Ⅲ”；归入现代中药,20260830_NEW,False
A_主营直接支持,主营/新战略业务直接命中高端仪器证据,cn,002278,神开股份,4,国家重点扶持产业,第三梯队：卡脖子底座,高端仪器,主营/战略文本,公司主营业务为石油钻采设备,石油钻采设备、录井设备及服务、随钻设备及服务、石油分析仪器、石油测井仪器,,机械设备,专用设备,能源及重型设备,2026-08-30复核：生产主营业务“石油钻采设备、录井设备及服务、随钻设备及服务、石油分析仪器、石油测井仪器”命中“分析仪器”；归入高端仪器,20260830_NEW,False
A_主营直接支持,主营/新战略业务直接命中软件与信息技术服务证据,cn,002279,久其软件,4,国家重点扶持产业,第二梯队：新兴支柱产业,软件与信息技术服务,主营+行业映射,公司主营业务为信息服务,信息服务、技术服务、软件产品、硬件产品,,计算机,软件开发,横向通用软件,2026-08-30复核：生产主营“信息服务、技术服务、软件产品、硬件产品”，行业分类“计算机/软件开发/横向通用软件”；归入软件与信息技术服务,20260830_NEW,False
B_人工复核支持,存在人工复核说明，但仍需保留原始公告或招股书链接,cn,002281,光迅科技,2,S100,第一梯队：AI+超级主线,光模块,人工复核,公司主营业务为数据与接入,传输、数据与接入,,通信,通信设备,通信网络设备及器件,2026-08-30人工复核：主营光通信传输、数据与接入产品；归入光模块,20260830_NEW,False
B_行业与主营一致,申万三级行业为中药Ⅲ，未发现直接冲突,cn,002287,奇正藏药,4,国家重点扶持产业,第二梯队：新兴支柱产业,现代中药,主营+行业映射,公司主营业务为贴膏剂,贴膏剂、软膏剂、其它剂型、保健品,,医药生物,中药,中药Ⅲ,2026-08-30复核：生产主营“贴膏剂、软膏剂、其它剂型、保健品”，行业分类“医药生物/中药/中药Ⅲ”；归入现代中药,20260830_NEW,False
A_主营直接支持,主营/新战略业务直接命中新材料证据,cn,002290,禾盛新材,4,国家重点扶持产业,第二梯队：新兴支柱产业,新材料,主营/战略文本,公司主营业务为家电用复合材料,家电用复合材料、系统集成板块,,家用电器,家电零部件,家电零部件Ⅲ,2026-08-30复核：生产主营业务“家电用复合材料、系统集成板块”命中“复合材料”；归入新材料,20260830_NEW,False
A_主营直接支持,主营/新战略业务直接命中数字创意证据,cn,002292,奥飞娱乐,4,国家重点扶持产业,第二梯队：新兴支柱产业,数字创意,主营+行业映射,公司主营业务为婴童用品,玩具销售、影视类、婴童用品、电视媒体、游戏类,,传媒,影视院线,影视动漫制作,2026-08-30复核：生产主营“玩具销售、影视类、婴童用品、电视媒体、游戏类”，行业分类“传媒/影视院线/影视动漫制作”；归入数字创意,20260830_NEW,False
A_主营直接支持,主营/新战略业务直接命中生物医药证据,cn,002294,信立泰,4,国家重点扶持产业,第二梯队：新兴支柱产业,生物医药,主营/战略文本,公司主营业务为制剂,制剂、医疗器械、原料药及中间体,,医药生物,化学制药,化学制剂,2026-08-30复核：生产主营业务“制剂、医疗器械、原料药及中间体”命中“原料药”；归入生物医药,20260830_NEW,False
B_行业与主营一致,申万三级行业为通信网络设备及器件，未发现直接冲突,cn,002296,辉煌科技,4,国家重点扶持产业,第二梯队：新兴支柱产业,新一代通信,主营+行业映射,公司主营业务为监控产品线,信号基础设备产品线、监控产品线、综合运维信息化及运维装备、运营管理产品线,,通信,通信设备,通信网络设备及器件,2026-08-30复核：生产主营“信号基础设备产品线、监控产品线、综合运维信息化及运维装备、运营管理产品线”，行业分类“通信/通信设备/通信网络设备及器件”；归入新一代通信,20260830_NEW,False
A_主营直接支持,主营/新战略业务直接命中先进材料证据,cn,002297,博云新材,4,国家重点扶持产业,第三梯队：卡脖子底座,先进材料,旧批次规则复核,公司主营业务为高性能硬质合金及相关材料,航空航天及民用碳/碳复合材料、高性能硬质合金及相关材料,,国防军工,航空装备,航空装备Ⅲ,Codex复核：披露业务“高性能硬质合金及相关材料”明确属于先进材料,PREEXISTING,False
B_行业与主营一致,申万三级行业为垂直应用软件，与软件/信息服务标签一致,cn,002298,中电鑫龙,4,国家重点扶持产业,第二梯队：新兴支柱产业,软件与信息技术服务,主营+行业映射,公司主营业务为智能输配电设备、新能源、元器件、自动化及电力设计,自主可控智慧城市解决方案及运营服务、智能输配电设备、新能源、元器件、自动化及电力设计,,计算机,软件开发,垂直应用软件,2026-08-30复核：生产主营“自主可控智慧城市解决方案及运营服务、智能输配电设备、新能源、元器件、自动化及电力设计”，行业分类“计算机/软件开发/垂直应用软件”；归入软件与信息技术服务,20260830_NEW,False
A_主营直接支持,主营/新战略业务直接命中新一代通信证据,cn,002313,日海智能,4,国家重点扶持产业,第二梯队：新兴支柱产业,新一代通信,主营+行业映射,公司主营业务为无线通信模组,无线通信模组、通信基础设备、通信工程服务,,通信,通信设备,通信终端及配件,2026-08-30复核：生产主营“无线通信模组、通信基础设备、通信工程服务”，行业分类“通信/通信设备/通信终端及配件”；归入新一代通信,20260830_NEW,False
A_主营直接支持,主营/新战略业务直接命中生物医药证据,cn,002317,众生药业,3,用户常用,第二梯队：新兴支柱产业,生物医药,主营/战略文本,公司主营业务为中成药销售,中成药销售、化学药销售、中药材及中药饮片销售、原料药及中间体销售,,医药生物,中药,中药Ⅲ,2026-08-30复核：生产主营业务“中成药销售、化学药销售、中药材及中药饮片销售、原料药及中间体销售”命中“原料药”；归入生物医药,20260830_NEW,False
B_行业与主营一致,材料类主营与特钢Ⅲ行业一致,cn,002318,久立特材,4,国家重点扶持产业,第二梯队：新兴支柱产业,新材料,主营+行业映射,公司主营业务为无缝管,无缝管、焊接管、复合管、管件、合金材料,,钢铁,特钢,特钢Ⅲ,2026-08-30复核：生产主营“无缝管、焊接管、复合管、管件、合金材料”，行业分类“钢铁/特钢/特钢Ⅲ”；归入新材料,20260830_NEW,False
A_主营直接支持,主营/新战略业务直接命中软件与信息技术服务证据,cn,002322,理工能科,4,国家重点扶持产业,第二梯队：新兴支柱产业,软件与信息技术服务,主营+行业映射,公司主营业务为电力造价软件,水质大气运维、水质监测设备、电力在线监测系统、电力造价软件,,计算机,软件开发,垂直应用软件,2026-08-30复核：生产主营“水质大气运维、水质监测设备、电力在线监测系统、电力造价软件”，行业分类“计算机/软件开发/垂直应用软件”；归入软件与信息技术服务,20260830_NEW,False
B_行业与主营一致,材料类主营与改性塑料行业一致,cn,002324,普利特,4,国家重点扶持产业,第二梯队：新兴支柱产业,新材料,主营+行业映射,公司主营业务为通用改性材料类,通用改性材料类、工程改性材料类、三元圆柱锂离子电池、磷酸铁锂锂离子电池、聚合物软包锂离子电池、镍系电池,,基础化工,塑料,改性塑料,2026-08-30复核：生产主营“通用改性材料类、工程改性材料类、三元圆柱锂离子电池、磷酸铁锂锂离子电池、聚合物软包锂离子电池、镍系电池”，行业分类“基础化工/塑料/改性塑料”；归入新材料,20260830_NEW,False
A_主营直接支持,主营/新战略业务直接命中软件与信息技术服务证据,cn,002331,皖通科技,4,国家重点扶持产业,第二梯队：新兴支柱产业,软件与信息技术服务,主营+行业映射,公司主营业务为系统集成,系统集成、技术服务、技术转让、产品销售,,计算机,IT服务,IT服务Ⅲ,2026-08-30复核：生产主营“系统集成、技术服务、技术转让、产品销售”，行业分类“计算机/IT服务/IT服务Ⅲ”；归入软件与信息技术服务,20260830_NEW,False
B_行业与主营一致,申万三级行业为原料药，未发现直接冲突,cn,002332,仙琚制药,4,国家重点扶持产业,第二梯队：新兴支柱产业,生物医药,主营+行业映射,公司主营业务为皮质激素,皮质激素、妇科及计生用药、麻醉及肌松用药,,医药生物,化学制药,原料药,2026-08-30复核：生产主营“皮质激素、妇科及计生用药、麻醉及肌松用药”，行业分类“医药生物/化学制药/原料药”；归入生物医药,20260830_NEW,False
A_主营直接支持,主营/新战略业务直接命中光伏证据,cn,002333,罗普斯金,4,国家重点扶持产业,第二梯队：新兴支柱产业,光伏,主营/战略文本,公司主营业务为光伏铝合金边框,光伏铝合金边框、建筑型材、智能工程施工、铝合金门窗、检测收入、建材贸易、盘扣租赁、材料销售、受托加工型材,,建筑材料,装修建材,其他建材,2026-08-30复核：生产主营业务“光伏铝合金边框、建筑型材、智能工程施工、铝合金门窗、检测收入、建材贸易、盘扣租赁、材料销售、受托加工型材”命中“光伏”；归入光伏,20260830_NEW,False
A_主营直接支持,主营/新战略业务直接命中数据中心证据,cn,002334,英威腾,4,国家重点扶持产业,第一梯队：AI+超级主线,数据中心,旧批次规则复核,公司主营业务为变频器类,变频器类、数据中心类、电驱及车载电源、逆变器类,,机械设备,自动化设备,工控设备,Codex复核：披露业务“变频器类”明确属于数据中心,PREEXISTING,False
A_主营直接支持,主营/新战略业务直接命中数据中心证据,cn,002335,科华数据,3,用户常用,第一梯队：AI+超级主线,数据中心,旧批次规则复核,公司主营业务为新能源产品,IDC服务收入、数据中心产品及集成、智慧电能产品、新能源产品,,电力设备,其他电源设备,其他电源设备Ⅲ,Codex复核：披露业务“新能源产品”明确属于数据中心,PREEXISTING,False
A_主营直接支持,主营/新战略业务直接命中先进材料证据,cn,002338,奥普光电,4,国家重点扶持产业,第三梯队：卡脖子底座,先进材料,旧批次规则复核,公司主营业务为复合材料,光电测控仪器、光学材料、光栅传感器、复合材料,,国防军工,军工电子,军工电子Ⅲ,Codex复核：披露业务“复合材料”明确属于先进材料,PREEXISTING,False
B_行业与主营一致,所属行业直接支持动力电池与新型储能,cn,002340,格林美,3,用户常用,第二梯队：新兴支柱产业,动力电池与新型储能,主营+行业映射,公司主营业务为新能源电池材料,,,电力设备,电池,电池化学品,2026-08-30复核：生产主营“公司主营业务为新能源电池材料”，行业分类“电力设备/电池/电池化学品”；归入动力电池与新型储能,20260830_NEW,False
A_主营直接支持,主营/新战略业务直接命中数字创意证据,cn,002343,慈文传媒,4,国家重点扶持产业,第二梯队：新兴支柱产业,数字创意,主营+行业映射,公司主营业务为影视剧业,影视剧业、游戏产品及渠道推广业、演唱会、艺人经纪服务,,传媒,影视院线,影视动漫制作,2026-08-30复核：生产主营“影视剧业、游戏产品及渠道推广业、演唱会、艺人经纪服务”，行业分类“传媒/影视院线/影视动漫制作”；归入数字创意,20260830_NEW,False
A_主营直接支持,主营/新战略业务直接命中生物医药证据,cn,002349,精华制药,4,国家重点扶持产业,第二梯队：新兴支柱产业,生物医药,主营/战略文本,公司主营业务为中药制剂,中药制剂、化学原料药及医药中间体、化工医药中间体、中药材及中药饮片,,医药生物,中药,中药Ⅲ,2026-08-30复核：生产主营业务“中药制剂、化学原料药及医药中间体、化工医药中间体、中药材及中药饮片”命中“原料药”；归入生物医药,20260830_NEW,False
B_行业与主营一致,申万三级行业为品牌消费电子，未发现直接冲突,cn,002351,漫步者,4,国家重点扶持产业,第二梯队：新兴支柱产业,新一代智能终端,主营+行业映射,公司主营业务为耳机,耳机、音响、汽车音响,,电子,消费电子,品牌消费电子,2026-08-30复核：生产主营“耳机、音响、汽车音响”，行业分类“电子/消费电子/品牌消费电子”；归入新一代智能终端,20260830_NEW,False
A_主营直接支持,主营/新战略业务直接命中高端装备证据,cn,002353,杰瑞股份,2,S100,第二梯队：新兴支柱产业,高端装备,主营/战略文本,公司主营业务为高端装备制造,高端装备制造、油气工程及技术服务、新能源及再生循环、油气田开发,,机械设备,专用设备,能源及重型设备,2026-08-30复核：生产主营业务“高端装备制造、油气工程及技术服务、新能源及再生循环、油气田开发”命中“高端装备制造”；归入高端装备,20260830_NEW,False
A_主营直接支持,主营/新战略业务直接命中高端装备证据,cn,002361,神剑股份,4,国家重点扶持产业,第二梯队：新兴支柱产业,高端装备,主营/战略文本,公司主营业务为户外型树脂,户外型树脂、混合型树脂、高端装备制造,,基础化工,塑料,合成树脂,2026-08-30复核：生产主营业务“户外型树脂、混合型树脂、高端装备制造”命中“高端装备制造”；归入高端装备,20260830_NEW,False
B_行业与主营一致,申万三级行业为垂直应用软件，与软件/信息服务标签一致,cn,002362,汉王科技,4,国家重点扶持产业,第二梯队：新兴支柱产业,软件与信息技术服务,主营+行业映射,公司主营业务为笔智能交互,笔智能交互、多模态大数据业务、AI终端,,计算机,软件开发,垂直应用软件,2026-08-30复核：生产主营“笔智能交互、多模态大数据业务、AI终端”，行业分类“计算机/软件开发/垂直应用软件”；归入软件与信息技术服务,20260830_NEW,False
A_主营直接支持,主营/新战略业务直接命中数据中心证据,cn,002364,中恒电气,3,用户常用,第一梯队：AI+超级主线,数据中心,旧批次规则复核,公司主营业务为数据中心电源,通信电源系统、数据中心电源、电力操作电源系统、软件开发、销售及服务、电力管理服务及工程收入（服务收入）、储能项目,,电力设备,其他电源设备,其他电源设备Ⅲ,Codex复核：披露业务“数据中心电源”明确属于数据中心,PREEXISTING,False
B_行业与主营一致,申万三级行业为原料药，未发现直接冲突,cn,002365,永安药业,4,国家重点扶持产业,第二梯队：新兴支柱产业,生物医药,主营+行业映射,公司主营业务为牛磺酸,牛磺酸、聚羧酸减水剂相关产品、保健品,,医药生物,化学制药,原料药,2026-08-30复核：生产主营“牛磺酸、聚羧酸减水剂相关产品、保健品”，行业分类“医药生物/化学制药/原料药”；归入生物医药,20260830_NEW,False
A_主营直接支持,主营/新战略业务直接命中软件与信息技术服务证据,cn,002368,太极股份,4,国家重点扶持产业,第二梯队：新兴支柱产业,软件与信息技术服务,主营+行业映射,公司主营业务为行业解决方案,云与数据服务、自主软件产品、行业解决方案、数字基础设施,,计算机,IT服务,IT服务Ⅲ,2026-08-30复核：生产主营“云与数据服务、自主软件产品、行业解决方案、数字基础设施”，行业分类“计算机/IT服务/IT服务Ⅲ”；归入软件与信息技术服务,20260830_NEW,False
C_需人工复核,未在主营/新战略业务中找到关键电子元器件直接证据；当前主要依赖消费电子零部件及组装,cn,002369,卓翼科技,4,国家重点扶持产业,第二梯队：新兴支柱产业,关键电子元器件,主营+行业映射,公司主营业务为网络通讯终端类,网络通讯终端类、便携式消费电子类,,电子,消费电子,消费电子零部件及组装,2026-08-30复核：生产主营“网络通讯终端类、便携式消费电子类”，行业分类“电子/消费电子/消费电子零部件及组装”；归入关键电子元器件,20260830_NEW,False
B_行业与主营一致,申万三级行业为化学制剂，未发现直接冲突,cn,002370,亚太药业,4,国家重点扶持产业,第二梯队：新兴支柱产业,生物医药,主营+行业映射,公司主营业务为抗生素类产品,抗生素类产品、消化系统类产品,,医药生物,化学制药,化学制剂,2026-08-30复核：生产主营“抗生素类产品、消化系统类产品”，行业分类“医药生物/化学制药/化学制剂”；归入生物医药,20260830_NEW,False
B_行业与主营一致,打标说明记录了主营/战略关键词命中,cn,002371,北方华创,2,S100,第三梯队：卡脖子底座,集成电路设备,主营/战略文本,公司主营业务为电子工艺装备,电子工艺装备、电子元器件,,电子,半导体,半导体设备,2026-08-30复核：生产主营业务“电子工艺装备、电子元器件”命中“电子工艺装备”；归入集成电路设备,20260830_NEW,False
A_主营直接支持,主营/新战略业务直接命中软件与信息技术服务证据,cn,002373,千方科技,4,国家重点扶持产业,第二梯队：新兴支柱产业,软件与信息技术服务,主营+行业映射,公司主营业务为产品销售,产品销售、交通云及行业软件、解决方案及增值服务,,计算机,IT服务,IT服务Ⅲ,2026-08-30复核：生产主营“产品销售、交通云及行业软件、解决方案及增值服务”，行业分类“计算机/IT服务/IT服务Ⅲ”；归入软件与信息技术服务,20260830_NEW,False
B_行业与主营一致,申万三级行业为其他计算机设备，主营未发现冲突,cn,002376,新北洋,4,国家重点扶持产业,第二梯队：新兴支柱产业,先进计算与信息设备,主营+行业映射,公司主营业务为智慧金融设备,打印扫描产品、智能自助终端产品、智慧金融设备、智能物流装备、服务运营业务、关键基础零部件,,计算机,计算机设备,其他计算机设备,2026-08-30复核：生产主营“打印扫描产品、智能自助终端产品、智慧金融设备、智能物流装备、服务运营业务、关键基础零部件”，行业分类“计算机/计算机设备/其他计算机设备”；归入先进计算与信息设备,20260830_NEW,False
A_主营直接支持,主营/新战略业务直接命中工业互联网证据,cn,002380,科远智慧,4,国家重点扶持产业,第一梯队：AI+超级主线,工业互联网,旧批次规则复核,公司主营业务为工业自动化,工业自动化、工业互联网及工业软件,,计算机,IT服务,IT服务Ⅲ,Codex复核：披露业务“工业自动化”明确属于工业互联网,PREEXISTING,False
C_需人工复核,未在主营/新战略业务中找到高端医疗器械直接证据；当前主要依赖医疗耗材,cn,002382,蓝帆医疗,4,国家重点扶持产业,第二梯队：新兴支柱产业,高端医疗器械,主营+行业映射,公司主营业务为健康防护产品,心脑血管产品、健康防护产品、应急救护产品,,医药生物,医疗器械,医疗耗材,2026-08-30复核：生产主营“心脑血管产品、健康防护产品、应急救护产品”，行业分类“医药生物/医疗器械/医疗耗材”；归入高端医疗器械,20260830_NEW,False
A_主营直接支持,主营/新战略业务直接命中商业航天与卫星互联网证据,cn,002383,合众思壮,4,国家重点扶持产业,第二梯队：新兴支柱产业,商业航天与卫星互联网,主营/战略文本,公司主营业务为卫星导航系统技术及设备,卫星导航系统技术及设备,,国防军工,军工电子,军工电子Ⅲ,2026-08-30复核：生产主营业务“卫星导航系统技术及设备”命中“卫星导航”；归入商业航天与卫星互联网,20260830_NEW,False
A_主营直接支持,主营/新战略业务直接命中PCB证据,cn,002384,东山精密,1,黄埔线下标的,第一梯队：AI+超级主线,PCB,人工复核,公司主营业务为电子电路产品,电子电路产品、LED显示器件、触控面板及液晶显示模组、精密组件产品,,电子,元件,印制电路板,2026-08-30人工复核：主营电子电路产品/宽表印制电路板；归入PCB,20260830_NEW,False
A_主营直接支持,主营/新战略业务直接命中生物医药证据,cn,002385,大北农,4,国家重点扶持产业,第二梯队：新兴支柱产业,生物医药,旧批次规则复核,公司主营业务为饲料产品,饲料产品、养猪产品、兽药产品、植保产品、疫苗产品、种业产品,,农林牧渔,饲料,畜禽饲料,Codex复核：披露业务“饲料产品”明确属于生物医药,PREEXISTING,False
A_主营直接支持,主营/新战略业务直接命中新型显示证据,cn,002387,维信诺,3,用户常用,第二梯队：新兴支柱产业,新型显示,主营/战略文本,公司主营业务为OLED产品,OLED产品,,电子,光学光电子,面板,2026-08-30复核：生产主营业务“OLED产品”命中“OLED”；归入新型显示,20260830_NEW,False
A_主营直接支持,主营/新战略业务直接命中低空经济证据,cn,002389,航天彩虹,4,国家重点扶持产业,第二梯队：新兴支柱产业,低空经济,旧批次规则复核,公司主营业务为无人机及相关产品,无人机及相关产品、技术服务、背材膜及绝缘材料、光学膜,,国防军工,航空装备,航空装备Ⅲ,Codex复核：披露业务“无人机及相关产品”明确属于低空经济,PREEXISTING,False
B_行业与主营一致,申万三级行业为中药Ⅲ，未发现直接冲突,cn,002390,信邦制药,4,国家重点扶持产业,第二梯队：新兴支柱产业,现代中药,主营+行业映射,公司主营业务为药品,药品、器械、医疗服务、合并抵消,,医药生物,中药,中药Ⅲ,2026-08-30复核：生产主营“药品、器械、医疗服务、合并抵消”，行业分类“医药生物/中药/中药Ⅲ”；归入现代中药,20260830_NEW,False
B_行业与主营一致,申万三级行业为化学制剂，未发现直接冲突,cn,002393,力生制药,4,国家重点扶持产业,第二梯队：新兴支柱产业,生物医药,主营+行业映射,公司主营业务为片剂,胶囊、片剂、针剂、颗粒剂、丸剂,,医药生物,化学制药,化学制剂,2026-08-30复核：生产主营“胶囊、片剂、针剂、颗粒剂、丸剂”，行业分类“医药生物/化学制药/化学制剂”；归入生物医药,20260830_NEW,False
A_主营直接支持,主营/新战略业务直接命中新一代通信证据,cn,002396,星网锐捷,4,国家重点扶持产业,第二梯队：新兴支柱产业,新一代通信,主营+行业映射,公司主营业务为企业级网络设备,网络终端、企业级网络设备、通讯产品、其它,,通信,通信设备,通信网络设备及器件,2026-08-30复核：生产主营“网络终端、企业级网络设备、通讯产品、其它”，行业分类“通信/通信设备/通信网络设备及器件”；归入新一代通信,20260830_NEW,False
A_主营直接支持,主营/新战略业务直接命中生物医药证据,cn,002399,海普瑞,4,国家重点扶持产业,第二梯队：新兴支柱产业,生物医药,主营/战略文本,公司主营业务为制剂,肝素钠以及低分子肝素钠原料药、制剂、CDMO,,医药生物,化学制药,化学制剂,2026-08-30复核：生产主营业务“肝素钠以及低分子肝素钠原料药、制剂、CDMO”命中“原料药”；归入生物医药,20260830_NEW,False
B_行业与主营一致,申万三级行业为IT服务Ⅲ，与软件/信息服务标签一致,cn,002401,中远海科,4,国家重点扶持产业,第二梯队：新兴支柱产业,软件与信息技术服务,主营+行业映射,公司主营业务为数字城市与交通,数字航运与供应链、数字城市与交通,,计算机,IT服务,IT服务Ⅲ,2026-08-30复核：生产主营“数字航运与供应链、数字城市与交通”，行业分类“计算机/IT服务/IT服务Ⅲ”；归入软件与信息技术服务,20260830_NEW,False
B_行业与主营一致,申万三级行业为垂直应用软件，与软件/信息服务标签一致,cn,002405,四维图新,3,用户常用,第二梯队：新兴支柱产业,软件与信息技术服务,主营+行业映射,公司主营业务为智云,智云、智舱、智芯、智驾,,计算机,软件开发,垂直应用软件,2026-08-30复核：生产主营“智云、智舱、智芯、智驾”，行业分类“计算机/软件开发/垂直应用软件”；归入软件与信息技术服务,20260830_NEW,False
A_主营直接支持,主营/新战略业务直接命中集成电路材料证据,cn,002409,雅克科技,3,用户常用,第三梯队：卡脖子底座,集成电路材料,旧批次规则复核,公司主营业务为半导体化学材料,半导体化学材料、光刻胶及配套试剂、电子特种气体、硅微粉、LDS设备、LNG保温绝热材料、阻燃剂、租赁及工程服务,,电子,半导体,半导体材料,Codex复核：披露业务“半导体化学材料”明确属于集成电路材料,PREEXISTING,False
B_行业与主营一致,申万三级行业为垂直应用软件，与软件/信息服务标签一致,cn,002410,广联达,4,国家重点扶持产业,第二梯队：新兴支柱产业,软件与信息技术服务,主营+行业映射,公司主营业务为数字成本业务,数字成本业务、数字施工业务、数字设计业务、海外业务,,计算机,软件开发,垂直应用软件,2026-08-30复核：生产主营“数字成本业务、数字施工业务、数字设计业务、海外业务”，行业分类“计算机/软件开发/垂直应用软件”；归入软件与信息技术服务,20260830_NEW,False
B_行业与主营一致,申万三级行业为中药Ⅲ，未发现直接冲突,cn,002412,汉森制药,4,国家重点扶持产业,第二梯队：新兴支柱产业,现代中药,主营+行业映射,公司主营业务为四磨汤口服液,农产品、利胆止痛胶囊、四磨汤口服液、固体口服制剂、天麻醒脑胶囊、愈伤灵胶囊、注射剂、液体口服制剂、缩泉胶囊、肠胃宁、银杏叶胶囊,,医药生物,中药,中药Ⅲ,2026-08-30复核：生产主营“农产品、利胆止痛胶囊、四磨汤口服液、固体口服制剂、天麻醒脑胶囊、愈伤灵胶囊、注射剂、液体口服制剂、缩泉胶囊、肠胃宁、银杏叶胶囊”，行业分类“医药生物/中药/中药Ⅲ”；归入现代中药,20260830_NEW,False
A_主营直接支持,主营/新战略业务直接命中航空航天与军工电子证据,cn,002413,雷科防务,4,国家重点扶持产业,第二梯队：新兴支柱产业,航空航天与军工电子,主营+行业映射,公司主营业务为雷达系统,雷达系统、卫星应用、智能控制、安全存储、智能网联,,国防军工,军工电子,军工电子Ⅲ,2026-08-30复核：生产主营“雷达系统、卫星应用、智能控制、安全存储、智能网联”，行业分类“国防军工/军工电子/军工电子Ⅲ”；归入航空航天与军工电子,20260830_NEW,False
B_行业与主营一致,申万三级行业为军工电子Ⅲ，未发现直接冲突,cn,002414,高德红外,4,国家重点扶持产业,第二梯队：新兴支柱产业,航空航天与军工电子,主营+行业映射,公司主营业务为红外综合光电及完整装备系统,红外综合光电及完整装备系统、传统弹药及信息化弹药,,国防军工,军工电子,军工电子Ⅲ,2026-08-30复核：生产主营“红外综合光电及完整装备系统、传统弹药及信息化弹药”，行业分类“国防军工/军工电子/军工电子Ⅲ”；归入航空航天与军工电子,20260830_NEW,False
B_行业与主营一致,申万三级行业为安防设备，主营未发现冲突,cn,002415,海康威视,3,用户常用,第二梯队：新兴支柱产业,先进计算与信息设备,主营+行业映射,公司主营业务为主业产品及服务,主业产品及服务、主业建造工程、创新业务、机器人业务、存储业务、智能家居业务、汽车电子业务、热成像业务,,计算机,计算机设备,安防设备,2026-08-30复核：生产主营“主业产品及服务、主业建造工程、创新业务、机器人业务、存储业务、智能家居业务、汽车电子业务、热成像业务”，行业分类“计算机/计算机设备/安防设备”；归入先进计算与信息设备,20260830_NEW,False
A_主营直接支持,主营/新战略业务直接命中智能网联新能源汽车证据,cn,002418,康盛股份,4,国家重点扶持产业,第二梯队：新兴支柱产业,智能网联新能源汽车,主营/战略文本,公司主营业务为制冷配件,制冷管路、制冷配件、传统汽车整车、新能源汽车整车,,家用电器,家电零部件,家电零部件Ⅲ,2026-08-30复核：生产主营业务“制冷管路、制冷配件、传统汽车整车、新能源汽车整车”命中“新能源汽车整车”；归入智能网联新能源汽车,20260830_NEW,False
B_行业与主营一致,申万三级行业为IT服务Ⅲ，与软件/信息服务标签一致,cn,002421,达实智能,4,国家重点扶持产业,第二梯队：新兴支柱产业,软件与信息技术服务,主营+行业映射,公司主营业务为智慧空间整体解决方案业务,智慧空间整体解决方案业务、智慧空间产品及技术服务业务,,计算机,IT服务,IT服务Ⅲ,2026-08-30复核：生产主营“智慧空间整体解决方案业务、智慧空间产品及技术服务业务”，行业分类“计算机/IT服务/IT服务Ⅲ”；归入软件与信息技术服务,20260830_NEW,False
B_行业与主营一致,申万三级行业为化学制剂，未发现直接冲突,cn,002422,科伦药业,3,用户常用,第二梯队：新兴支柱产业,生物医药,主营+行业映射,公司主营业务为非输液,输液、非输液、研发项目,,医药生物,化学制药,化学制剂,2026-08-30复核：生产主营“输液、非输液、研发项目”，行业分类“医药生物/化学制药/化学制剂”；归入生物医药,20260830_NEW,False
C_需人工复核,未在主营/新战略业务中找到关键电子元器件直接证据；当前主要依赖消费电子零部件及组装,cn,002426,胜利精密,4,国家重点扶持产业,第二梯队：新兴支柱产业,关键电子元器件,主营+行业映射,公司主营业务为消费电子,消费电子、汽车零部件,,电子,消费电子,消费电子零部件及组装,2026-08-30复核：生产主营“消费电子、汽车零部件”，行业分类“电子/消费电子/消费电子零部件及组装”；归入关键电子元器件,20260830_NEW,False
A_主营直接支持,主营/新战略业务直接命中集成电路材料证据,cn,002428,云南锗业,3,用户常用,第三梯队：卡脖子底座,集成电路材料,旧批次规则复核,公司主营业务为材料级锗产品,材料级锗产品、红外级锗产品、光伏级锗产品、光纤级锗产品、化合物半导体材料,,有色金属,小金属,其他小金属,Codex复核：披露业务“材料级锗产品”明确属于集成电路材料,PREEXISTING,False
B_行业与主营一致,申万三级为体外诊断；保留“高端”口径复核要求,cn,002432,九安医疗,3,用户常用,第二梯队：新兴支柱产业,高端医疗器械,主营+行业映射,公司主营业务为iHealth系列产品,iHealth系列产品、ODM/OEM产品、互联网医疗产品及服务、传统硬件产品、新零售业务,,医药生物,医疗器械,体外诊断,2026-08-30复核：生产主营“iHealth系列产品、ODM/OEM产品、互联网医疗产品及服务、传统硬件产品、新零售业务”，行业分类“医药生物/医疗器械/体外诊断”；归入高端医疗器械,20260830_NEW,False
A_主营直接支持,主营/新战略业务直接命中PCB证据,cn,002436,兴森科技,2,S100,第一梯队：AI+超级主线,PCB,旧批次规则复核,公司主营业务为PCB印制电路板,PCB印制电路板、半导体测试板、IC封装基板、固态硬盘,,电子,元件,印制电路板,Codex复核：披露业务“PCB印制电路板”明确属于PCB,PREEXISTING,False
B_行业与主营一致,申万三级行业为化学制剂，未发现直接冲突,cn,002437,誉衡药业,4,国家重点扶持产业,第二梯队：新兴支柱产业,生物医药,主营+行业映射,公司主营业务为维生素类药物,心脑血管药物、抗感染药物、抗肿瘤药物、消化系统药物、电解质类药物、维生素类药物、肾病药物、骨科药物,,医药生物,化学制药,化学制剂,2026-08-30复核：生产主营“心脑血管药物、抗感染药物、抗肿瘤药物、消化系统药物、电解质类药物、维生素类药物、肾病药物、骨科药物”，行业分类“医药生物/化学制药/化学制剂”；归入生物医药,20260830_NEW,False
B_行业与主营一致,申万三级行业为横向通用软件，与软件/信息服务标签一致,cn,002439,启明星辰,3,用户常用,第二梯队：新兴支柱产业,软件与信息技术服务,主营+行业映射,公司主营业务为安全产品,安全产品、安全运营与服务,,计算机,软件开发,横向通用软件,2026-08-30复核：生产主营“安全产品、安全运营与服务”，行业分类“计算机/软件开发/横向通用软件”；归入软件与信息技术服务,20260830_NEW,False
B_行业与主营一致,材料类主营与特钢Ⅲ行业一致,cn,002443,金洲管道,4,国家重点扶持产业,第二梯队：新兴支柱产业,新材料,主营+行业映射,公司主营业务为民用钢管类,民用钢管类、工业用钢管类,,钢铁,特钢,特钢Ⅲ,2026-08-30复核：生产主营“民用钢管类、工业用钢管类”，行业分类“钢铁/特钢/特钢Ⅲ”；归入新材料,20260830_NEW,False
A_主营直接支持,主营/新战略业务直接命中光伏证据,cn,002445,中南文化,4,国家重点扶持产业,第二梯队：新兴支柱产业,光伏,主营/战略文本,公司主营业务为管件,管件、法兰、压力容器、管舾、影视剧、光伏电力,,机械设备,通用设备,金属制品,2026-08-30复核：生产主营业务“管件、法兰、压力容器、管舾、影视剧、光伏电力”命中“光伏”；归入光伏,20260830_NEW,False
B_行业与主营一致,申万三级行业为军工电子Ⅲ，未发现直接冲突,cn,002446,盛路通信,4,国家重点扶持产业,第二梯队：新兴支柱产业,航空航天与军工电子,主营+行业映射,公司主营业务为微波电子,基站天线、微波通信器件、微波电子、射频器件与设备、终端天线,,国防军工,军工电子,军工电子Ⅲ,2026-08-30复核：生产主营“基站天线、微波通信器件、微波电子、射频器件与设备、终端天线”，行业分类“国防军工/军工电子/军工电子Ⅲ”；归入航空航天与军工电子,20260830_NEW,False
A_主营直接支持,主营/新战略业务直接命中集成电路证据,cn,002449,国星光电,4,国家重点扶持产业,第二梯队：新兴支柱产业,集成电路,旧批次规则复核,公司主营业务为LED封装及组件产品,LED封装及组件产品、外延及芯片产品、贸易及应用类产品、集成电路封装测试,,电子,光学光电子,LED,Codex复核：披露业务“LED封装及组件产品”明确属于集成电路,PREEXISTING,False
A_主营直接支持,主营/新战略业务直接命中先进材料证据,cn,002455,百川股份,4,国家重点扶持产业,第三梯队：卡脖子底座,先进材料,旧批次规则复核,公司主营业务为化工产品类,化工产品类、新材料产品类、新能源产品类,,基础化工,化学制品,其他化学制品,Codex复核：披露业务“化工产品类”明确属于先进材料,PREEXISTING,False
B_行业与主营一致,申万三级为光学元件，与关键元器件方向一致,cn,002456,欧菲光,3,用户常用,第二梯队：新兴支柱产业,关键电子元器件,主营+行业映射,公司主营业务为智能手机产品,智能手机产品、智能汽车产品、新领域产品,,电子,光学光电子,光学元件,2026-08-30复核：生产主营“智能手机产品、智能汽车产品、新领域产品”，行业分类“电子/光学光电子/光学元件”；归入关键电子元器件,20260830_NEW,False
A_主营直接支持,主营/新战略业务直接命中光伏证据,cn,002459,晶澳科技,4,国家重点扶持产业,第二梯队：新兴支柱产业,光伏,主营/战略文本,公司主营业务为太阳能组件,光伏电站运营、太阳能组件,,电力设备,光伏设备,光伏电池组件,2026-08-30复核：生产主营业务“光伏电站运营、太阳能组件”命中“光伏”；归入光伏,20260830_NEW,False
B_行业与主营一致,申万三级明确为印制电路板,cn,002463,沪电股份,2,S100,第一梯队：AI+超级主线,PCB,主营/战略文本,公司主营业务为企业通讯市场板,企业通讯市场板、办公及工业设备板、汽车板,,电子,元件,印制电路板,2026-08-30复核：生产主营业务“企业通讯市场板、办公及工业设备板、汽车板”命中“企业通讯市场板”；归入PCB,20260830_NEW,False
B_行业与主营一致,打标说明记录了主营/战略关键词命中,cn,002465,海格通信,3,用户常用,第二梯队：新兴支柱产业,商业航天与卫星互联网,主营/战略文本,公司主营业务为数智生态,无线通信、北斗导航、航空航天、数智生态,,国防军工,军工电子,军工电子Ⅲ,2026-08-30复核：生产主营业务“无线通信、北斗导航、航空航天、数智生态”命中“北斗导航”；归入商业航天与卫星互联网,20260830_NEW,False
A_主营直接支持,主营/新战略业务直接命中新一代通信证据,cn,002467,二六三,4,国家重点扶持产业,第二梯队：新兴支柱产业,新一代通信,主营+行业映射,公司主营业务为全球化网络业务,智能化通信业务、全球化网络业务,,通信,通信服务,通信应用增值服务,2026-08-30复核：生产主营“智能化通信业务、全球化网络业务”，行业分类“通信/通信服务/通信应用增值服务”；归入新一代通信,20260830_NEW,False
A_主营直接支持,主营/新战略业务直接命中软件与信息技术服务证据,cn,002474,榕基软件,4,国家重点扶持产业,第二梯队：新兴支柱产业,软件与信息技术服务,主营+行业映射,公司主营业务为系统集成收入,系统集成收入、软件产品及服务收入、园区开发与运营收入,,计算机,IT服务,IT服务Ⅲ,2026-08-30复核：生产主营“系统集成收入、软件产品及服务收入、园区开发与运营收入”，行业分类“计算机/IT服务/IT服务Ⅲ”；归入软件与信息技术服务,20260830_NEW,False
B_人工复核支持,存在人工复核说明，但仍需保留原始公告或招股书链接,cn,002475,立讯精密,2,S100,第二梯队：新兴支柱产业,关键电子元器件,人工复核,公司主营业务为消费性电子,消费性电子、汽车互联产品及精密组件、电脑互联产品及精密组件、通讯互联产品及精密组件,,电子,消费电子,消费电子零部件及组装,2026-08-30人工复核：主营消费、汽车、电脑及通信互联精密组件；归入关键电子元器件,20260830_NEW,False
B_行业与主营一致,材料类主营与特钢Ⅲ行业一致,cn,002478,常宝股份,4,国家重点扶持产业,第二梯队：新兴支柱产业,新材料,主营+行业映射,公司主营业务为锅炉管,油套管、锅炉管、品种管,,钢铁,特钢,特钢Ⅲ,2026-08-30复核：生产主营“油套管、锅炉管、品种管”，行业分类“钢铁/特钢/特钢Ⅲ”；归入新材料,20260830_NEW,False
A_主营直接支持,主营/新战略业务直接命中光伏证据,cn,002480,新筑股份,4,国家重点扶持产业,第二梯队：新兴支柱产业,光伏,主营/战略文本,公司主营业务为轨道交通业务,轨道交通业务、桥梁功能部件、光伏发电,,公用事业,电力,光伏发电,2026-08-30复核：生产主营业务“轨道交通业务、桥梁功能部件、光伏发电”命中“光伏”；归入光伏,20260830_NEW,False
A_主营直接支持,主营/新战略业务直接命中海洋工程装备证据,cn,002483,润邦股份,4,国家重点扶持产业,第二梯队：新兴支柱产业,海洋工程装备,主营/战略文本,公司主营业务为物料搬运装备,物料搬运装备、船舶及配套装备、海洋工程装备及配套装备、再生能源热电、危废医废处置、污泥处理,,机械设备,专用设备,能源及重型设备,2026-08-30复核：生产主营业务“物料搬运装备、船舶及配套装备、海洋工程装备及配套装备、再生能源热电、危废医废处置、污泥处理”命中“海洋工程”；归入海洋工程装备,20260830_NEW,False
A_主营直接支持,主营/新战略业务直接命中动力电池与新型储能证据,cn,002484,江海股份,2,S100,第二梯队：新兴支柱产业,动力电池与新型储能,主营/战略文本,公司主营业务为铝电解电容,铝电解电容、薄膜电容、超级电容、电极箔,,电子,元件,被动元件,2026-08-30复核：生产主营业务“铝电解电容、薄膜电容、超级电容、电极箔”命中“超级电容”；归入动力电池与新型储能,20260830_NEW,False
A_主营直接支持,主营/新战略业务直接命中风电证据,cn,002487,大金重工,3,用户常用,第二梯队：新兴支柱产业,风电,主营+行业映射,公司主营业务为风电装备产品,风电装备产品、新能源发电,,电力设备,风电设备,风电零部件,2026-08-30复核：生产主营“风电装备产品、新能源发电”，行业分类“电力设备/风电设备/风电零部件”；归入风电,20260830_NEW,False
A_主营直接支持,主营/新战略业务直接命中新一代通信证据,cn,002491,通鼎互联,4,国家重点扶持产业,第二梯队：新兴支柱产业,新一代通信,主营+行业映射,公司主营业务为通信电缆,光纤光缆、通信设备、通信电缆、电力电缆、互联网安全,,通信,通信设备,通信线缆及配套,2026-08-30复核：生产主营“光纤光缆、通信设备、通信电缆、电力电缆、互联网安全”，行业分类“通信/通信设备/通信线缆及配套”；归入新一代通信,20260830_NEW,False
B_行业与主营一致,申万三级行业为光伏电池组件，未发现直接冲突,cn,002506,协鑫集成,4,国家重点扶持产业,第二梯队：新兴支柱产业,光伏,主营+行业映射,公司主营业务为组件,组件、系统集成包、发电收入、电池片,,电力设备,光伏设备,光伏电池组件,2026-08-30复核：生产主营“组件、系统集成包、发电收入、电池片”，行业分类“电力设备/光伏设备/光伏电池组件”；归入光伏,20260830_NEW,False
A_主营直接支持,主营/新战略业务直接命中航空航天证据,cn,002510,天汽模,4,国家重点扶持产业,第二梯队：新兴支柱产业,航空航天,旧批次规则复核,公司主营业务为模具检具,模具检具、冲压件及装焊、军工产品、航空产品,,汽车,汽车零部件,其他汽车零部件,Codex复核：披露业务“模具检具”明确属于航空航天,PREEXISTING,False
A_主营直接支持,主营/新战略业务直接命中数字创意证据,cn,002517,恺英网络,3,用户常用,第二梯队：新兴支柱产业,数字创意,主营+行业映射,公司主营业务为移动游戏,移动游戏、信息服务、网页游戏,,传媒,游戏,游戏Ⅲ,2026-08-30复核：生产主营“移动游戏、信息服务、网页游戏”，行业分类“传媒/游戏/游戏Ⅲ”；归入数字创意,20260830_NEW,False
A_主营直接支持,主营/新战略业务直接命中数据中心证据,cn,002518,科士达,4,国家重点扶持产业,第一梯队：AI+超级主线,数据中心,旧批次规则复核,公司主营业务为智慧电源、数据中心,智慧电源、数据中心、光储充产品及系统、新能源能源收入、配套产品,,电力设备,其他电源设备,其他电源设备Ⅲ,Codex复核：披露业务“智慧电源、数据中心”明确属于数据中心,PREEXISTING,False
A_主营直接支持,主营/新战略业务直接命中航空航天证据,cn,002520,日发精机,4,国家重点扶持产业,第二梯队：新兴支柱产业,航空航天,旧批次规则复核,公司主营业务为数字化智能机床及产线,数字化智能机床及产线、固定翼工程、运营及租售、航空航天智能装备及产线、航空航天零部件加工,,机械设备,通用设备,机床工具,Codex复核：披露业务“数字化智能机床及产线”明确属于航空航天,PREEXISTING,False
B_行业与主营一致,材料类主营与膜材料行业一致,cn,002522,浙江众成,4,国家重点扶持产业,第二梯队：新兴支柱产业,新材料,主营+行业映射,公司主营业务为热塑性弹性体,POF普通型膜、POF交联膜、POF印刷膜等、热塑性弹性体,,基础化工,塑料,膜材料,2026-08-30复核：生产主营“POF普通型膜、POF交联膜、POF印刷膜等、热塑性弹性体”，行业分类“基础化工/塑料/膜材料”；归入新材料,20260830_NEW,False
A_主营直接支持,主营/新战略业务直接命中先进材料证据,cn,002529,海源复材,4,国家重点扶持产业,第三梯队：卡脖子底座,先进材料,旧批次规则复核,公司主营业务为复合材料业务,复合材料业务,,机械设备,专用设备,其他专用设备,Codex复核：披露业务“复合材料业务”明确属于先进材料,PREEXISTING,False
B_行业与主营一致,申万三级行业为风电零部件，未发现直接冲突,cn,002531,天顺风能,4,国家重点扶持产业,第二梯队：新兴支柱产业,风电,主营+行业映射,公司主营业务为叶片类产品,风塔及相关产品、叶片类产品、海工类产品、发电,,电力设备,风电设备,风电零部件,2026-08-30复核：生产主营“风塔及相关产品、叶片类产品、海工类产品、发电”，行业分类“电力设备/风电设备/风电零部件”；归入风电,20260830_NEW,False
A_主营直接支持,主营/新战略业务直接命中氢能证据,cn,002536,飞龙股份,4,国家重点扶持产业,第四梯队：未来产业,氢能,旧批次规则复核,公司主营业务为发动机热管理节能减排部件,发动机热管理重要部件、发动机热管理节能减排部件、新能源、氢燃料电池和5G工业液冷及光伏系统冷却部件与模块,,汽车,汽车零部件,底盘与发动机系统,Codex复核：披露业务“发动机热管理节能减排部件”明确属于氢能,PREEXISTING,False
A_主营直接支持,主营/新战略业务直接命中新一代通信证据,cn,002544,普天科技,4,国家重点扶持产业,第二梯队：新兴支柱产业,新一代通信,主营+行业映射,公司主营业务为专网通信与智慧应用,公网通信、专网通信与智慧应用、智能制造,,通信,通信服务,通信工程及服务,2026-08-30复核：生产主营“公网通信、专网通信与智慧应用、智能制造”，行业分类“通信/通信服务/通信工程及服务”；归入新一代通信,20260830_NEW,False
A_主营直接支持,主营/新战略业务直接命中生物医药证据,cn,002550,千红制药,4,国家重点扶持产业,第二梯队：新兴支柱产业,生物医药,主营/战略文本,公司主营业务为制剂系列,原料药系列、制剂系列,,医药生物,化学制药,化学制剂,2026-08-30复核：生产主营业务“原料药系列、制剂系列”命中“原料药”；归入生物医药,20260830_NEW,False
C_需人工复核,未在主营/新战略业务中找到高端医疗器械直接证据；当前主要依赖医疗耗材,cn,002551,尚荣医疗,4,国家重点扶持产业,第二梯队：新兴支柱产业,高端医疗器械,主营+行业映射,公司主营业务为医疗产品生产销售收入,医疗服务收入、医疗产品生产销售收入、健康产业运营收入,,医药生物,医疗器械,医疗耗材,2026-08-30复核：生产主营“医疗服务收入、医疗产品生产销售收入、健康产业运营收入”，行业分类“医药生物/医疗器械/医疗耗材”；归入高端医疗器械,20260830_NEW,False
A_主营直接支持,主营/新战略业务直接命中PCB证据,cn,002552,宝鼎科技,4,国家重点扶持产业,第一梯队：AI+超级主线,PCB,旧批次规则复核,公司主营业务为覆铜板,覆铜板、铜箔、成品金、大型铸锻件,,机械设备,通用设备,金属制品,Codex复核：披露业务“覆铜板”明确属于PCB,PREEXISTING,False
A_主营直接支持,主营/新战略业务直接命中集成电路证据,cn,002553,南方精工,3,用户常用,第二梯队：新兴支柱产业,集成电路,旧批次规则复核,公司主营业务为精密轴承,精密轴承、单向离合器、单向滑轮总成、集成电路设计及软硬件销售、电动涡旋压缩机,,汽车,汽车零部件,底盘与发动机系统,Codex复核：披露业务“精密轴承”明确属于集成电路,PREEXISTING,False
A_主营直接支持,主营/新战略业务直接命中数字创意证据,cn,002555,三七互娱,3,用户常用,第二梯队：新兴支柱产业,数字创意,主营+行业映射,公司主营业务为移动游戏,移动游戏、网页游戏,,传媒,游戏,游戏Ⅲ,2026-08-30复核：生产主营“移动游戏、网页游戏”，行业分类“传媒/游戏/游戏Ⅲ”；归入数字创意,20260830_NEW,False
A_主营直接支持,主营/新战略业务直接命中数字创意证据,cn,002558,巨人网络,3,用户常用,第二梯队：新兴支柱产业,数字创意,主营+行业映射,公司主营业务为移动端网络游戏,互联网社区工具、电脑端网络游戏、移动端网络游戏,,传媒,游戏,游戏Ⅲ,2026-08-30复核：生产主营“互联网社区工具、电脑端网络游戏、移动端网络游戏”，行业分类“传媒/游戏/游戏Ⅲ”；归入数字创意,20260830_NEW,False
A_主营直接支持,主营/新战略业务直接命中工业母机证据,cn,002559,亚威股份,4,国家重点扶持产业,第三梯队：卡脖子底座,工业母机,主营+行业映射,公司主营业务为金属成形机床,金属成形机床、激光加工装备、智能制造解决方案,,机械设备,通用设备,机床工具,2026-08-30复核：生产主营“金属成形机床、激光加工装备、智能制造解决方案”，行业分类“机械设备/通用设备/机床工具”；归入工业母机,20260830_NEW,False
B_行业与主营一致,申万三级行业为中药Ⅲ，未发现直接冲突,cn,002566,益盛药业,4,国家重点扶持产业,第二梯队：新兴支柱产业,现代中药,主营+行业映射,公司主营业务为胶囊类产品,胶囊类产品、针剂类产品、化妆品、人参类产品、蜂制品,,医药生物,中药,中药Ⅲ,2026-08-30复核：生产主营“胶囊类产品、针剂类产品、化妆品、人参类产品、蜂制品”，行业分类“医药生物/中药/中药Ⅲ”；归入现代中药,20260830_NEW,False
A_主营直接支持,主营/新战略业务直接命中光伏证据,cn,002571,德力股份,4,国家重点扶持产业,第二梯队：新兴支柱产业,光伏,主营/战略文本,公司主营业务为酒具水具,餐厨用具、酒具水具、光伏玻璃,,轻工制造,家居用品,其他家居用品,2026-08-30复核：生产主营业务“餐厨用具、酒具水具、光伏玻璃”命中“光伏”；归入光伏,20260830_NEW,False
A_主营直接支持,主营/新战略业务直接命中节能环保证据,cn,002573,清新环境,4,国家重点扶持产业,第二梯队：新兴支柱产业,节能环保,主营+行业映射,公司主营业务为危废品处理业务,余热发电业务、危废品处理业务、大气治理业务、水治理业务、能源化工业务,,环保,环境治理,水务及水治理,2026-08-30复核：生产主营“余热发电业务、危废品处理业务、大气治理业务、水治理业务、能源化工业务”，行业分类“环保/环境治理/水务及水治理”；归入节能环保,20260830_NEW,False
A_主营直接支持,主营/新战略业务直接命中光伏证据,cn,002574,明牌珠宝,4,国家重点扶持产业,第二梯队：新兴支柱产业,光伏,主营/战略文本,公司主营业务为黄金饰品,黄金饰品、铂金饰品、镶嵌饰品、房产营销服务、新能源光伏电池片产品,,纺织服饰,饰品,钟表珠宝,2026-08-30复核：生产主营业务“黄金饰品、铂金饰品、镶嵌饰品、房产营销服务、新能源光伏电池片产品”命中“光伏”；归入光伏,20260830_NEW,False
A_主营直接支持,主营/新战略业务直接命中先进计算与信息设备证据,cn,002577,雷柏科技,4,国家重点扶持产业,第二梯队：新兴支柱产业,先进计算与信息设备,主营+行业映射,公司主营业务为计算机外设,计算机外设、租赁,,计算机,计算机设备,其他计算机设备,2026-08-30复核：生产主营“计算机外设、租赁”，行业分类“计算机/计算机设备/其他计算机设备”；归入先进计算与信息设备,20260830_NEW,False
A_主营直接支持,主营/新战略业务直接命中PCB证据,cn,002579,中京电子,4,国家重点扶持产业,第一梯队：AI+超级主线,PCB,主营/战略文本,公司主营业务为刚性电路板（含HDI板）,刚性电路板（含HDI板）、柔性电路板及其应用模组,,电子,元件,印制电路板,2026-08-30复核：生产主营业务“刚性电路板（含HDI板）、柔性电路板及其应用模组”命中“柔性电路板”；归入PCB,20260830_NEW,False
A_主营直接支持,主营/新战略业务直接命中动力电池与新型储能证据,cn,002580,圣阳股份,4,国家重点扶持产业,第二梯队：新兴支柱产业,动力电池与新型储能,主营+行业映射,公司主营业务为新能源及应急储能用电池,新能源及应急储能用电池、备用电池、动力用电池,,电力设备,电池,蓄电池及其他电池,2026-08-30复核：生产主营“新能源及应急储能用电池、备用电池、动力用电池”，行业分类“电力设备/电池/蓄电池及其他电池”；归入动力电池与新型储能,20260830_NEW,False
B_行业与主营一致,申万三级行业为通信网络设备及器件，未发现直接冲突,cn,002583,海能达,4,国家重点扶持产业,第二梯队：新兴支柱产业,新一代通信,主营+行业映射,公司主营业务为终端,终端、系统,,通信,通信设备,通信网络设备及器件,2026-08-30复核：生产主营“终端、系统”，行业分类“通信/通信设备/通信网络设备及器件”；归入新一代通信,20260830_NEW,False
A_主营直接支持,主营/新战略业务直接命中生物医药证据,cn,002584,西陇科学,4,国家重点扶持产业,第二梯队：新兴支柱产业,生物医药,主营/战略文本,公司主营业务为专用化学品,电子化学品、化工原料、专用化学品、原料药及食品添加剂、通用试剂、锂电池正极材料,,电子,电子化学品,电子化学品Ⅲ,2026-08-30复核：生产主营业务“电子化学品、化工原料、专用化学品、原料药及食品添加剂、通用试剂、锂电池正极材料”命中“原料药”；归入生物医药,20260830_NEW,False
B_行业与主营一致,材料类主营与膜材料行业一致,cn,002585,双星新材,4,国家重点扶持产业,第二梯队：新兴支柱产业,新材料,主营+行业映射,公司主营业务为光学材料,光学材料、可变信息材料、新能源材料、热缩材料、聚酯功能,,基础化工,塑料,膜材料,2026-08-30复核：生产主营“光学材料、可变信息材料、新能源材料、热缩材料、聚酯功能”，行业分类“基础化工/塑料/膜材料”；归入新材料,20260830_NEW,False
C_需人工复核,未在主营/新战略业务中找到新型显示直接证据；当前主要依赖LED,cn,002587,奥拓电子,4,国家重点扶持产业,第二梯队：新兴支柱产业,新型显示,主营+行业映射,公司主营业务为LED视频显示系统,LED视频显示系统、网点智能化集成与设备、智能景观亮化工程、服务及其它、软件及内容,,电子,光学光电子,LED,2026-08-30复核：生产主营“LED视频显示系统、网点智能化集成与设备、智能景观亮化工程、服务及其它、软件及内容”，行业分类“电子/光学光电子/LED”；归入新型显示,20260830_NEW,False
A_主营直接支持,主营/新战略业务直接命中光伏证据,cn,002591,恒大高新,4,国家重点扶持产业,第二梯队：新兴支柱产业,光伏,主营/战略文本,公司主营业务为移动信息服务,互联网广告营销、余热发电、光伏发电、磨抗蚀、移动信息服务、隔音降噪工程,,基础化工,化学制品,其他化学制品,2026-08-30复核：生产主营业务“互联网广告营销、余热发电、光伏发电、磨抗蚀、移动信息服务、隔音降噪工程”命中“光伏”；归入光伏,20260830_NEW,False
B_行业与主营一致,申万三级行业为电动乘用车，未发现直接冲突,cn,002594,比亚迪,3,用户常用,第二梯队：新兴支柱产业,智能网联新能源汽车,主营+行业映射,公司主营业务为汽车、汽车相关产品及其他产品,交通运输设备及电气制造业、日用电子器件制造业,,汽车,乘用车,电动乘用车,2026-08-30复核：生产主营“交通运输设备及电气制造业、日用电子器件制造业”，行业分类“汽车/乘用车/电动乘用车”；归入智能网联新能源汽车,20260830_NEW,False
A_主营直接支持,主营/新战略业务直接命中工业母机证据,cn,002595,豪迈科技,3,用户常用,第三梯队：卡脖子底座,工业母机,主营/战略文本,公司主营业务为模具,模具、大型零部件机械产品、数控机床,,机械设备,专用设备,其他专用设备,2026-08-30复核：生产主营业务“模具、大型零部件机械产品、数控机床”命中“数控机床”；归入工业母机,20260830_NEW,False
A_主营直接支持,主营/新战略业务直接命中低空经济证据,cn,002600,领益智造,3,用户常用,第二梯队：新兴支柱产业,低空经济,主营/战略文本,公司主营业务为AI终端,AI终端、汽车及低空经济,,电子,消费电子,消费电子零部件及组装,2026-08-30复核：生产主营业务“AI终端、汽车及低空经济”命中“低空经济”；归入低空经济,20260830_NEW,False
B_行业与主营一致,申万三级行业为中药Ⅲ，未发现直接冲突,cn,002603,以岭药业,3,用户常用,第二梯队：新兴支柱产业,现代中药,主营+行业映射,公司主营业务为心脑血管类,心脑血管类、呼吸系统类,,医药生物,中药,中药Ⅲ,2026-08-30复核：生产主营“心脑血管类、呼吸系统类”，行业分类“医药生物/中药/中药Ⅲ”；归入现代中药,20260830_NEW,False
A_主营直接支持,主营/新战略业务直接命中数字创意证据,cn,002605,姚记科技,4,国家重点扶持产业,第二梯队：新兴支柱产业,数字创意,主营+行业映射,公司主营业务为数字营销,扑克牌、游戏、数字营销,,传媒,游戏,游戏Ⅲ,2026-08-30复核：生产主营“扑克牌、游戏、数字营销”，行业分类“传媒/游戏/游戏Ⅲ”；归入数字创意,20260830_NEW,False
A_主营直接支持,主营/新战略业务直接命中软件与信息技术服务证据,cn,002609,捷顺科技,4,国家重点扶持产业,第二梯队：新兴支柱产业,软件与信息技术服务,主营+行业映射,公司主营业务为智能停车场管理系统,智能停车场管理系统、停车资产运营、软件及云服务、智慧停车运营、智能门禁通道管理系统、物业租赁,,计算机,IT服务,IT服务Ⅲ,2026-08-30复核：生产主营“智能停车场管理系统、停车资产运营、软件及云服务、智慧停车运营、智能门禁通道管理系统、物业租赁”，行业分类“计算机/IT服务/IT服务Ⅲ”；归入软件与信息技术服务,20260830_NEW,False
A_主营直接支持,主营/新战略业务直接命中光伏证据,cn,002617,露笑科技,4,国家重点扶持产业,第二梯队：新兴支柱产业,光伏,主营/战略文本,公司主营业务为漆包线,漆包线、光伏发电、高空作业设备、机电设备、汽车配件,,公用事业,电力,光伏发电,2026-08-30复核：生产主营业务“漆包线、光伏发电、高空作业设备、机电设备、汽车配件”命中“光伏”；归入光伏,20260830_NEW,False
B_行业与主营一致,申万三级行业为光伏辅材，未发现直接冲突,cn,002623,亚玛顿,4,国家重点扶持产业,第二梯队：新兴支柱产业,光伏,主营+行业映射,公司主营业务为太阳能玻璃,太阳能玻璃、太阳能组件、电力销售,,电力设备,光伏设备,光伏辅材,2026-08-30复核：生产主营“太阳能玻璃、太阳能组件、电力销售”，行业分类“电力设备/光伏设备/光伏辅材”；归入光伏,20260830_NEW,False
A_主营直接支持,主营/新战略业务直接命中数字创意证据,cn,002624,完美世界,4,国家重点扶持产业,第二梯队：新兴支柱产业,数字创意,主营+行业映射,公司主营业务为移动网络游戏,PC端网络游戏、移动网络游戏、主机游戏、电视剧及短剧,,传媒,游戏,游戏Ⅲ,2026-08-30复核：生产主营“PC端网络游戏、移动网络游戏、主机游戏、电视剧及短剧”，行业分类“传媒/游戏/游戏Ⅲ”；归入数字创意,20260830_NEW,False
B_行业与主营一致,申万三级行业为航空装备Ⅲ，未发现直接冲突,cn,002625,光启技术,3,用户常用,第二梯队：新兴支柱产业,航空航天,主营+行业映射,公司主营业务为超材料产品,超材料产品、超材料研发业务,,国防军工,航空装备,航空装备Ⅲ,2026-08-30复核：生产主营“超材料产品、超材料研发业务”，行业分类“国防军工/航空装备/航空装备Ⅲ”；归入航空航天,20260830_NEW,False
A_主营直接支持,主营/新战略业务直接命中新材料证据,cn,002632,道明光学,4,国家重点扶持产业,第二梯队：新兴支柱产业,新材料,主营+行业映射,公司主营业务为反光材料,反光材料、光学显示材料、新材料,,基础化工,塑料,膜材料,2026-08-30复核：生产主营“反光材料、光学显示材料、新材料”，行业分类“基础化工/塑料/膜材料”；归入新材料,20260830_NEW,False
C_需人工复核,未在主营/新战略业务中找到关键电子元器件直接证据；当前主要依赖消费电子零部件及组装,cn,002635,安洁科技,4,国家重点扶持产业,第二梯队：新兴支柱产业,关键电子元器件,主营+行业映射,公司主营业务为智能终端功能件和精密结构件以及模组类产品,智能终端功能件和精密结构件以及模组类产品、新能源汽车类产品、信息存储类产品,,电子,消费电子,消费电子零部件及组装,2026-08-30复核：生产主营“智能终端功能件和精密结构件以及模组类产品、新能源汽车类产品、信息存储类产品”，行业分类“电子/消费电子/消费电子零部件及组装”；归入关键电子元器件,20260830_NEW,False
A_主营直接支持,主营/新战略业务直接命中PCB证据,cn,002636,金安国纪,4,国家重点扶持产业,第一梯队：AI+超级主线,PCB,旧批次规则复核,公司主营业务为覆铜板及相关产品,覆铜板及相关产品、PCB、医疗器械、医药,,电子,元件,印制电路板,Codex复核：披露业务“覆铜板及相关产品”明确属于PCB,PREEXISTING,False
A_主营直接支持,主营/新战略业务直接命中软件与信息技术服务证据,cn,002642,荣联科技,4,国家重点扶持产业,第二梯队：新兴支柱产业,软件与信息技术服务,主营+行业映射,公司主营业务为系统集成,系统集成、系统产品、技术开发与服务,,计算机,IT服务,IT服务Ⅲ,2026-08-30复核：生产主营“系统集成、系统产品、技术开发与服务”，行业分类“计算机/IT服务/IT服务Ⅲ”；归入软件与信息技术服务,20260830_NEW,False
C_需人工复核,未在主营/新战略业务中找到集成电路材料直接证据；当前主要依赖电子化学品Ⅲ,cn,002643,万润股份,4,国家重点扶持产业,第三梯队：卡脖子底座,集成电路材料,主营+行业映射,公司主营业务为功能性材料类,功能性材料类、生命科学与医药类,,电子,电子化学品,电子化学品Ⅲ,2026-08-30复核：生产主营“功能性材料类、生命科学与医药类”，行业分类“电子/电子化学品/电子化学品Ⅲ”；归入集成电路材料,20260830_NEW,False
A_主营直接支持,主营/新战略业务直接命中现代中药证据,cn,002644,佛慈制药,4,国家重点扶持产业,第二梯队：新兴支柱产业,现代中药,主营+行业映射,公司主营业务为中药、中药材及防护用品,中药、中药材及防护用品、食品保健品、药品包装材料,,医药生物,中药,中药Ⅲ,2026-08-30复核：生产主营“中药、中药材及防护用品、食品保健品、药品包装材料”，行业分类“医药生物/中药/中药Ⅲ”；归入现代中药,20260830_NEW,False
B_行业与主营一致,申万三级行业为环保设备Ⅲ，未发现直接冲突,cn,002645,华宏科技,4,国家重点扶持产业,第二梯队：新兴支柱产业,节能环保,主营+行业映射,公司主营业务为稀土资源综合利用,再生资源加工设备销售、电梯零部件销售、废料回收加工及贸易、稀土资源综合利用、磁性材料销售,,环保,环保设备,环保设备Ⅲ,2026-08-30复核：生产主营“再生资源加工设备销售、电梯零部件销售、废料回收加工及贸易、稀土资源综合利用、磁性材料销售”，行业分类“环保/环保设备/环保设备Ⅲ”；归入节能环保,20260830_NEW,False
B_行业与主营一致,申万三级行业为IT服务Ⅲ，与软件/信息服务标签一致,cn,002649,博彦科技,4,国家重点扶持产业,第二梯队：新兴支柱产业,软件与信息技术服务,主营+行业映射,公司主营业务为研发工程,产品及解决方案、研发工程、IT运营维护,,计算机,IT服务,IT服务Ⅲ,2026-08-30复核：生产主营“产品及解决方案、研发工程、IT运营维护”，行业分类“计算机/IT服务/IT服务Ⅲ”；归入软件与信息技术服务,20260830_NEW,False
A_主营直接支持,主营/新战略业务直接命中航空航天证据,cn,002651,利君股份,4,国家重点扶持产业,第二梯队：新兴支柱产业,航空航天,旧批次规则复核,公司主营业务为航空航天零部件制造各系列产品,水泥用辊压机及配套、矿山用高压辊磨机及配套、辊系（子）、航空航天零部件制造各系列产品,,国防军工,航空装备,航空装备Ⅲ,Codex复核：披露业务“航空航天零部件制造各系列产品”明确属于航空航天,PREEXISTING,False
B_行业与主营一致,申万三级行业为化学制剂，未发现直接冲突,cn,002653,海思科,4,国家重点扶持产业,第二梯队：新兴支柱产业,生物医药,主营+行业映射,公司主营业务为自产产品收入,自产产品收入、肠外营养系、肿瘤止吐、麻醉产品、合作产品相关收入,,医药生物,化学制药,化学制剂,2026-08-30复核：生产主营“自产产品收入、肠外营养系、肿瘤止吐、麻醉产品、合作产品相关收入”，行业分类“医药生物/化学制药/化学制剂”；归入生物医药,20260830_NEW,False
A_主营直接支持,主营/新战略业务直接命中集成电路证据,cn,002654,万润科技,4,国家重点扶持产业,第二梯队：新兴支柱产业,集成电路,旧批次规则复核,公司主营业务为数字营销,LED光源器件及相关、LED照明及相关、数字营销、半导体存储器、综合能源,,电子,光学光电子,LED,Codex复核：披露业务“数字营销”明确属于集成电路,PREEXISTING,False
A_主营直接支持,主营/新战略业务直接命中关键电子元器件证据,cn,002655,共达电声,4,国家重点扶持产业,第二梯队：新兴支柱产业,关键电子元器件,主营+行业映射,公司主营业务为电子元器件及电声组件,电子元器件及电声组件,,电子,消费电子,消费电子零部件及组装,2026-08-30复核：生产主营“电子元器件及电声组件”，行业分类“电子/消费电子/消费电子零部件及组装”；归入关键电子元器件,20260830_NEW,False
A_主营直接支持,主营/新战略业务直接命中数据中心证据,cn,002657,中科金财,4,国家重点扶持产业,第一梯队：AI+超级主线,数据中心,旧批次规则复核,公司主营业务为金融科技综合服务,金融科技综合服务、数据中心综合服务、人工智能综合服务,,计算机,IT服务,IT服务Ⅲ,Codex复核：披露业务“金融科技综合服务”明确属于数据中心,PREEXISTING,False
B_行业与主营一致,申万三级行业为环保设备Ⅲ，未发现直接冲突,cn,002658,雪迪龙,4,国家重点扶持产业,第二梯队：新兴支柱产业,节能环保,主营+行业映射,公司主营业务为生态环境监测系统,生态环境监测系统、工业过程分析系统,,环保,环保设备,环保设备Ⅲ,2026-08-30复核：生产主营“生态环境监测系统、工业过程分析系统”，行业分类“环保/环保设备/环保设备Ⅲ”；归入节能环保,20260830_NEW,False
A_主营直接支持,主营/新战略业务直接命中光伏证据,cn,002660,茂硕电源,4,国家重点扶持产业,第二梯队：新兴支柱产业,光伏,主营/战略文本,公司主营业务为SPS开关电源,SPS开关电源、LED驱动电源、光伏发电、储能业务,,电子,消费电子,消费电子零部件及组装,2026-08-30复核：生产主营业务“SPS开关电源、LED驱动电源、光伏发电、储能业务”命中“光伏”；归入光伏,20260830_NEW,False
B_行业与主营一致,申万三级行业为固废治理，未发现直接冲突,cn,002672,东江环保,4,国家重点扶持产业,第二梯队：新兴支柱产业,节能环保,主营+行业映射,公司主营业务为工业废物资源化利用,再生能源利用、工业废物处理处置、工业废物资源化利用、市政废物处理处置、环境工程及服务、电子废弃物拆解、稀贵金属回收利用,,环保,环境治理,固废治理,2026-08-30复核：生产主营“再生能源利用、工业废物处理处置、工业废物资源化利用、市政废物处理处置、环境工程及服务、电子废弃物拆解、稀贵金属回收利用”，行业分类“环保/环境治理/固废治理”；归入节能环保,20260830_NEW,False
A_主营直接支持,主营/新战略业务直接命中生物医药证据,cn,002675,东诚药业,4,国家重点扶持产业,第二梯队：新兴支柱产业,生物医药,主营/战略文本,公司主营业务为原料药相关产品,原料药相关产品、制剂产品、核药产品,,医药生物,化学制药,化学制剂,2026-08-30复核：生产主营业务“原料药相关产品、制剂产品、核药产品”命中“原料药”；归入生物医药,20260830_NEW,False
C_需人工复核,未在主营/新战略业务中找到关键电子元器件直接证据；当前主要依赖消费电子零部件及组装,cn,002681,奋达科技,4,国家重点扶持产业,第二梯队：新兴支柱产业,关键电子元器件,主营+行业映射,公司主营业务为电声产品,电声产品、健康电器、智能可穿戴产品、智能门锁,,电子,消费电子,消费电子零部件及组装,2026-08-30复核：生产主营“电声产品、健康电器、智能可穿戴产品、智能门锁”，行业分类“电子/消费电子/消费电子零部件及组装”；归入关键电子元器件,20260830_NEW,False
A_主营直接支持,主营/新战略业务直接命中工业母机证据,cn,002685,华东重机,4,国家重点扶持产业,第三梯队：卡脖子底座,工业母机,旧批次人工复核,公司主营业务为数控机床,集装箱装卸设备、数控机床、数控设备材料、GPU芯片、软件开发,,机械设备,工程机械,工程机械整机,Codex复核：结合主营业务将候选结果调整为工业母机,PREEXISTING,False
A_主营直接支持,主营/新战略业务直接命中生物医药证据,cn,002688,金河生物,4,国家重点扶持产业,第二梯队：新兴支柱产业,生物医药,旧批次规则复核,公司主营业务为兽用化学药品,兽用化学药品、兽用疫苗、环保服务、淀粉及联产品、药物饲料添加剂,,农林牧渔,动物保健,动物保健Ⅲ,Codex复核：披露业务“兽用化学药品”明确属于生物医药,PREEXISTING,False
B_行业与主营一致,申万三级行业为化学制剂，未发现直接冲突,cn,002693,双成药业,4,国家重点扶持产业,第二梯队：新兴支柱产业,生物医药,主营+行业映射,公司主营业务为多肽类产品销售业务,多肽类产品销售业务,,医药生物,化学制药,化学制剂,2026-08-30复核：生产主营“多肽类产品销售业务”，行业分类“医药生物/化学制药/化学制剂”；归入生物医药,20260830_NEW,False
C_需人工复核,未在主营/新战略业务中找到高端装备直接证据；当前主要依赖机器人,cn,002698,博实股份,4,国家重点扶持产业,第二梯队：新兴支柱产业,高端装备,主营/战略文本,公司主营业务为固体物料后处理智能制造装备,固体物料后处理智能制造装备、智能物流与仓储系统、机器人+、橡胶后处理智能制造装备、环保工艺技术及成套装备、补充类工业服务及其它、运维、售后类工业服务,,机械设备,自动化设备,机器人,2026-08-30复核：生产主营业务“固体物料后处理智能制造装备、智能物流与仓储系统、机器人+、橡胶后处理智能制造装备、环保工艺技术及成套装备、补充类工业服务及其它、运维、售后类工业服务”命中“智能制造装备”；归入高端装备,20260830_NEW,False
C_需人工复核,未在主营/新战略业务中找到PCB直接证据；当前主要依赖底盘与发动机系统,cn,002708,光洋股份,4,国家重点扶持产业,第一梯队：AI+超级主线,PCB,主营/战略文本,公司主营业务为轴承产品,轴承产品、同步器行星排产品、毛坯加工、线路板业务,,汽车,汽车零部件,底盘与发动机系统,2026-08-30复核：生产主营业务“轴承产品、同步器行星排产品、毛坯加工、线路板业务”命中“线路板”；归入PCB,20260830_NEW,False
A_主营直接支持,主营/新战略业务直接命中动力电池与新型储能证据,cn,002709,天赐材料,3,用户常用,第二梯队：新兴支柱产业,动力电池与新型储能,主营+行业映射,公司主营业务为锂离子电池材料产品,日化材料及特种化学品、锂离子电池材料产品,,电力设备,电池,电池化学品,2026-08-30复核：生产主营“日化材料及特种化学品、锂离子电池材料产品”，行业分类“电力设备/电池/电池化学品”；归入动力电池与新型储能,20260830_NEW,False
A_主营直接支持,主营/新战略业务直接命中生物医药证据,cn,002728,特一药业,4,国家重点扶持产业,第二梯队：新兴支柱产业,生物医药,主营/战略文本,公司主营业务为化学药制剂,化学药制剂、中成药、化学原料药,,医药生物,中药,中药Ⅲ,2026-08-30复核：生产主营业务“化学药制剂、中成药、化学原料药”命中“原料药”；归入生物医药,20260830_NEW,False
A_主营直接支持,主营/新战略业务直接命中算力网证据,cn,002730,电光科技,4,国家重点扶持产业,第一梯队：AI+超级主线,算力网,旧批次规则复核,公司主营业务为防爆电器,电力设备、算力服务、防爆电器、驱动设备,,机械设备,专用设备,能源及重型设备,Codex复核：披露业务“防爆电器”明确属于算力网,PREEXISTING,False
A_主营直接支持,主营/新战略业务直接命中动力电池与新型储能证据,cn,002733,雄韬股份,4,国家重点扶持产业,第二梯队：新兴支柱产业,动力电池与新型储能,主营+行业映射,公司主营业务为蓄电池及材料,蓄电池及材料、锂电池、燃料电池,,电力设备,电池,蓄电池及其他电池,2026-08-30复核：生产主营“蓄电池及材料、锂电池、燃料电池”，行业分类“电力设备/电池/蓄电池及其他电池”；归入动力电池与新型储能,20260830_NEW,False
A_主营直接支持,主营/新战略业务直接命中现代中药证据,cn,002737,葵花药业,4,国家重点扶持产业,第二梯队：新兴支柱产业,现代中药,主营+行业映射,公司主营业务为中成药,中成药、化学药、营养保健品,,医药生物,中药,中药Ⅲ,2026-08-30复核：生产主营“中成药、化学药、营养保健品”，行业分类“医药生物/中药/中药Ⅲ”；归入现代中药,20260830_NEW,False
A_主营直接支持,主营/新战略业务直接命中PCB证据,cn,002741,光华科技,4,国家重点扶持产业,第一梯队：AI+超级主线,PCB,旧批次规则复核,公司主营业务为PCB化学品,PCB化学品、化学试剂、锂电池材料、绿环材料、退役电池、配套贸易,,电子,电子化学品,电子化学品Ⅲ,Codex复核：披露业务“PCB化学品”明确属于PCB,PREEXISTING,False
D_确认需修正,主营为LED照明及灯具业务，不应归为新型显示,cn,002745,木林森,4,国家重点扶持产业,第二梯队：新兴支柱产业,新型显示,主营+行业映射,公司主营业务为朗德万斯,朗德万斯、木林森,,电子,光学光电子,LED,2026-08-30复核：生产主营“朗德万斯、木林森”，行业分类“电子/光学光电子/LED”；归入新型显示,20260830_NEW,False
A_主营直接支持,主营/新战略业务直接命中智能机器人证据,cn,002747,埃斯顿,3,用户常用,第二梯队：新兴支柱产业,智能机器人,主营/战略文本,公司主营业务为工业机器人及智能制造系统,自动化核心部件及运动控制系统、工业机器人及智能制造系统,,机械设备,自动化设备,机器人,2026-08-30复核：生产主营业务“自动化核心部件及运动控制系统、工业机器人及智能制造系统”命中“工业机器人”；归入智能机器人,20260830_NEW,False
B_行业与主营一致,申万三级行业为化学制剂，未发现直接冲突,cn,002755,奥赛康,4,国家重点扶持产业,第二梯队：新兴支柱产业,生物医药,主营+行业映射,公司主营业务为抗肿瘤类,抗感染类、抗肿瘤类、慢性病类、消化类,,医药生物,化学制药,化学制剂,2026-08-30复核：生产主营“抗感染类、抗肿瘤类、慢性病类、消化类”，行业分类“医药生物/化学制药/化学制剂”；归入生物医药,20260830_NEW,False
A_主营直接支持,主营/新战略业务直接命中工业母机证据,cn,002757,南兴股份,4,国家重点扶持产业,第三梯队：卡脖子底座,工业母机,主营/战略文本,公司主营业务为IDC及云计算相关服务,自动封边机、数控钻、多排钻、裁板锯、加工中心、配件、IDC及云计算相关服务、IDC增值服务,,机械设备,专用设备,其他专用设备,2026-08-30复核：生产主营业务“自动封边机、数控钻、多排钻、裁板锯、加工中心、配件、IDC及云计算相关服务、IDC增值服务”命中“加工中心”；归入工业母机,20260830_NEW,False
A_主营直接支持,主营/新战略业务直接命中新型显示证据,cn,002765,蓝黛科技,4,国家重点扶持产业,第二梯队：新兴支柱产业,新型显示,主营+行业映射,公司主营业务为触控显示模组总成,触控显示模组总成、触控显示零部件、动力传动总成、动力传动零部件,,电子,光学光电子,面板,2026-08-30复核：生产主营“触控显示模组总成、触控显示零部件、动力传动总成、动力传动零部件”，行业分类“电子/光学光电子/面板”；归入新型显示,20260830_NEW,False
A_主营直接支持,主营/新战略业务直接命中先进材料证据,cn,002768,国恩股份,4,国家重点扶持产业,第三梯队：卡脖子底座,先进材料,旧批次规则复核,公司主营业务为有机高分子改性材料,有机高分子改性材料、有机高分子复合材料、绿色石化材料及新材料、明胶、胶原蛋白及其衍生品、生物医药及保健品,,基础化工,塑料,改性塑料,Codex复核：披露业务“有机高分子改性材料”明确属于先进材料,PREEXISTING,False
A_主营直接支持,主营/新战略业务直接命中数据中心证据,cn,002771,真视通,4,国家重点扶持产业,第一梯队：AI+超级主线,数据中心,旧批次规则复核,公司主营业务为多媒体信息系统,多媒体信息系统、生产监控与应急指挥系统、数据中心系统建设及服务,,计算机,IT服务,IT服务Ⅲ,Codex复核：披露业务“多媒体信息系统”明确属于数据中心,PREEXISTING,False
B_行业与主营一致,申万三级行业为其他生物制品，未发现直接冲突,cn,002773,康弘药业,4,国家重点扶持产业,第二梯队：新兴支柱产业,生物医药,主营+行业映射,公司主营业务为生物药,中成药、化学药、生物药、医疗器械,,医药生物,生物制品,其他生物制品,2026-08-30复核：生产主营“中成药、化学药、生物药、医疗器械”，行业分类“医药生物/生物制品/其他生物制品”；归入生物医药,20260830_NEW,False
A_主营直接支持,主营/新战略业务直接命中软件与信息技术服务证据,cn,002777,久远银海,4,国家重点扶持产业,第二梯队：新兴支柱产业,软件与信息技术服务,主营+行业映射,公司主营业务为软件,软件、运维服务、系统集成,,计算机,IT服务,IT服务Ⅲ,2026-08-30复核：生产主营“软件、运维服务、系统集成”，行业分类“计算机/IT服务/IT服务Ⅲ”；归入软件与信息技术服务,20260830_NEW,False
A_主营直接支持,主营/新战略业务直接命中节能环保证据,cn,002778,中晟高科,4,国家重点扶持产业,第二梯队：新兴支柱产业,节能环保,主营+行业映射,公司主营业务为润滑油销售业务,污水处理设施委托运营业务、润滑油销售业务、环境咨询服务、环境工程业务,,环保,环境治理,水务及水治理,2026-08-30复核：生产主营“污水处理设施委托运营业务、润滑油销售业务、环境咨询服务、环境工程业务”，行业分类“环保/环境治理/水务及水治理”；归入节能环保,20260830_NEW,False
A_主营直接支持,主营/新战略业务直接命中光模块证据,cn,002792,通宇通讯,3,用户常用,第一梯队：AI+超级主线,光模块,旧批次规则复核,公司主营业务为基站天线,基站天线、射频器件、微波天线、卫星通讯、光模块,,通信,通信设备,通信网络设备及器件,Codex复核：披露业务“基站天线”明确属于光模块,PREEXISTING,False
B_行业与主营一致,申万三级行业为化学制剂，未发现直接冲突,cn,002793,罗欣药业,4,国家重点扶持产业,第二梯队：新兴支柱产业,生物医药,主营+行业映射,公司主营业务为抗生素类,抗生素类、消化系统类、呼吸系统类、代理产品,,医药生物,化学制药,化学制剂,2026-08-30复核：生产主营“抗生素类、消化系统类、呼吸系统类、代理产品”，行业分类“医药生物/化学制药/化学制剂”；归入生物医药,20260830_NEW,False
A_主营直接支持,主营/新战略业务直接命中光伏证据,cn,002795,永和智控,4,国家重点扶持产业,第二梯队：新兴支柱产业,光伏,主营/战略文本,公司主营业务为阀门管件类,阀门管件类、光伏电池片,,机械设备,通用设备,金属制品,2026-08-30复核：生产主营业务“阀门管件类、光伏电池片”命中“光伏”；归入光伏,20260830_NEW,False
B_行业与主营一致,申万三级行业为通信网络设备及器件，未发现直接冲突,cn,002796,世嘉科技,4,国家重点扶持产业,第二梯队：新兴支柱产业,新一代通信,主营+行业映射,公司主营业务为射频器件,天线、射频器件、电梯轿厢系统、专用设备箱体系统,,通信,通信设备,通信网络设备及器件,2026-08-30复核：生产主营“天线、射频器件、电梯轿厢系统、专用设备箱体系统”，行业分类“通信/通信设备/通信网络设备及器件”；归入新一代通信,20260830_NEW,False
A_主营直接支持,主营/新战略业务直接命中机器人核心部件证据,cn,002801,微光股份,4,国家重点扶持产业,第三梯队：卡脖子底座,机器人核心部件,主营/战略文本,公司主营业务为制冷电机及风机,制冷电机及风机、伺服电机,,电力设备,电机,电机Ⅲ,2026-08-30复核：生产主营业务“制冷电机及风机、伺服电机”命中“伺服电机”；归入机器人核心部件,20260830_NEW,False
A_主营直接支持,主营/新战略业务直接命中动力电池与新型储能证据,cn,002805,丰元股份,4,国家重点扶持产业,第二梯队：新兴支柱产业,动力电池与新型储能,主营+行业映射,公司主营业务为锂电池正极材料,锂电池正极材料、草酸类,,电力设备,电池,电池化学品,2026-08-30复核：生产主营“锂电池正极材料、草酸类”，行业分类“电力设备/电池/电池化学品”；归入动力电池与新型储能,20260830_NEW,False
B_行业与主营一致,申万三级行业为电池化学品，未发现直接冲突,cn,002812,恩捷股份,3,用户常用,第二梯队：新兴支柱产业,动力电池与新型储能,主营+行业映射,公司主营业务为膜类产品,无菌包装、烟标、特种纸、膜类产品,,电力设备,电池,电池化学品,2026-08-30复核：生产主营“无菌包装、烟标、特种纸、膜类产品”，行业分类“电力设备/电池/电池化学品”；归入动力电池与新型储能,20260830_NEW,False
B_行业与主营一致,申万三级明确为印制电路板,cn,002815,崇达技术,4,国家重点扶持产业,第一梯队：AI+超级主线,PCB,主营/战略文本,公司主营业务为印制线路板,印制线路板,,电子,元件,印制电路板,2026-08-30复核：生产主营业务“印制线路板”命中“线路板”；归入PCB,20260830_NEW,False
B_行业与主营一致,申万三级行业为原料药，未发现直接冲突,cn,002817,黄山胶囊,4,国家重点扶持产业,第二梯队：新兴支柱产业,生物医药,主营+行业映射,公司主营业务为明胶空心胶囊,明胶空心胶囊、肠溶明胶空心胶囊,,医药生物,化学制药,原料药,2026-08-30复核：生产主营“明胶空心胶囊、肠溶明胶空心胶囊”，行业分类“医药生物/化学制药/原料药”；归入生物医药,20260830_NEW,False
A_主营直接支持,主营/新战略业务直接命中生物医药研发服务证据,cn,002821,凯莱英,3,用户常用,第二梯队：新兴支柱产业,生物医药研发服务,主营+行业映射,公司主营业务为商业化阶段CDMO解决方案,临床阶段CDMO解决方案、商业化阶段CDMO解决方案、新兴服务,,医药生物,医疗服务,医疗研发外包,2026-08-30复核：生产主营“临床阶段CDMO解决方案、商业化阶段CDMO解决方案、新兴服务”，行业分类“医药生物/医疗服务/医疗研发外包”；归入生物医药研发服务,20260830_NEW,False
B_行业与主营一致,申万三级行业为化学制剂，未发现直接冲突,cn,002826,易明医药,4,国家重点扶持产业,第二梯队：新兴支柱产业,生物医药,主营+行业映射,公司主营业务为米格列醇片,瓜蒌皮注射液、米格列醇片,,医药生物,化学制药,化学制剂,2026-08-30复核：生产主营“瓜蒌皮注射液、米格列醇片”，行业分类“医药生物/化学制药/化学制剂”；归入生物医药,20260830_NEW,False
B_行业与主营一致,申万三级行业为航天装备Ⅲ，未发现直接冲突,cn,002829,星网宇达,4,国家重点扶持产业,第二梯队：新兴支柱产业,低空经济,旧批次人工复核,公司主营业务为无人系统,信息感知、卫星通信、无人系统,,国防军工,航天装备,航天装备Ⅲ,Codex复核：结合主营业务将候选结果调整为低空经济,PREEXISTING,False
A_主营直接支持,主营/新战略业务直接命中工业母机证据,cn,002833,弘亚数控,4,国家重点扶持产业,第三梯队：卡脖子底座,工业母机,主营/战略文本,公司主营业务为封边机,封边机、数控钻（含多排钻）、加工中心、裁板锯、配件、自动化及木门设备,,机械设备,专用设备,其他专用设备,2026-08-30复核：生产主营业务“封边机、数控钻（含多排钻）、加工中心、裁板锯、配件、自动化及木门设备”命中“加工中心”；归入工业母机,20260830_NEW,False
B_行业与主营一致,申万三级行业为安防设备，主营未发现冲突,cn,002835,同为股份,4,国家重点扶持产业,第二梯队：新兴支柱产业,先进计算与信息设备,主营+行业映射,公司主营业务为前端视频监控产品,前端视频监控产品、后端视频监控产品,,计算机,计算机设备,安防设备,2026-08-30复核：生产主营“前端视频监控产品、后端视频监控产品”，行业分类“计算机/计算机设备/安防设备”；归入先进计算与信息设备,20260830_NEW,False
A_主营直接支持,主营/新战略业务直接命中新材料证据,cn,002838,道恩股份,4,国家重点扶持产业,第二梯队：新兴支柱产业,新材料,主营+行业映射,公司主营业务为改性塑料,改性塑料、热塑弹性体、色母料,,基础化工,塑料,改性塑料,2026-08-30复核：生产主营“改性塑料、热塑弹性体、色母料”，行业分类“基础化工/塑料/改性塑料”；归入新材料,20260830_NEW,False
A_主营直接支持,主营/新战略业务直接命中新一代智能终端证据,cn,002841,视源股份,4,国家重点扶持产业,第二梯队：新兴支柱产业,新一代智能终端,主营+行业映射,公司主营业务为智能终端及应用,智能控制部件、液晶显示主控板卡、家用电器控制器、智能终端及应用、商用显示设备及系统、计算机及周边设备、音视频设备及系统,,电子,消费电子,品牌消费电子,2026-08-30复核：生产主营“智能控制部件、液晶显示主控板卡、家用电器控制器、智能终端及应用、商用显示设备及系统、计算机及周边设备、音视频设备及系统”，行业分类“电子/消费电子/品牌消费电子”；归入新一代智能终端,20260830_NEW,False
A_主营直接支持,主营/新战略业务直接命中新型显示证据,cn,002845,同兴达,4,国家重点扶持产业,第二梯队：新兴支柱产业,新型显示,主营/战略文本,公司主营业务为液晶显示模组,液晶显示模组、摄像类产品,,电子,光学光电子,面板,2026-08-30复核：生产主营业务“液晶显示模组、摄像类产品”命中“液晶显示模组”；归入新型显示,20260830_NEW,False
A_主营直接支持,主营/新战略业务直接命中动力电池与新型储能证据,cn,002850,科达利,3,用户常用,第二梯队：新兴支柱产业,动力电池与新型储能,主营+行业映射,公司主营业务为锂电池结构件,锂电池结构件、汽车结构件,,电力设备,电池,锂电池,2026-08-30复核：生产主营“锂电池结构件、汽车结构件”，行业分类“电力设备/电池/锂电池”；归入动力电池与新型储能,20260830_NEW,False
A_主营直接支持,主营/新战略业务直接命中高端装备证据,cn,002851,麦格米特,2,S100,第二梯队：新兴支柱产业,高端装备,主营/战略文本,公司主营业务为智能家电电控产品,智能家电电控产品、电源产品、新能源及轨道交通部件、工业自动化、智能装备、精密连接,,电力设备,其他电源设备,其他电源设备Ⅲ,2026-08-30复核：生产主营业务“智能家电电控产品、电源产品、新能源及轨道交通部件、工业自动化、智能装备、精密连接”命中“智能装备”；归入高端装备,20260830_NEW,False
C_需人工复核,未在主营/新战略业务中找到关键电子元器件直接证据；当前主要依赖消费电子零部件及组装,cn,002855,捷荣技术,4,国家重点扶持产业,第二梯队：新兴支柱产业,关键电子元器件,主营+行业映射,公司主营业务为精密结构件,精密结构件、精密模具、手机电脑配件分销（代理）,,电子,消费电子,消费电子零部件及组装,2026-08-30复核：生产主营“精密结构件、精密模具、手机电脑配件分销（代理）”，行业分类“电子/消费电子/消费电子零部件及组装”；归入关键电子元器件,20260830_NEW,False
A_主营直接支持,主营/新战略业务直接命中光伏证据,cn,002860,星帅尔,4,国家重点扶持产业,第二梯队：新兴支柱产业,光伏,主营/战略文本,公司主营业务为太阳能光伏组件,冰箱、冷柜、空调等压缩机及小家电用配套产品、光通信、光传感器组件、厨余粉碎机、新能源汽车、清洁水泵等电机、太阳能光伏组件,,家用电器,家电零部件,家电零部件Ⅲ,2026-08-30复核：生产主营业务“冰箱、冷柜、空调等压缩机及小家电用配套产品、光通信、光传感器组件、厨余粉碎机、新能源汽车、清洁水泵等电机、太阳能光伏组件”命中“光伏”；归入光伏,20260830_NEW,False
B_行业与主营一致,主营明确包含关键电子元器件/组件,cn,002861,瀛通通讯,4,国家重点扶持产业,第二梯队：新兴支柱产业,关键电子元器件,主营+行业映射,公司主营业务为声学产品及精密零组件,声学产品及精密零组件、电源、数据传输产品及精密零组件,,电子,消费电子,消费电子零部件及组装,2026-08-30复核：生产主营“声学产品及精密零组件、电源、数据传输产品及精密零组件”，行业分类“电子/消费电子/消费电子零部件及组装”；归入关键电子元器件,20260830_NEW,False
A_主营直接支持,主营/新战略业务直接命中光伏证据,cn,002862,实丰文化,4,国家重点扶持产业,第二梯队：新兴支柱产业,光伏,主营/战略文本,公司主营业务为玩具,游戏、光伏、玩具、玩具自产、动漫游戏衍生品玩具、婴幼玩具、电动遥控玩具、车模玩具、玩具贸易,,轻工制造,文娱用品,娱乐用品,2026-08-30复核：生产主营业务“游戏、光伏、玩具、玩具自产、动漫游戏衍生品玩具、婴幼玩具、电动遥控玩具、车模玩具、玩具贸易”命中“光伏”；归入光伏,20260830_NEW,False
A_主营直接支持,主营/新战略业务直接命中现代中药证据,cn,002864,盘龙药业,4,国家重点扶持产业,第二梯队：新兴支柱产业,现代中药,主营+行业映射,公司主营业务为自产中成药,自产中成药、医药商业、中药饮片、大健康产品,,医药生物,中药,中药Ⅲ,2026-08-30复核：生产主营“自产中成药、医药商业、中药饮片、大健康产品”，行业分类“医药生物/中药/中药Ⅲ”；归入现代中药,20260830_NEW,False
A_主营直接支持,主营/新战略业务直接命中光伏证据,cn,002865,钧达股份,4,国家重点扶持产业,第二梯队：新兴支柱产业,光伏,主营/战略文本,公司主营业务为光伏电池片,光伏电池片,,电力设备,光伏设备,光伏电池组件,2026-08-30复核：生产主营业务“光伏电池片”命中“光伏”；归入光伏,20260830_NEW,False
C_需人工复核,未在主营/新战略业务中找到关键电子元器件直接证据；当前主要依赖消费电子零部件及组装,cn,002866,传艺科技,4,国家重点扶持产业,第二梯队：新兴支柱产业,关键电子元器件,主营+行业映射,公司主营业务为笔记本及台式机电脑键盘等输入设备及配件,,,电子,消费电子,消费电子零部件及组装,2026-08-30复核：生产主营“公司主营业务为笔记本及台式机电脑键盘等输入设备及配件”，行业分类“电子/消费电子/消费电子零部件及组装”；归入关键电子元器件,20260830_NEW,False
A_主营直接支持,主营/新战略业务直接命中光伏证据,cn,002868,绿康生化,4,国家重点扶持产业,第二梯队：新兴支柱产业,光伏,主营/战略文本,公司主营业务为光伏胶膜,光伏胶膜,,农林牧渔,动物保健,动物保健Ⅲ,2026-08-30复核：生产主营业务“光伏胶膜”命中“光伏”；归入光伏,20260830_NEW,False
B_行业与主营一致,申万三级行业为其他计算机设备，主营未发现冲突,cn,002869,金溢科技,4,国家重点扶持产业,第二梯队：新兴支柱产业,先进计算与信息设备,主营+行业映射,公司主营业务为智慧高速,智慧高速、智慧城市、汽车电子,,计算机,计算机设备,其他计算机设备,2026-08-30复核：生产主营“智慧高速、智慧城市、汽车电子”，行业分类“计算机/计算机设备/其他计算机设备”；归入先进计算与信息设备,20260830_NEW,False
B_行业与主营一致,申万三级行业为中药Ⅲ，未发现直接冲突,cn,002873,新天药业,4,国家重点扶持产业,第二梯队：新兴支柱产业,现代中药,主营+行业映射,公司主营业务为妇科类,妇科类、泌尿系统类、清热解毒类,,医药生物,中药,中药Ⅲ,2026-08-30复核：生产主营“妇科类、泌尿系统类、清热解毒类”，行业分类“医药生物/中药/中药Ⅲ”；归入现代中药,20260830_NEW,False
A_主营直接支持,主营/新战略业务直接命中新型显示证据,cn,002876,三利谱,4,国家重点扶持产业,第二梯队：新兴支柱产业,新型显示,主营+行业映射,公司主营业务为TFT偏光片,TFT偏光片、黑白偏光片,,电子,光学光电子,面板,2026-08-30复核：生产主营“TFT偏光片、黑白偏光片”，行业分类“电子/光学光电子/面板”；归入新型显示,20260830_NEW,False
B_行业与主营一致,申万三级行业为血液制品，未发现直接冲突,cn,002880,卫光生物,4,国家重点扶持产业,第二梯队：新兴支柱产业,生物医药,主营+行业映射,公司主营业务为人血白蛋白,人血白蛋白、静注人免疫球蛋白、物业出租,,医药生物,生物制品,血液制品,2026-08-30复核：生产主营“人血白蛋白、静注人免疫球蛋白、物业出租”，行业分类“医药生物/生物制品/血液制品”；归入生物医药,20260830_NEW,False
A_主营直接支持,主营/新战略业务直接命中新一代通信证据,cn,002881,美格智能,3,用户常用,第二梯队：新兴支柱产业,新一代通信,主营+行业映射,公司主营业务为无线通信模组及解决方案,无线通信模组及解决方案,,通信,通信设备,通信终端及配件,2026-08-30复核：生产主营“无线通信模组及解决方案”，行业分类“通信/通信设备/通信终端及配件”；归入新一代通信,20260830_NEW,False
B_行业与主营一致,材料类主营与改性塑料行业一致,cn,002886,沃特股份,4,国家重点扶持产业,第二梯队：新兴支柱产业,新材料,主营+行业映射,公司主营业务为特种高分子材料,特种高分子材料、工程塑料合金、改性通用塑料,,基础化工,塑料,改性塑料,2026-08-30复核：生产主营“特种高分子材料、工程塑料合金、改性通用塑料”，行业分类“基础化工/塑料/改性塑料”；归入新材料,20260830_NEW,False
B_行业与主营一致,申万三级行业为综合环境治理，未发现直接冲突,cn,002887,绿茵生态,4,国家重点扶持产业,第二梯队：新兴支柱产业,节能环保,主营+行业映射,公司主营业务为生态修复项目,生态修复项目、市政绿化项目、设计,,环保,环境治理,综合环境治理,2026-08-30复核：生产主营“生态修复项目、市政绿化项目、设计”，行业分类“环保/环境治理/综合环境治理”；归入节能环保,20260830_NEW,False
B_行业与主营一致,申万三级行业为品牌消费电子，未发现直接冲突,cn,002888,惠威科技,4,国家重点扶持产业,第二梯队：新兴支柱产业,新一代智能终端,主营+行业映射,公司主营业务为家庭影院系列,专业音响系列、公共广播系列、喇叭系列、多媒体系列、家庭影院系列、汽车音响系列、耳机系列,,电子,消费电子,品牌消费电子,2026-08-30复核：生产主营“专业音响系列、公共广播系列、喇叭系列、多媒体系列、家庭影院系列、汽车音响系列、耳机系列”，行业分类“电子/消费电子/品牌消费电子”；归入新一代智能终端,20260830_NEW,False
A_主营直接支持,主营/新战略业务直接命中机器人核心部件证据,cn,002896,中大力德,3,用户常用,第三梯队：卡脖子底座,机器人核心部件,主营/战略文本,公司主营业务为智能执行单元,减速电机、精密减速器、智能执行单元、配件,,机械设备,通用设备,金属制品,2026-08-30复核：生产主营业务“减速电机、精密减速器、智能执行单元、配件”命中“精密减速器”；归入机器人核心部件,20260830_NEW,False
B_行业与主营一致,申万三级行业为通信网络设备及器件，未发现直接冲突,cn,002897,意华股份,4,国家重点扶持产业,第二梯队：新兴支柱产业,新一代通信,主营+行业映射,公司主营业务为太阳能支架,通讯连接器产品、消费电子连接器产品、太阳能支架,,通信,通信设备,通信网络设备及器件,2026-08-30复核：生产主营“通讯连接器产品、消费电子连接器产品、太阳能支架”，行业分类“通信/通信设备/通信网络设备及器件”；归入新一代通信,20260830_NEW,False
A_主营直接支持,主营/新战略业务直接命中生物医药证据,cn,002900,哈三联,4,国家重点扶持产业,第二梯队：新兴支柱产业,生物医药,主营/战略文本,公司主营业务为大输液,冻干粉针剂、小容量注射剂、大输液、固体制剂、兽药、功能食品、化妆品、医疗器械、原料药、药用中间体、进出口贸易、饲料添加剂,,医药生物,化学制药,化学制剂,2026-08-30复核：生产主营业务“冻干粉针剂、小容量注射剂、大输液、固体制剂、兽药、功能食品、化妆品、医疗器械、原料药、药用中间体、进出口贸易、饲料添加剂”命中“原料药”；归入生物医药,20260830_NEW,False
C_需人工复核,未在主营/新战略业务中找到高端医疗器械直接证据；当前主要依赖医疗耗材,cn,002901,大博医疗,4,国家重点扶持产业,第二梯队：新兴支柱产业,高端医疗器械,主营+行业映射,公司主营业务为创伤类产品,创伤类产品、脊柱类产品、微创外科类产品、关节类产品、神经外科类产品、手术器械类产品、齿科类产品,,医药生物,医疗器械,医疗耗材,2026-08-30复核：生产主营“创伤类产品、脊柱类产品、微创外科类产品、关节类产品、神经外科类产品、手术器械类产品、齿科类产品”，行业分类“医药生物/医疗器械/医疗耗材”；归入高端医疗器械,20260830_NEW,False
A_主营直接支持,主营/新战略业务直接命中新一代通信证据,cn,002902,铭普光磁,4,国家重点扶持产业,第二梯队：新兴支柱产业,新一代通信,主营+行业映射,公司主营业务为磁性元器件,磁性元器件、光通信产品、电源适配器、通信供电系统设备,,通信,通信设备,通信网络设备及器件,2026-08-30复核：生产主营“磁性元器件、光通信产品、电源适配器、通信供电系统设备”，行业分类“通信/通信设备/通信网络设备及器件”；归入新一代通信,20260830_NEW,False
A_主营直接支持,主营/新战略业务直接命中高端装备证据,cn,002903,宇环数控,4,国家重点扶持产业,第二梯队：新兴支柱产业,高端装备,主营/战略文本,公司主营业务为数控研磨抛光机,数控磨床、数控研磨抛光机、智能装备系列、拉床,,机械设备,通用设备,机床工具,2026-08-30复核：生产主营业务“数控磨床、数控研磨抛光机、智能装备系列、拉床”命中“智能装备”；归入高端装备,20260830_NEW,False
B_行业与主营一致,申万三级行业为中药Ⅲ，未发现直接冲突,cn,002907,华森制药,4,国家重点扶持产业,第二梯队：新兴支柱产业,现代中药,主营+行业映射,公司主营业务为耳鼻喉科用药,耳鼻喉科用药、消化系统用药、精神神经系统用药、医药商业、医药零售,,医药生物,中药,中药Ⅲ,2026-08-30复核：生产主营“耳鼻喉科用药、消化系统用药、精神神经系统用药、医药商业、医药零售”，行业分类“医药生物/中药/中药Ⅲ”；归入现代中药,20260830_NEW,False
A_主营直接支持,主营/新战略业务直接命中软件与信息技术服务证据,cn,002908,德生科技,4,国家重点扶持产业,第二梯队：新兴支柱产业,软件与信息技术服务,主营+行业映射,公司主营业务为一卡通及AIOT应用,一卡通及AIOT应用、人社运营及大数据服务、传统社保卡及读写设备,,计算机,IT服务,IT服务Ⅲ,2026-08-30复核：生产主营“一卡通及AIOT应用、人社运营及大数据服务、传统社保卡及读写设备”，行业分类“计算机/IT服务/IT服务Ⅲ”；归入软件与信息技术服务,20260830_NEW,False
B_行业与主营一致,申万三级行业为其他计算机设备，主营未发现冲突,cn,002912,中新赛克,4,国家重点扶持产业,第二梯队：新兴支柱产业,先进计算与信息设备,主营+行业映射,公司主营业务为宽带网产品,宽带网产品、移动网产品、网络内容安全产品、数据运营产品、数据与网络安全产品,,计算机,计算机设备,其他计算机设备,2026-08-30复核：生产主营“宽带网产品、移动网产品、网络内容安全产品、数据运营产品、数据与网络安全产品”，行业分类“计算机/计算机设备/其他计算机设备”；归入先进计算与信息设备,20260830_NEW,False
B_行业与主营一致,申万三级明确为印制电路板,cn,002913,奥士康,4,国家重点扶持产业,第一梯队：AI+超级主线,PCB,主营+行业映射,公司主营业务为四层板及以上板,单/双面板、四层板及以上板,,电子,元件,印制电路板,2026-08-30复核：生产主营“单/双面板、四层板及以上板”，行业分类“电子/元件/印制电路板”；归入PCB,20260830_NEW,False
A_主营直接支持,主营/新战略业务直接命中PCB证据,cn,002916,深南电路,2,S100,第一梯队：AI+超级主线,PCB,旧批次规则复核,公司主营业务为印制电路板,印制电路板、电子装联、封装基板,,电子,元件,印制电路板,Codex复核：披露业务“印制电路板”明确属于PCB,PREEXISTING,False
A_主营直接支持,主营/新战略业务直接命中数字创意证据,cn,002919,名臣健康,4,国家重点扶持产业,第二梯队：新兴支柱产业,数字创意,主营+行业映射,公司主营业务为网络游戏,日化用品、网络游戏,,传媒,游戏,游戏Ⅲ,2026-08-30复核：生产主营“日化用品、网络游戏”，行业分类“传媒/游戏/游戏Ⅲ”；归入数字创意,20260830_NEW,False
B_行业与主营一致,申万三级行业为垂直应用软件，与软件/信息服务标签一致,cn,002920,德赛西威,3,用户常用,第二梯队：新兴支柱产业,软件与信息技术服务,主营+行业映射,公司主营业务为智能座舱,智能座舱、智能驾驶,,计算机,软件开发,垂直应用软件,2026-08-30复核：生产主营“智能座舱、智能驾驶”，行业分类“计算机/软件开发/垂直应用软件”；归入软件与信息技术服务,20260830_NEW,False
A_主营直接支持,主营/新战略业务直接命中生物医药证据,cn,002923,润都股份,4,国家重点扶持产业,第二梯队：新兴支柱产业,生物医药,主营/战略文本,公司主营业务为制剂,制剂、原料药、医药中间体,,医药生物,化学制药,化学制剂,2026-08-30复核：生产主营业务“制剂、原料药、医药中间体”命中“原料药”；归入生物医药,20260830_NEW,False
C_需人工复核,未在主营/新战略业务中找到关键电子元器件直接证据；当前主要依赖消费电子零部件及组装,cn,002925,盈趣科技,4,国家重点扶持产业,第二梯队：新兴支柱产业,关键电子元器件,主营+行业映射,公司主营业务为智能控制部件,智能控制部件、创新消费电子产品、汽车电子产品、健康环境产品、技术研发服务,,电子,消费电子,消费电子零部件及组装,2026-08-30复核：生产主营“智能控制部件、创新消费电子产品、汽车电子产品、健康环境产品、技术研发服务”，行业分类“电子/消费电子/消费电子零部件及组装”；归入关键电子元器件,20260830_NEW,False
A_主营直接支持,主营/新战略业务直接命中算力网证据,cn,002929,润建股份,3,用户常用,第一梯队：AI+超级主线,算力网,旧批次规则复核,公司主营业务为通信网络业务,通信网络业务、信息网络、能源网络业务、算力网络业务,,通信,通信服务,通信工程及服务,Codex复核：披露业务“通信网络业务”明确属于算力网,PREEXISTING,False
B_行业与主营一致,申万三级行业为航空装备Ⅲ，未发现直接冲突,cn,002933,新兴装备,4,国家重点扶持产业,第二梯队：新兴支柱产业,航空航天,主营+行业映射,公司主营业务为机载设备,机载设备,,国防军工,航空装备,航空装备Ⅲ,2026-08-30复核：生产主营“机载设备”，行业分类“国防军工/航空装备/航空装备Ⅲ”；归入航空航天,20260830_NEW,False
B_行业与主营一致,申万三级行业为军工电子Ⅲ，未发现直接冲突,cn,002935,天奥电子,4,国家重点扶持产业,第二梯队：新兴支柱产业,航空航天与军工电子,主营+行业映射,公司主营业务为频率系列产品,北斗卫星应用产品、频率系列产品、时间同步系列产品,,国防军工,军工电子,军工电子Ⅲ,2026-08-30复核：生产主营“北斗卫星应用产品、频率系列产品、时间同步系列产品”，行业分类“国防军工/军工电子/军工电子Ⅲ”；归入航空航天与军工电子,20260830_NEW,False
B_行业与主营一致,申万三级明确为印制电路板,cn,002938,鹏鼎控股,2,S100,第一梯队：AI+超级主线,PCB,主营/战略文本,公司主营业务为通讯用板,通讯用板、消费电子及计算机用板,,电子,元件,印制电路板,2026-08-30复核：生产主营业务“通讯用板、消费电子及计算机用板”命中“通讯用板”；归入PCB,20260830_NEW,False
A_主营直接支持,主营/新战略业务直接命中生物医药证据,cn,002940,昂利康,4,国家重点扶持产业,第二梯队：新兴支柱产业,生物医药,主营/战略文本,公司主营业务为原料药,制剂、原料药、特色中间体、药用辅料,,医药生物,化学制药,化学制剂,2026-08-30复核：生产主营业务“制剂、原料药、特色中间体、药用辅料”命中“原料药”；归入生物医药,20260830_NEW,False
B_行业与主营一致,申万三级行业为机床工具，未发现直接冲突,cn,002943,宇晶股份,4,国家重点扶持产业,第三梯队：卡脖子底座,工业母机,主营+行业映射,公司主营业务为高精密数控切、磨、抛设备,高精密数控切、磨、抛设备、硅片及切片加工服务、金刚石线、热场系统系列产品、设备改造及服务,,机械设备,通用设备,机床工具,2026-08-30复核：生产主营“高精密数控切、磨、抛设备、硅片及切片加工服务、金刚石线、热场系统系列产品、设备改造及服务”，行业分类“机械设备/通用设备/机床工具”；归入工业母机,20260830_NEW,False
C_需人工复核,未在主营/新战略业务中找到关键电子元器件直接证据；当前主要依赖消费电子零部件及组装,cn,002947,恒铭达,4,国家重点扶持产业,第二梯队：新兴支柱产业,关键电子元器件,主营+行业映射,公司主营业务为精密柔性结构件,精密柔性结构件、精密金属结构件,,电子,消费电子,消费电子零部件及组装,2026-08-30复核：生产主营“精密柔性结构件、精密金属结构件”，行业分类“电子/消费电子/消费电子零部件及组装”；归入关键电子元器件,20260830_NEW,False
C_需人工复核,未在主营/新战略业务中找到高端医疗器械直接证据；当前主要依赖医疗耗材,cn,002950,奥美医疗,4,国家重点扶持产业,第二梯队：新兴支柱产业,高端医疗器械,主营+行业映射,公司主营业务为外科与伤口护理,外科与伤口护理、卫生护理、感染防护、高级敷料,,医药生物,医疗器械,医疗耗材,2026-08-30复核：生产主营“外科与伤口护理、卫生护理、感染防护、高级敷料”，行业分类“医药生物/医疗器械/医疗耗材”；归入高端医疗器械,20260830_NEW,False
A_主营直接支持,主营/新战略业务直接命中新型显示证据,cn,002952,亚世光电,4,国家重点扶持产业,第二梯队：新兴支柱产业,新型显示,主营+行业映射,公司主营业务为液晶显示屏及模组,液晶显示屏及模组、电子纸显示模组,,电子,光学光电子,面板,2026-08-30复核：生产主营“液晶显示屏及模组、电子纸显示模组”，行业分类“电子/光学光电子/面板”；归入新型显示,20260830_NEW,False
C_需人工复核,终端/配套业务是否纳入该产业需按政策口径和收入占比复核，暂不直接判错,cn,002955,鸿合科技,4,国家重点扶持产业,第二梯队：新兴支柱产业,新型显示,主营+行业映射,公司主营业务为IWB产品,IWB产品、智能视听解决方案,,电子,光学光电子,面板,2026-08-30复核：生产主营“IWB产品、智能视听解决方案”，行业分类“电子/光学光电子/面板”；归入新型显示,20260830_NEW,False
A_主营直接支持,主营/新战略业务直接命中智能制造装备证据,cn,002957,科瑞技术,4,国家重点扶持产业,第二梯队：新兴支柱产业,智能制造装备,主营+行业映射,公司主营业务为自动化设备,自动化设备、自动化设备配件、技术服务、精密零部件,,机械设备,自动化设备,工控设备,2026-08-30复核：生产主营“自动化设备、自动化设备配件、技术服务、精密零部件”，行业分类“机械设备/自动化设备/工控设备”；归入智能制造装备,20260830_NEW,False
B_行业与主营一致,申万三级为光学元件，与关键元器件方向一致,cn,002962,五方光电,4,国家重点扶持产业,第二梯队：新兴支柱产业,关键电子元器件,主营+行业映射,公司主营业务为红外截止滤光片,红外截止滤光片、生物识别滤光片,,电子,光学光电子,光学元件,2026-08-30复核：生产主营“红外截止滤光片、生物识别滤光片”，行业分类“电子/光学光电子/光学元件”；归入关键电子元器件,20260830_NEW,False
A_主营直接支持,主营/新战略业务直接命中集成电路证据,cn,002967,广电计量,4,国家重点扶持产业,第二梯队：新兴支柱产业,集成电路,旧批次规则复核,公司主营业务为可靠性与环境试验,计量服务、可靠性与环境试验、集成电路测试与分析、电磁兼容检测、生命科学、数据科学分析与评价、EHS评价服务,,社会服务,专业服务,检测服务,Codex复核：披露业务“可靠性与环境试验”明确属于集成电路,PREEXISTING,False
B_行业与主营一致,申万三级行业为其他计算机设备，主营未发现冲突,cn,002970,锐明技术,4,国家重点扶持产业,第二梯队：新兴支柱产业,先进计算与信息设备,主营+行业映射,公司主营业务为商用车行业信息化产品,商用车行业信息化产品、商用车通用监控产品,,计算机,计算机设备,其他计算机设备,2026-08-30复核：生产主营“商用车行业信息化产品、商用车通用监控产品”，行业分类“计算机/计算机设备/其他计算机设备”；归入先进计算与信息设备,20260830_NEW,False
A_主营直接支持,主营/新战略业务直接命中集成电路材料证据,cn,002971,和远气体,4,国家重点扶持产业,第三梯队：卡脖子底座,集成电路材料,旧批次规则复核,公司主营业务为大宗气体,电子特气及电子化学品、超纯氨、三氯氢硅、大宗气体、氧气、氮气、氩气、二氧化碳、氦气-特殊、工业级化学品、工业氨气、清洁能源、氢气-特殊、液化天然气,,基础化工,化学制品,其他化学制品,Codex复核：披露业务“大宗气体”明确属于集成电路材料,PREEXISTING,False
B_行业与主营一致,主营为轨交装备或核心控制/供电系统,cn,002972,科安达,4,国家重点扶持产业,第二梯队：新兴支柱产业,高端装备,主营+行业映射,公司主营业务为轨道交通信号控制系统,轨道交通信号控制系统、防雷及智能诊断、道岔融雪、系统集成,,机械设备,轨交设备,轨交设备Ⅲ,2026-08-30复核：生产主营“轨道交通信号控制系统、防雷及智能诊断、道岔融雪、系统集成”，行业分类“机械设备/轨交设备/轨交设备Ⅲ”；归入高端装备,20260830_NEW,False
B_行业与主营一致,申万三级行业为固废治理，未发现直接冲突,cn,002973,侨银股份,4,国家重点扶持产业,第二梯队：新兴支柱产业,节能环保,主营+行业映射,公司主营业务为城乡环卫保洁,城乡环卫保洁、生活垃圾处置业务,,环保,环境治理,固废治理,2026-08-30复核：生产主营“城乡环卫保洁、生活垃圾处置业务”，行业分类“环保/环境治理/固废治理”；归入节能环保,20260830_NEW,False
A_主营直接支持,主营/新战略业务直接命中智能制造装备证据,cn,002975,博杰股份,4,国家重点扶持产业,第二梯队：新兴支柱产业,智能制造装备,主营+行业映射,公司主营业务为工业自动化设备,工业自动化设备、技术服务、设备配件,,机械设备,自动化设备,工控设备,2026-08-30复核：生产主营“工业自动化设备、技术服务、设备配件”，行业分类“机械设备/自动化设备/工控设备”；归入智能制造装备,20260830_NEW,False
A_主营直接支持,主营/新战略业务直接命中机器人核心部件证据,cn,002979,雷赛智能,3,用户常用,第三梯队：卡脖子底座,机器人核心部件,主营/战略文本,公司主营业务为步进系统类,控制技术类、步进系统类、伺服系统类,,机械设备,自动化设备,机器人,2026-08-30复核：生产主营业务“控制技术类、步进系统类、伺服系统类”命中“伺服系统”；归入机器人核心部件,20260830_NEW,False
A_主营直接支持,主营/新战略业务直接命中高端仪器证据,cn,002980,华盛昌,4,国家重点扶持产业,第三梯队：卡脖子底座,高端仪器,旧批次规则复核,公司主营业务为专业仪表,专业仪表、通用仪表、专业测试和科学分析仪器、医学诊断和生命科学分析仪器、新能源产品,,电力设备,电网设备,电工仪器仪表,Codex复核：披露业务“专业仪表”明确属于高端仪器,PREEXISTING,False
C_需人工复核,未在主营/新战略业务中找到关键电子元器件直接证据；当前主要依赖消费电子零部件及组装,cn,002981,朝阳科技,4,国家重点扶持产业,第二梯队：新兴支柱产业,关键电子元器件,主营+行业映射,公司主营业务为耳机成品,耳机成品、音响类,,电子,消费电子,消费电子零部件及组装,2026-08-30复核：生产主营“耳机成品、音响类”，行业分类“电子/消费电子/消费电子零部件及组装”；归入关键电子元器件,20260830_NEW,False
C_需人工复核,未在主营/新战略业务中找到新型显示直接证据；当前主要依赖LED,cn,002983,芯瑞达,4,国家重点扶持产业,第二梯队：新兴支柱产业,新型显示,主营+行业映射,公司主营业务为显示模组,显示模组、显示终端、健康智能光源,,电子,光学光电子,LED,2026-08-30复核：生产主营“显示模组、显示终端、健康智能光源”，行业分类“电子/光学光电子/LED”；归入新型显示,20260830_NEW,False
A_主营直接支持,主营/新战略业务直接命中航空航天证据,cn,002985,北摩高科,4,国家重点扶持产业,第二梯队：新兴支柱产业,航空航天,主营+行业映射,公司主营业务为检测试验,飞机刹车控制系统及机轮、检测试验、刹车盘（副）、起落架,,国防军工,航空装备,航空装备Ⅲ,2026-08-30复核：生产主营“飞机刹车控制系统及机轮、检测试验、刹车盘（副）、起落架”，行业分类“国防军工/航空装备/航空装备Ⅲ”；归入航空航天,20260830_NEW,False
A_主营直接支持,主营/新战略业务直接命中软件与信息技术服务证据,cn,002987,京北方,4,国家重点扶持产业,第二梯队：新兴支柱产业,软件与信息技术服务,主营+行业映射,公司主营业务为软件开发及服务,软件开发及服务、金融科技解决方案、人工智能及大数据创新产品、智慧客服及消费金融精准营销、数智化运营及服务,,计算机,软件开发,垂直应用软件,2026-08-30复核：生产主营“软件开发及服务、金融科技解决方案、人工智能及大数据创新产品、智慧客服及消费金融精准营销、数智化运营及服务”，行业分类“计算机/软件开发/垂直应用软件”；归入软件与信息技术服务,20260830_NEW,False
B_行业与主营一致,申万三级行业为其他计算机设备，主营未发现冲突,cn,002990,盛视科技,4,国家重点扶持产业,第二梯队：新兴支柱产业,先进计算与信息设备,主营+行业映射,公司主营业务为智慧口岸查验系统解决方案,智慧口岸查验系统解决方案,,计算机,计算机设备,其他计算机设备,2026-08-30复核：生产主营“智慧口岸查验系统解决方案”，行业分类“计算机/计算机设备/其他计算机设备”；归入先进计算与信息设备,20260830_NEW,False
C_需人工复核,未在主营/新战略业务中找到新型显示直接证据；当前主要依赖LED,cn,002992,宝明科技,4,国家重点扶持产业,第二梯队：新兴支柱产业,新型显示,主营+行业映射,公司主营业务为LED背光源,LED背光源、液晶面板深加工、锂电复合铜箔,,电子,光学光电子,LED,2026-08-30复核：生产主营“LED背光源、液晶面板深加工、锂电复合铜箔”，行业分类“电子/光学光电子/LED”；归入新型显示,20260830_NEW,False
C_需人工复核,未在主营/新战略业务中找到关键电子元器件直接证据；当前主要依赖消费电子零部件及组装,cn,002993,奥海科技,4,国家重点扶持产业,第二梯队：新兴支柱产业,关键电子元器件,主营+行业映射,公司主营业务为充电器及适配器,充电器及适配器、新能源汽车电控与电源系统解决方案,,电子,消费电子,消费电子零部件及组装,2026-08-30复核：生产主营“充电器及适配器、新能源汽车电控与电源系统解决方案”，行业分类“电子/消费电子/消费电子零部件及组装”；归入关键电子元器件,20260830_NEW,False
B_行业与主营一致,申万三级行业为安防设备，主营未发现冲突,cn,003004,声迅股份,4,国家重点扶持产业,第二梯队：新兴支柱产业,先进计算与信息设备,主营+行业映射,公司主营业务为智慧安检系统,智能监控报警系统、监控报警运营服务、智慧安检系统、安检运营服务,,计算机,计算机设备,安防设备,2026-08-30复核：生产主营“智能监控报警系统、监控报警运营服务、智慧安检系统、安检运营服务”，行业分类“计算机/计算机设备/安防设备”；归入先进计算与信息设备,20260830_NEW,False
B_行业与主营一致,申万三级行业为IT服务Ⅲ，与软件/信息服务标签一致,cn,003005,竞业达,4,国家重点扶持产业,第二梯队：新兴支柱产业,软件与信息技术服务,主营+行业映射,公司主营业务为销售收入,方案收入、销售收入,,计算机,IT服务,IT服务Ⅲ,2026-08-30复核：生产主营“方案收入、销售收入”，行业分类“计算机/IT服务/IT服务Ⅲ”；归入软件与信息技术服务,20260830_NEW,False
A_主营直接支持,主营/新战略业务直接命中软件与信息技术服务证据,cn,003007,直真科技,4,国家重点扶持产业,第二梯队：新兴支柱产业,软件与信息技术服务,主营+行业映射,公司主营业务为软件开发及技术服务,软件开发及技术服务、第三方软硬件销售、系统集成,,计算机,软件开发,垂直应用软件,2026-08-30复核：生产主营“软件开发及技术服务、第三方软硬件销售、系统集成”，行业分类“计算机/软件开发/垂直应用软件”；归入软件与信息技术服务,20260830_NEW,False
A_主营直接支持,主营/新战略业务直接命中航空航天证据,cn,003009,中天火箭,4,国家重点扶持产业,第二梯队：新兴支柱产业,航空航天,主营+行业映射,公司主营业务为增雨防雹火箭及配套装备,增雨防雹火箭及配套装备、军用小型固体火箭、炭/炭热场材料、固体火箭发动机耐烧蚀组件、智能计重系统及测控类系统集成,,国防军工,航天装备,航天装备Ⅲ,2026-08-30复核：生产主营“增雨防雹火箭及配套装备、军用小型固体火箭、炭/炭热场材料、固体火箭发动机耐烧蚀组件、智能计重系统及测控类系统集成”，行业分类“国防军工/航天装备/航天装备Ⅲ”；归入航空航天,20260830_NEW,False
B_行业与主营一致,申万三级为光学元件，与关键元器件方向一致,cn,003015,日久光电,4,国家重点扶持产业,第二梯队：新兴支柱产业,关键电子元器件,主营+行业映射,公司主营业务为导电膜产品,导电膜产品、光学膜、OCA光学胶,,电子,光学光电子,光学元件,2026-08-30复核：生产主营“导电膜产品、光学膜、OCA光学胶”，行业分类“电子/光学光电子/光学元件”；归入关键电子元器件,20260830_NEW,False
A_主营直接支持,主营/新战略业务直接命中新型显示证据,cn,003019,宸展光电,4,国家重点扶持产业,第二梯队：新兴支柱产业,新型显示,主营+行业映射,公司主营业务为智能车载显示屏,智能交互显示器、智能交互一体机、智能车载显示屏,,电子,光学光电子,面板,2026-08-30复核：生产主营“智能交互显示器、智能交互一体机、智能车载显示屏”，行业分类“电子/光学光电子/面板”；归入新型显示,20260830_NEW,False
A_主营直接支持,主营/新战略业务直接命中生物医药证据,cn,003020,立方制药,4,国家重点扶持产业,第二梯队：新兴支柱产业,生物医药,主营+行业映射,公司主营业务为医药产品,医药产品,,医药生物,化学制药,化学制剂,2026-08-30复核：生产主营“医药产品”，行业分类“医药生物/化学制药/化学制剂”；归入生物医药,20260830_NEW,False
B_行业与主营一致,申万三级行业为光伏辅材，未发现直接冲突,cn,003022,联泓新科,4,国家重点扶持产业,第二梯队：新兴支柱产业,光伏,主营+行业映射,公司主营业务为聚丙烯专用料,乙烯-醋酸乙烯共聚物、聚丙烯专用料、环氧乙烷、环氧乙烷衍生物、醋酸乙烯、超高分子量聚乙烯、特种气体、贸易,,电力设备,光伏设备,光伏辅材,2026-08-30复核：生产主营“乙烯-醋酸乙烯共聚物、聚丙烯专用料、环氧乙烷、环氧乙烷衍生物、醋酸乙烯、超高分子量聚乙烯、特种气体、贸易”，行业分类“电力设备/光伏设备/光伏辅材”；归入光伏,20260830_NEW,False
B_行业与主营一致,申万三级行业为机床工具，未发现直接冲突,cn,003025,思进智能,4,国家重点扶持产业,第三梯队：卡脖子底座,工业母机,主营+行业映射,公司主营业务为冷成形设备,冷成形设备、压铸设备,,机械设备,通用设备,机床工具,2026-08-30复核：生产主营“冷成形设备、压铸设备”，行业分类“机械设备/通用设备/机床工具”；归入工业母机,20260830_NEW,False
A_主营直接支持,主营/新战略业务直接命中集成电路证据,cn,003026,中晶科技,4,国家重点扶持产业,第二梯队：新兴支柱产业,集成电路,旧批次规则复核,公司主营业务为半导体单晶硅片,半导体单晶硅片、半导体单晶硅棒、半导体功率芯片及器件,,电子,半导体,半导体材料,Codex复核：披露业务“半导体单晶硅片”明确属于集成电路,PREEXISTING,False
B_行业与主营一致,申万三级行业为大气治理，未发现直接冲突,cn,003027,同兴科技,4,国家重点扶持产业,第二梯队：新兴支柱产业,节能环保,主营+行业映射,公司主营业务为烟气治理工程与设备,烟气治理工程与设备、催化剂、质保期维护费,,环保,环境治理,大气治理,2026-08-30复核：生产主营“烟气治理工程与设备、催化剂、质保期维护费”，行业分类“环保/环境治理/大气治理”；归入节能环保,20260830_NEW,False
A_主营直接支持,主营/新战略业务直接命中软件与信息技术服务证据,cn,003029,吉大正元,4,国家重点扶持产业,第二梯队：新兴支柱产业,软件与信息技术服务,主营+行业映射,公司主营业务为网络安全产品,网络安全产品、网络安全生态、网络安全服务,,计算机,软件开发,垂直应用软件,2026-08-30复核：生产主营“网络安全产品、网络安全生态、网络安全服务”，行业分类“计算机/软件开发/垂直应用软件”；归入软件与信息技术服务,20260830_NEW,False
A_主营直接支持,主营/新战略业务直接命中集成电路证据,cn,003031,中瓷电子,4,国家重点扶持产业,第二梯队：新兴支柱产业,集成电路,旧批次规则复核,公司主营业务为电子陶瓷材料及元件,电子陶瓷材料及元件、第三代半导体器件及模块、减：内部抵消数,,通信,通信设备,通信终端及配件,Codex复核：披露业务“电子陶瓷材料及元件”明确属于集成电路,PREEXISTING,False
A_主营直接支持,主营/新战略业务直接命中光伏证据,cn,003038,鑫铂股份,4,国家重点扶持产业,第二梯队：新兴支柱产业,光伏,主营/战略文本,公司主营业务为新能源光伏,新能源光伏、汽车轻量化,,有色金属,工业金属,铝,2026-08-30复核：生产主营业务“新能源光伏、汽车轻量化”命中“光伏”；归入光伏,20260830_NEW,False
A_主营直接支持,主营/新战略业务直接命中节能环保证据,cn,003039,顺控发展,4,国家重点扶持产业,第二梯队：新兴支柱产业,节能环保,主营+行业映射,公司主营业务为自来水制售,自来水制售、污水处理业务、工程业务、垃圾焚烧发电项目运营、包装印刷业务,,环保,环境治理,水务及水治理,2026-08-30复核：生产主营“自来水制售、污水处理业务、工程业务、垃圾焚烧发电项目运营、包装印刷业务”，行业分类“环保/环境治理/水务及水治理”；归入节能环保,20260830_NEW,False
B_行业与主营一致,申万三级行业为通信终端及配件，未发现直接冲突,cn,003040,楚天龙,4,国家重点扶持产业,第二梯队：新兴支柱产业,新一代通信,主营+行业映射,公司主营业务为嵌入式安全产品,嵌入式安全产品、智能硬件、软件及服务,,通信,通信设备,通信终端及配件,2026-08-30复核：生产主营“嵌入式安全产品、智能硬件、软件及服务”，行业分类“通信/通信设备/通信终端及配件”；归入新一代通信,20260830_NEW,False
A_主营直接支持,主营/新战略业务直接命中集成电路设备证据,cn,003043,华亚智能,4,国家重点扶持产业,第三梯队：卡脖子底座,集成电路设备,旧批次规则复核,公司主营业务为精密金属结构件,精密金属结构件、半导体设备维修,,电子,半导体,半导体设备,Codex复核：披露业务“精密金属结构件”明确属于集成电路设备,PREEXISTING,False
B_行业与主营一致,申万三级行业为核力发电，未发现直接冲突,cn,003816,中国广核,3,用户常用,第四梯队：未来产业,未来核能,主营+行业映射,公司主营业务为销售电力,销售电力、建筑安装和设计服务、提供劳务,,公用事业,电力,核力发电,2026-08-30复核：生产主营“销售电力、建筑安装和设计服务、提供劳务”，行业分类“公用事业/电力/核力发电”；归入未来核能,20260830_NEW,False
A_主营直接支持,主营/新战略业务直接命中数字创意证据,cn,300002,神州泰岳,4,国家重点扶持产业,第二梯队：新兴支柱产业,数字创意,主营+行业映射,公司主营业务为游戏,AI/ICT运营管理、游戏、物联网/通讯、创新服务,,传媒,游戏,游戏Ⅲ,2026-08-30复核：生产主营“AI/ICT运营管理、游戏、物联网/通讯、创新服务”，行业分类“传媒/游戏/游戏Ⅲ”；归入数字创意,20260830_NEW,False
A_主营直接支持,主营/新战略业务直接命中高端医疗器械证据,cn,300003,乐普医疗,3,用户常用,第二梯队：新兴支柱产业,高端医疗器械,主营+行业映射,公司主营业务为医疗器械,医疗器械、药品、医疗服务及健康管理,,医药生物,医疗器械,医疗耗材,2026-08-30复核：生产主营“医疗器械、药品、医疗服务及健康管理”，行业分类“医药生物/医疗器械/医疗耗材”；归入高端医疗器械,20260830_NEW,False
A_主营直接支持,主营/新战略业务直接命中生物医药证据,cn,300006,莱美药业,4,国家重点扶持产业,第二梯队：新兴支柱产业,生物医药,主营+行业映射,公司主营业务为特色专科类,抗感染类、特色专科类、大输液类、服务收入、医药流通类,,医药生物,化学制药,化学制剂,2026-08-30复核：生产主营“抗感染类、特色专科类、大输液类、服务收入、医药流通类”，行业分类“医药生物/化学制药/化学制剂”；归入生物医药,20260830_NEW,False
A_主营直接支持,主营/新战略业务直接命中海洋工程装备证据,cn,300008,天海防务,4,国家重点扶持产业,第二梯队：新兴支柱产业,海洋工程装备,主营+行业映射,公司主营业务为船海工程设计建造总承包业务,船海工程设计建造总承包业务、防务装备及产品业务、船海工程设计技术服务业务、能源业务、船舶租赁收入,,国防军工,航海装备,航海装备Ⅲ,2026-08-30复核：生产主营“船海工程设计建造总承包业务、防务装备及产品业务、船海工程设计技术服务业务、能源业务、船舶租赁收入”，行业分类“国防军工/航海装备/航海装备Ⅲ”；归入海洋工程装备,20260830_NEW,False
B_行业与主营一致,申万三级行业为其他生物制品，未发现直接冲突,cn,300009,安科生物,4,国家重点扶持产业,第二梯队：新兴支柱产业,生物医药,主营+行业映射,公司主营业务为基因工程药,基因工程药、外用贴膏,,医药生物,生物制品,其他生物制品,2026-08-30复核：生产主营“基因工程药、外用贴膏”，行业分类“医药生物/生物制品/其他生物制品”；归入生物医药,20260830_NEW,False
B_行业与主营一致,主营为轨交装备或核心控制/供电系统,cn,300011,鼎汉技术,4,国家重点扶持产业,第二梯队：新兴支柱产业,高端装备,主营+行业映射,公司主营业务为车辆电气装备,智慧化解决方案、地面电气装备、车辆电气装备,,机械设备,轨交设备,轨交设备Ⅲ,2026-08-30复核：生产主营“智慧化解决方案、地面电气装备、车辆电气装备”，行业分类“机械设备/轨交设备/轨交设备Ⅲ”；归入高端装备,20260830_NEW,False
A_主营直接支持,主营/新战略业务直接命中动力电池与新型储能证据,cn,300014,亿纬锂能,2,S100,第二梯队：新兴支柱产业,动力电池与新型储能,主营/战略文本,公司主营业务为动力电池,消费电池、动力电池、储能电池,,电力设备,电池,锂电池,2026-08-30复核：生产主营业务“消费电池、动力电池、储能电池”命中“动力电池”；归入动力电池与新型储能,20260830_NEW,False
A_主营直接支持,主营/新战略业务直接命中生物医药证据,cn,300016,北陆药业,4,国家重点扶持产业,第二梯队：新兴支柱产业,生物医药,主营+行业映射,公司主营业务为对比剂,对比剂、中药制剂、降糖药,,医药生物,化学制药,化学制剂,2026-08-30复核：生产主营“对比剂、中药制剂、降糖药”，行业分类“医药生物/化学制药/化学制剂”；归入生物医药,20260830_NEW,False
A_主营直接支持,主营/新战略业务直接命中液冷证据,cn,300017,网宿科技,3,用户常用,第一梯队：AI+超级主线,液冷,旧批次规则复核,公司主营业务为CDN及边缘计算,IDC及液冷、CDN及边缘计算,,计算机,IT服务,IT服务Ⅲ,Codex复核：披露业务“CDN及边缘计算”明确属于液冷,PREEXISTING,False
A_主营直接支持,主营/新战略业务直接命中集成电路证据,cn,300024,机器人,3,用户常用,第二梯队：新兴支柱产业,集成电路,旧批次规则复核,公司主营业务为自动化装配与检测生产线及系统集成,工业机器人、物流与仓储自动化成套装备、自动化装配与检测生产线及系统集成、交通自动化系统、半导体装备,,机械设备,自动化设备,机器人,Codex复核：披露业务“自动化装配与检测生产线及系统集成”明确属于集成电路,PREEXISTING,False
B_行业与主营一致,申万三级行业为通信工程及服务，未发现直接冲突,cn,300025,华星创业,4,国家重点扶持产业,第二梯队：新兴支柱产业,新一代通信,主营+行业映射,公司主营业务为网络优化及服务,网络优化及服务、系统产品,,通信,通信服务,通信工程及服务,2026-08-30复核：生产主营“网络优化及服务、系统产品”，行业分类“通信/通信服务/通信工程及服务”；归入新一代通信,20260830_NEW,False
A_主营直接支持,主营/新战略业务直接命中生物医药证据,cn,300026,红日药业,4,国家重点扶持产业,第二梯队：新兴支柱产业,生物医药,主营/战略文本,公司主营业务为中药配方颗粒及饮片,中药配方颗粒及饮片、血必净注射液、药械智慧供应链、医疗器械产品、辅料药、低分子量肝素钙注射液、盐酸莫西沙星氯化钠注射液、原料药、依诺肝素钠注射液,,医药生物,中药,中药Ⅲ,2026-08-30复核：生产主营业务“中药配方颗粒及饮片、血必净注射液、药械智慧供应链、医疗器械产品、辅料药、低分子量肝素钙注射液、盐酸莫西沙星氯化钠注射液、原料药、依诺肝素钠注射液”命中“原料药”；归入生物医药,20260830_NEW,False
B_行业与主营一致,申万三级为医疗设备；保留“高端”口径复核要求,cn,300030,阳普医疗,4,国家重点扶持产业,第二梯队：新兴支柱产业,高端医疗器械,主营+行业映射,公司主营业务为真空采血系统,仪器、口罩、微生物转运系统、检验服务、真空采血系统、试剂、软件产品及服务,,医药生物,医疗器械,医疗设备,2026-08-30复核：生产主营“仪器、口罩、微生物转运系统、检验服务、真空采血系统、试剂、软件产品及服务”，行业分类“医药生物/医疗器械/医疗设备”；归入高端医疗器械,20260830_NEW,False
A_主营直接支持,主营/新战略业务直接命中数字创意证据,cn,300031,宝通科技,4,国家重点扶持产业,第二梯队：新兴支柱产业,数字创意,主营+行业映射,公司主营业务为移动游戏产品,智能输送数字化产品、智能输送系统服务、移动游戏产品,,传媒,游戏,游戏Ⅲ,2026-08-30复核：生产主营“智能输送数字化产品、智能输送系统服务、移动游戏产品”，行业分类“传媒/游戏/游戏Ⅲ”；归入数字创意,20260830_NEW,False
C_需人工复核,未在主营/新战略业务中找到关键电子元器件直接证据；当前主要依赖消费电子零部件及组装,cn,300032,金龙机电,4,国家重点扶持产业,第二梯队：新兴支柱产业,关键电子元器件,主营+行业映射,公司主营业务为结构件,马达、触控显示模组、结构件、电子雾化器及相关配件,,电子,消费电子,消费电子零部件及组装,2026-08-30复核：生产主营“马达、触控显示模组、结构件、电子雾化器及相关配件”，行业分类“电子/消费电子/消费电子零部件及组装”；归入关键电子元器件,20260830_NEW,False
A_主营直接支持,主营/新战略业务直接命中软件与信息技术服务证据,cn,300033,同花顺,3,用户常用,第二梯队：新兴支柱产业,软件与信息技术服务,主营+行业映射,公司主营业务为广告及互联网业务推广服务,增值电信服务、软件销售及维护、广告及互联网业务推广服务,,计算机,软件开发,垂直应用软件,2026-08-30复核：生产主营“增值电信服务、软件销售及维护、广告及互联网业务推广服务”，行业分类“计算机/软件开发/垂直应用软件”；归入软件与信息技术服务,20260830_NEW,False
B_行业与主营一致,申万三级行业为航空装备Ⅲ，未发现直接冲突,cn,300034,钢研高纳,4,国家重点扶持产业,第二梯队：新兴支柱产业,航空航天,主营+行业映射,公司主营业务为铸造合金制品,铸造合金制品、变形合金制品、新型合金制品,,国防军工,航空装备,航空装备Ⅲ,2026-08-30复核：生产主营“铸造合金制品、变形合金制品、新型合金制品”，行业分类“国防军工/航空装备/航空装备Ⅲ”；归入航空航天,20260830_NEW,False
B_行业与主营一致,申万三级行业为电池化学品，未发现直接冲突,cn,300035,中科电气,4,国家重点扶持产业,第二梯队：新兴支柱产业,动力电池与新型储能,主营+行业映射,公司主营业务为石墨类负极材料,石墨类负极材料、连铸EMS、起重磁力设备、中间包,,电力设备,电池,电池化学品,2026-08-30复核：生产主营“石墨类负极材料、连铸EMS、起重磁力设备、中间包”，行业分类“电力设备/电池/电池化学品”；归入动力电池与新型储能,20260830_NEW,False
A_主营直接支持,主营/新战略业务直接命中软件与信息技术服务证据,cn,300036,超图软件,4,国家重点扶持产业,第二梯队：新兴支柱产业,软件与信息技术服务,主营+行业映射,公司主营业务为GIS软件,GIS软件,,计算机,软件开发,横向通用软件,2026-08-30复核：生产主营“GIS软件”，行业分类“计算机/软件开发/横向通用软件”；归入软件与信息技术服务,20260830_NEW,False
A_主营直接支持,主营/新战略业务直接命中集成电路证据,cn,300037,新宙邦,3,用户常用,第二梯队：新兴支柱产业,集成电路,旧批次规则复核,公司主营业务为电池化学品,电池化学品、有机氟化学品、电容化学品、半导体化学品,,电力设备,电池,电池化学品,Codex复核：披露业务“电池化学品”明确属于集成电路,PREEXISTING,False
B_行业与主营一致,申万三级行业为中药Ⅲ，未发现直接冲突,cn,300039,上海凯宝,4,国家重点扶持产业,第二梯队：新兴支柱产业,现代中药,主营+行业映射,公司主营业务为针剂,片剂、胶囊剂、针剂,,医药生物,中药,中药Ⅲ,2026-08-30复核：生产主营“片剂、胶囊剂、针剂”，行业分类“医药生物/中药/中药Ⅲ”；归入现代中药,20260830_NEW,False
B_行业与主营一致,申万三级行业为其他计算机设备，主营未发现冲突,cn,300042,朗科科技,4,国家重点扶持产业,第二梯队：新兴支柱产业,先进计算与信息设备,主营+行业映射,公司主营业务为闪存应用产品,专利授权许可收入、闪存应用产品、移动存储产品、房屋租赁、其它,,计算机,计算机设备,其他计算机设备,2026-08-30复核：生产主营“专利授权许可收入、闪存应用产品、移动存储产品、房屋租赁、其它”，行业分类“计算机/计算机设备/其他计算机设备”；归入先进计算与信息设备,20260830_NEW,False
A_主营直接支持,主营/新战略业务直接命中数字创意证据,cn,300043,星辉娱乐,4,国家重点扶持产业,第二梯队：新兴支柱产业,数字创意,主营+行业映射,公司主营业务为游戏,汽车模型、婴童用品、游戏、电视转播权、赞助及广告、票务、会员、球员转会、足球衍生品,,传媒,游戏,游戏Ⅲ,2026-08-30复核：生产主营“汽车模型、婴童用品、游戏、电视转播权、赞助及广告、票务、会员、球员转会、足球衍生品”，行业分类“传媒/游戏/游戏Ⅲ”；归入数字创意,20260830_NEW,False
A_主营直接支持,主营/新战略业务直接命中航空航天与军工电子证据,cn,300045,华力创通,4,国家重点扶持产业,第二梯队：新兴支柱产业,航空航天与军工电子,主营+行业映射,公司主营业务为卫星应用,卫星应用、雷达信号处理、机电仿真测试、仿真应用集成、轨道交通应用,,国防军工,军工电子,军工电子Ⅲ,2026-08-30复核：生产主营“卫星应用、雷达信号处理、机电仿真测试、仿真应用集成、轨道交通应用”，行业分类“国防军工/军工电子/军工电子Ⅲ”；归入航空航天与军工电子,20260830_NEW,False
B_行业与主营一致,申万三级行业为分立器件，未发现直接冲突,cn,300046,台基股份,4,国家重点扶持产业,第二梯队：新兴支柱产业,集成电路,主营+行业映射,公司主营业务为晶闸管,晶闸管、模块,,电子,半导体,分立器件,2026-08-30复核：生产主营“晶闸管、模块”，行业分类“电子/半导体/分立器件”；归入集成电路,20260830_NEW,False
A_主营直接支持,主营/新战略业务直接命中软件与信息技术服务证据,cn,300047,天源迪科,4,国家重点扶持产业,第二梯队：新兴支柱产业,软件与信息技术服务,主营+行业映射,公司主营业务为ICT产品销售,应用软件及服务、运营业务、系统集成工程、ICT产品销售,,计算机,软件开发,垂直应用软件,2026-08-30复核：生产主营“应用软件及服务、运营业务、系统集成工程、ICT产品销售”，行业分类“计算机/软件开发/垂直应用软件”；归入软件与信息技术服务,20260830_NEW,False
A_主营直接支持,主营/新战略业务直接命中光伏证据,cn,300048,合康新能,4,国家重点扶持产业,第二梯队：新兴支柱产业,光伏,主营/战略文本,公司主营业务为光伏EPC类,变频器类、光伏EPC类、户储,,机械设备,自动化设备,工控设备,2026-08-30复核：生产主营业务“变频器类、光伏EPC类、户储”命中“光伏”；归入光伏,20260830_NEW,False
B_行业与主营一致,申万三级为医疗设备；保留“高端”口径复核要求,cn,300049,福瑞医科,4,国家重点扶持产业,第二梯队：新兴支柱产业,高端医疗器械,主营+行业映射,公司主营业务为设备及技术,设备及技术、药品,,医药生物,医疗器械,医疗设备,2026-08-30复核：生产主营“设备及技术、药品”，行业分类“医药生物/医疗器械/医疗设备”；归入高端医疗器械,20260830_NEW,False
B_行业与主营一致,申万三级行业为通信工程及服务，未发现直接冲突,cn,300050,世纪鼎利,4,国家重点扶持产业,第二梯队：新兴支柱产业,新一代通信,主营+行业映射,公司主营业务为网络优化及技术服务,无线网络优化产品、大数据产品、网络优化及技术服务、职业教育装备产品、职业教育服务,,通信,通信服务,通信工程及服务,2026-08-30复核：生产主营“无线网络优化产品、大数据产品、网络优化及技术服务、职业教育装备产品、职业教育服务”，行业分类“通信/通信服务/通信工程及服务”；归入新一代通信,20260830_NEW,False
A_主营直接支持,主营/新战略业务直接命中光伏证据,cn,300051,琏升科技,4,国家重点扶持产业,第二梯队：新兴支柱产业,光伏,主营/战略文本,公司主营业务为太阳能电池及组件,太阳能电池及组件、企业邮箱、网络域名、网站建设、游戏产品、移动通信转售产品、房屋租赁,,电力设备,光伏设备,光伏电池组件,2026-08-30复核：生产主营业务“太阳能电池及组件、企业邮箱、网络域名、网站建设、游戏产品、移动通信转售产品、房屋租赁”命中“太阳能电池”；归入光伏,20260830_NEW,False
A_主营直接支持,主营/新战略业务直接命中国产算力芯片证据,cn,300053,航宇微,4,国家重点扶持产业,第一梯队：AI+超级主线,国产算力芯片,旧批次规则复核,公司主营业务为SiP芯片,SoC芯片、SiP芯片、EMBC、卫星星座及卫星大数据、地理信息及智能测绘、大数据运维、AI芯片及算法、智能安防及智能交通,,电子,半导体,数字芯片设计,Codex复核：披露业务“SiP芯片”明确属于国产算力芯片,PREEXISTING,False
A_主营直接支持,主营/新战略业务直接命中集成电路材料证据,cn,300054,鼎龙股份,3,用户常用,第三梯队：卡脖子底座,集成电路材料,旧批次规则复核,公司主营业务为打印复印通用耗材（含彩色聚合碳粉、显影辊、载体、硒鼓、墨盒等）,打印复印通用耗材（含彩色聚合碳粉、显影辊、载体、硒鼓、墨盒等）、半导体材料及芯片（含CMP抛光垫、CMP抛光液、CMP清洗液、YPI、PSPI、TFE-INK，芯片等）,,电子,电子化学品,电子化学品Ⅲ,Codex复核：披露业务“打印复印通用耗材（含彩色聚合碳粉、显影辊、载体、硒鼓、墨盒等）”明确属于集成电路材料,PREEXISTING,False
A_主营直接支持,主营/新战略业务直接命中节能环保证据,cn,300056,中创环保,4,国家重点扶持产业,第二梯队：新兴支柱产业,节能环保,主营+行业映射,公司主营业务为过滤材料,有色金属材料（危固废资源化产品）、环保工程、环卫服务、贸易、过滤材料,,环保,环境治理,大气治理,2026-08-30复核：生产主营“有色金属材料（危固废资源化产品）、环保工程、环卫服务、贸易、过滤材料”，行业分类“环保/环境治理/大气治理”；归入节能环保,20260830_NEW,False
A_主营直接支持,主营/新战略业务直接命中光伏证据,cn,300062,中能电气,4,国家重点扶持产业,第二梯队：新兴支柱产业,光伏,主营/战略文本,公司主营业务为电网智能化产品,光伏发电服务、新能源储能、电力施工服务、电网智能化产品、新能源充电服务、电子电源产品,,电力设备,电网设备,输变电设备,2026-08-30复核：生产主营业务“光伏发电服务、新能源储能、电力施工服务、电网智能化产品、新能源充电服务、电子电源产品”命中“光伏”；归入光伏,20260830_NEW,False
A_主营直接支持,主营/新战略业务直接命中海洋工程装备证据,cn,300065,海兰信,3,用户常用,第二梯队：新兴支柱产业,海洋工程装备,主营+行业映射,公司主营业务为智能船舶与智能航行系统,海洋观探测装备与系统、智能船舶与智能航行系统,,国防军工,航海装备,航海装备Ⅲ,2026-08-30复核：生产主营“海洋观探测装备与系统、智能船舶与智能航行系统”，行业分类“国防军工/航海装备/航海装备Ⅲ”；归入海洋工程装备,20260830_NEW,False
A_主营直接支持,主营/新战略业务直接命中算力网证据,cn,300067,安诺其,4,国家重点扶持产业,第一梯队：AI+超级主线,算力网,主营/战略文本,公司主营业务为分散染料,中间体、分散染料、助剂、活性染料、环保、酸性染料、算力服务,,基础化工,化学制品,纺织化学制品,2026-08-30复核：生产主营业务“中间体、分散染料、助剂、活性染料、环保、酸性染料、算力服务”命中“算力服务”；归入算力网,20260830_NEW,False
A_主营直接支持,主营/新战略业务直接命中节能环保证据,cn,300070,碧水源,4,国家重点扶持产业,第二梯队：新兴支柱产业,节能环保,主营+行业映射,公司主营业务为环保整体解决方案,环保整体解决方案、运营服务、光科技整体解决方案、市政与给排水,,环保,环境治理,水务及水治理,2026-08-30复核：生产主营“环保整体解决方案、运营服务、光科技整体解决方案、市政与给排水”，行业分类“环保/环境治理/水务及水治理”；归入节能环保,20260830_NEW,False
A_主营直接支持,主营/新战略业务直接命中高端装备证据,cn,300073,当升科技,3,用户常用,第二梯队：新兴支柱产业,高端装备,主营/战略文本,公司主营业务为多元材料,多元材料、钴酸锂、磷酸（锰）铁锂、钠电正极材料、智能装备,,电力设备,电池,电池化学品,2026-08-30复核：生产主营业务“多元材料、钴酸锂、磷酸（锰）铁锂、钠电正极材料、智能装备”命中“智能装备”；归入高端装备,20260830_NEW,False
B_行业与主营一致,申万三级行业为垂直应用软件，与软件/信息服务标签一致,cn,300074,华平股份,4,国家重点扶持产业,第二梯队：新兴支柱产业,软件与信息技术服务,主营+行业映射,公司主营业务为智慧城市,智慧城市、应急指挥、视频通讯、医疗医保信息产品及服务,,计算机,软件开发,垂直应用软件,2026-08-30复核：生产主营“智慧城市、应急指挥、视频通讯、医疗医保信息产品及服务”，行业分类“计算机/软件开发/垂直应用软件”；归入软件与信息技术服务,20260830_NEW,False
A_主营直接支持,主营/新战略业务直接命中软件与信息技术服务证据,cn,300075,数字政通,4,国家重点扶持产业,第二梯队：新兴支柱产业,软件与信息技术服务,主营+行业映射,公司主营业务为运营服务类业务,系统软件类业务、系统集成类业务、运营服务类业务,,计算机,软件开发,垂直应用软件,2026-08-30复核：生产主营“系统软件类业务、系统集成类业务、运营服务类业务”，行业分类“计算机/软件开发/垂直应用软件”；归入软件与信息技术服务,20260830_NEW,False
A_主营直接支持,主营/新战略业务直接命中集成电路证据,cn,300077,国民技术,4,国家重点扶持产业,第二梯队：新兴支柱产业,集成电路,主营+行业映射,公司主营业务为芯片类产品,芯片类产品、负极材料销售及加工、技术服务业务,,电子,半导体,数字芯片设计,2026-08-30复核：生产主营“芯片类产品、负极材料销售及加工、技术服务业务”，行业分类“电子/半导体/数字芯片设计”；归入集成电路,20260830_NEW,False
B_行业与主营一致,申万三级行业为IT服务Ⅲ，与软件/信息服务标签一致,cn,300078,思创智联,4,国家重点扶持产业,第二梯队：新兴支柱产业,软件与信息技术服务,主营+行业映射,公司主营业务为商业智能,商业智能、智慧医疗、出售房产,,计算机,IT服务,IT服务Ⅲ,2026-08-30复核：生产主营“商业智能、智慧医疗、出售房产”，行业分类“计算机/IT服务/IT服务Ⅲ”；归入软件与信息技术服务,20260830_NEW,False
A_主营直接支持,主营/新战略业务直接命中软件与信息技术服务证据,cn,300079,数码视讯,4,国家重点扶持产业,第二梯队：新兴支柱产业,软件与信息技术服务,主营+行业映射,公司主营业务为视频技术产品及服务,软件技术服务、视频技术产品及服务、特种需求产品、网络传输系统、信息服务终端、金融科技产品、公共安全产品,,计算机,IT服务,IT服务Ⅲ,2026-08-30复核：生产主营“软件技术服务、视频技术产品及服务、特种需求产品、网络传输系统、信息服务终端、金融科技产品、公共安全产品”，行业分类“计算机/IT服务/IT服务Ⅲ”；归入软件与信息技术服务,20260830_NEW,False
A_主营直接支持,主营/新战略业务直接命中光伏证据,cn,300080,易成新能,4,国家重点扶持产业,第二梯队：新兴支柱产业,光伏,主营/战略文本,公司主营业务为其他产品,石墨电极及相关产品、电池片、石墨产品、光伏发电、光伏施工、锂电池、边框,,电力设备,光伏设备,光伏电池组件,2026-08-30复核：生产主营业务“石墨电极及相关产品、电池片、石墨产品、光伏发电、光伏施工、锂电池、边框”命中“光伏”；归入光伏,20260830_NEW,False
A_主营直接支持,主营/新战略业务直接命中工业母机证据,cn,300083,创世纪,4,国家重点扶持产业,第三梯队：卡脖子底座,工业母机,旧批次规则复核,公司主营业务为数控机床（销售）,数控机床（销售）,,机械设备,自动化设备,工控设备,Codex复核：披露业务“数控机床（销售）”明确属于工业母机,PREEXISTING,False
A_主营直接支持,主营/新战略业务直接命中软件与信息技术服务证据,cn,300085,银之杰,4,国家重点扶持产业,第二梯队：新兴支柱产业,软件与信息技术服务,主营+行业映射,公司主营业务为短彩信通讯服务,金融软件、金融专用设备、短彩信通讯服务、移动互联网应用服务、电子商务,,计算机,软件开发,垂直应用软件,2026-08-30复核：生产主营“金融软件、金融专用设备、短彩信通讯服务、移动互联网应用服务、电子商务”，行业分类“计算机/软件开发/垂直应用软件”；归入软件与信息技术服务,20260830_NEW,False
B_行业与主营一致,申万三级行业为化学制剂，未发现直接冲突,cn,300086,康芝药业,4,国家重点扶持产业,第二梯队：新兴支柱产业,生物医药,主营+行业映射,公司主营业务为儿童药,儿童药、成人药、母婴健康用品,,医药生物,化学制药,化学制剂,2026-08-30复核：生产主营“儿童药、成人药、母婴健康用品”，行业分类“医药生物/化学制药/化学制剂”；归入生物医药,20260830_NEW,False
A_主营直接支持,主营/新战略业务直接命中新型显示证据,cn,300088,长信科技,4,国家重点扶持产业,第二梯队：新兴支柱产业,新型显示,主营+行业映射,公司主营业务为触控显示器件材料,触控显示器件材料,,电子,光学光电子,面板,2026-08-30复核：生产主营“触控显示器件材料”，行业分类“电子/光学光电子/面板”；归入新型显示,20260830_NEW,False
A_主营直接支持,主营/新战略业务直接命中光伏证据,cn,300093,金刚光伏,4,国家重点扶持产业,第二梯队：新兴支柱产业,光伏,主营/战略文本,公司主营业务为太阳能电池及组件,太阳能电池及组件,,电力设备,光伏设备,光伏电池组件,2026-08-30复核：生产主营业务“太阳能电池及组件”命中“太阳能电池”；归入光伏,20260830_NEW,False
A_主营直接支持,主营/新战略业务直接命中航空航天证据,cn,300095,华伍股份,4,国家重点扶持产业,第二梯队：新兴支柱产业,航空航天,主营/战略文本,公司主营业务为起重运输制动系统,起重运输制动系统、风电制动系统、金属管件、阀门产品、航空零部件,,机械设备,专用设备,能源及重型设备,2026-08-30复核：生产主营业务“起重运输制动系统、风电制动系统、金属管件、阀门产品、航空零部件”命中“航空零部件”；归入航空航天,20260830_NEW,False
B_行业与主营一致,申万三级行业为通信网络设备及器件，未发现直接冲突,cn,300098,高新兴,4,国家重点扶持产业,第二梯队：新兴支柱产业,新一代通信,主营+行业映射,公司主营业务为车载终端,车载终端、汽车车载产品、轨交终端产品、电子车牌及车路云、智慧政法及视频云、动力环境监控,,通信,通信设备,通信网络设备及器件,2026-08-30复核：生产主营“车载终端、汽车车载产品、轨交终端产品、电子车牌及车路云、智慧政法及视频云、动力环境监控”，行业分类“通信/通信设备/通信网络设备及器件”；归入新一代通信,20260830_NEW,False
A_主营直接支持,主营/新战略业务直接命中集成电路证据,cn,300101,振芯科技,4,国家重点扶持产业,第二梯队：新兴支柱产业,集成电路,旧批次规则复核,公司主营业务为集成电路业务,集成电路业务、北斗导航综合应用、智慧城市建设运营服务、机器感知与智能化产品,,国防军工,军工电子,军工电子Ⅲ,Codex复核：披露业务“集成电路业务”明确属于集成电路,PREEXISTING,False
A_主营直接支持,主营/新战略业务直接命中新型显示证据,cn,300102,乾照光电,3,用户常用,第二梯队：新兴支柱产业,新型显示,主营+行业映射,公司主营业务为外延片及芯片,外延片及芯片,,电子,光学光电子,LED,2026-08-30复核：生产主营“外延片及芯片”，行业分类“电子/光学光电子/LED”；归入新型显示,20260830_NEW,False
A_主营直接支持,主营/新战略业务直接命中光伏证据,cn,300105,龙源技术,4,国家重点扶持产业,第二梯队：新兴支柱产业,光伏,主营/战略文本,公司主营业务为综合节能改造业务,综合节能改造业务、节油业务、低氮燃烧业务、混氨业务、清洁供暖业务、分布式光伏项目、工业尾气治理、智能化（软件）业务、生物质业务,,电力设备,其他电源设备,火电设备,2026-08-30复核：生产主营业务“综合节能改造业务、节油业务、低氮燃烧业务、混氨业务、清洁供暖业务、分布式光伏项目、工业尾气治理、智能化（软件）业务、生物质业务”命中“光伏”；归入光伏,20260830_NEW,False
A_主营直接支持,主营/新战略业务直接命中新材料证据,cn,300107,建新股份,4,国家重点扶持产业,第二梯队：新兴支柱产业,新材料,主营/战略文本,公司主营业务为染料和日化中间体,染料和日化中间体、医药和农药中间体、纸张化学品、复合材料和新材料中间体,,基础化工,化学制品,纺织化学制品,2026-08-30复核：生产主营业务“染料和日化中间体、医药和农药中间体、纸张化学品、复合材料和新材料中间体”命中“复合材料”；归入新材料,20260830_NEW,False
A_主营直接支持,主营/新战略业务直接命中生物医药证据,cn,300110,华仁药业,4,国家重点扶持产业,第二梯队：新兴支柱产业,生物医药,主营+行业映射,公司主营业务为基础输液,基础输液、治疗制剂、腹透液,,医药生物,化学制药,化学制剂,2026-08-30复核：生产主营“基础输液、治疗制剂、腹透液”，行业分类“医药生物/化学制药/化学制剂”；归入生物医药,20260830_NEW,False
A_主营直接支持,主营/新战略业务直接命中生物医药证据,cn,300111,向日葵,4,国家重点扶持产业,第二梯队：新兴支柱产业,生物医药,主营+行业映射,公司主营业务为原料类产品,原料类产品、制剂药产品,,医药生物,化学制药,化学制剂,2026-08-30复核：生产主营“原料类产品、制剂药产品”，行业分类“医药生物/化学制药/化学制剂”；归入生物医药,20260830_NEW,False
A_主营直接支持,主营/新战略业务直接命中数字创意证据,cn,300113,顺网科技,4,国家重点扶持产业,第二梯队：新兴支柱产业,数字创意,主营+行业映射,公司主营业务为网络广告及增值,网络广告及增值、游戏业务、展会业务,,传媒,游戏,游戏Ⅲ,2026-08-30复核：生产主营“网络广告及增值、游戏业务、展会业务”，行业分类“传媒/游戏/游戏Ⅲ”；归入数字创意,20260830_NEW,False
A_主营直接支持,主营/新战略业务直接命中高端装备证据,cn,300115,长盈精密,3,用户常用,第二梯队：新兴支柱产业,高端装备,主营/战略文本,公司主营业务为消费类电子精密结构件及模组,电子连接器及智能电子产品精密小件、新能源产品零组件及连接器、消费类电子精密结构件及模组、机器人及智能装备,,电子,消费电子,消费电子零部件及组装,2026-08-30复核：生产主营业务“电子连接器及智能电子产品精密小件、新能源产品零组件及连接器、消费类电子精密结构件及模组、机器人及智能装备”命中“智能装备”；归入高端装备,20260830_NEW,False
A_主营直接支持,主营/新战略业务直接命中动力电池与新型储能证据,cn,300118,东方日升,4,国家重点扶持产业,第二梯队：新兴支柱产业,动力电池与新型储能,主营/战略文本,公司主营业务为太阳能电池及组件,太阳能电池及组件、太阳能电站EPC与转让、光伏电站电费收入、储能系统、灯具及辅助光伏产品,,电力设备,光伏设备,光伏电池组件,2026-08-30复核：生产主营业务“太阳能电池及组件、太阳能电站EPC与转让、光伏电站电费收入、储能系统、灯具及辅助光伏产品”命中“储能系统”；归入动力电池与新型储能,20260830_NEW,False
A_主营直接支持,主营/新战略业务直接命中生物医药证据,cn,300119,瑞普生物,4,国家重点扶持产业,第二梯队：新兴支柱产业,生物医药,主营/战略文本,公司主营业务为禽用生物制品,禽用生物制品、制剂及原料药、畜用生物制品、宠物生物制品、宠物药品、宠物供应链,,农林牧渔,动物保健,动物保健Ⅲ,2026-08-30复核：生产主营业务“禽用生物制品、制剂及原料药、畜用生物制品、宠物生物制品、宠物药品、宠物供应链”命中“原料药”；归入生物医药,20260830_NEW,False
A_主营直接支持,主营/新战略业务直接命中新型显示证据,cn,300120,经纬辉开,4,国家重点扶持产业,第二梯队：新兴支柱产业,新型显示,主营/战略文本,公司主营业务为液晶电视组件,铜产品、铝产品、液晶显示模组、触控显示模组、保护屏、液晶电视组件、阳光屏,,电子,光学光电子,面板,2026-08-30复核：生产主营业务“铜产品、铝产品、液晶显示模组、触控显示模组、保护屏、液晶电视组件、阳光屏”命中“液晶显示模组”；归入新型显示,20260830_NEW,False
B_行业与主营一致,申万三级行业为疫苗，未发现直接冲突,cn,300122,智飞生物,3,用户常用,第二梯队：新兴支柱产业,生物医药,主营+行业映射,公司主营业务为代理产品,自主产品、代理产品,,医药生物,生物制品,疫苗,2026-08-30复核：生产主营“自主产品、代理产品”，行业分类“医药生物/生物制品/疫苗”；归入生物医药,20260830_NEW,False
B_行业与主营一致,申万三级行业为工控设备，未发现直接冲突,cn,300124,汇川技术,3,用户常用,第二梯队：新兴支柱产业,智能制造装备,主营+行业映射,公司主营业务为通用自动化类,通用自动化类、智慧电梯电气类、新能源汽车&轨道交通类,,机械设备,自动化设备,工控设备,2026-08-30复核：生产主营“通用自动化类、智慧电梯电气类、新能源汽车&轨道交通类”，行业分类“机械设备/自动化设备/工控设备”；归入智能制造装备,20260830_NEW,False
B_行业与主营一致,材料类主营与磁性材料行业一致,cn,300127,银河磁体,4,国家重点扶持产业,第二梯队：新兴支柱产业,新材料,主营+行业映射,公司主营业务为粘结磁体,粘结磁体、热压磁体、钐钴磁体,,有色金属,金属新材料,磁性材料,2026-08-30复核：生产主营“粘结磁体、热压磁体、钐钴磁体”，行业分类“有色金属/金属新材料/磁性材料”；归入新材料,20260830_NEW,False
A_主营直接支持,主营/新战略业务直接命中新型显示证据,cn,300128,锦富技术,4,国家重点扶持产业,第二梯队：新兴支柱产业,新型显示,主营/战略文本,公司主营业务为锂电池部件,液晶显示模组及整机、消费电子元器件、检测治具及自动化设备、锂电池部件、电力设备维护及安装工程、石油树脂产品、汽车零部件,,电力设备,电池,锂电专用设备,2026-08-30复核：生产主营业务“液晶显示模组及整机、消费电子元器件、检测治具及自动化设备、锂电池部件、电力设备维护及安装工程、石油树脂产品、汽车零部件”命中“液晶显示模组”；归入新型显示,20260830_NEW,False
A_主营直接支持,主营/新战略业务直接命中海洋工程装备证据,cn,300129,泰胜风能,4,国家重点扶持产业,第二梯队：新兴支柱产业,海洋工程装备,主营/战略文本,公司主营业务为陆上风电装备（含混凝土塔筒）,陆上风电装备（含混凝土塔筒）、海上风电及海洋工程装备、零碳业务,,电力设备,风电设备,风电零部件,2026-08-30复核：生产主营业务“陆上风电装备（含混凝土塔筒）、海上风电及海洋工程装备、零碳业务”命中“海洋工程”；归入海洋工程装备,20260830_NEW,False
B_行业与主营一致,申万三级行业为其他计算机设备，主营未发现冲突,cn,300130,新国都,4,国家重点扶持产业,第二梯队：新兴支柱产业,先进计算与信息设备,主营+行业映射,公司主营业务为收单及增值服务,电子支付产品、收单及增值服务、审核服务、技术服务,,计算机,计算机设备,其他计算机设备,2026-08-30复核：生产主营“电子支付产品、收单及增值服务、审核服务、技术服务”，行业分类“计算机/计算机设备/其他计算机设备”；归入先进计算与信息设备,20260830_NEW,False
A_主营直接支持,主营/新战略业务直接命中集成电路证据,cn,300131,英唐智控,4,国家重点扶持产业,第二梯队：新兴支柱产业,集成电路,旧批次规则复核,公司主营业务为电子元器件分销,物联网产品、电子元器件分销、芯片设计制造、软件销售及维护,,电子,其他电子,其他电子Ⅲ,Codex复核：披露业务“电子元器件分销”明确属于集成电路,PREEXISTING,False
B_行业与主营一致,申万三级行业为影视动漫制作，未发现直接冲突,cn,300133,华策影视,4,国家重点扶持产业,第二梯队：新兴支柱产业,数字创意,主营+行业映射,公司主营业务为电视剧制作发行收入,电视剧制作发行收入、电视剧版权发行收入、影院票房、电影销售、广告、经纪业务、音乐、算力业务、分部间抵销,,传媒,影视院线,影视动漫制作,2026-08-30复核：生产主营“电视剧制作发行收入、电视剧版权发行收入、影院票房、电影销售、广告、经纪业务、音乐、算力业务、分部间抵销”，行业分类“传媒/影视院线/影视动漫制作”；归入数字创意,20260830_NEW,False
B_行业与主营一致,申万三级行业为通信网络设备及器件，未发现直接冲突,cn,300134,大富科技,4,国家重点扶持产业,第二梯队：新兴支柱产业,新一代通信,主营+行业映射,公司主营业务为射频产品,射频产品、智能终端结构件,,通信,通信设备,通信网络设备及器件,2026-08-30复核：生产主营“射频产品、智能终端结构件”，行业分类“通信/通信设备/通信网络设备及器件”；归入新一代通信,20260830_NEW,False
A_主营直接支持,主营/新战略业务直接命中关键电子元器件证据,cn,300136,信维通信,2,S100,第二梯队：新兴支柱产业,关键电子元器件,人工复核,公司主营业务为射频零、部件,射频零、部件,,电子,消费电子,消费电子零部件及组装,2026-08-30人工复核：主营射频零部件；归入关键电子元器件,20260830_NEW,False
A_主营直接支持,主营/新战略业务直接命中集成电路证据,cn,300139,晓程科技,4,国家重点扶持产业,第二梯队：新兴支柱产业,集成电路,旧批次规则复核,公司主营业务为黄金,集成电路芯片、集成电路模块、电能表、载波抄表集中器、太阳能发电、精准扶贫光伏发电、黄金,,有色金属,贵金属,黄金,Codex复核：披露业务“黄金”明确属于集成电路,PREEXISTING,False
A_主营直接支持,主营/新战略业务直接命中节能环保证据,cn,300140,节能环境,4,国家重点扶持产业,第二梯队：新兴支柱产业,节能环保,主营+行业映射,公司主营业务为固废综合处理,固废综合处理、电工装备业务、环保装备业务、建造服务,,环保,环境治理,固废治理,2026-08-30复核：生产主营“固废综合处理、电工装备业务、环保装备业务、建造服务”，行业分类“环保/环境治理/固废治理”；归入节能环保,20260830_NEW,False
A_主营直接支持,主营/新战略业务直接命中光伏证据,cn,300141,和顺电气,4,国家重点扶持产业,第二梯队：新兴支柱产业,光伏,主营/战略文本,公司主营业务为电力成套设备,电力成套设备、防窃电电能计量装置、光伏发电、储充装置、安装施工,,电力设备,电网设备,配电设备,2026-08-30复核：生产主营业务“电力成套设备、防窃电电能计量装置、光伏发电、储充装置、安装施工”命中“光伏”；归入光伏,20260830_NEW,False
A_主营直接支持,主营/新战略业务直接命中生物医药证据,cn,300142,沃森生物,4,国家重点扶持产业,第二梯队：新兴支柱产业,生物医药,旧批次规则复核,公司主营业务为非免疫规划疫苗,中间产品、免疫规划疫苗、技术服务、非免疫规划疫苗,,医药生物,生物制品,疫苗,Codex复核：披露业务“非免疫规划疫苗”明确属于生物医药,PREEXISTING,False
A_主营直接支持,主营/新战略业务直接命中生物医药研发服务证据,cn,300149,睿智医药,4,国家重点扶持产业,第二梯队：新兴支柱产业,生物医药研发服务,主营/战略文本,公司主营业务为医药研发服务及生产外包服务,医药研发服务及生产外包服务、微生态营养品,,医药生物,医疗服务,医疗研发外包,2026-08-30复核：生产主营业务“医药研发服务及生产外包服务、微生态营养品”命中“医药研发服务”；归入生物医药研发服务,20260830_NEW,False
B_行业与主营一致,申万三级行业为IT服务Ⅲ，与软件/信息服务标签一致,cn,300150,世纪瑞尔,4,国家重点扶持产业,第二梯队：新兴支柱产业,软件与信息技术服务,主营+行业映射,公司主营业务为城市轨道交通乘客信息系统,铁路行车安全监控系统、铁路综合信息化业务、城市轨道交通乘客信息系统,,计算机,IT服务,IT服务Ⅲ,2026-08-30复核：生产主营“铁路行车安全监控系统、铁路综合信息化业务、城市轨道交通乘客信息系统”，行业分类“计算机/IT服务/IT服务Ⅲ”；归入软件与信息技术服务,20260830_NEW,False
B_行业与主营一致,申万三级行业为安防设备，主营未发现冲突,cn,300155,安居宝,4,国家重点扶持产业,第二梯队：新兴支柱产业,先进计算与信息设备,主营+行业映射,公司主营业务为楼宇对讲系统,楼宇对讲系统、智能家居系统、停车场系统及道闸广告业务、监控及系统集成,,计算机,计算机设备,安防设备,2026-08-30复核：生产主营“楼宇对讲系统、智能家居系统、停车场系统及道闸广告业务、监控及系统集成”，行业分类“计算机/计算机设备/安防设备”；归入先进计算与信息设备,20260830_NEW,False
A_主营直接支持,主营/新战略业务直接命中现代中药证据,cn,300158,振东制药,4,国家重点扶持产业,第二梯队：新兴支柱产业,现代中药,主营+行业映射,公司主营业务为中药,中药、化药、非药品收入,,医药生物,中药,中药Ⅲ,2026-08-30复核：生产主营“中药、化药、非药品收入”，行业分类“医药生物/中药/中药Ⅲ”；归入现代中药,20260830_NEW,False
A_主营直接支持,主营/新战略业务直接命中工业母机证据,cn,300161,华中数控,4,国家重点扶持产业,第三梯队：卡脖子底座,工业母机,主营/战略文本,公司主营业务为数控系统与机床,数控系统与机床、机器人与智能产线,,机械设备,通用设备,机床工具,2026-08-30复核：生产主营业务“数控系统与机床、机器人与智能产线”命中“数控系统”；归入工业母机,20260830_NEW,False
A_主营直接支持,主营/新战略业务直接命中新型显示证据,cn,300162,雷曼光电,4,国家重点扶持产业,第二梯队：新兴支柱产业,新型显示,主营+行业映射,公司主营业务为LED显示屏,LED照明、LED显示屏,,电子,光学光电子,LED,2026-08-30复核：生产主营“LED照明、LED显示屏”，行业分类“电子/光学光电子/LED”；归入新型显示,20260830_NEW,False
A_主营直接支持,主营/新战略业务直接命中软件与信息技术服务证据,cn,300166,东方国信,4,国家重点扶持产业,第二梯队：新兴支柱产业,软件与信息技术服务,主营+行业映射,公司主营业务为定制软件开发及服务,定制软件开发及服务、系统集成业务、软件产品、云计算业务,,计算机,IT服务,IT服务Ⅲ,2026-08-30复核：生产主营“定制软件开发及服务、系统集成业务、软件产品、云计算业务”，行业分类“计算机/IT服务/IT服务Ⅲ”；归入软件与信息技术服务,20260830_NEW,False
A_主营直接支持,主营/新战略业务直接命中软件与信息技术服务证据,cn,300168,万达信息,4,国家重点扶持产业,第二梯队：新兴支柱产业,软件与信息技术服务,主营+行业映射,公司主营业务为软件开发,软件开发、运营维护、集成,,计算机,IT服务,IT服务Ⅲ,2026-08-30复核：生产主营“软件开发、运营维护、集成”，行业分类“计算机/IT服务/IT服务Ⅲ”；归入软件与信息技术服务,20260830_NEW,False
B_行业与主营一致,申万三级行业为IT服务Ⅲ，与软件/信息服务标签一致,cn,300170,汉得信息,3,用户常用,第二梯队：新兴支柱产业,软件与信息技术服务,主营+行业映射,公司主营业务为泛ERP,财务数字化-GMC、产业数字化-C2M、泛ERP、IT外包-ITO,,计算机,IT服务,IT服务Ⅲ,2026-08-30复核：生产主营“财务数字化-GMC、产业数字化-C2M、泛ERP、IT外包-ITO”，行业分类“计算机/IT服务/IT服务Ⅲ”；归入软件与信息技术服务,20260830_NEW,False
B_行业与主营一致,申万三级为医疗设备；保留“高端”口径复核要求,cn,300171,东富龙,4,国家重点扶持产业,第二梯队：新兴支柱产业,高端医疗器械,主营+行业映射,公司主营业务为制剂事业部,制剂事业部、生物工艺事业部、工程事业部、食品事业部、售后服务与配件,,医药生物,医疗器械,医疗设备,2026-08-30复核：生产主营“制剂事业部、生物工艺事业部、工程事业部、食品事业部、售后服务与配件”，行业分类“医药生物/医疗器械/医疗设备”；归入高端医疗器械,20260830_NEW,False
A_主营直接支持,主营/新战略业务直接命中节能环保证据,cn,300172,中电环保,4,国家重点扶持产业,第二梯队：新兴支柱产业,节能环保,主营+行业映射,公司主营业务为工业水处理,工业水处理、城镇水环境治理、烟气治理、污泥耦合处理,,环保,环境治理,水务及水治理,2026-08-30复核：生产主营“工业水处理、城镇水环境治理、烟气治理、污泥耦合处理”，行业分类“环保/环境治理/水务及水治理”；归入节能环保,20260830_NEW,False
B_行业与主营一致,申万三级行业为军工电子Ⅲ，未发现直接冲突,cn,300177,中海达,4,国家重点扶持产业,第二梯队：新兴支柱产业,航空航天与军工电子,主营+行业映射,公司主营业务为高精度定位装备及行业解决方案,高精度定位装备及行业解决方案、时空数据及信息化,,国防军工,军工电子,军工电子Ⅲ,2026-08-30复核：生产主营“高精度定位装备及行业解决方案、时空数据及信息化”，行业分类“国防军工/军工电子/军工电子Ⅲ”；归入航空航天与军工电子,20260830_NEW,False
A_主营直接支持,主营/新战略业务直接命中现代中药证据,cn,300181,佐力药业,4,国家重点扶持产业,第二梯队：新兴支柱产业,现代中药,主营+行业映射,公司主营业务为乌灵系列,乌灵系列、百令片系列、中药饮片系列、中药配方颗粒,,医药生物,中药,中药Ⅲ,2026-08-30复核：生产主营“乌灵系列、百令片系列、中药饮片系列、中药配方颗粒”，行业分类“医药生物/中药/中药Ⅲ”；归入现代中药,20260830_NEW,False
A_主营直接支持,主营/新战略业务直接命中数字创意证据,cn,300182,捷成股份,4,国家重点扶持产业,第二梯队：新兴支柱产业,数字创意,主营+行业映射,公司主营业务为影视版权运营及服务,音视频整体解决方案、影视剧内容制作、影视版权运营及服务、数字化营销服务板块,,传媒,影视院线,影视动漫制作,2026-08-30复核：生产主营“音视频整体解决方案、影视剧内容制作、影视版权运营及服务、数字化营销服务板块”，行业分类“传媒/影视院线/影视动漫制作”；归入数字创意,20260830_NEW,False
A_主营直接支持,主营/新战略业务直接命中集成电路证据,cn,300183,东软载波,4,国家重点扶持产业,第二梯队：新兴支柱产业,集成电路,旧批次规则复核,公司主营业务为电力线载波通信系列产品,电力线载波通信系列产品、智能化业务、集成电路,,通信,通信设备,其他通信设备,Codex复核：披露业务“电力线载波通信系列产品”明确属于集成电路,PREEXISTING,False
A_主营直接支持,主营/新战略业务直接命中风电证据,cn,300185,通裕重工,4,国家重点扶持产业,第二梯队：新兴支柱产业,风电,主营+行业映射,公司主营业务为其他锻件,风电主轴（含锻造、铸造主轴）、铸件、风电装备模块化业务、锻材、结构件及成套设备（含冶金设备、核电业务）、粉末冶金产品,,电力设备,风电设备,风电零部件,2026-08-30复核：生产主营“风电主轴（含锻造、铸造主轴）、铸件、风电装备模块化业务、锻材、结构件及成套设备（含冶金设备、核电业务）、粉末冶金产品”，行业分类“电力设备/风电设备/风电零部件”；归入风电,20260830_NEW,False
B_行业与主营一致,申万三级行业为综合环境治理，未发现直接冲突,cn,300187,永清环保,4,国家重点扶持产业,第二梯队：新兴支柱产业,节能环保,主营+行业映射,公司主营业务为环境运营服务,环境运营服务、环境工程服务、环境咨询服务、BOT建设服务期收入,,环保,环境治理,综合环境治理,2026-08-30复核：生产主营“环境运营服务、环境工程服务、环境咨询服务、BOT建设服务期收入”，行业分类“环保/环境治理/综合环境治理”；归入节能环保,20260830_NEW,False
B_行业与主营一致,申万三级行业为垂直应用软件，与软件/信息服务标签一致,cn,300188,国投智能,4,国家重点扶持产业,第二梯队：新兴支柱产业,软件与信息技术服务,主营+行业映射,公司主营业务为电子数据取证,公共安全大数据、电子数据取证、数字政务与企业数字化、新网络空间安全,,计算机,软件开发,垂直应用软件,2026-08-30复核：生产主营“公共安全大数据、电子数据取证、数字政务与企业数字化、新网络空间安全”，行业分类“计算机/软件开发/垂直应用软件”；归入软件与信息技术服务,20260830_NEW,False
A_主营直接支持,主营/新战略业务直接命中生物育种证据,cn,300189,神农种业,4,国家重点扶持产业,第二梯队：新兴支柱产业,生物育种,主营+行业映射,公司主营业务为杂交水稻种子,杂交水稻种子、玉米种子、油菜种子、农化产品及其它,,农林牧渔,种植业,种子,2026-08-30复核：生产主营“杂交水稻种子、玉米种子、油菜种子、农化产品及其它”，行业分类“农林牧渔/种植业/种子”；归入生物育种,20260830_NEW,False
A_主营直接支持,主营/新战略业务直接命中节能环保证据,cn,300190,维尔利,4,国家重点扶持产业,第二梯队：新兴支柱产业,节能环保,主营+行业映射,公司主营业务为环保工程,环保工程、设备销售、运营服务、BOT项目运营、节能服务,,环保,环境治理,综合环境治理,2026-08-30复核：生产主营“环保工程、设备销售、运营服务、BOT项目运营、节能服务”，行业分类“环保/环境治理/综合环境治理”；归入节能环保,20260830_NEW,False
A_主营直接支持,主营/新战略业务直接命中生物医药证据,cn,300194,福安药业,4,国家重点扶持产业,第二梯队：新兴支柱产业,生物医药,主营/战略文本,公司主营业务为制剂,制剂、原料药及中间体,,医药生物,化学制药,化学制剂,2026-08-30复核：生产主营业务“制剂、原料药及中间体”命中“原料药”；归入生物医药,20260830_NEW,False
B_行业与主营一致,材料类主营与玻纤制造行业一致,cn,300196,长海股份,4,国家重点扶持产业,第二梯队：新兴支柱产业,新材料,主营/战略文本,公司主营业务为玻璃纤维及制品,玻璃纤维及制品、化工制品、玻璃钢制品,,建筑材料,玻璃玻纤,玻纤制造,2026-08-30复核：生产主营业务“玻璃纤维及制品、化工制品、玻璃钢制品”命中“玻璃纤维及制品”；归入新材料,20260830_NEW,False
A_主营直接支持,主营/新战略业务直接命中生物医药证据,cn,300199,翰宇药业,4,国家重点扶持产业,第二梯队：新兴支柱产业,生物医药,主营/战略文本,公司主营业务为原料药,制剂、原料药、客户肽、器械类、固体类,,医药生物,化学制药,化学制剂,2026-08-30复核：生产主营业务“制剂、原料药、客户肽、器械类、固体类”命中“原料药”；归入生物医药,20260830_NEW,False
B_行业与主营一致,申万三级行业为环保设备Ⅲ，未发现直接冲突,cn,300203,聚光科技,4,国家重点扶持产业,第二梯队：新兴支柱产业,节能环保,主营+行业映射,公司主营业务为仪器、相关软件及耗材,仪器、相关软件及耗材、运营服务、检测服务及咨询服务、环境设备及工程,,环保,环保设备,环保设备Ⅲ,2026-08-30复核：生产主营“仪器、相关软件及耗材、运营服务、检测服务及咨询服务、环境设备及工程”，行业分类“环保/环保设备/环保设备Ⅲ”；归入节能环保,20260830_NEW,False
B_行业与主营一致,申万三级行业为化学制剂，未发现直接冲突,cn,300204,舒泰神,4,国家重点扶持产业,第二梯队：新兴支柱产业,生物医药,主营+行业映射,公司主营业务为舒泰清,舒泰清、苏肽生,,医药生物,化学制药,化学制剂,2026-08-30复核：生产主营“舒泰清、苏肽生”，行业分类“医药生物/化学制药/化学制剂”；归入生物医药,20260830_NEW,False
B_行业与主营一致,申万三级行业为医疗设备，未发现直接冲突,cn,300206,理邦仪器,4,国家重点扶持产业,第二梯队：新兴支柱产业,生物医药,旧批次规则复核,公司主营业务为病人监护,病人监护、妇幼健康、心电诊断、体外诊断、超声影像、运费、质保费,,医药生物,医疗器械,医疗设备,Codex复核：披露业务“病人监护”明确属于生物医药,PREEXISTING,False
A_主营直接支持,主营/新战略业务直接命中动力电池与新型储能证据,cn,300207,欣旺达,3,用户常用,第二梯队：新兴支柱产业,动力电池与新型储能,主营/战略文本,公司主营业务为消费类电池,消费类电池、电动汽车类电池、储能系统类,,电力设备,电池,锂电池,2026-08-30复核：生产主营业务“消费类电池、电动汽车类电池、储能系统类”命中“储能系统”；归入动力电池与新型储能,20260830_NEW,False
B_行业与主营一致,申万三级行业为环保设备Ⅲ，未发现直接冲突,cn,300210,森远股份,4,国家重点扶持产业,第二梯队：新兴支柱产业,节能环保,主营+行业映射,公司主营业务为应急抢险设备,应急抢险设备、沥青路面再生设备、市政环卫设备、拌合设备、租赁服务,,环保,环保设备,环保设备Ⅲ,2026-08-30复核：生产主营“应急抢险设备、沥青路面再生设备、市政环卫设备、拌合设备、租赁服务”，行业分类“环保/环保设备/环保设备Ⅲ”；归入节能环保,20260830_NEW,False
B_行业与主营一致,申万三级行业为其他通信设备，未发现直接冲突,cn,300213,佳讯飞鸿,4,国家重点扶持产业,第二梯队：新兴支柱产业,新一代通信,主营+行业映射,公司主营业务为指挥调度类,指挥调度类、智能应用类、行业物联网应用类及维保服务类、行业物联网应用类,,通信,通信设备,其他通信设备,2026-08-30复核：生产主营“指挥调度类、智能应用类、行业物联网应用类及维保服务类、行业物联网应用类”，行业分类“通信/通信设备/其他通信设备”；归入新一代通信,20260830_NEW,False
A_主营直接支持,主营/新战略业务直接命中算力网证据,cn,300214,日科化学,4,国家重点扶持产业,第一梯队：AI+超级主线,算力网,主营/战略文本,公司主营业务为ACR系列产品,ACR系列产品、ACM系列产品、ACS系列产品、氯碱类产品、算力服务,,基础化工,化学制品,其他化学制品,2026-08-30复核：生产主营业务“ACR系列产品、ACM系列产品、ACS系列产品、氯碱类产品、算力服务”命中“算力服务”；归入算力网,20260830_NEW,False
C_需人工复核,终端/配套业务是否纳入该产业需按政策口径和收入占比复核，暂不直接判错,cn,300219,鸿利智汇,4,国家重点扶持产业,第二梯队：新兴支柱产业,新型显示,主营+行业映射,公司主营业务为LED封装产品,LED封装产品、汽车照明产品,,电子,光学光电子,LED,2026-08-30复核：生产主营“LED封装产品、汽车照明产品”，行业分类“电子/光学光电子/LED”；归入新型显示,20260830_NEW,False
A_主营直接支持,主营/新战略业务直接命中新材料证据,cn,300221,银禧科技,4,国家重点扶持产业,第二梯队：新兴支柱产业,新材料,主营+行业映射,公司主营业务为改性塑料,改性塑料、智能照明相关产品,,基础化工,塑料,改性塑料,2026-08-30复核：生产主营“改性塑料、智能照明相关产品”，行业分类“基础化工/塑料/改性塑料”；归入新材料,20260830_NEW,False
A_主营直接支持,主营/新战略业务直接命中智能机器人证据,cn,300222,科大智能,4,国家重点扶持产业,第二梯队：新兴支柱产业,智能机器人,主营/战略文本,公司主营业务为数字能源,数字能源、智能机器人应用,,电力设备,电网设备,电网自动化设备,2026-08-30复核：生产主营业务“数字能源、智能机器人应用”命中“智能机器人”；归入智能机器人,20260830_NEW,False
B_行业与主营一致,申万三级行业为数字芯片设计，未发现直接冲突,cn,300223,君正股份,3,用户常用,第三梯队：卡脖子底座,高端芯片,旧批次规则复核,公司主营业务为存储芯片,计算芯片、存储芯片、模拟与互联芯片、技术服务,,电子,半导体,数字芯片设计,Codex复核：披露业务“存储芯片”明确属于高端芯片,PREEXISTING,False
B_行业与主营一致,材料类主营与磁性材料行业一致,cn,300224,正海磁材,4,国家重点扶持产业,第二梯队：新兴支柱产业,新材料,主营+行业映射,公司主营业务为钕铁硼永磁材料及组件,钕铁硼永磁材料及组件、新能源汽车电机驱动系统,,有色金属,金属新材料,磁性材料,2026-08-30复核：生产主营“钕铁硼永磁材料及组件、新能源汽车电机驱动系统”，行业分类“有色金属/金属新材料/磁性材料”；归入新材料,20260830_NEW,False
B_行业与主营一致,申万三级行业为垂直应用软件，与软件/信息服务标签一致,cn,300226,上海钢联,4,国家重点扶持产业,第二梯队：新兴支柱产业,软件与信息技术服务,主营+行业映射,公司主营业务为供应链服务业务,数据订阅服务、商务推广服务、会务培训服务、研究咨询服务、寄售服务业务、供应链服务业务,,计算机,软件开发,垂直应用软件,2026-08-30复核：生产主营“数据订阅服务、商务推广服务、会务培训服务、研究咨询服务、寄售服务业务、供应链服务业务”，行业分类“计算机/软件开发/垂直应用软件”；归入软件与信息技术服务,20260830_NEW,False
A_主营直接支持,主营/新战略业务直接命中航空航天证据,cn,300227,光韵达,4,国家重点扶持产业,第二梯队：新兴支柱产业,航空航天,主营/战略文本,公司主营业务为应用服务,应用服务、智能装备、航空零部件、激光器,,机械设备,自动化设备,激光设备,2026-08-30复核：生产主营业务“应用服务、智能装备、航空零部件、激光器”命中“航空零部件”；归入航空航天,20260830_NEW,False
A_主营直接支持,主营/新战略业务直接命中软件与信息技术服务证据,cn,300229,拓尔思,3,用户常用,第二梯队：新兴支柱产业,软件与信息技术服务,主营+行业映射,公司主营业务为大数据软件产品及服务,人工智能软件产品及服务、大数据软件产品及服务、安全产品,,计算机,软件开发,垂直应用软件,2026-08-30复核：生产主营“人工智能软件产品及服务、大数据软件产品及服务、安全产品”，行业分类“计算机/软件开发/垂直应用软件”；归入软件与信息技术服务,20260830_NEW,False
A_主营直接支持,主营/新战略业务直接命中算力网证据,cn,300231,银信科技,4,国家重点扶持产业,第一梯队：AI+超级主线,算力网,旧批次规则复核,公司主营业务为IT基础设施运维服务,IT基础设施运维服务、系统集成服务、软件开发与销售、算力服务业务,,计算机,IT服务,IT服务Ⅲ,Codex复核：披露业务“IT基础设施运维服务”明确属于算力网,PREEXISTING,False
C_需人工复核,未在主营/新战略业务中找到新型显示直接证据；当前主要依赖LED,cn,300232,洲明科技,4,国家重点扶持产业,第二梯队：新兴支柱产业,新型显示,主营+行业映射,公司主营业务为智慧显示,智慧显示、智能照明、文创灯光,,电子,光学光电子,LED,2026-08-30复核：生产主营“智慧显示、智能照明、文创灯光”，行业分类“电子/光学光电子/LED”；归入新型显示,20260830_NEW,False
A_主营直接支持,主营/新战略业务直接命中生物医药证据,cn,300233,金城医药,4,国家重点扶持产业,第二梯队：新兴支柱产业,生物医药,旧批次规则复核,公司主营业务为制剂产品,头孢侧链活性酯系列产品、生物制药及特色原料药系列产品、制剂产品,,医药生物,化学制药,化学制剂,Codex复核：披露业务“制剂产品”明确属于生物医药,PREEXISTING,False
A_主营直接支持,主营/新战略业务直接命中软件与信息技术服务证据,cn,300235,方直科技,4,国家重点扶持产业,第二梯队：新兴支柱产业,软件与信息技术服务,主营+行业映射,公司主营业务为方直金太阳教育软件,方直金太阳教育软件、技术开发、服务、AI数字化产品,,计算机,软件开发,垂直应用软件,2026-08-30复核：生产主营“方直金太阳教育软件、技术开发、服务、AI数字化产品”，行业分类“计算机/软件开发/垂直应用软件”；归入软件与信息技术服务,20260830_NEW,False
A_主营直接支持,主营/新战略业务直接命中集成电路材料证据,cn,300236,上海新阳,4,国家重点扶持产业,第三梯队：卡脖子底座,集成电路材料,旧批次规则复核,公司主营业务为集成电路材料,集成电路材料、集成电路材料配套设备及配件、涂料品,,电子,电子化学品,电子化学品Ⅲ,Codex复核：披露业务“集成电路材料”明确属于集成电路材料,PREEXISTING,False
C_需人工复核,未在主营/新战略业务中找到高端医疗器械直接证据；当前主要依赖医疗耗材,cn,300238,冠昊生物,4,国家重点扶持产业,第二梯队：新兴支柱产业,高端医疗器械,主营+行业映射,公司主营业务为代理品,生物型硬脑（脊）膜补片、胸普外科修补膜、无菌生物护创膜、B型硬脑（脊）膜补片、乳房补片、代理品、细胞技术服务、本维莫德,,医药生物,医疗器械,医疗耗材,2026-08-30复核：生产主营“生物型硬脑（脊）膜补片、胸普外科修补膜、无菌生物护创膜、B型硬脑（脊）膜补片、乳房补片、代理品、细胞技术服务、本维莫德”，行业分类“医药生物/医疗器械/医疗耗材”；归入高端医疗器械,20260830_NEW,False
B_行业与主营一致,申万三级行业为其他生物制品，未发现直接冲突,cn,300239,东宝生物,4,国家重点扶持产业,第二梯队：新兴支柱产业,生物医药,主营+行业映射,公司主营业务为明胶系列产品及副产品磷酸氢钙,明胶系列产品及副产品磷酸氢钙、胶囊业务、胶原蛋白业务、有机肥业务,,医药生物,生物制品,其他生物制品,2026-08-30复核：生产主营“明胶系列产品及副产品磷酸氢钙、胶囊业务、胶原蛋白业务、有机肥业务”，行业分类“医药生物/生物制品/其他生物制品”；归入生物医药,20260830_NEW,False
A_主营直接支持,主营/新战略业务直接命中新型显示证据,cn,300241,瑞丰光电,4,国家重点扶持产业,第二梯队：新兴支柱产业,新型显示,主营+行业映射,公司主营业务为LED产品,LED产品、电子纸产品,,电子,光学光电子,LED,2026-08-30复核：生产主营“LED产品、电子纸产品”，行业分类“电子/光学光电子/LED”；归入新型显示,20260830_NEW,False
B_行业与主营一致,申万三级行业为诊断服务，未发现直接冲突,cn,300244,迪安诊断,4,国家重点扶持产业,第二梯队：新兴支柱产业,生物医药,主营+行业映射,公司主营业务为渠道产品,诊断服务、渠道产品、自产产品、内部关联抵销,,医药生物,医疗服务,诊断服务,2026-08-30复核：生产主营“诊断服务、渠道产品、自产产品、内部关联抵销”，行业分类“医药生物/医疗服务/诊断服务”；归入生物医药,20260830_NEW,False
A_主营直接支持,主营/新战略业务直接命中高端医疗器械证据,cn,300246,宝莱特,4,国家重点扶持产业,第二梯队：新兴支柱产业,高端医疗器械,主营+行业映射,公司主营业务为血透产品,监护仪产品、血透产品,,医药生物,医疗器械,医疗设备,2026-08-30复核：生产主营“监护仪产品、血透产品”，行业分类“医药生物/医疗器械/医疗设备”；归入高端医疗器械,20260830_NEW,False
B_行业与主营一致,申万三级行业为其他计算机设备，主营未发现冲突,cn,300248,新开普,4,国家重点扶持产业,第二梯队：新兴支柱产业,先进计算与信息设备,主营+行业映射,公司主营业务为智慧校园应用解决方案,智慧校园应用解决方案、智慧校园云平台解决方案、智慧政企应用解决方案、运维服务,,计算机,计算机设备,其他计算机设备,2026-08-30复核：生产主营“智慧校园应用解决方案、智慧校园云平台解决方案、智慧政企应用解决方案、运维服务”，行业分类“计算机/计算机设备/其他计算机设备”；归入先进计算与信息设备,20260830_NEW,False
B_行业与主营一致,申万三级行业为其他计算机设备，主营未发现冲突,cn,300249,依米康,4,国家重点扶持产业,第二梯队：新兴支柱产业,先进计算与信息设备,主营+行业映射,公司主营业务为ICT领域产品,ICT领域产品,,计算机,计算机设备,其他计算机设备,2026-08-30复核：生产主营“ICT领域产品”，行业分类“计算机/计算机设备/其他计算机设备”；归入先进计算与信息设备,20260830_NEW,False
B_行业与主营一致,申万三级行业为IT服务Ⅲ，与软件/信息服务标签一致,cn,300250,初灵信息,4,国家重点扶持产业,第二梯队：新兴支柱产业,软件与信息技术服务,主营+行业映射,公司主营业务为边缘智能连接,边缘智能连接、边缘数据感知、边缘AI应用开发及服务,,计算机,IT服务,IT服务Ⅲ,2026-08-30复核：生产主营“边缘智能连接、边缘数据感知、边缘AI应用开发及服务”，行业分类“计算机/IT服务/IT服务Ⅲ”；归入软件与信息技术服务,20260830_NEW,False
B_行业与主营一致,申万三级行业为影视动漫制作，未发现直接冲突,cn,300251,光线传媒,3,用户常用,第二梯队：新兴支柱产业,数字创意,主营+行业映射,公司主营业务为电影及相关衍生业务,电影及相关衍生业务、电视剧,,传媒,影视院线,影视动漫制作,2026-08-30复核：生产主营“电影及相关衍生业务、电视剧”，行业分类“传媒/影视院线/影视动漫制作”；归入数字创意,20260830_NEW,False
A_主营直接支持,主营/新战略业务直接命中PCB证据,cn,300252,金信诺,4,国家重点扶持产业,第一梯队：AI+超级主线,PCB,旧批次规则复核,公司主营业务为通信电缆及光纤光缆,通信电缆及光纤光缆、通信组件及连接器、PCB系列、卫星及无线通讯产品,,国防军工,军工电子,军工电子Ⅲ,Codex复核：披露业务“通信电缆及光纤光缆”明确属于PCB,PREEXISTING,False
A_主营直接支持,主营/新战略业务直接命中软件与信息技术服务证据,cn,300253,卫宁健康,3,用户常用,第二梯队：新兴支柱产业,软件与信息技术服务,主营+行业映射,公司主营业务为软件及服务,软件及服务、硬件销售、互联网医疗健康,,计算机,软件开发,垂直应用软件,2026-08-30复核：生产主营“软件及服务、硬件销售、互联网医疗健康”，行业分类“计算机/软件开发/垂直应用软件”；归入软件与信息技术服务,20260830_NEW,False
A_主营直接支持,主营/新战略业务直接命中生物医药证据,cn,300254,仟源医药,4,国家重点扶持产业,第二梯队：新兴支柱产业,生物医药,主营+行业映射,公司主营业务为泌尿系统药,抗感染药、抗过敏药、泌尿系统药、戒烟药、儿童用药、呼吸系统药、抗抑郁药、肾病药、医药原料及中间体、保健食品、服务业、商业,,医药生物,化学制药,化学制剂,2026-08-30复核：生产主营“抗感染药、抗过敏药、泌尿系统药、戒烟药、儿童用药、呼吸系统药、抗抑郁药、肾病药、医药原料及中间体、保健食品、服务业、商业”，行业分类“医药生物/化学制药/化学制剂”；归入生物医药,20260830_NEW,False
A_主营直接支持,主营/新战略业务直接命中生物医药证据,cn,300255,常山药业,4,国家重点扶持产业,第二梯队：新兴支柱产业,生物医药,主营/战略文本,公司主营业务为水针制剂,水针制剂、肝素原料药,,医药生物,化学制药,化学制剂,2026-08-30复核：生产主营业务“水针制剂、肝素原料药”命中“原料药”；归入生物医药,20260830_NEW,False
C_需人工复核,未在主营/新战略业务中找到关键电子元器件直接证据；当前主要依赖消费电子零部件及组装,cn,300256,星星科技,4,国家重点扶持产业,第二梯队：新兴支柱产业,关键电子元器件,主营+行业映射,公司主营业务为触控显示类,触控显示类、视窗防护屏类、结构件类、电动自行车、电动摩托车、电动车配件,,电子,消费电子,消费电子零部件及组装,2026-08-30复核：生产主营“触控显示类、视窗防护屏类、结构件类、电动自行车、电动摩托车、电动车配件”，行业分类“电子/消费电子/消费电子零部件及组装”；归入关键电子元器件,20260830_NEW,False
A_主营直接支持,主营/新战略业务直接命中集成电路材料证据,cn,300260,新莱应材,2,S100,第三梯队：卡脖子底座,集成电路材料,主营/战略文本,公司主营业务为无菌包材,无菌包材、洁净应用材料、食品设备、高纯及超高纯应用材料,,机械设备,通用设备,金属制品,2026-08-30复核：生产主营业务“无菌包材、洁净应用材料、食品设备、高纯及超高纯应用材料”命中“高纯及超高纯应用材料”；归入集成电路材料,20260830_NEW,False
A_主营直接支持,主营/新战略业务直接命中先进材料证据,cn,300263,隆华科技,4,国家重点扶持产业,第三梯队：卡脖子底座,先进材料,旧批次规则复核,公司主营业务为节能环保产品及服务,电子新材料、高分子复合材料、节能环保产品及服务,,机械设备,通用设备,其他通用设备,Codex复核：披露业务“节能环保产品及服务”明确属于先进材料,PREEXISTING,False
A_主营直接支持,主营/新战略业务直接命中软件与信息技术服务证据,cn,300264,佳创视讯,4,国家重点扶持产业,第二梯队：新兴支柱产业,软件与信息技术服务,主营+行业映射,公司主营业务为系统集成及服务,音视频软件产品及解决方案、系统集成及服务、VR业务产品及服务、游戏产品及服务,,计算机,IT服务,IT服务Ⅲ,2026-08-30复核：生产主营“音视频软件产品及解决方案、系统集成及服务、VR业务产品及服务、游戏产品及服务”，行业分类“计算机/IT服务/IT服务Ⅲ”；归入软件与信息技术服务,20260830_NEW,False
A_主营直接支持,主营/新战略业务直接命中节能环保证据,cn,300266,兴源环境,4,国家重点扶持产业,第二梯队：新兴支柱产业,节能环保,主营+行业映射,公司主营业务为环境综合治理及其他,环保装备及智慧环保、农业农村生态,,环保,环境治理,水务及水治理,2026-08-30复核：生产主营“环保装备及智慧环保、农业农村生态”，行业分类“环保/环境治理/水务及水治理”；归入节能环保,20260830_NEW,False
A_主营直接支持,主营/新战略业务直接命中生物医药证据,cn,300267,尔康制药,4,国家重点扶持产业,第二梯队：新兴支柱产业,生物医药,主营/战略文本,公司主营业务为辅料,辅料、成品药、原料药、新能源材料,,医药生物,化学制药,原料药,2026-08-30复核：生产主营业务“辅料、成品药、原料药、新能源材料”命中“原料药”；归入生物医药,20260830_NEW,False
C_需人工复核,终端/配套业务是否纳入该产业需按政策口径和收入占比复核，暂不直接判错,cn,300269,联建光电,4,国家重点扶持产业,第二梯队：新兴支柱产业,新型显示,主营+行业映射,公司主营业务为数字设备,数字设备,,电子,光学光电子,LED,2026-08-30复核：生产主营“数字设备”，行业分类“电子/光学光电子/LED”；归入新型显示,20260830_NEW,False
B_行业与主营一致,申万三级行业为安防设备，主营未发现冲突,cn,300270,中威电子,4,国家重点扶持产业,第二梯队：新兴支柱产业,先进计算与信息设备,主营+行业映射,公司主营业务为系统集成,系统集成、产品销售、运维服务,,计算机,计算机设备,安防设备,2026-08-30复核：生产主营“系统集成、产品销售、运维服务”，行业分类“计算机/计算机设备/安防设备”；归入先进计算与信息设备,20260830_NEW,False
A_主营直接支持,主营/新战略业务直接命中软件与信息技术服务证据,cn,300271,华宇软件,4,国家重点扶持产业,第二梯队：新兴支柱产业,软件与信息技术服务,主营+行业映射,公司主营业务为应用软件,应用软件、系统建设服务、运维服务,,计算机,IT服务,IT服务Ⅲ,2026-08-30复核：生产主营“应用软件、系统建设服务、运维服务”，行业分类“计算机/IT服务/IT服务Ⅲ”；归入软件与信息技术服务,20260830_NEW,False
A_主营直接支持,主营/新战略业务直接命中动力电池与新型储能证据,cn,300274,阳光电源,2,S100,第二梯队：新兴支柱产业,动力电池与新型储能,主营/战略文本,公司主营业务为光伏逆变器等电力电子转换设备,光伏逆变器等电力电子转换设备、新能源投资开发、储能系统、光伏电站发电,,电力设备,光伏设备,逆变器,2026-08-30复核：生产主营业务“光伏逆变器等电力电子转换设备、新能源投资开发、储能系统、光伏电站发电”命中“储能系统”；归入动力电池与新型储能,20260830_NEW,False
B_行业与主营一致,申万三级行业为安防设备，主营未发现冲突,cn,300275,梅安森,4,国家重点扶持产业,第二梯队：新兴支柱产业,先进计算与信息设备,主营+行业映射,公司主营业务为矿山产品,矿山产品、非矿山产品,,计算机,计算机设备,安防设备,2026-08-30复核：生产主营“矿山产品、非矿山产品”，行业分类“计算机/计算机设备/安防设备”；归入先进计算与信息设备,20260830_NEW,False
B_行业与主营一致,申万三级行业为机器人，未发现直接冲突,cn,300276,三丰智能,4,国家重点扶持产业,第二梯队：新兴支柱产业,智能机器人,主营+行业映射,公司主营业务为智能焊装生产线,智能输送成套设备、智能焊装生产线、高低压成套及电控设备、移动机器人及智能仓储系统集成,,机械设备,自动化设备,机器人,2026-08-30复核：生产主营“智能输送成套设备、智能焊装生产线、高低压成套及电控设备、移动机器人及智能仓储系统集成”，行业分类“机械设备/自动化设备/机器人”；归入智能机器人,20260830_NEW,False
A_主营直接支持,主营/新战略业务直接命中软件与信息技术服务证据,cn,300277,汽轮科技,4,国家重点扶持产业,第二梯队：新兴支柱产业,软件与信息技术服务,主营+行业映射,公司主营业务为系统集成,系统集成、软件开发与销售、技术及咨询服务,,计算机,IT服务,IT服务Ⅲ,2026-08-30复核：生产主营“系统集成、软件开发与销售、技术及咨询服务”，行业分类“计算机/IT服务/IT服务Ⅲ”；归入软件与信息技术服务,20260830_NEW,False
A_主营直接支持,主营/新战略业务直接命中智能机器人证据,cn,300278,华昌达,4,国家重点扶持产业,第二梯队：新兴支柱产业,智能机器人,主营/战略文本,公司主营业务为自动化输送智能装配生产线,工业机器人集成装备、自动化输送智能装配生产线、物流与仓储自动化设备系统,,机械设备,自动化设备,工控设备,2026-08-30复核：生产主营业务“工业机器人集成装备、自动化输送智能装配生产线、物流与仓储自动化设备系统”命中“工业机器人”；归入智能机器人,20260830_NEW,False
A_主营直接支持,主营/新战略业务直接命中先进材料证据,cn,300283,温州宏丰,4,国家重点扶持产业,第三梯队：卡脖子底座,先进材料,旧批次规则复核,公司主营业务为一体化电接触组件,颗粒及纤维增强电接触功能复合材料及元件、层状复合电接触功能复合材料及元件、一体化电接触组件、硬质合金、锂电铜箔,,电力设备,电网设备,配电设备,Codex复核：披露业务“一体化电接触组件”明确属于先进材料,PREEXISTING,False
A_主营直接支持,主营/新战略业务直接命中新材料证据,cn,300285,国瓷材料,2,S100,第二梯队：新兴支柱产业,新材料,主营/战略文本,公司主营业务为催化材料板块,催化材料板块、分部间抵销、新能源板块、生物医疗板块、电子材料板块、精密陶瓷板块,,电子,电子化学品,电子化学品Ⅲ,2026-08-30复核：生产主营业务“催化材料板块、分部间抵销、新能源板块、生物医疗板块、电子材料板块、精密陶瓷板块”命中“电子材料板块”；归入新材料,20260830_NEW,False
A_主营直接支持,主营/新战略业务直接命中软件与信息技术服务证据,cn,300287,飞利信,4,国家重点扶持产业,第二梯队：新兴支柱产业,软件与信息技术服务,主营+行业映射,公司主营业务为数据、软件及服务,音视频与控制、数据、软件及服务、物联网与智能化,,计算机,IT服务,IT服务Ⅲ,2026-08-30复核：生产主营“音视频与控制、数据、软件及服务、物联网与智能化”，行业分类“计算机/IT服务/IT服务Ⅲ”；归入软件与信息技术服务,20260830_NEW,False
B_行业与主营一致,申万三级行业为IT服务Ⅲ，与软件/信息服务标签一致,cn,300288,朗玛信息,4,国家重点扶持产业,第二梯队：新兴支柱产业,软件与信息技术服务,主营+行业映射,公司主营业务为医疗服务,IPTV业务及电话对对碰业务、移动转售业务、医疗信息服务、医疗服务,,计算机,IT服务,IT服务Ⅲ,2026-08-30复核：生产主营“IPTV业务及电话对对碰业务、移动转售业务、医疗信息服务、医疗服务”，行业分类“计算机/IT服务/IT服务Ⅲ”；归入软件与信息技术服务,20260830_NEW,False
B_行业与主营一致,申万三级行业为体外诊断，未发现直接冲突,cn,300289,利德曼,4,国家重点扶持产业,第二梯队：新兴支柱产业,生物医药,旧批次规则复核,公司主营业务为体外诊断试剂,仪器、体外诊断试剂、生物化学原料,,医药生物,医疗器械,体外诊断,Codex复核：披露业务“体外诊断试剂”明确属于生物医药,PREEXISTING,False
B_行业与主营一致,申万三级行业为影视动漫制作，未发现直接冲突,cn,300291,百纳千成,4,国家重点扶持产业,第二梯队：新兴支柱产业,数字创意,主营+行业映射,公司主营业务为剧集,剧集、电影、营销、策划运营服务,,传媒,影视院线,影视动漫制作,2026-08-30复核：生产主营“剧集、电影、营销、策划运营服务”，行业分类“传媒/影视院线/影视动漫制作”；归入数字创意,20260830_NEW,False
B_行业与主营一致,申万三级行业为通信应用增值服务，未发现直接冲突,cn,300292,吴通控股,4,国家重点扶持产业,第二梯队：新兴支柱产业,新一代通信,主营+行业映射,公司主营业务为移动信息服务,移动信息服务、通讯基础连接产品、移动终端产品、数字营销服务、电子制造服务,,通信,通信服务,通信应用增值服务,2026-08-30复核：生产主营“移动信息服务、通讯基础连接产品、移动终端产品、数字营销服务、电子制造服务”，行业分类“通信/通信服务/通信应用增值服务”；归入新一代通信,20260830_NEW,False
B_行业与主营一致,申万三级行业为血液制品，未发现直接冲突,cn,300294,博雅生物,4,国家重点扶持产业,第二梯队：新兴支柱产业,生物医药,主营+行业映射,公司主营业务为人纤维蛋白原,静注人免疫球蛋白、人血白蛋白、人纤维蛋白原、复方骨肽注射液、缩宫素注射液、肝素钠注射液、垂体后叶注射液、格林克经销业务,,医药生物,生物制品,血液制品,2026-08-30复核：生产主营“静注人免疫球蛋白、人血白蛋白、人纤维蛋白原、复方骨肽注射液、缩宫素注射液、肝素钠注射液、垂体后叶注射液、格林克经销业务”，行业分类“医药生物/生物制品/血液制品”；归入生物医药,20260830_NEW,False
C_需人工复核,未在主营/新战略业务中找到新型显示直接证据；当前主要依赖LED,cn,300296,利亚德,4,国家重点扶持产业,第二梯队：新兴支柱产业,新型显示,主营+行业映射,公司主营业务为智能显示,智能显示、文旅夜游、AI与空间计算,,电子,光学光电子,LED,2026-08-30复核：生产主营“智能显示、文旅夜游、AI与空间计算”，行业分类“电子/光学光电子/LED”；归入新型显示,20260830_NEW,False
B_行业与主营一致,申万三级为医疗设备；保留“高端”口径复核要求,cn,300298,三诺生物,4,国家重点扶持产业,第二梯队：新兴支柱产业,高端医疗器械,主营+行业映射,公司主营业务为血糖监测系统,血糖监测系统、糖尿病营养、护理等辅助产品、血脂检测系统、iPOCT监测系统、糖化血红蛋白检测系统、血压计、经营品,,医药生物,医疗器械,医疗设备,2026-08-30复核：生产主营“血糖监测系统、糖尿病营养、护理等辅助产品、血脂检测系统、iPOCT监测系统、糖化血红蛋白检测系统、血压计、经营品”，行业分类“医药生物/医疗器械/医疗设备”；归入高端医疗器械,20260830_NEW,False
A_主营直接支持,主营/新战略业务直接命中数字创意证据,cn,300299,富春股份,4,国家重点扶持产业,第二梯队：新兴支柱产业,数字创意,主营+行业映射,公司主营业务为游戏业务,技术服务及配套、游戏业务、集成业务,,传媒,游戏,游戏Ⅲ,2026-08-30复核：生产主营“技术服务及配套、游戏业务、集成业务”，行业分类“传媒/游戏/游戏Ⅲ”；归入数字创意,20260830_NEW,False
B_行业与主营一致,申万三级行业为其他计算机设备，主营未发现冲突,cn,300302,同有科技,4,国家重点扶持产业,第二梯队：新兴支柱产业,先进计算与信息设备,主营+行业映射,公司主营业务为存储系统,存储系统、固态存储,,计算机,计算机设备,其他计算机设备,2026-08-30复核：生产主营“存储系统、固态存储”，行业分类“计算机/计算机设备/其他计算机设备”；归入先进计算与信息设备,20260830_NEW,False
C_需人工复核,未在主营/新战略业务中找到新型显示直接证据；当前主要依赖LED,cn,300303,聚飞光电,4,国家重点扶持产业,第二梯队：新兴支柱产业,新型显示,主营+行业映射,公司主营业务为LED产品,LED产品,,电子,光学光电子,LED,2026-08-30复核：生产主营“LED产品”，行业分类“电子/光学光电子/LED”；归入新型显示,20260830_NEW,False
A_主营直接支持,主营/新战略业务直接命中集成电路证据,cn,300304,云意电气,4,国家重点扶持产业,第二梯队：新兴支柱产业,集成电路,旧批次规则复核,公司主营业务为智能控制器及部件,智能控制器及部件、智能雨刮系统产品、半导体功率器件、传感器类产品、新能源连接类零组件、电力,,汽车,汽车零部件,汽车电子电气系统,Codex复核：披露业务“智能控制器及部件”明确属于集成电路,PREEXISTING,False
A_主营直接支持,主营/新战略业务直接命中光伏证据,cn,300305,裕兴股份,4,国家重点扶持产业,第二梯队：新兴支柱产业,光伏,主营/战略文本,公司主营业务为光伏用聚酯薄膜,光伏用聚酯薄膜、电子光学用聚酯薄膜、电气绝缘用聚酯薄膜、综丝用聚酯薄膜,,基础化工,塑料,膜材料,2026-08-30复核：生产主营业务“光伏用聚酯薄膜、电子光学用聚酯薄膜、电气绝缘用聚酯薄膜、综丝用聚酯薄膜”命中“光伏”；归入光伏,20260830_NEW,False
B_行业与主营一致,申万三级行业为通信网络设备及器件，未发现直接冲突,cn,300308,中际旭创,1,黄埔线下标的,第一梯队：AI+超级主线,光模块,旧批次规则复核,公司主营业务为光通信收发模块及器件收入,光通信收发模块及器件、汽车光电子,,通信,通信设备,通信网络设备及器件,Codex复核：披露业务“光通信收发模块及器件收入”明确属于光模块,PREEXISTING,False
A_主营直接支持,主营/新战略业务直接命中新一代通信证据,cn,300310,宜通世纪,4,国家重点扶持产业,第二梯队：新兴支柱产业,新一代通信,主营+行业映射,公司主营业务为通信网络技术服务,通信网络技术服务、其中：网络工程服务、网络维护服务、网络优化服务、系统解决方案、通信网络设备销售、ICT业务、物联网,,通信,通信服务,通信工程及服务,2026-08-30复核：生产主营“通信网络技术服务、其中：网络工程服务、网络维护服务、网络优化服务、系统解决方案、通信网络设备销售、ICT业务、物联网”，行业分类“通信/通信服务/通信工程及服务”；归入新一代通信,20260830_NEW,False
A_主营直接支持,主营/新战略业务直接命中软件与信息技术服务证据,cn,300311,任子行,4,国家重点扶持产业,第二梯队：新兴支柱产业,软件与信息技术服务,主营+行业映射,公司主营业务为网资管理,网络安全、网资管理,,计算机,软件开发,横向通用软件,2026-08-30复核：生产主营“网络安全、网资管理”，行业分类“计算机/软件开发/横向通用软件”；归入软件与信息技术服务,20260830_NEW,False
B_行业与主营一致,申万三级为医疗设备；保留“高端”口径复核要求,cn,300314,戴维医疗,4,国家重点扶持产业,第二梯队：新兴支柱产业,高端医疗器械,主营+行业映射,公司主营业务为儿产科保育设备,儿产科保育设备、微创外科手术器械,,医药生物,医疗器械,医疗设备,2026-08-30复核：生产主营“儿产科保育设备、微创外科手术器械”，行业分类“医药生物/医疗器械/医疗设备”；归入高端医疗器械,20260830_NEW,False
A_主营直接支持,主营/新战略业务直接命中数字创意证据,cn,300315,掌趣科技,4,国家重点扶持产业,第二梯队：新兴支柱产业,数字创意,主营+行业映射,公司主营业务为移动终端游戏,互联网页面游戏、移动终端游戏,,传媒,游戏,游戏Ⅲ,2026-08-30复核：生产主营“互联网页面游戏、移动终端游戏”，行业分类“传媒/游戏/游戏Ⅲ”；归入数字创意,20260830_NEW,False
B_行业与主营一致,申万三级行业为光伏加工设备，未发现直接冲突,cn,300316,晶盛机电,3,用户常用,第二梯队：新兴支柱产业,光伏,主营+行业映射,公司主营业务为设备及其服务,设备及其服务、材料,,电力设备,光伏设备,光伏加工设备,2026-08-30复核：生产主营“设备及其服务、材料”，行业分类“电力设备/光伏设备/光伏加工设备”；归入光伏,20260830_NEW,False
A_主营直接支持,主营/新战略业务直接命中光伏证据,cn,300317,珈伟新能,4,国家重点扶持产业,第二梯队：新兴支柱产业,光伏,主营/战略文本,公司主营业务为光伏草坪灯,LED照明、光伏发电、光伏草坪灯、光伏小板、光伏电站EPC、光伏电站运维,,公用事业,电力,光伏发电,2026-08-30复核：生产主营业务“LED照明、光伏发电、光伏草坪灯、光伏小板、光伏电站EPC、光伏电站运维”命中“光伏”；归入光伏,20260830_NEW,False
B_行业与主营一致,申万三级行业为血液制品，未发现直接冲突,cn,300318,博晖创新,4,国家重点扶持产业,第二梯队：新兴支柱产业,生物医药,主营+行业映射,公司主营业务为静注人免疫球蛋白,HPV检测产品、人血白蛋白、静注人免疫球蛋白、微量元素检测产品、质谱相关检测产品,,医药生物,生物制品,血液制品,2026-08-30复核：生产主营“HPV检测产品、人血白蛋白、静注人免疫球蛋白、微量元素检测产品、质谱相关检测产品”，行业分类“医药生物/生物制品/血液制品”；归入生物医药,20260830_NEW,False
A_主营直接支持,主营/新战略业务直接命中新型显示证据,cn,300319,麦捷科技,4,国家重点扶持产业,第二梯队：新兴支柱产业,新型显示,主营/战略文本,公司主营业务为电子元器件,电子元器件、LCM液晶显示模组,,电子,元件,被动元件,2026-08-30复核：生产主营业务“电子元器件、LCM液晶显示模组”命中“液晶显示模组”；归入新型显示,20260830_NEW,False
A_主营直接支持,主营/新战略业务直接命中关键电子元器件证据,cn,300322,硕贝德,4,国家重点扶持产业,第二梯队：新兴支柱产业,关键电子元器件,主营+行业映射,公司主营业务为天线,天线、散热器件及模组、线束及连接件、智能模组,,电子,消费电子,消费电子零部件及组装,2026-08-30复核：生产主营“天线、散热器件及模组、线束及连接件、智能模组”，行业分类“电子/消费电子/消费电子零部件及组装”；归入关键电子元器件,20260830_NEW,False
A_主营直接支持,主营/新战略业务直接命中新型显示证据,cn,300323,华灿光电,4,国家重点扶持产业,第二梯队：新兴支柱产业,新型显示,主营+行业映射,公司主营业务为LED芯片,LED芯片、LED衬底片,,电子,光学光电子,LED,2026-08-30复核：生产主营“LED芯片、LED衬底片”，行业分类“电子/光学光电子/LED”；归入新型显示,20260830_NEW,False
B_行业与主营一致,申万三级行业为其他计算机设备，主营未发现冲突,cn,300324,旋极信息,4,国家重点扶持产业,第二梯队：新兴支柱产业,先进计算与信息设备,主营+行业映射,公司主营业务为行业数字化,行业数字化、安全可信、行业数据智能,,计算机,计算机设备,其他计算机设备,2026-08-30复核：生产主营“行业数字化、安全可信、行业数据智能”，行业分类“计算机/计算机设备/其他计算机设备”；归入先进计算与信息设备,20260830_NEW,False
B_行业与主营一致,申万三级行业为数字芯片设计，未发现直接冲突,cn,300327,中颖电子,4,国家重点扶持产业,第二梯队：新兴支柱产业,集成电路,主营+行业映射,公司主营业务为工业控制,工业控制、消费电子,,电子,半导体,数字芯片设计,2026-08-30复核：生产主营“工业控制、消费电子”，行业分类“电子/半导体/数字芯片设计”；归入集成电路,20260830_NEW,False
B_行业与主营一致,申万三级为光学元件，与关键元器件方向一致,cn,300331,苏大维格,4,国家重点扶持产业,第二梯队：新兴支柱产业,关键电子元器件,主营+行业映射,公司主营业务为微纳光学产品及设备,微纳光学产品及设备、反光材料,,电子,光学光电子,光学元件,2026-08-30复核：生产主营“微纳光学产品及设备、反光材料”，行业分类“电子/光学光电子/光学元件”；归入关键电子元器件,20260830_NEW,False
B_行业与主营一致,申万三级行业为其他计算机设备，主营未发现冲突,cn,300333,兆日科技,4,国家重点扶持产业,第二梯队：新兴支柱产业,先进计算与信息设备,主营+行业映射,公司主营业务为电子支付密码器系统,电子支付密码器系统、纸纹防伪系统、银企通系统,,计算机,计算机设备,其他计算机设备,2026-08-30复核：生产主营“电子支付密码器系统、纸纹防伪系统、银企通系统”，行业分类“计算机/计算机设备/其他计算机设备”；归入先进计算与信息设备,20260830_NEW,False
A_主营直接支持,主营/新战略业务直接命中节能环保证据,cn,300334,津膜科技,4,国家重点扶持产业,第二梯队：新兴支柱产业,节能环保,主营+行业映射,公司主营业务为分离膜及水处理设备,水处理工程、分离膜及水处理设备、污水处理、设计服务,,环保,环境治理,水务及水治理,2026-08-30复核：生产主营“水处理工程、分离膜及水处理设备、污水处理、设计服务”，行业分类“环保/环境治理/水务及水治理”；归入节能环保,20260830_NEW,False
B_行业与主营一致,申万三级行业为IT服务Ⅲ，与软件/信息服务标签一致,cn,300339,润和软件,3,用户常用,第二梯队：新兴支柱产业,软件与信息技术服务,主营+行业映射,公司主营业务为金融科技业务,金融科技业务、智能物联业务、智慧能源信息化、智能供应链信息化,,计算机,IT服务,IT服务Ⅲ,2026-08-30复核：生产主营“金融科技业务、智能物联业务、智慧能源信息化、智能供应链信息化”，行业分类“计算机/IT服务/IT服务Ⅲ”；归入软件与信息技术服务,20260830_NEW,False
B_行业与主营一致,申万三级行业为电池化学品，未发现直接冲突,cn,300340,科恒股份,4,国家重点扶持产业,第二梯队：新兴支柱产业,动力电池与新型储能,主营+行业映射,公司主营业务为锂离子电池正极材料,锂离子电池正极材料、锂离子电池自动化生产设备,,电力设备,电池,电池化学品,2026-08-30复核：生产主营“锂离子电池正极材料、锂离子电池自动化生产设备”，行业分类“电力设备/电池/电池化学品”；归入动力电池与新型储能,20260830_NEW,False
B_行业与主营一致,申万三级为医疗设备；保留“高端”口径复核要求,cn,300341,麦克奥迪,4,国家重点扶持产业,第二梯队：新兴支柱产业,高端医疗器械,主营+行业映射,公司主营业务为电气产品,电气产品、显微镜产品、医疗产品及服务,,医药生物,医疗器械,医疗设备,2026-08-30复核：生产主营“电气产品、显微镜产品、医疗产品及服务”，行业分类“医药生物/医疗器械/医疗设备”；归入高端医疗器械,20260830_NEW,False
A_主营直接支持,主营/新战略业务直接命中光伏证据,cn,300345,华民股份,4,国家重点扶持产业,第二梯队：新兴支柱产业,光伏,主营/战略文本,公司主营业务为光伏产品,光伏产品、耐磨产品,,电力设备,光伏设备,硅料硅片,2026-08-30复核：生产主营业务“光伏产品、耐磨产品”命中“光伏”；归入光伏,20260830_NEW,False
B_行业与主营一致,主营为集成电路制造常用电子材料/化学品,cn,300346,南大光电,3,用户常用,第三梯队：卡脖子底座,集成电路材料,主营+行业映射,公司主营业务为特气产品,前驱体材料（含MO源）、特气产品,,电子,电子化学品,电子化学品Ⅲ,2026-08-30复核：生产主营“前驱体材料（含MO源）、特气产品”，行业分类“电子/电子化学品/电子化学品Ⅲ”；归入集成电路材料,20260830_NEW,False
B_行业与主营一致,申万三级行业为医疗研发外包，未发现直接冲突,cn,300347,泰格医药,3,用户常用,第二梯队：新兴支柱产业,生物医药研发服务,主营+行业映射,公司主营业务为临床试验相关服务及实验室服务,临床试验技术服务、临床试验相关服务及实验室服务,,医药生物,医疗服务,医疗研发外包,2026-08-30复核：生产主营“临床试验技术服务、临床试验相关服务及实验室服务”，行业分类“医药生物/医疗服务/医疗研发外包”；归入生物医药研发服务,20260830_NEW,False
B_行业与主营一致,申万三级行业为垂直应用软件，与软件/信息服务标签一致,cn,300348,长亮科技,4,国家重点扶持产业,第二梯队：新兴支柱产业,软件与信息技术服务,主营+行业映射,公司主营业务为数字金融业务解决方案,数字金融业务解决方案、大数据应用系统解决方案、全财务价值链业务管理解决方案,,计算机,软件开发,垂直应用软件,2026-08-30复核：生产主营“数字金融业务解决方案、大数据应用系统解决方案、全财务价值链业务管理解决方案”，行业分类“计算机/软件开发/垂直应用软件”；归入软件与信息技术服务,20260830_NEW,False
C_需人工复核,未在主营/新战略业务中找到高端装备直接证据；当前主要依赖轨交设备Ⅲ,cn,300351,永贵电器,4,国家重点扶持产业,第二梯队：新兴支柱产业,高端装备,主营+行业映射,公司主营业务为车载与能源信息板块,车载与能源信息板块、轨道交通与工业板块,,机械设备,轨交设备,轨交设备Ⅲ,2026-08-30复核：生产主营“车载与能源信息板块、轨道交通与工业板块”，行业分类“机械设备/轨交设备/轨交设备Ⅲ”；归入高端装备,20260830_NEW,False
A_主营直接支持,主营/新战略业务直接命中基础软件证据,cn,300353,东土科技,4,国家重点扶持产业,第三梯队：卡脖子底座,基础软件,旧批次规则复核,公司主营业务为工业网络通信,工业网络通信、智能控制器及解决方案、工业操作系统及相关软件服务,,通信,通信设备,其他通信设备,Codex复核：披露业务“工业网络通信”明确属于基础软件,PREEXISTING,False
B_行业与主营一致,申万三级行业为其他生物制品，未发现直接冲突,cn,300357,我武生物,4,国家重点扶持产业,第二梯队：新兴支柱产业,生物医药,主营+行业映射,公司主营业务为粉尘螨滴剂,粉尘螨滴剂、黄花蒿花粉变应原舌下滴剂、皮肤点刺液、研发服务、租赁服务,,医药生物,生物制品,其他生物制品,2026-08-30复核：生产主营“粉尘螨滴剂、黄花蒿花粉变应原舌下滴剂、皮肤点刺液、研发服务、租赁服务”，行业分类“医药生物/生物制品/其他生物制品”；归入生物医药,20260830_NEW,False
B_行业与主营一致,申万三级为医疗设备；保留“高端”口径复核要求,cn,300358,楚天科技,4,国家重点扶持产业,第二梯队：新兴支柱产业,高端医疗器械,主营+行业映射,公司主营业务为检测包装解决方案及单机,无菌制剂解决方案及单机、检测包装解决方案及单机、生物工程解决方案及单机、制药用水装备及工程系统集成、配件及售后服务、EPC工程设计、固体制剂解决方案及单机,,医药生物,医疗器械,医疗设备,2026-08-30复核：生产主营“无菌制剂解决方案及单机、检测包装解决方案及单机、生物工程解决方案及单机、制药用水装备及工程系统集成、配件及售后服务、EPC工程设计、固体制剂解决方案及单机”，行业分类“医药生物/医疗器械/医疗设备”；归入高端医疗器械,20260830_NEW,False
B_行业与主营一致,申万三级行业为医疗研发外包，未发现直接冲突,cn,300363,博腾股份,4,国家重点扶持产业,第二梯队：新兴支柱产业,生物医药研发服务,主营+行业映射,公司主营业务为临床后期及商业化业务,临床后期及商业化业务、临床早期业务、新兴业务,,医药生物,医疗服务,医疗研发外包,2026-08-30复核：生产主营“临床后期及商业化业务、临床早期业务、新兴业务”，行业分类“医药生物/医疗服务/医疗研发外包”；归入生物医药研发服务,20260830_NEW,False
A_主营直接支持,主营/新战略业务直接命中软件与信息技术服务证据,cn,300365,恒华科技,4,国家重点扶持产业,第二梯队：新兴支柱产业,软件与信息技术服务,主营+行业映射,公司主营业务为软件服务,软件服务、技术服务、软件销售、硬件销售、特许经营权、系统集成收入,,计算机,软件开发,垂直应用软件,2026-08-30复核：生产主营“软件服务、技术服务、软件销售、硬件销售、特许经营权、系统集成收入”，行业分类“计算机/软件开发/垂直应用软件”；归入软件与信息技术服务,20260830_NEW,False
B_行业与主营一致,申万三级行业为横向通用软件，与软件/信息服务标签一致,cn,300369,绿盟科技,4,国家重点扶持产业,第二梯队：新兴支柱产业,软件与信息技术服务,主营+行业映射,公司主营业务为安全产品,安全产品、安全服务、第三方产品和服务,,计算机,软件开发,横向通用软件,2026-08-30复核：生产主营“安全产品、安全服务、第三方产品和服务”，行业分类“计算机/软件开发/横向通用软件”；归入软件与信息技术服务,20260830_NEW,False
A_主营直接支持,主营/新战略业务直接命中集成电路材料证据,cn,300373,扬杰科技,2,S100,第三梯队：卡脖子底座,集成电路材料,旧批次规则复核,公司主营业务为半导体器件,半导体器件、半导体芯片、半导体硅片,,电子,半导体,分立器件,Codex复核：披露业务“半导体器件”明确属于集成电路材料,PREEXISTING,False
A_主营直接支持,主营/新战略业务直接命中软件与信息技术服务证据,cn,300377,赢时胜,4,国家重点扶持产业,第二梯队：新兴支柱产业,软件与信息技术服务,主营+行业映射,公司主营业务为服务费收入,定制软件开发和销售、服务费收入,,计算机,软件开发,垂直应用软件,2026-08-30复核：生产主营“定制软件开发和销售、服务费收入”，行业分类“计算机/软件开发/垂直应用软件”；归入软件与信息技术服务,20260830_NEW,False
A_主营直接支持,主营/新战略业务直接命中软件与信息技术服务证据,cn,300378,鼎捷数智,4,国家重点扶持产业,第二梯队：新兴支柱产业,软件与信息技术服务,主营+行业映射,公司主营业务为技术服务,自制软件销售、外购软硬件销售、技术服务,,计算机,软件开发,横向通用软件,2026-08-30复核：生产主营“自制软件销售、外购软硬件销售、技术服务”，行业分类“计算机/软件开发/横向通用软件”；归入软件与信息技术服务,20260830_NEW,False
B_行业与主营一致,申万三级行业为垂直应用软件，与软件/信息服务标签一致,cn,300380,安硕信息,4,国家重点扶持产业,第二梯队：新兴支柱产业,软件与信息技术服务,主营+行业映射,公司主营业务为信贷管理类系统,信贷管理类系统、风险管理类系统、数据仓库和商业智能类系统,,计算机,软件开发,垂直应用软件,2026-08-30复核：生产主营“信贷管理类系统、风险管理类系统、数据仓库和商业智能类系统”，行业分类“计算机/软件开发/垂直应用软件”；归入软件与信息技术服务,20260830_NEW,False
A_主营直接支持,主营/新战略业务直接命中生物医药证据,cn,300381,溢多利,4,国家重点扶持产业,第二梯队：新兴支柱产业,生物医药,主营+行业映射,公司主营业务为生物酶制剂,生物酶制剂、植物提取物、饲料和饲料添加剂,,医药生物,化学制药,原料药,2026-08-30复核：生产主营“生物酶制剂、植物提取物、饲料和饲料添加剂”，行业分类“医药生物/化学制药/原料药”；归入生物医药,20260830_NEW,False
B_行业与主营一致,申万三级行业为通信应用增值服务，未发现直接冲突,cn,300383,光环新网,3,用户常用,第二梯队：新兴支柱产业,新一代通信,主营+行业映射,公司主营业务为云计算及相关服务,互联网宽带接入服务、IDC及其增值服务、云计算及相关服务,,通信,通信服务,通信应用增值服务,2026-08-30复核：生产主营“互联网宽带接入服务、IDC及其增值服务、云计算及相关服务”，行业分类“通信/通信服务/通信应用增值服务”；归入新一代通信,20260830_NEW,False
A_主营直接支持,主营/新战略业务直接命中工业AI证据,cn,300384,三联虹普,4,国家重点扶持产业,第一梯队：AI+超级主线,工业AI,旧批次规则复核,公司主营业务为新材料及合成材料工艺解决方案,新材料及合成材料工艺解决方案、再生材料及可降解材料工艺解决方案、工业AI集成应用解决方案,,建筑装饰,专业工程,化学工程,Codex复核：披露业务“新材料及合成材料工艺解决方案”明确属于工业AI,PREEXISTING,False
B_行业与主营一致,申万三级行业为其他计算机设备，主营未发现冲突,cn,300386,飞天诚信,4,国家重点扶持产业,第二梯队：新兴支柱产业,先进计算与信息设备,主营+行业映射,公司主营业务为身份认证产品,身份认证产品、智能终端、安全芯片,,计算机,计算机设备,其他计算机设备,2026-08-30复核：生产主营“身份认证产品、智能终端、安全芯片”，行业分类“计算机/计算机设备/其他计算机设备”；归入先进计算与信息设备,20260830_NEW,False
A_主营直接支持,主营/新战略业务直接命中节能环保证据,cn,300388,节能国祯,4,国家重点扶持产业,第二梯队：新兴支柱产业,节能环保,主营+行业映射,公司主营业务为水环境治理综合服务,水环境治理综合服务、工业废水处理综合服务、小城镇环境治理综合服务,,环保,环境治理,水务及水治理,2026-08-30复核：生产主营“水环境治理综合服务、工业废水处理综合服务、小城镇环境治理综合服务”，行业分类“环保/环境治理/水务及水治理”；归入节能环保,20260830_NEW,False
A_主营直接支持,主营/新战略业务直接命中新型显示证据,cn,300389,艾比森,4,国家重点扶持产业,第二梯队：新兴支柱产业,新型显示,主营+行业映射,公司主营业务为LED显示屏,LED显示屏、LED显示屏酒店运营服务、储能设备,,电子,光学光电子,LED,2026-08-30复核：生产主营“LED显示屏、LED显示屏酒店运营服务、储能设备”，行业分类“电子/光学光电子/LED”；归入新型显示,20260830_NEW,False
B_行业与主营一致,申万三级行业为电池化学品，未发现直接冲突,cn,300390,天华新能,4,国家重点扶持产业,第二梯队：新兴支柱产业,动力电池与新型储能,主营+行业映射,公司主营业务为锂电材料产品,锂电材料产品,,电力设备,电池,电池化学品,2026-08-30复核：生产主营“锂电材料产品”，行业分类“电力设备/电池/电池化学品”；归入动力电池与新型储能,20260830_NEW,False
A_主营直接支持,主营/新战略业务直接命中光伏证据,cn,300393,中来股份,4,国家重点扶持产业,第二梯队：新兴支柱产业,光伏,主营/战略文本,公司主营业务为光伏应用系统,背板、电池、组件、光伏应用系统,,电力设备,光伏设备,光伏电池组件,2026-08-30复核：生产主营业务“背板、电池、组件、光伏应用系统”命中“光伏”；归入光伏,20260830_NEW,False
A_主营直接支持,主营/新战略业务直接命中光通信器件证据,cn,300394,天孚通信,2,S100,第一梯队：AI+超级主线,光通信器件,人工复核,公司主营业务为光有源器件,光无源器件、光有源器件,,通信,通信设备,通信网络设备及器件,2026-08-30人工复核：主营光有源及无源器件；归入光通信器件,20260830_NEW,False
B_行业与主营一致,申万三级行业为航空装备Ⅲ，未发现直接冲突,cn,300395,菲利华,3,用户常用,第二梯队：新兴支柱产业,航空航天,主营+行业映射,公司主营业务为石英玻璃材料,石英玻璃制品、石英玻璃材料,,国防军工,航空装备,航空装备Ⅲ,2026-08-30复核：生产主营“石英玻璃制品、石英玻璃材料”，行业分类“国防军工/航空装备/航空装备Ⅲ”；归入航空航天,20260830_NEW,False
B_行业与主营一致,申万三级行业为军工电子Ⅲ，未发现直接冲突,cn,300397,天和防务,4,国家重点扶持产业,第二梯队：新兴支柱产业,航空航天与军工电子,主营+行业映射,公司主营业务为电子材料与元器件制造业,军工装备制造业、减：分部间抵消、民品贸易、电子材料与元器件制造业,,国防军工,军工电子,军工电子Ⅲ,2026-08-30复核：生产主营“军工装备制造业、减：分部间抵消、民品贸易、电子材料与元器件制造业”，行业分类“国防军工/军工电子/军工电子Ⅲ”；归入航空航天与军工电子,20260830_NEW,False
A_主营直接支持,主营/新战略业务直接命中集成电路材料证据,cn,300398,飞凯材料,4,国家重点扶持产业,第三梯队：卡脖子底座,集成电路材料,旧批次规则复核,公司主营业务为屏幕显示材料,屏幕显示材料、半导体材料、紫外固化材料、有机合成材料,,电子,电子化学品,电子化学品Ⅲ,Codex复核：披露业务“屏幕显示材料”明确属于集成电路材料,PREEXISTING,False
B_行业与主营一致,申万三级行业为IT服务Ⅲ，与软件/信息服务标签一致,cn,300399,天利科技,4,国家重点扶持产业,第二梯队：新兴支柱产业,软件与信息技术服务,主营+行业映射,公司主营业务为保险产品服务,移动信息服务、保险产品服务、贸易业务,,计算机,IT服务,IT服务Ⅲ,2026-08-30复核：生产主营“移动信息服务、保险产品服务、贸易业务”，行业分类“计算机/IT服务/IT服务Ⅲ”；归入软件与信息技术服务,20260830_NEW,False
A_主营直接支持,主营/新战略业务直接命中集成电路证据,cn,300400,劲拓股份,4,国家重点扶持产业,第二梯队：新兴支柱产业,集成电路,旧批次规则复核,公司主营业务为电子装联设备,电子装联设备、光电显示设备、半导体专用设备,,机械设备,自动化设备,其他自动化设备,Codex复核：披露业务“电子装联设备”明确属于集成电路,PREEXISTING,False
B_行业与主营一致,申万三级行业为原料药，未发现直接冲突,cn,300401,花园生物,4,国家重点扶持产业,第二梯队：新兴支柱产业,生物医药,主营+行业映射,公司主营业务为维生素产品,维生素产品、羊毛脂及其衍生品、药品,,医药生物,化学制药,原料药,2026-08-30复核：生产主营“维生素产品、羊毛脂及其衍生品、药品”，行业分类“医药生物/化学制药/原料药”；归入生物医药,20260830_NEW,False
A_主营直接支持,主营/新战略业务直接命中生物医药研发服务证据,cn,300404,博济医药,4,国家重点扶持产业,第二梯队：新兴支柱产业,生物医药研发服务,主营/战略文本,公司主营业务为临床研究服务,临床研究服务、临床前研究服务,,医药生物,医疗服务,医疗研发外包,2026-08-30复核：生产主营业务“临床研究服务、临床前研究服务”命中“临床研究服务”；归入生物医药研发服务,20260830_NEW,False
B_行业与主营一致,申万三级行业为体外诊断，未发现直接冲突,cn,300406,九强生物,4,国家重点扶持产业,第二梯队：新兴支柱产业,生物医药,旧批次规则复核,公司主营业务为体外诊断试剂,仪器租赁、检验服务及实验辅助业务、体外诊断仪器、体外诊断试剂,,医药生物,医疗器械,体外诊断,Codex复核：披露业务“体外诊断试剂”明确属于生物医药,PREEXISTING,False
B_人工复核支持,存在人工复核说明，但仍需保留原始公告或招股书链接,cn,300408,三环集团,2,S100,第二梯队：新兴支柱产业,先进电子材料,人工复核,公司主营业务为电子、通信元件及材料,电子、通信元件及材料,,电子,元件,被动元件,2026-08-30人工复核：主营电子、通信元件及材料；归入先进电子材料,20260830_NEW,False
B_行业与主营一致,申万三级行业为电池化学品，未发现直接冲突,cn,300409,道氏技术,4,国家重点扶持产业,第二梯队：新兴支柱产业,动力电池与新型储能,主营+行业映射,公司主营业务为锂电材料,陶瓷材料、锂电材料、碳材料,,电力设备,电池,电池化学品,2026-08-30复核：生产主营“陶瓷材料、锂电材料、碳材料”，行业分类“电力设备/电池/电池化学品”；归入动力电池与新型储能,20260830_NEW,False
A_主营直接支持,主营/新战略业务直接命中光伏证据,cn,300410,正业科技,4,国家重点扶持产业,第二梯队：新兴支柱产业,光伏,主营/战略文本,公司主营业务为高端新材料,高端新材料、光伏新能源、平板显示模组自动化、锂电检测自动化、智能制造集成,,电力设备,电池,锂电专用设备,2026-08-30复核：生产主营业务“高端新材料、光伏新能源、平板显示模组自动化、锂电检测自动化、智能制造集成”命中“光伏”；归入光伏,20260830_NEW,False
B_行业与主营一致,申万三级行业为视频媒体，未发现直接冲突,cn,300413,芒果超媒,3,用户常用,第二梯队：新兴支柱产业,数字创意,主营+行业映射,公司主营业务为芒果TV互联网视频业务,芒果TV互联网视频业务、新媒体互动娱乐内容制作、内容电商,,传媒,数字媒体,视频媒体,2026-08-30复核：生产主营“芒果TV互联网视频业务、新媒体互动娱乐内容制作、内容电商”，行业分类“传媒/数字媒体/视频媒体”；归入数字创意,20260830_NEW,False
B_行业与主营一致,申万三级行业为其他通信设备，未发现直接冲突,cn,300414,中光防雷,4,国家重点扶持产业,第二梯队：新兴支柱产业,新一代通信,主营+行业映射,公司主营业务为防雷系列产品,防雷工程及服务、防雷系列产品、非防雷产品,,通信,通信设备,其他通信设备,2026-08-30复核：生产主营“防雷工程及服务、防雷系列产品、非防雷产品”，行业分类“通信/通信设备/其他通信设备”；归入新一代通信,20260830_NEW,False
A_主营直接支持,主营/新战略业务直接命中集成电路证据,cn,300416,苏试试验,4,国家重点扶持产业,第二梯队：新兴支柱产业,集成电路,旧批次规则复核,公司主营业务为环境可靠性试验服务,试验设备、环境可靠性试验服务、集成电路验证与分析服务,,社会服务,专业服务,检测服务,Codex复核：披露业务“环境可靠性试验服务”明确属于集成电路,PREEXISTING,False
A_主营直接支持,主营/新战略业务直接命中数字创意证据,cn,300418,昆仑万维,3,用户常用,第二梯队：新兴支柱产业,数字创意,主营+行业映射,公司主营业务为广告分部,增值服务-游戏、增值服务-社交网络、广告分部、搜索分部,,传媒,游戏,游戏Ⅲ,2026-08-30复核：生产主营“增值服务-游戏、增值服务-社交网络、广告分部、搜索分部”，行业分类“传媒/游戏/游戏Ⅲ”；归入数字创意,20260830_NEW,False
A_主营直接支持,主营/新战略业务直接命中节能环保证据,cn,300422,博世科,4,国家重点扶持产业,第二梯队：新兴支柱产业,节能环保,主营+行业映射,公司主营业务为水处理,环境综合治理收入、水处理、土壤修复、专业技术服务收入、运营收入,,环保,环境治理,水务及水治理,2026-08-30复核：生产主营“环境综合治理收入、水处理、土壤修复、专业技术服务收入、运营收入”，行业分类“环保/环境治理/水务及水治理”；归入节能环保,20260830_NEW,False
A_主营直接支持,主营/新战略业务直接命中航空航天证据,cn,300424,航新科技,4,国家重点扶持产业,第二梯队：新兴支柱产业,航空航天,主营+行业映射,公司主营业务为航空维修及服务,设备研制及保障、航空维修及服务,,国防军工,航空装备,航空装备Ⅲ,2026-08-30复核：生产主营“设备研制及保障、航空维修及服务”，行业分类“国防军工/航空装备/航空装备Ⅲ”；归入航空航天,20260830_NEW,False
A_主营直接支持,主营/新战略业务直接命中节能环保证据,cn,300425,中建环能,4,国家重点扶持产业,第二梯队：新兴支柱产业,节能环保,主营+行业映射,公司主营业务为水处理,固废处理处置及资源化、水处理、离心机及工业过程,,环保,环境治理,水务及水治理,2026-08-30复核：生产主营“固废处理处置及资源化、水处理、离心机及工业过程”，行业分类“环保/环境治理/水务及水治理”；归入节能环保,20260830_NEW,False
A_主营直接支持,主营/新战略业务直接命中数字创意证据,cn,300426,华智数媒,4,国家重点扶持产业,第二梯队：新兴支柱产业,数字创意,主营+行业映射,公司主营业务为电视剧业务,电视剧业务、剧本创作及销售业务、影院业务、影视后期制作业务,,传媒,影视院线,影视动漫制作,2026-08-30复核：生产主营“电视剧业务、剧本创作及销售业务、影院业务、影视后期制作业务”，行业分类“传媒/影视院线/影视动漫制作”；归入数字创意,20260830_NEW,False
A_主营直接支持,主营/新战略业务直接命中PCB证据,cn,300429,强力新材,4,国家重点扶持产业,第一梯队：AI+超级主线,PCB,旧批次规则复核,公司主营业务为其他用途光引发剂,PCB光刻胶光引发剂、PCB光刻胶树脂、LCD光刻胶光引发剂,,电子,电子化学品,电子化学品Ⅲ,Codex复核：披露业务“其他用途光引发剂”明确属于PCB,PREEXISTING,False
B_行业与主营一致,申万三级行业为电池化学品，未发现直接冲突,cn,300432,富临精工,3,用户常用,第二梯队：新兴支柱产业,动力电池与新型储能,主营+行业映射,公司主营业务为锂电正极材料,汽车零部件、锂电正极材料,,电力设备,电池,电池化学品,2026-08-30复核：生产主营“汽车零部件、锂电正极材料”，行业分类“电力设备/电池/电池化学品”；归入动力电池与新型储能,20260830_NEW,False
A_主营直接支持,主营/新战略业务直接命中新一代智能终端证据,cn,300433,蓝思科技,2,S100,第二梯队：新兴支柱产业,新一代智能终端,人工复核,公司主营业务为智能手机与电脑类,智能手机与电脑类、智能汽车与座舱类、智能头显与智能穿戴类,,电子,消费电子,消费电子零部件及组装,2026-08-30人工复核：主营智能手机电脑、智能座舱、智能头显穿戴；归入新一代智能终端,20260830_NEW,False
A_主营直接支持,主营/新战略业务直接命中生物医药证据,cn,300434,金石亚药,4,国家重点扶持产业,第二梯队：新兴支柱产业,生物医药,主营/战略文本,公司主营业务为医药制造行业,医药制造行业、机械制造行业,,医药生物,化学制药,化学制剂,2026-08-30复核：生产主营业务“医药制造行业、机械制造行业”命中“医药制造”；归入生物医药,20260830_NEW,False
B_行业与主营一致,申万三级行业为化学制剂，未发现直接冲突,cn,300436,广生堂,4,国家重点扶持产业,第二梯队：新兴支柱产业,生物医药,主营+行业映射,公司主营业务为肝胆疾病药物,肝胆疾病药物、消化系统药物、呼吸系统药物、心血管药物、男性健康产品,,医药生物,化学制药,化学制剂,2026-08-30复核：生产主营“肝胆疾病药物、消化系统药物、呼吸系统药物、心血管药物、男性健康产品”，行业分类“医药生物/化学制药/化学制剂”；归入生物医药,20260830_NEW,False
A_主营直接支持,主营/新战略业务直接命中节能环保证据,cn,300437,清水源,4,国家重点扶持产业,第二梯队：新兴支柱产业,节能环保,主营+行业映射,公司主营业务为水处理剂及衍生产品,水处理剂及衍生产品、运营服务、工程承包、环保设备销售,,环保,环境治理,水务及水治理,2026-08-30复核：生产主营“水处理剂及衍生产品、运营服务、工程承包、环保设备销售”，行业分类“环保/环境治理/水务及水治理”；归入节能环保,20260830_NEW,False
A_主营直接支持,主营/新战略业务直接命中动力电池与新型储能证据,cn,300438,鹏辉能源,2,S100,第二梯队：新兴支柱产业,动力电池与新型储能,主营/战略文本,公司主营业务为二次锂电池,一次锂电池、二次锂电池,,电力设备,电池,锂电池,2026-08-30复核：生产主营业务“一次锂电池、二次锂电池”命中“二次锂电池”；归入动力电池与新型储能,20260830_NEW,False
B_行业与主营一致,申万三级行业为体外诊断，未发现直接冲突,cn,300439,美康生物,4,国家重点扶持产业,第二梯队：新兴支柱产业,生物医药,旧批次规则复核,公司主营业务为体外诊断试剂,体外诊断试剂、体外诊断仪器、医学诊断服务,,医药生物,医疗器械,体外诊断,Codex复核：披露业务“体外诊断试剂”明确属于生物医药,PREEXISTING,False
B_行业与主营一致,申万三级行业为IT服务Ⅲ，与软件/信息服务标签一致,cn,300440,运达科技,4,国家重点扶持产业,第二梯队：新兴支柱产业,软件与信息技术服务,主营+行业映射,公司主营业务为智慧培训,智慧培训、智能运维、智慧车辆段、智能牵引供电、智能货运、维保服务,,计算机,IT服务,IT服务Ⅲ,2026-08-30复核：生产主营“智慧培训、智能运维、智慧车辆段、智能牵引供电、智能货运、维保服务”，行业分类“计算机/IT服务/IT服务Ⅲ”；归入软件与信息技术服务,20260830_NEW,False
B_行业与主营一致,申万三级行业为通信应用增值服务，未发现直接冲突,cn,300442,润泽科技,3,用户常用,第二梯队：新兴支柱产业,新一代通信,主营+行业映射,公司主营业务为IDC业务,IDC业务、AIDC业务,,通信,通信服务,通信应用增值服务,2026-08-30复核：生产主营“IDC业务、AIDC业务”，行业分类“通信/通信服务/通信应用增值服务”；归入新一代通信,20260830_NEW,False
A_主营直接支持,主营/新战略业务直接命中风电证据,cn,300443,金雷股份,4,国家重点扶持产业,第二梯队：新兴支柱产业,风电,主营+行业映射,公司主营业务为风电主轴,风电主轴、轴瓦,,电力设备,风电设备,风电零部件,2026-08-30复核：生产主营“风电主轴、轴瓦”，行业分类“电力设备/风电设备/风电零部件”；归入风电,20260830_NEW,False
A_主营直接支持,主营/新战略业务直接命中高端装备证据,cn,300444,双杰电气,4,国家重点扶持产业,第二梯队：新兴支柱产业,高端装备,主营/战略文本,公司主营业务为智能电气设备,智能电气设备、变压器及箱式变电站、新能源智能装备、新能源建设开发、新能源电站运营及电力交易,,电力设备,电网设备,输变电设备,2026-08-30复核：生产主营业务“智能电气设备、变压器及箱式变电站、新能源智能装备、新能源建设开发、新能源电站运营及电力交易”命中“智能装备”；归入高端装备,20260830_NEW,False
B_行业与主营一致,申万三级行业为军工电子Ⅲ，未发现直接冲突,cn,300447,全信股份,4,国家重点扶持产业,第二梯队：新兴支柱产业,航空航天与军工电子,主营+行业映射,公司主营业务为高性能传输线缆和组件,高性能传输线缆和组件、光电系统和FC产品,,国防军工,军工电子,军工电子Ⅲ,2026-08-30复核：生产主营“高性能传输线缆和组件、光电系统和FC产品”，行业分类“国防军工/军工电子/军工电子Ⅲ”；归入航空航天与军工电子,20260830_NEW,False
A_主营直接支持,主营/新战略业务直接命中软件与信息技术服务证据,cn,300448,浩云科技,4,国家重点扶持产业,第二梯队：新兴支柱产业,软件与信息技术服务,主营+行业映射,公司主营业务为低代码平台和物联网平台建设及解决方案,低代码平台和物联网平台建设及解决方案、物联设备及软件销售、平安城市运营服务,,计算机,IT服务,IT服务Ⅲ,2026-08-30复核：生产主营“低代码平台和物联网平台建设及解决方案、物联设备及软件销售、平安城市运营服务”，行业分类“计算机/IT服务/IT服务Ⅲ”；归入软件与信息技术服务,20260830_NEW,False
B_行业与主营一致,申万三级行业为安防设备，主营未发现冲突,cn,300449,汉邦高科,4,国家重点扶持产业,第二梯队：新兴支柱产业,先进计算与信息设备,主营+行业映射,公司主营业务为解决方案,解决方案、智能安防解决方案、音视频解决方案、智算服务解决方案、音视频产品、数字水印业务,,计算机,计算机设备,安防设备,2026-08-30复核：生产主营“解决方案、智能安防解决方案、音视频解决方案、智算服务解决方案、音视频产品、数字水印业务”，行业分类“计算机/计算机设备/安防设备”；归入先进计算与信息设备,20260830_NEW,False
A_主营直接支持,主营/新战略业务直接命中氢能证据,cn,300450,先导智能,3,用户常用,第四梯队：未来产业,氢能,旧批次规则复核,公司主营业务为锂电池智能装备,锂电池智能装备、智能物流系统、3C智能装备、光伏智能装备、氢能装备、汽车智能产线、激光精密加工装备,,电力设备,电池,锂电专用设备,Codex复核：披露业务“锂电池智能装备”明确属于氢能,PREEXISTING,False
A_主营直接支持,主营/新战略业务直接命中软件与信息技术服务证据,cn,300451,创业慧康,4,国家重点扶持产业,第二梯队：新兴支柱产业,软件与信息技术服务,主营+行业映射,公司主营业务为技术服务,软件销售、技术服务、系统集成,,计算机,软件开发,垂直应用软件,2026-08-30复核：生产主营“软件销售、技术服务、系统集成”，行业分类“计算机/软件开发/垂直应用软件”；归入软件与信息技术服务,20260830_NEW,False
B_行业与主营一致,申万三级行业为原料药，未发现直接冲突,cn,300452,山河药辅,4,国家重点扶持产业,第二梯队：新兴支柱产业,生物医药,主营+行业映射,公司主营业务为纤维素及衍生物类,纤维素及衍生物类、淀粉及衍生物类、无机盐类、场地出租收入,,医药生物,化学制药,原料药,2026-08-30复核：生产主营“纤维素及衍生物类、淀粉及衍生物类、无机盐类、场地出租收入”，行业分类“医药生物/化学制药/原料药”；归入生物医药,20260830_NEW,False
C_需人工复核,未在主营/新战略业务中找到高端医疗器械直接证据；当前主要依赖医疗耗材,cn,300453,三鑫医疗,4,国家重点扶持产业,第二梯队：新兴支柱产业,高端医疗器械,主营+行业映射,公司主营业务为血液净化类,血液净化类、给药器具类、心胸外科类,,医药生物,医疗器械,医疗耗材,2026-08-30复核：生产主营“血液净化类、给药器具类、心胸外科类”，行业分类“医药生物/医疗器械/医疗耗材”；归入高端医疗器械,20260830_NEW,False
A_主营直接支持,主营/新战略业务直接命中软件与信息技术服务证据,cn,300454,深信服,3,用户常用,第二梯队：新兴支柱产业,软件与信息技术服务,主营+行业映射,公司主营业务为网络安全业务,网络安全业务、云计算及IT基础设施业务、基础网络和物联网业务,,计算机,软件开发,横向通用软件,2026-08-30复核：生产主营“网络安全业务、云计算及IT基础设施业务、基础网络和物联网业务”，行业分类“计算机/软件开发/横向通用软件”；归入软件与信息技术服务,20260830_NEW,False
A_主营直接支持,主营/新战略业务直接命中高端装备证据,cn,300455,航天智装,4,国家重点扶持产业,第二梯队：新兴支柱产业,高端装备,主营/战略文本,公司主营业务为智能测试仿真系统和微系统与控制部组件,铁路车辆运行安全检测及检修系统、智能测试仿真系统和微系统与控制部组件、核工业及特殊环境智能装备系统,,计算机,计算机设备,其他计算机设备,2026-08-30复核：生产主营业务“铁路车辆运行安全检测及检修系统、智能测试仿真系统和微系统与控制部组件、核工业及特殊环境智能装备系统”命中“智能装备”；归入高端装备,20260830_NEW,False
A_主营直接支持,主营/新战略业务直接命中集成电路证据,cn,300456,赛微电子,3,用户常用,第二梯队：新兴支柱产业,集成电路,旧批次人工复核,公司主营业务为MEMS晶圆制造,MEMS晶圆制造、MEMS工艺开发、半导体设备,,电子,半导体,集成电路制造,Codex复核：结合主营业务将候选结果调整为集成电路,PREEXISTING,False
A_主营直接支持,主营/新战略业务直接命中动力电池与新型储能证据,cn,300457,赢合科技,4,国家重点扶持产业,第二梯队：新兴支柱产业,动力电池与新型储能,主营+行业映射,公司主营业务为锂电池专用生产设备,锂电池专用生产设备,,电力设备,电池,锂电专用设备,2026-08-30复核：生产主营“锂电池专用生产设备”，行业分类“电力设备/电池/锂电专用设备”；归入动力电池与新型储能,20260830_NEW,False
A_主营直接支持,主营/新战略业务直接命中集成电路证据,cn,300458,全志科技,3,用户常用,第二梯队：新兴支柱产业,集成电路,主营+行业映射,公司主营业务为智能终端应用处理器芯片,智能终端应用处理器芯片、智能电源管理芯片、无线通信产品,,电子,半导体,数字芯片设计,2026-08-30复核：生产主营“智能终端应用处理器芯片、智能电源管理芯片、无线通信产品”，行业分类“电子/半导体/数字芯片设计”；归入集成电路,20260830_NEW,False
A_主营直接支持,主营/新战略业务直接命中数字创意证据,cn,300459,汤姆猫,4,国家重点扶持产业,第二梯队：新兴支柱产业,数字创意,主营+行业映射,公司主营业务为广告收入,移动应用发行收入、广告收入、媒体影视业务、授权业务、新商业服务业务,,传媒,游戏,游戏Ⅲ,2026-08-30复核：生产主营“移动应用发行收入、广告收入、媒体影视业务、授权业务、新商业服务业务”，行业分类“传媒/游戏/游戏Ⅲ”；归入数字创意,20260830_NEW,False
B_行业与主营一致,申万三级为体外诊断；保留“高端”口径复核要求,cn,300463,迈克生物,4,国家重点扶持产业,第二梯队：新兴支柱产业,高端医疗器械,主营+行业映射,公司主营业务为自主产品,自主产品、代理产品,,医药生物,医疗器械,体外诊断,2026-08-30复核：生产主营“自主产品、代理产品”，行业分类“医药生物/医疗器械/体外诊断”；归入高端医疗器械,20260830_NEW,False
A_主营直接支持,主营/新战略业务直接命中软件与信息技术服务证据,cn,300465,高伟达,4,国家重点扶持产业,第二梯队：新兴支柱产业,软件与信息技术服务,主营+行业映射,公司主营业务为软件开发及服务,软件开发及服务、系统集成及服务,,计算机,软件开发,垂直应用软件,2026-08-30复核：生产主营“软件开发及服务、系统集成及服务”，行业分类“计算机/软件开发/垂直应用软件”；归入软件与信息技术服务,20260830_NEW,False
B_行业与主营一致,申万三级行业为游戏Ⅲ，未发现直接冲突,cn,300467,迅游科技,4,国家重点扶持产业,第二梯队：新兴支柱产业,数字创意,主营+行业映射,公司主营业务为网络加速,广告展示及订阅、网络加速、联合运营,,传媒,游戏,游戏Ⅲ,2026-08-30复核：生产主营“广告展示及订阅、网络加速、联合运营”，行业分类“传媒/游戏/游戏Ⅲ”；归入数字创意,20260830_NEW,False
A_主营直接支持,主营/新战略业务直接命中软件与信息技术服务证据,cn,300468,四方精创,4,国家重点扶持产业,第二梯队：新兴支柱产业,软件与信息技术服务,主营+行业映射,公司主营业务为软件开发,软件开发、咨询、维护及产品授权、系统集成,,计算机,软件开发,垂直应用软件,2026-08-30复核：生产主营“软件开发、咨询、维护及产品授权、系统集成”，行业分类“计算机/软件开发/垂直应用软件”；归入软件与信息技术服务,20260830_NEW,False
A_主营直接支持,主营/新战略业务直接命中软件与信息技术服务证据,cn,300469,信息发展,4,国家重点扶持产业,第二梯队：新兴支柱产业,软件与信息技术服务,主营+行业映射,公司主营业务为技术支持与服务,系统集成、技术支持与服务、应用软件开发与销售,,计算机,软件开发,垂直应用软件,2026-08-30复核：生产主营“系统集成、技术支持与服务、应用软件开发与销售”，行业分类“计算机/软件开发/垂直应用软件”；归入软件与信息技术服务,20260830_NEW,False
A_主营直接支持,主营/新战略业务直接命中航空航天证据,cn,300471,厚普股份,4,国家重点扶持产业,第二梯队：新兴支柱产业,航空航天,主营/战略文本,公司主营业务为专用设备制造业,专用设备制造业、工程、设计行业、船舶租赁、航空零部件制造业,,机械设备,专用设备,其他专用设备,2026-08-30复核：生产主营业务“专用设备制造业、工程、设计行业、船舶租赁、航空零部件制造业”命中“航空零部件”；归入航空航天,20260830_NEW,False
A_主营直接支持,主营/新战略业务直接命中航空航天与军工电子证据,cn,300474,景嘉微,3,用户常用,第二梯队：新兴支柱产业,航空航天与军工电子,主营+行业映射,公司主营业务为图形显控领域产品,图形显控领域产品、小型专用化雷达领域产品、芯片领域产品,,国防军工,军工电子,军工电子Ⅲ,2026-08-30复核：生产主营“图形显控领域产品、小型专用化雷达领域产品、芯片领域产品”，行业分类“国防军工/军工电子/军工电子Ⅲ”；归入航空航天与军工电子,20260830_NEW,False
A_主营直接支持,主营/新战略业务直接命中PCB证据,cn,300476,胜宏科技,2,S100,第一梯队：AI+超级主线,PCB,旧批次规则复核,公司主营业务为PCB制造,PCB制造,,电子,元件,印制电路板,Codex复核：披露业务“PCB制造”明确属于PCB,PREEXISTING,False
B_行业与主营一致,材料类主营与改性塑料行业一致,cn,300478,杭州高新,4,国家重点扶持产业,第二梯队：新兴支柱产业,新材料,主营+行业映射,公司主营业务为特种聚乙烯及交联聚乙烯电缆料,无卤低烟阻燃电缆料、特种聚乙烯及交联聚乙烯电缆料、特种聚氯乙烯电缆料、通用聚氯乙烯电缆料,,基础化工,塑料,改性塑料,2026-08-30复核：生产主营“无卤低烟阻燃电缆料、特种聚乙烯及交联聚乙烯电缆料、特种聚氯乙烯电缆料、通用聚氯乙烯电缆料”，行业分类“基础化工/塑料/改性塑料”；归入新材料,20260830_NEW,False
B_行业与主营一致,申万三级行业为其他计算机设备，主营未发现冲突,cn,300479,神思电子,4,国家重点扶持产业,第二梯队：新兴支柱产业,先进计算与信息设备,主营+行业映射,公司主营业务为AI+智慧城市业务,身份认证产品、智慧医疗产品、AI+智慧城市业务,,计算机,计算机设备,其他计算机设备,2026-08-30复核：生产主营“身份认证产品、智慧医疗产品、AI+智慧城市业务”，行业分类“计算机/计算机设备/其他计算机设备”；归入先进计算与信息设备,20260830_NEW,False
A_主营直接支持,主营/新战略业务直接命中集成电路证据,cn,300480,光力科技,4,国家重点扶持产业,第二梯队：新兴支柱产业,集成电路,旧批次规则复核,公司主营业务为半导体封测装备类产品,安全生产监控类产品、半导体封测装备类产品,,机械设备,专用设备,能源及重型设备,Codex复核：披露业务“半导体封测装备类产品”明确属于集成电路,PREEXISTING,False
C_需人工复核,未在主营/新战略业务中找到集成电路材料直接证据；当前主要依赖电子化学品Ⅲ,cn,300481,濮阳惠成,4,国家重点扶持产业,第三梯队：卡脖子底座,集成电路材料,主营+行业映射,公司主营业务为顺酐酸酐衍生物,顺酐酸酐衍生物、功能材料中间体,,电子,电子化学品,电子化学品Ⅲ,2026-08-30复核：生产主营“顺酐酸酐衍生物、功能材料中间体”，行业分类“电子/电子化学品/电子化学品Ⅲ”；归入集成电路材料,20260830_NEW,False
B_行业与主营一致,申万三级为体外诊断；保留“高端”口径复核要求,cn,300482,万孚生物,4,国家重点扶持产业,第二梯队：新兴支柱产业,高端医疗器械,主营+行业映射,公司主营业务为慢性疾病检测,传染病检测、慢性疾病检测、妊娠及优生优育检测、毒品(药物滥用)检测,,医药生物,医疗器械,体外诊断,2026-08-30复核：生产主营“传染病检测、慢性疾病检测、妊娠及优生优育检测、毒品(药物滥用)检测”，行业分类“医药生物/医疗器械/体外诊断”；归入高端医疗器械,20260830_NEW,False
B_行业与主营一致,申万三级行业为工控设备，未发现直接冲突,cn,300484,蓝海华腾,4,国家重点扶持产业,第二梯队：新兴支柱产业,智能制造装备,主营+行业映射,公司主营业务为电动汽车电机控制器,电动汽车电机控制器、中低压变频器,,机械设备,自动化设备,工控设备,2026-08-30复核：生产主营“电动汽车电机控制器、中低压变频器”，行业分类“机械设备/自动化设备/工控设备”；归入智能制造装备,20260830_NEW,False
B_行业与主营一致,申万三级行业为其他生物制品，未发现直接冲突,cn,300485,赛升药业,4,国家重点扶持产业,第二梯队：新兴支柱产业,生物医药,主营+行业映射,公司主营业务为心脑血管用药,免疫系统用药、心脑血管用药、神经系统用药,,医药生物,生物制品,其他生物制品,2026-08-30复核：生产主营“免疫系统用药、心脑血管用药、神经系统用药”，行业分类“医药生物/生物制品/其他生物制品”；归入生物医药,20260830_NEW,False
B_行业与主营一致,申万三级为光学元件，与关键元器件方向一致,cn,300489,光智科技,4,国家重点扶持产业,第二梯队：新兴支柱产业,关键电子元器件,主营+行业映射,公司主营业务为红外光学材料,红外光学材料、铝合金材料及零部件,,电子,光学光电子,光学元件,2026-08-30复核：生产主营“红外光学材料、铝合金材料及零部件”，行业分类“电子/光学光电子/光学元件”；归入关键电子元器件,20260830_NEW,False
A_主营直接支持,主营/新战略业务直接命中高端装备证据,cn,300490,华自科技,4,国家重点扶持产业,第二梯队：新兴支柱产业,高端装备,主营/战略文本,公司主营业务为新能源(源、网、荷、储)设备及系统,锂电池及其材料智能装备、新能源(源、网、荷、储)设备及系统、膜及膜产品、水利、水处理自动化产品及整体解决方案,,电力设备,电池,锂电专用设备,2026-08-30复核：生产主营业务“锂电池及其材料智能装备、新能源(源、网、荷、储)设备及系统、膜及膜产品、水利、水处理自动化产品及整体解决方案”命中“智能装备”；归入高端装备,20260830_NEW,False
A_主营直接支持,主营/新战略业务直接命中数字创意证据,cn,300494,盛天网络,4,国家重点扶持产业,第二梯队：新兴支柱产业,数字创意,主营+行业映射,公司主营业务为网络广告与增值业务,游戏运营业务、IP运营业务、网络广告与增值业务,,传媒,游戏,游戏Ⅲ,2026-08-30复核：生产主营“游戏运营业务、IP运营业务、网络广告与增值业务”，行业分类“传媒/游戏/游戏Ⅲ”；归入数字创意,20260830_NEW,False
A_主营直接支持,主营/新战略业务直接命中软件与信息技术服务证据,cn,300496,中科创达,3,用户常用,第二梯队：新兴支柱产业,软件与信息技术服务,主营+行业映射,公司主营业务为技术服务,软件开发、技术服务、软件许可,,计算机,IT服务,IT服务Ⅲ,2026-08-30复核：生产主营“软件开发、技术服务、软件许可”，行业分类“计算机/IT服务/IT服务Ⅲ”；归入软件与信息技术服务,20260830_NEW,False
A_主营直接支持,主营/新战略业务直接命中生物医药证据,cn,300497,富祥股份,4,国家重点扶持产业,第二梯队：新兴支柱产业,生物医药,主营/战略文本,公司主营业务为中间体,原料药、中间体、制剂、CDMO、锂电池电解液添加剂,,医药生物,化学制药,原料药,2026-08-30复核：生产主营业务“原料药、中间体、制剂、CDMO、锂电池电解液添加剂”命中“原料药”；归入生物医药,20260830_NEW,False
A_主营直接支持,主营/新战略业务直接命中光模块证据,cn,300502,新易盛,1,黄埔线下标的,第一梯队：AI+超级主线,光模块,旧批次规则复核,公司主营业务为点对点光模块,点对点光模块、PON光模块,,通信,通信设备,通信网络设备及器件,Codex复核：披露业务“点对点光模块”明确属于光模块,PREEXISTING,False
A_主营直接支持,主营/新战略业务直接命中新一代通信证据,cn,300504,天邑股份,4,国家重点扶持产业,第二梯队：新兴支柱产业,新一代通信,主营+行业映射,公司主营业务为宽带网络终端设备,宽带网络终端设备、通信网络物理连接与保护设备、移动通信网络优化系统设备、热缩制品等,,通信,通信设备,通信终端及配件,2026-08-30复核：生产主营“宽带网络终端设备、通信网络物理连接与保护设备、移动通信网络优化系统设备、热缩制品等”，行业分类“通信/通信设备/通信终端及配件”；归入新一代通信,20260830_NEW,False
B_行业与主营一致,申万三级行业为其他计算机设备，主营未发现冲突,cn,300508,维宏股份,4,国家重点扶持产业,第二梯队：新兴支柱产业,先进计算与信息设备,主营+行业映射,公司主营业务为一体机,控制卡、一体机、驱动器、配件及服务,,计算机,计算机设备,其他计算机设备,2026-08-30复核：生产主营“控制卡、一体机、驱动器、配件及服务”，行业分类“计算机/计算机设备/其他计算机设备”；归入先进计算与信息设备,20260830_NEW,False
B_行业与主营一致,申万三级行业为通信工程及服务，未发现直接冲突,cn,300513,恒实科技,4,国家重点扶持产业,第二梯队：新兴支柱产业,新一代通信,主营+行业映射,公司主营业务为系统集成,工程施工及维护、技术服务、物业管理、软件开发、软件销售、销售商品、系统集成、设计,,通信,通信服务,通信工程及服务,2026-08-30复核：生产主营“工程施工及维护、技术服务、物业管理、软件开发、软件销售、销售商品、系统集成、设计”，行业分类“通信/通信服务/通信工程及服务”；归入新一代通信,20260830_NEW,False
A_主营直接支持,主营/新战略业务直接命中高端仪器证据,cn,300515,三德科技,4,国家重点扶持产业,第三梯队：卡脖子底座,高端仪器,旧批次规则复核,公司主营业务为无人化智能装备业务,分析仪器业务、无人化智能装备业务、运维等衍生技术服务,,机械设备,通用设备,仪器仪表,Codex复核：披露业务“无人化智能装备业务”明确属于高端仪器,PREEXISTING,False
B_行业与主营一致,申万三级行业为中药Ⅲ，未发现直接冲突,cn,300519,新光药业,4,国家重点扶持产业,第二梯队：新兴支柱产业,现代中药,主营+行业映射,公司主营业务为黄芪生脉饮,黄芪生脉饮、伸筋丹胶囊、西洋参口服液,,医药生物,中药,中药Ⅲ,2026-08-30复核：生产主营“黄芪生脉饮、伸筋丹胶囊、西洋参口服液”，行业分类“医药生物/中药/中药Ⅲ”；归入现代中药,20260830_NEW,False
B_行业与主营一致,申万三级行业为垂直应用软件，与软件/信息服务标签一致,cn,300520,科大国创,4,国家重点扶持产业,第二梯队：新兴支柱产业,软件与信息技术服务,主营+行业映射,公司主营业务为数字化应用,数字化应用、数字化产品、数字化运营,,计算机,软件开发,垂直应用软件,2026-08-30复核：生产主营“数字化应用、数字化产品、数字化运营”，行业分类“计算机/软件开发/垂直应用软件”；归入软件与信息技术服务,20260830_NEW,False
B_行业与主营一致,申万三级行业为IT服务Ⅲ，与软件/信息服务标签一致,cn,300523,辰安科技,4,国家重点扶持产业,第二梯队：新兴支柱产业,软件与信息技术服务,主营+行业映射,公司主营业务为城市安全,城市安全、应急管理、装备与消防、国际业务、安全文教、消费者业务,,计算机,IT服务,IT服务Ⅲ,2026-08-30复核：生产主营“城市安全、应急管理、装备与消防、国际业务、安全文教、消费者业务”，行业分类“计算机/IT服务/IT服务Ⅲ”；归入软件与信息技术服务,20260830_NEW,False
A_主营直接支持,主营/新战略业务直接命中软件与信息技术服务证据,cn,300525,博思软件,4,国家重点扶持产业,第二梯队：新兴支柱产业,软件与信息技术服务,主营+行业映射,公司主营业务为技术服务,软件开发与销售、技术服务,,计算机,软件开发,垂直应用软件,2026-08-30复核：生产主营“软件开发与销售、技术服务”，行业分类“计算机/软件开发/垂直应用软件”；归入软件与信息技术服务,20260830_NEW,False
C_需人工复核,未在主营/新战略业务中找到高端医疗器械直接证据；当前主要依赖医疗耗材,cn,300529,健帆生物,4,国家重点扶持产业,第二梯队：新兴支柱产业,高端医疗器械,主营+行业映射,公司主营业务为一次性使用血液灌流器,一次性使用血液灌流器、一次性使用血浆胆红素吸附器、血液净化设备、血液透析粉液产品、管路产品、血浆分离器,,医药生物,医疗器械,医疗耗材,2026-08-30复核：生产主营“一次性使用血液灌流器、一次性使用血浆胆红素吸附器、血液净化设备、血液透析粉液产品、管路产品、血浆分离器”，行业分类“医药生物/医疗器械/医疗耗材”；归入高端医疗器械,20260830_NEW,False
B_行业与主营一致,申万三级行业为其他计算机设备，主营未发现冲突,cn,300531,优博讯,4,国家重点扶持产业,第二梯队：新兴支柱产业,先进计算与信息设备,主营+行业映射,公司主营业务为智能终端,专用打印机、智能终端、软件、开发及服务,,计算机,计算机设备,其他计算机设备,2026-08-30复核：生产主营“专用打印机、智能终端、软件、开发及服务”，行业分类“计算机/计算机设备/其他计算机设备”；归入先进计算与信息设备,20260830_NEW,False
B_行业与主营一致,申万三级行业为IT服务Ⅲ，与软件/信息服务标签一致,cn,300532,今天国际,4,国家重点扶持产业,第二梯队：新兴支柱产业,软件与信息技术服务,主营+行业映射,公司主营业务为系统综合解决方案,系统综合解决方案、智能软硬件产品、售后运维服务,,计算机,IT服务,IT服务Ⅲ,2026-08-30复核：生产主营“系统综合解决方案、智能软硬件产品、售后运维服务”，行业分类“计算机/IT服务/IT服务Ⅲ”；归入软件与信息技术服务,20260830_NEW,False
A_主营直接支持,主营/新战略业务直接命中数字创意证据,cn,300533,冰川网络,4,国家重点扶持产业,第二梯队：新兴支柱产业,数字创意,主营+行业映射,公司主营业务为移动游戏充值收入,移动游戏充值收入、客户端游戏充值收入,,传媒,游戏,游戏Ⅲ,2026-08-30复核：生产主营“移动游戏充值收入、客户端游戏充值收入”，行业分类“传媒/游戏/游戏Ⅲ”；归入数字创意,20260830_NEW,False
A_主营直接支持,主营/新战略业务直接命中生物医药证据,cn,300534,陇神戎发,4,国家重点扶持产业,第二梯队：新兴支柱产业,生物医药,主营/战略文本,公司主营业务为合剂类等,中草药材等、原料药、合剂类等、滴丸剂类、片剂类、物流配送、胶囊剂类、膜剂类,,医药生物,中药,中药Ⅲ,2026-08-30复核：生产主营业务“中草药材等、原料药、合剂类等、滴丸剂类、片剂类、物流配送、胶囊剂类、膜剂类”命中“原料药”；归入生物医药,20260830_NEW,False
A_主营直接支持,主营/新战略业务直接命中集成电路材料证据,cn,300537,广信材料,4,国家重点扶持产业,第三梯队：卡脖子底座,集成电路材料,旧批次规则复核,公司主营业务为光刻胶及配套材料,光刻胶及配套材料、涂料,,电子,电子化学品,电子化学品Ⅲ,Codex复核：披露业务“光刻胶及配套材料”明确属于集成电路材料,PREEXISTING,False
A_主营直接支持,主营/新战略业务直接命中新材料证据,cn,300538,同益股份,4,国家重点扶持产业,第二梯队：新兴支柱产业,新材料,主营/战略文本,公司主营业务为电子材料,复合材料板棒材及原料、工程塑料、电子材料、通用塑料,,基础化工,塑料,改性塑料,2026-08-30复核：生产主营业务“复合材料板棒材及原料、工程塑料、电子材料、通用塑料”命中“复合材料”；归入新材料,20260830_NEW,False
A_主营直接支持,主营/新战略业务直接命中软件与信息技术服务证据,cn,300541,先进数通,4,国家重点扶持产业,第二梯队：新兴支柱产业,软件与信息技术服务,主营+行业映射,公司主营业务为IT基础设施建设,IT基础设施建设、软件解决方案、IT运行维护服务,,计算机,IT服务,IT服务Ⅲ,2026-08-30复核：生产主营“IT基础设施建设、软件解决方案、IT运行维护服务”，行业分类“计算机/IT服务/IT服务Ⅲ”；归入软件与信息技术服务,20260830_NEW,False
A_主营直接支持,主营/新战略业务直接命中软件与信息技术服务证据,cn,300542,新晨科技,4,国家重点扶持产业,第二梯队：新兴支柱产业,软件与信息技术服务,主营+行业映射,公司主营业务为软件开发,系统集成、软件开发、专业技术服务,,计算机,软件开发,垂直应用软件,2026-08-30复核：生产主营“系统集成、软件开发、专业技术服务”，行业分类“计算机/软件开发/垂直应用软件”；归入软件与信息技术服务,20260830_NEW,False
C_需人工复核,未在主营/新战略业务中找到新型显示直接证据；当前主要依赖面板,cn,300545,联得装备,4,国家重点扶持产业,第二梯队：新兴支柱产业,新型显示,主营+行业映射,公司主营业务为设备类,设备类、夹治具、线体类,,电子,光学光电子,面板,2026-08-30复核：生产主营“设备类、夹治具、线体类”，行业分类“电子/光学光电子/面板”；归入新型显示,20260830_NEW,False
B_行业与主营一致,申万三级行业为其他计算机设备，主营未发现冲突,cn,300546,雄帝科技,4,国家重点扶持产业,第二梯队：新兴支柱产业,先进计算与信息设备,主营+行业映射,公司主营业务为身份识别与智慧政务,身份识别与智慧政务、智慧交通,,计算机,计算机设备,其他计算机设备,2026-08-30复核：生产主营“身份识别与智慧政务、智慧交通”，行业分类“计算机/计算机设备/其他计算机设备”；归入先进计算与信息设备,20260830_NEW,False
B_人工复核支持,存在人工复核说明，但仍需保留原始公告或招股书链接,cn,300548,长芯博创,2,S100,第一梯队：AI+超级主线,光模块,人工复核,公司主营业务为数据通信、消费及工业互联市场,电信市场、数据通信、消费及工业互联市场,,通信,通信设备,通信网络设备及器件,2026-08-30人工复核：主营数据通信及电信市场光模块业务；归入光模块,20260830_NEW,False
B_行业与主营一致,申万三级行业为垂直应用软件，与软件/信息服务标签一致,cn,300550,和仁科技,4,国家重点扶持产业,第二梯队：新兴支柱产业,软件与信息技术服务,主营+行业映射,公司主营业务为医疗信息系统,场景化应用系统、医疗信息系统,,计算机,软件开发,垂直应用软件,2026-08-30复核：生产主营“场景化应用系统、医疗信息系统”，行业分类“计算机/软件开发/垂直应用软件”；归入软件与信息技术服务,20260830_NEW,False
B_行业与主营一致,申万三级行业为其他计算机设备，主营未发现冲突,cn,300551,古鳌科技,4,国家重点扶持产业,第二梯队：新兴支柱产业,先进计算与信息设备,主营+行业映射,公司主营业务为金融信息服务,金融信息服务、金融机具设备及服务、信息技术产品系列,,计算机,计算机设备,其他计算机设备,2026-08-30复核：生产主营“金融信息服务、金融机具设备及服务、信息技术产品系列”，行业分类“计算机/计算机设备/其他计算机设备”；归入先进计算与信息设备,20260830_NEW,False
B_行业与主营一致,申万三级行业为其他计算机设备，主营未发现冲突,cn,300552,万集科技,4,国家重点扶持产业,第二梯队：新兴支柱产业,先进计算与信息设备,主营+行业映射,公司主营业务为专用短程通信,智能网联、激光雷达、专用短程通信、动态称重,,计算机,计算机设备,其他计算机设备,2026-08-30复核：生产主营“智能网联、激光雷达、专用短程通信、动态称重”，行业分类“计算机/计算机设备/其他计算机设备”；归入先进计算与信息设备,20260830_NEW,False
B_行业与主营一致,申万三级行业为垂直应用软件，与软件/信息服务标签一致,cn,300556,丝路视觉,4,国家重点扶持产业,第二梯队：新兴支柱产业,软件与信息技术服务,主营+行业映射,公司主营业务为数字化展览展示综合业务,数字化展览展示综合业务、数字内容应用、展览展示场景构建、数字内容应用业务,,计算机,软件开发,垂直应用软件,2026-08-30复核：生产主营“数字化展览展示综合业务、数字内容应用、展览展示场景构建、数字内容应用业务”，行业分类“计算机/软件开发/垂直应用软件”；归入软件与信息技术服务,20260830_NEW,False
B_行业与主营一致,申万三级行业为化学制剂，未发现直接冲突,cn,300558,贝达药业,4,国家重点扶持产业,第二梯队：新兴支柱产业,生物医药,主营+行业映射,公司主营业务为药品销售,药品销售,,医药生物,化学制药,化学制剂,2026-08-30复核：生产主营“药品销售”，行业分类“医药生物/化学制药/化学制剂”；归入生物医药,20260830_NEW,False
B_行业与主营一致,申万三级行业为垂直应用软件，与软件/信息服务标签一致,cn,300559,佳发教育,4,国家重点扶持产业,第二梯队：新兴支柱产业,软件与信息技术服务,主营+行业映射,公司主营业务为教育考试标准化考点产品及整体解决方案,教育考试标准化考点产品及整体解决方案、智慧教育产品及整体解决方案、运营服务,,计算机,软件开发,垂直应用软件,2026-08-30复核：生产主营“教育考试标准化考点产品及整体解决方案、智慧教育产品及整体解决方案、运营服务”，行业分类“计算机/软件开发/垂直应用软件”；归入软件与信息技术服务,20260830_NEW,False
A_主营直接支持,主营/新战略业务直接命中算力网证据,cn,300560,中富通,4,国家重点扶持产业,第一梯队：AI+超级主线,算力网,旧批次规则复核,公司主营业务为通信网络建设、维护业务,产品销售、技术服务、数字营销、渠道销售、算力租赁服务、系统集成、软件开发、通信网络优化业务、通信网络建设、维护业务,,通信,通信服务,通信工程及服务,Codex复核：披露业务“通信网络建设、维护业务”明确属于算力网,PREEXISTING,False
B_行业与主营一致,申万三级为医疗设备；保留“高端”口径复核要求,cn,300562,乐心医疗,4,国家重点扶持产业,第二梯队：新兴支柱产业,高端医疗器械,主营+行业映射,公司主营业务为家用医疗产品,家用医疗产品、家用健康产品、智能可穿戴,,医药生物,医疗器械,医疗设备,2026-08-30复核：生产主营“家用医疗产品、家用健康产品、智能可穿戴”，行业分类“医药生物/医疗器械/医疗设备”；归入高端医疗器械,20260830_NEW,False
B_行业与主营一致,申万三级行业为通信线缆及配套，未发现直接冲突,cn,300563,神宇股份,4,国家重点扶持产业,第二梯队：新兴支柱产业,新一代通信,主营+行业映射,公司主营业务为射频同轴电缆,射频同轴电缆、黄金拉丝产品,,通信,通信设备,通信线缆及配套,2026-08-30复核：生产主营“射频同轴电缆、黄金拉丝产品”，行业分类“通信/通信设备/通信线缆及配套”；归入新一代通信,20260830_NEW,False
A_主营直接支持,主营/新战略业务直接命中数据中心证据,cn,300565,科信技术,4,国家重点扶持产业,第一梯队：AI+超级主线,数据中心,旧批次规则复核,公司主营业务为无线网络能源产品,固定及传输网络产品、数据中心产品、无线网络能源产品,,通信,通信设备,通信网络设备及器件,Codex复核：披露业务“无线网络能源产品”明确属于数据中心,PREEXISTING,False
B_行业与主营一致,申万三级为光学元件，与关键元器件方向一致,cn,300566,激智科技,4,国家重点扶持产业,第二梯队：新兴支柱产业,关键电子元器件,主营+行业映射,公司主营业务为光学薄膜,光学薄膜、太阳能背板/反光膜、窗膜、胶膜,,电子,光学光电子,光学元件,2026-08-30复核：生产主营“光学薄膜、太阳能背板/反光膜、窗膜、胶膜”，行业分类“电子/光学光电子/光学元件”；归入关键电子元器件,20260830_NEW,False
A_主营直接支持,主营/新战略业务直接命中集成电路证据,cn,300567,精测电子,2,S100,第二梯队：新兴支柱产业,集成电路,旧批次规则复核,公司主营业务为显示,显示、半导体、新能源,,机械设备,通用设备,仪器仪表,Codex复核：披露业务“显示”明确属于集成电路,PREEXISTING,False
B_行业与主营一致,申万三级行业为电池化学品，未发现直接冲突,cn,300568,星源材质,4,国家重点扶持产业,第二梯队：新兴支柱产业,动力电池与新型储能,主营+行业映射,公司主营业务为锂离子电池隔膜新能源材料,锂离子电池隔膜新能源材料,,电力设备,电池,电池化学品,2026-08-30复核：生产主营“锂离子电池隔膜新能源材料”，行业分类“电力设备/电池/电池化学品”；归入动力电池与新型储能,20260830_NEW,False
A_主营直接支持,主营/新战略业务直接命中风电证据,cn,300569,天能重工,4,国家重点扶持产业,第二梯队：新兴支柱产业,风电,主营/战略文本,公司主营业务为塔筒等风电设备制造,塔筒等风电设备制造、新能源发电,,电力设备,风电设备,风电零部件,2026-08-30复核：生产主营业务“塔筒等风电设备制造、新能源发电”命中“风电设备”；归入风电,20260830_NEW,False
A_主营直接支持,主营/新战略业务直接命中光通信器件证据,cn,300570,太辰光,2,S100,第一梯队：AI+超级主线,光通信器件,人工复核,公司主营业务为光器件产品,光器件产品、光传感产品,,通信,通信设备,通信网络设备及器件,2026-08-30人工复核：主营光器件及光传感产品；归入光通信器件,20260830_NEW,False
A_主营直接支持,主营/新战略业务直接命中新一代通信证据,cn,300571,平治信息,4,国家重点扶持产业,第二梯队：新兴支柱产业,新一代通信,主营+行业映射,公司主营业务为通信设备业务,通信设备业务、算力业务、运营商权益类业务,,通信,通信服务,通信应用增值服务,2026-08-30复核：生产主营“通信设备业务、算力业务、运营商权益类业务”，行业分类“通信/通信服务/通信应用增值服务”；归入新一代通信,20260830_NEW,False
B_行业与主营一致,申万三级行业为化学制剂，未发现直接冲突,cn,300573,兴齐眼药,3,用户常用,第二梯队：新兴支柱产业,生物医药,主营+行业映射,公司主营业务为滴眼剂,凝胶剂/眼膏剂、滴眼剂、溶液剂、医疗服务,,医药生物,化学制药,化学制剂,2026-08-30复核：生产主营“凝胶剂/眼膏剂、滴眼剂、溶液剂、医疗服务”，行业分类“医药生物/化学制药/化学制剂”；归入生物医药,20260830_NEW,False
A_主营直接支持,主营/新战略业务直接命中PCB证据,cn,300576,容大感光,4,国家重点扶持产业,第一梯队：AI+超级主线,PCB,旧批次规则复核,公司主营业务为PCB光刻胶,PCB光刻胶、显示用光刻胶及半导体光刻胶、特种油墨、光伏类感光化学品,,电子,电子化学品,电子化学品Ⅲ,Codex复核：披露业务“PCB光刻胶”明确属于PCB,PREEXISTING,False
B_行业与主营一致,申万三级行业为通信应用增值服务，未发现直接冲突,cn,300578,会畅科技,4,国家重点扶持产业,第二梯队：新兴支柱产业,新一代通信,主营+行业映射,公司主营业务为云视频业务,云视频业务,,通信,通信服务,通信应用增值服务,2026-08-30复核：生产主营“云视频业务”，行业分类“通信/通信服务/通信应用增值服务”；归入新一代通信,20260830_NEW,False
A_主营直接支持,主营/新战略业务直接命中软件与信息技术服务证据,cn,300579,数字认证,4,国家重点扶持产业,第二梯队：新兴支柱产业,软件与信息技术服务,主营+行业映射,公司主营业务为网络安全产品,电子认证服务、网络安全产品、网络安全集成、网络安全服务,,计算机,软件开发,垂直应用软件,2026-08-30复核：生产主营“电子认证服务、网络安全产品、网络安全集成、网络安全服务”，行业分类“计算机/软件开发/垂直应用软件”；归入软件与信息技术服务,20260830_NEW,False
A_主营直接支持,主营/新战略业务直接命中高端装备证据,cn,300580,贝斯特,3,用户常用,第二梯队：新兴支柱产业,高端装备,主营/战略文本,公司主营业务为汽车零部件,汽车零部件、智能装备及工装,,汽车,汽车零部件,底盘与发动机系统,2026-08-30复核：生产主营业务“汽车零部件、智能装备及工装”命中“智能装备”；归入高端装备,20260830_NEW,False
A_主营直接支持,主营/新战略业务直接命中航空航天证据,cn,300581,晨曦航空,4,国家重点扶持产业,第二梯队：新兴支柱产业,航空航天,旧批次规则复核,公司主营业务为航空惯性导航产品,航空惯性导航产品、光纤捷联惯性导航系统、导航计算机组件、航空发动机电子产品、航空发动机参数采集器,,国防军工,航空装备,航空装备Ⅲ,Codex复核：披露业务“航空惯性导航产品”明确属于航空航天,PREEXISTING,False
D_确认需修正,主营LED驱动电源和照明组件，不应归为新型显示,cn,300582,英飞特,4,国家重点扶持产业,第二梯队：新兴支柱产业,新型显示,主营+行业映射,公司主营业务为LED驱动电源,LED驱动电源、传统组件及灯具、控制系统、新能源相关产品、模组、灯带及标识,,电子,光学光电子,LED,2026-08-30复核：生产主营“LED驱动电源、传统组件及灯具、控制系统、新能源相关产品、模组、灯带及标识”，行业分类“电子/光学光电子/LED”；归入新型显示,20260830_NEW,False
B_行业与主营一致,申万三级行业为原料药，未发现直接冲突,cn,300583,赛托生物,4,国家重点扶持产业,第二梯队：新兴支柱产业,生物医药,主营+行业映射,公司主营业务为甾体药物原料,甾体药物原料、成品药,,医药生物,化学制药,原料药,2026-08-30复核：生产主营“甾体药物原料、成品药”，行业分类“医药生物/化学制药/原料药”；归入生物医药,20260830_NEW,False
A_主营直接支持,主营/新战略业务直接命中生物医药证据,cn,300584,海辰药业,4,国家重点扶持产业,第二梯队：新兴支柱产业,生物医药,主营/战略文本,公司主营业务为心脑血管类,停工损失、免疫调节类、利尿类、原料药及中间体、心脑血管类、抗生素类、抗病毒类、消化类,,医药生物,化学制药,化学制剂,2026-08-30复核：生产主营业务“停工损失、免疫调节类、利尿类、原料药及中间体、心脑血管类、抗生素类、抗病毒类、消化类”命中“原料药”；归入生物医药,20260830_NEW,False
B_行业与主营一致,材料类主营与改性塑料行业一致,cn,300586,美联新材,4,国家重点扶持产业,第二梯队：新兴支柱产业,新材料,主营+行业映射,公司主营业务为三聚氯氰,色母粒、三聚氯氰、液碱、高性能颜染料、电池隔膜,,基础化工,塑料,改性塑料,2026-08-30复核：生产主营“色母粒、三聚氯氰、液碱、高性能颜染料、电池隔膜”，行业分类“基础化工/塑料/改性塑料”；归入新材料,20260830_NEW,False
B_行业与主营一致,申万三级行业为安防设备，主营未发现冲突,cn,300588,熙菱信息,4,国家重点扶持产业,第二梯队：新兴支柱产业,先进计算与信息设备,主营+行业映射,公司主营业务为智能安防及信息化工程,智能安防及信息化工程、信息安全产品、服务与综合解决方案,,计算机,计算机设备,安防设备,2026-08-30复核：生产主营“智能安防及信息化工程、信息安全产品、服务与综合解决方案”，行业分类“计算机/计算机设备/安防设备”；归入先进计算与信息设备,20260830_NEW,False
B_行业与主营一致,申万三级行业为航海装备Ⅲ，未发现直接冲突,cn,300589,江龙船艇,4,国家重点扶持产业,第二梯队：新兴支柱产业,海洋工程装备,主营+行业映射,公司主营业务为公务执法船艇,公务执法船艇、旅游休闲船艇、特种作业船艇,,国防军工,航海装备,航海装备Ⅲ,2026-08-30复核：生产主营“公务执法船艇、旅游休闲船艇、特种作业船艇”，行业分类“国防军工/航海装备/航海装备Ⅲ”；归入海洋工程装备,20260830_NEW,False
B_行业与主营一致,申万三级行业为通信终端及配件，未发现直接冲突,cn,300590,移为通信,4,国家重点扶持产业,第二梯队：新兴支柱产业,新一代通信,主营+行业映射,公司主营业务为车载信息智能终端,个人安全智能终端、动物追踪溯源产品、资产管理信息智能终端、车载信息智能终端,,通信,通信设备,通信终端及配件,2026-08-30复核：生产主营“个人安全智能终端、动物追踪溯源产品、资产管理信息智能终端、车载信息智能终端”，行业分类“通信/通信设备/通信终端及配件”；归入新一代通信,20260830_NEW,False
A_主营直接支持,主营/新战略业务直接命中集成电路证据,cn,300593,新雷能,4,国家重点扶持产业,第二梯队：新兴支柱产业,集成电路,旧批次规则复核,公司主营业务为电源、电驱及电机类,电源、电驱及电机类、集成电路及集成电路微模组,,电力设备,其他电源设备,其他电源设备Ⅲ,Codex复核：披露业务“电源、电驱及电机类”明确属于集成电路,PREEXISTING,False
C_需人工复核,未在主营/新战略业务中找到高端医疗器械直接证据；当前主要依赖医疗耗材,cn,300595,欧普康视,4,国家重点扶持产业,第二梯队：新兴支柱产业,高端医疗器械,主营+行业映射,公司主营业务为硬性接触镜,硬性接触镜、护理产品、医疗收入、非视光类产品,,医药生物,医疗器械,医疗耗材,2026-08-30复核：生产主营“硬性接触镜、护理产品、医疗收入、非视光类产品”，行业分类“医药生物/医疗器械/医疗耗材”；归入高端医疗器械,20260830_NEW,False
B_行业与主营一致,申万三级行业为通信工程及服务，未发现直接冲突,cn,300597,吉大通信,4,国家重点扶持产业,第二梯队：新兴支柱产业,新一代通信,主营+行业映射,公司主营业务为工程服务,设计服务、工程服务、智慧食堂产品,,通信,通信服务,通信工程及服务,2026-08-30复核：生产主营“设计服务、工程服务、智慧食堂产品”，行业分类“通信/通信服务/通信工程及服务”；归入新一代通信,20260830_NEW,False
A_主营直接支持,主营/新战略业务直接命中软件与信息技术服务证据,cn,300598,诚迈科技,4,国家重点扶持产业,第二梯队：新兴支柱产业,软件与信息技术服务,主营+行业映射,公司主营业务为软件技术服务,软件技术服务、软件定制服务、软硬件产品的开发和销售,,计算机,软件开发,垂直应用软件,2026-08-30复核：生产主营“软件技术服务、软件定制服务、软硬件产品的开发和销售”，行业分类“计算机/软件开发/垂直应用软件”；归入软件与信息技术服务,20260830_NEW,False
A_主营直接支持,主营/新战略业务直接命中生物医药证据,cn,300601,康泰生物,4,国家重点扶持产业,第二梯队：新兴支柱产业,生物医药,旧批次规则复核,公司主营业务为自主产品-非免疫规划疫苗,自主产品-免疫规划疫苗、自主产品-非免疫规划疫苗,,医药生物,生物制品,疫苗,Codex复核：披露业务“自主产品-非免疫规划疫苗”明确属于生物医药,PREEXISTING,False
A_主营直接支持,主营/新战略业务直接命中关键电子元器件证据,cn,300602,飞荣达,4,国家重点扶持产业,第二梯队：新兴支柱产业,关键电子元器件,主营+行业映射,公司主营业务为热管理材料及器件,电磁屏蔽材料及器件、基站天线及相关器件、热管理材料及器件、防护功能器件、轻量化材料及器件、功能组件,,电子,消费电子,消费电子零部件及组装,2026-08-30复核：生产主营“电磁屏蔽材料及器件、基站天线及相关器件、热管理材料及器件、防护功能器件、轻量化材料及器件、功能组件”，行业分类“电子/消费电子/消费电子零部件及组装”；归入关键电子元器件,20260830_NEW,False
A_主营直接支持,主营/新战略业务直接命中数据中心证据,cn,300603,立昂技术,4,国家重点扶持产业,第一梯队：AI+超级主线,数据中心,旧批次规则复核,公司主营业务为通信网络业务,数字城市业务、通信网络业务、数据中心及云服务业务,,通信,通信服务,通信工程及服务,Codex复核：披露业务“通信网络业务”明确属于数据中心,PREEXISTING,False
B_行业与主营一致,打标说明记录了主营/战略关键词命中,cn,300604,长川科技,2,S100,第三梯队：卡脖子底座,集成电路设备,主营/战略文本,公司主营业务为测试机,测试机、分选机,,电子,半导体,半导体设备,2026-08-30复核：生产主营业务“测试机、分选机”命中“测试机、分选机”；归入集成电路设备,20260830_NEW,False
A_主营直接支持,主营/新战略业务直接命中软件与信息技术服务证据,cn,300605,恒锋信息,4,国家重点扶持产业,第二梯队：新兴支柱产业,软件与信息技术服务,主营+行业映射,公司主营业务为智慧城市信息服务,养老服务、智慧城市信息服务、设计服务、软件开发、运维服务,,计算机,软件开发,垂直应用软件,2026-08-30复核：生产主营“养老服务、智慧城市信息服务、设计服务、软件开发、运维服务”，行业分类“计算机/软件开发/垂直应用软件”；归入软件与信息技术服务,20260830_NEW,False
A_主营直接支持,主营/新战略业务直接命中工业母机证据,cn,300607,拓斯达,3,用户常用,第三梯队：卡脖子底座,工业母机,主营/战略文本,公司主营业务为智能能源及环境管理系统,工业机器人与自动化应用系统、注塑机、配套设备及自动供料系统、智能能源及环境管理系统、数控机床（CNC）,,机械设备,自动化设备,机器人,2026-08-30复核：生产主营业务“工业机器人与自动化应用系统、注塑机、配套设备及自动供料系统、智能能源及环境管理系统、数控机床（CNC）”命中“数控机床”；归入工业母机,20260830_NEW,False
B_行业与主营一致,申万三级行业为垂直应用软件，与软件/信息服务标签一致,cn,300608,思特奇,4,国家重点扶持产业,第二梯队：新兴支柱产业,软件与信息技术服务,主营+行业映射,公司主营业务为CRM,BILLING、CRM、云计算、大数据、移动互联网,,计算机,软件开发,垂直应用软件,2026-08-30复核：生产主营“BILLING、CRM、云计算、大数据、移动互联网”，行业分类“计算机/软件开发/垂直应用软件”；归入软件与信息技术服务,20260830_NEW,False
B_行业与主营一致,申万三级行业为IT服务Ⅲ，与软件/信息服务标签一致,cn,300609,汇纳科技,4,国家重点扶持产业,第二梯队：新兴支柱产业,软件与信息技术服务,主营+行业映射,公司主营业务为数据与运维服务,数据与运维服务、数字化软硬件集成、客流数据分析与远程巡店系统、大数据平台开发、智能屏管理系统,,计算机,IT服务,IT服务Ⅲ,2026-08-30复核：生产主营“数据与运维服务、数字化软硬件集成、客流数据分析与远程巡店系统、大数据平台开发、智能屏管理系统”，行业分类“计算机/IT服务/IT服务Ⅲ”；归入软件与信息技术服务,20260830_NEW,False
B_行业与主营一致,申万三级行业为数字芯片设计，未发现直接冲突,cn,300613,富瀚微,4,国家重点扶持产业,第二梯队：新兴支柱产业,集成电路,主营+行业映射,公司主营业务为专业视频处理产品,专业视频处理产品、智慧物联产品、智慧车行产品、技术服务,,电子,半导体,数字芯片设计,2026-08-30复核：生产主营“专业视频处理产品、智慧物联产品、智慧车行产品、技术服务”，行业分类“电子/半导体/数字芯片设计”；归入集成电路,20260830_NEW,False
B_行业与主营一致,申万三级行业为固废治理，未发现直接冲突,cn,300614,百川畅银,4,国家重点扶持产业,第二梯队：新兴支柱产业,节能环保,主营+行业映射,公司主营业务为沼气发电业务,储能供热业务、沼气发电业务、环卫及再生资源回收服务,,环保,环境治理,固废治理,2026-08-30复核：生产主营“储能供热业务、沼气发电业务、环卫及再生资源回收服务”，行业分类“环保/环境治理/固废治理”；归入节能环保,20260830_NEW,False
A_主营直接支持,主营/新战略业务直接命中新一代通信证据,cn,300615,欣天科技,4,国家重点扶持产业,第二梯队：新兴支柱产业,新一代通信,主营+行业映射,公司主营业务为通信类产品,通信类产品、新能源类结构件、医疗类结构件,,通信,通信设备,通信终端及配件,2026-08-30复核：生产主营“通信类产品、新能源类结构件、医疗类结构件”，行业分类“通信/通信设备/通信终端及配件”；归入新一代通信,20260830_NEW,False
A_主营直接支持,主营/新战略业务直接命中动力电池与新型储能证据,cn,300619,金银河,4,国家重点扶持产业,第二梯队：新兴支柱产业,动力电池与新型储能,主营+行业映射,公司主营业务为锂电池生产设备,锂电池生产设备、有机硅生产设备、有机硅产品、锂云母全元素高值化综合利用的产品,,电力设备,电池,锂电专用设备,2026-08-30复核：生产主营“锂电池生产设备、有机硅生产设备、有机硅产品、锂云母全元素高值化综合利用的产品”，行业分类“电力设备/电池/锂电专用设备”；归入动力电池与新型储能,20260830_NEW,False
A_主营直接支持,主营/新战略业务直接命中新一代通信证据,cn,300620,光库科技,3,用户常用,第二梯队：新兴支柱产业,新一代通信,主营+行业映射,公司主营业务为光纤激光器件,光纤激光器件、光通讯器件、激光雷达光源模块及器件,,通信,通信设备,通信网络设备及器件,2026-08-30复核：生产主营“光纤激光器件、光通讯器件、激光雷达光源模块及器件”，行业分类“通信/通信设备/通信网络设备及器件”；归入新一代通信,20260830_NEW,False
A_主营直接支持,主营/新战略业务直接命中集成电路证据,cn,300623,捷捷微电,4,国家重点扶持产业,第二梯队：新兴支柱产业,集成电路,旧批次规则复核,公司主营业务为功率半导体器件,功率半导体芯片、功率半导体器件、功率器件封测,,电子,半导体,分立器件,Codex复核：披露业务“功率半导体器件”明确属于集成电路,PREEXISTING,False
B_行业与主营一致,申万三级行业为横向通用软件，与软件/信息服务标签一致,cn,300624,万兴科技,4,国家重点扶持产业,第二梯队：新兴支柱产业,软件与信息技术服务,主营+行业映射,公司主营业务为视频创意类,视频创意类、实用工具类、文档创意类、绘图创意类,,计算机,软件开发,横向通用软件,2026-08-30复核：生产主营“视频创意类、实用工具类、文档创意类、绘图创意类”，行业分类“计算机/软件开发/横向通用软件”；归入软件与信息技术服务,20260830_NEW,False
B_行业与主营一致,申万三级行业为通信终端及配件，未发现直接冲突,cn,300627,华测导航,3,用户常用,第二梯队：新兴支柱产业,新一代通信,主营+行业映射,公司主营业务为系统应用及解决方案,高精度定位装备、系统应用及解决方案,,通信,通信设备,通信终端及配件,2026-08-30复核：生产主营“高精度定位装备、系统应用及解决方案”，行业分类“通信/通信设备/通信终端及配件”；归入新一代通信,20260830_NEW,False
A_主营直接支持,主营/新战略业务直接命中新一代通信证据,cn,300628,亿联网络,3,用户常用,第二梯队：新兴支柱产业,新一代通信,主营+行业映射,公司主营业务为桌面通信终端,云办公终端、会议产品、桌面通信终端,,通信,通信设备,通信终端及配件,2026-08-30复核：生产主营“云办公终端、会议产品、桌面通信终端”，行业分类“通信/通信设备/通信终端及配件”；归入新一代通信,20260830_NEW,False
B_行业与主营一致,申万三级行业为军工电子Ⅲ，未发现直接冲突,cn,300629,新劲刚,4,国家重点扶持产业,第二梯队：新兴支柱产业,航空航天与军工电子,主营+行业映射,公司主营业务为射频微波业务,射频微波业务、特殊应用领域材料,,国防军工,军工电子,军工电子Ⅲ,2026-08-30复核：生产主营“射频微波业务、特殊应用领域材料”，行业分类“国防军工/军工电子/军工电子Ⅲ”；归入航空航天与军工电子,20260830_NEW,False
B_行业与主营一致,申万三级行业为环保设备Ⅲ，未发现直接冲突,cn,300631,久吾高科,4,国家重点扶持产业,第二梯队：新兴支柱产业,节能环保,主营+行业映射,公司主营业务为膜集成技术整体解决方案及其成套设备,膜集成技术整体解决方案及其成套设备、材料及配件,,环保,环保设备,环保设备Ⅲ,2026-08-30复核：生产主营“膜集成技术整体解决方案及其成套设备、材料及配件”，行业分类“环保/环保设备/环保设备Ⅲ”；归入节能环保,20260830_NEW,False
A_主营直接支持,主营/新战略业务直接命中集成电路证据,cn,300632,光莆股份,4,国家重点扶持产业,第二梯队：新兴支柱产业,集成电路,旧批次规则复核,公司主营业务为半导体光应用,半导体光应用、FPC+、医疗美容,,电子,光学光电子,LED,Codex复核：披露业务“半导体光应用”明确属于集成电路,PREEXISTING,False
A_主营直接支持,主营/新战略业务直接命中高端医疗器械证据,cn,300633,开立医疗,4,国家重点扶持产业,第二梯队：新兴支柱产业,高端医疗器械,主营+行业映射,公司主营业务为彩超,彩超、内窥镜及镜下治疗器具,,医药生物,医疗器械,医疗设备,2026-08-30复核：生产主营“彩超、内窥镜及镜下治疗器具”，行业分类“医药生物/医疗器械/医疗设备”；归入高端医疗器械,20260830_NEW,False
A_主营直接支持,主营/新战略业务直接命中软件与信息技术服务证据,cn,300634,彩讯股份,4,国家重点扶持产业,第二梯队：新兴支柱产业,软件与信息技术服务,主营+行业映射,公司主营业务为技术服务收入,技术服务收入、系统集成收入、软件产品开发与销售,,计算机,IT服务,IT服务Ⅲ,2026-08-30复核：生产主营“技术服务收入、系统集成收入、软件产品开发与销售”，行业分类“计算机/IT服务/IT服务Ⅲ”；归入软件与信息技术服务,20260830_NEW,False
A_主营直接支持,主营/新战略业务直接命中生物医药证据,cn,300636,同和药业,4,国家重点扶持产业,第二梯队：新兴支柱产业,生物医药,主营/战略文本,公司主营业务为医药原料药,医药原料药、医药中间体,,医药生物,化学制药,原料药,2026-08-30复核：生产主营业务“医药原料药、医药中间体”命中“原料药”；归入生物医药,20260830_NEW,False
A_主营直接支持,主营/新战略业务直接命中新一代通信证据,cn,300638,广和通,3,用户常用,第二梯队：新兴支柱产业,新一代通信,主营+行业映射,公司主营业务为无线通信模块,无线通信模块,,通信,通信设备,通信终端及配件,2026-08-30复核：生产主营“无线通信模块”，行业分类“通信/通信设备/通信终端及配件”；归入新一代通信,20260830_NEW,False
B_行业与主营一致,申万三级为体外诊断；保留“高端”口径复核要求,cn,300639,凯普生物,4,国家重点扶持产业,第二梯队：新兴支柱产业,高端医疗器械,主营+行业映射,公司主营业务为自产产品,自产产品、检验服务收入,,医药生物,医疗器械,体外诊断,2026-08-30复核：生产主营“自产产品、检验服务收入”，行业分类“医药生物/医疗器械/体外诊断”；归入高端医疗器械,20260830_NEW,False
B_行业与主营一致,申万三级为体外诊断；保留“高端”口径复核要求,cn,300642,透景生命,4,国家重点扶持产业,第二梯队：新兴支柱产业,高端医疗器械,主营+行业映射,公司主营业务为试剂收入,仪器收入、服务收入、试剂收入,,医药生物,医疗器械,体外诊断,2026-08-30复核：生产主营“仪器收入、服务收入、试剂收入”，行业分类“医药生物/医疗器械/体外诊断”；归入高端医疗器械,20260830_NEW,False
A_主营直接支持,主营/新战略业务直接命中先进材料证据,cn,300644,南京聚隆,4,国家重点扶持产业,第三梯队：卡脖子底座,先进材料,旧批次规则复核,公司主营业务为高性能工程化聚丙烯,高性能改性尼龙、高性能工程化聚丙烯、热塑性弹性体材料、碳纤维复合材料结构件、塑木环境工程材料、贸易品,,基础化工,塑料,改性塑料,Codex复核：披露业务“高性能工程化聚丙烯”明确属于先进材料,PREEXISTING,False
B_行业与主营一致,申万三级行业为其他计算机设备，主营未发现冲突,cn,300645,正元智慧,4,国家重点扶持产业,第二梯队：新兴支柱产业,先进计算与信息设备,主营+行业映射,公司主营业务为系统建设,系统建设、运营与服务、智能管控,,计算机,计算机设备,其他计算机设备,2026-08-30复核：生产主营“系统建设、运营与服务、智能管控”，行业分类“计算机/计算机设备/其他计算机设备”；归入先进计算与信息设备,20260830_NEW,False
C_需人工复核,未在主营/新战略业务中找到关键电子元器件直接证据；当前主要依赖消费电子零部件及组装,cn,300647,超频三,4,国家重点扶持产业,第二梯队：新兴支柱产业,关键电子元器件,主营+行业映射,公司主营业务为锂离子电池材料,LED照明灯具、散热产品、照明亮化工程、锂离子电池材料,,电子,消费电子,消费电子零部件及组装,2026-08-30复核：生产主营“LED照明灯具、散热产品、照明亮化工程、锂离子电池材料”，行业分类“电子/消费电子/消费电子零部件及组装”；归入关键电子元器件,20260830_NEW,False
A_主营直接支持,主营/新战略业务直接命中动力电池与新型储能证据,cn,300648,星云股份,4,国家重点扶持产业,第二梯队：新兴支柱产业,动力电池与新型储能,主营+行业映射,公司主营业务为锂电池设备,锂电池设备、检测服务,,电力设备,电池,锂电专用设备,2026-08-30复核：生产主营“锂电池设备、检测服务”，行业分类“电力设备/电池/锂电专用设备”；归入动力电池与新型储能,20260830_NEW,False
A_主营直接支持,主营/新战略业务直接命中集成电路证据,cn,300650,太龙股份,4,国家重点扶持产业,第二梯队：新兴支柱产业,集成电路,旧批次规则复核,公司主营业务为半导体分销,照明器具、LED显示屏、光电标识、半导体分销,,电子,其他电子,其他电子Ⅲ,Codex复核：披露业务“半导体分销”明确属于集成电路,PREEXISTING,False
C_需人工复核,未在主营/新战略业务中找到高端医疗器械直接证据；当前主要依赖医疗耗材,cn,300653,正海生物,4,国家重点扶持产业,第二梯队：新兴支柱产业,高端医疗器械,主营+行业映射,公司主营业务为口腔修复膜,口腔修复膜、脑膜系列产品,,医药生物,医疗器械,医疗耗材,2026-08-30复核：生产主营“口腔修复膜、脑膜系列产品”，行业分类“医药生物/医疗器械/医疗耗材”；归入高端医疗器械,20260830_NEW,False
A_主营直接支持,主营/新战略业务直接命中集成电路材料证据,cn,300655,晶瑞电材,4,国家重点扶持产业,第三梯队：卡脖子底座,集成电路材料,旧批次规则复核,公司主营业务为高纯化学品,光刻胶、高纯化学品、锂电池材料、工业化学品、能源,,电子,电子化学品,电子化学品Ⅲ,Codex复核：披露业务“高纯化学品”明确属于集成电路材料,PREEXISTING,False
A_主营直接支持,主营/新战略业务直接命中集成电路证据,cn,300656,民德电子,4,国家重点扶持产业,第二梯队：新兴支柱产业,集成电路,旧批次规则复核,公司主营业务为信息识别及自动化产品,信息识别及自动化产品、功率半导体产品、电子元器件产品、晶圆代工生产设备租赁收入,,电子,其他电子,其他电子Ⅲ,Codex复核：披露业务“信息识别及自动化产品”明确属于集成电路,PREEXISTING,False
A_主营直接支持,主营/新战略业务直接命中PCB证据,cn,300657,弘信电子,3,用户常用,第一梯队：AI+超级主线,PCB,旧批次规则复核,公司主营业务为印制电路板,印制电路板、背光模组、算力及相关业务,,电子,元件,印制电路板,Codex复核：披露业务“印制电路板”明确属于PCB,PREEXISTING,False
B_行业与主营一致,申万三级行业为其他计算机设备，主营未发现冲突,cn,300659,中孚信息,4,国家重点扶持产业,第二梯队：新兴支柱产业,先进计算与信息设备,主营+行业映射,公司主营业务为网络安全产品,网络安全产品、密码应用产品、信息安全服务,,计算机,计算机设备,其他计算机设备,2026-08-30复核：生产主营“网络安全产品、密码应用产品、信息安全服务”，行业分类“计算机/计算机设备/其他计算机设备”；归入先进计算与信息设备,20260830_NEW,False
B_人工复核支持,存在人工复核说明，但仍需保留原始公告或招股书链接,cn,300661,圣邦股份,2,S100,第二梯队：新兴支柱产业,集成电路,人工复核,公司主营业务为电源管理产品,信号链产品、电源管理产品,,电子,半导体,模拟芯片设计,2026-08-30人工复核：主营模拟芯片；归入集成电路,20260830_NEW,False
B_行业与主营一致,申万三级行业为垂直应用软件，与软件/信息服务标签一致,cn,300663,科蓝软件,4,国家重点扶持产业,第二梯队：新兴支柱产业,软件与信息技术服务,主营+行业映射,公司主营业务为电子渠道及中台,电子渠道及中台、互联网银行（含互联网核心）,,计算机,软件开发,垂直应用软件,2026-08-30复核：生产主营“电子渠道及中台、互联网银行（含互联网核心）”，行业分类“计算机/软件开发/垂直应用软件”；归入软件与信息技术服务,20260830_NEW,False
A_主营直接支持,主营/新战略业务直接命中节能环保证据,cn,300664,鹏鹞环保,4,国家重点扶持产业,第二梯队：新兴支柱产业,节能环保,主营+行业映射,公司主营业务为工程承包,污水处理、工程承包、供水、环保设备销售、利息收入、污泥处置,,环保,环境治理,水务及水治理,2026-08-30复核：生产主营“污水处理、工程承包、供水、环保设备销售、利息收入、污泥处置”，行业分类“环保/环境治理/水务及水治理”；归入节能环保,20260830_NEW,False
A_主营直接支持,主营/新战略业务直接命中集成电路材料证据,cn,300666,江丰电子,2,S100,第三梯队：卡脖子底座,集成电路材料,主营/战略文本,公司主营业务为超高纯靶材,超高纯靶材、精密零部件,,电子,半导体,半导体材料,2026-08-30复核：生产主营业务“超高纯靶材、精密零部件”命中“超高纯靶材”；归入集成电路材料,20260830_NEW,False
A_主营直接支持,主营/新战略业务直接命中光伏证据,cn,300670,大烨智能,4,国家重点扶持产业,第二梯队：新兴支柱产业,光伏,主营/战略文本,公司主营业务为智能配电设备,智能配电设备、光伏建设、海工建设、光伏发电、电缆保护管,,电力设备,电网设备,配电设备,2026-08-30复核：生产主营业务“智能配电设备、光伏建设、海工建设、光伏发电、电缆保护管”命中“光伏”；归入光伏,20260830_NEW,False
B_行业与主营一致,申万三级行业为模拟芯片设计，未发现直接冲突,cn,300671,富满微,4,国家重点扶持产业,第二梯队：新兴支柱产业,集成电路,主营+行业映射,公司主营业务为电源管理类,MOSFET类、电源管理类、LED灯、LED控制及驱动类,,电子,半导体,模拟芯片设计,2026-08-30复核：生产主营“MOSFET类、电源管理类、LED灯、LED控制及驱动类”，行业分类“电子/半导体/模拟芯片设计”；归入集成电路,20260830_NEW,False
B_行业与主营一致,申万三级行业为数字芯片设计，未发现直接冲突,cn,300672,国科微,4,国家重点扶持产业,第二梯队：新兴支柱产业,集成电路,主营+行业映射,公司主营业务为智慧视觉系列产品,固态存储系列产品、智慧视觉系列产品、物联网系列产品、研发设计及服务、超高清智能显示系列产品,,电子,半导体,数字芯片设计,2026-08-30复核：生产主营“固态存储系列产品、智慧视觉系列产品、物联网系列产品、研发设计及服务、超高清智能显示系列产品”，行业分类“电子/半导体/数字芯片设计”；归入集成电路,20260830_NEW,False
B_行业与主营一致,申万三级行业为IT服务Ⅲ，与软件/信息服务标签一致,cn,300674,宇信科技,4,国家重点扶持产业,第二梯队：新兴支柱产业,软件与信息技术服务,主营+行业映射,公司主营业务为银行IT解决方案,银行IT解决方案、创新运营业务、非银IT解决方案,,计算机,IT服务,IT服务Ⅲ,2026-08-30复核：生产主营“银行IT解决方案、创新运营业务、非银IT解决方案”，行业分类“计算机/IT服务/IT服务Ⅲ”；归入软件与信息技术服务,20260830_NEW,False
B_行业与主营一致,申万三级行业为诊断服务，未发现直接冲突,cn,300676,华大基因,3,用户常用,第二梯队：新兴支柱产业,生物医药,主营+行业映射,公司主营业务为精准医学检测综合解决方案,生育健康基础研究和临床应用服务、肿瘤与慢病防控及转化医学类服务、多组学大数据服务与合成业务、精准医学检测综合解决方案、感染防控基础研究和临床应用服务,,医药生物,医疗服务,诊断服务,2026-08-30复核：生产主营“生育健康基础研究和临床应用服务、肿瘤与慢病防控及转化医学类服务、多组学大数据服务与合成业务、精准医学检测综合解决方案、感染防控基础研究和临床应用服务”，行业分类“医药生物/医疗服务/诊断服务”；归入生物医药,20260830_NEW,False
C_需人工复核,未在主营/新战略业务中找到高端医疗器械直接证据；当前主要依赖医疗耗材,cn,300677,英科医疗,4,国家重点扶持产业,第二梯队：新兴支柱产业,高端医疗器械,主营+行业映射,公司主营业务为个人防护类,个人防护类、康复护理类,,医药生物,医疗器械,医疗耗材,2026-08-30复核：生产主营“个人防护类、康复护理类”，行业分类“医药生物/医疗器械/医疗耗材”；归入高端医疗器械,20260830_NEW,False
B_行业与主营一致,申万三级行业为IT服务Ⅲ，与软件/信息服务标签一致,cn,300678,中科信息,4,国家重点扶持产业,第二梯队：新兴支柱产业,软件与信息技术服务,主营+行业映射,公司主营业务为信息化解决方案,信息化解决方案、技术服务与开发,,计算机,IT服务,IT服务Ⅲ,2026-08-30复核：生产主营“信息化解决方案、技术服务与开发”，行业分类“计算机/IT服务/IT服务Ⅲ”；归入软件与信息技术服务,20260830_NEW,False
A_主营直接支持,主营/新战略业务直接命中关键电子元器件证据,cn,300679,电连技术,4,国家重点扶持产业,第二梯队：新兴支柱产业,关键电子元器件,主营+行业映射,公司主营业务为汽车连接器,射频连接器及线缆组件、电磁兼容件、软板、汽车连接器,,电子,消费电子,消费电子零部件及组装,2026-08-30复核：生产主营“射频连接器及线缆组件、电磁兼容件、软板、汽车连接器”，行业分类“电子/消费电子/消费电子零部件及组装”；归入关键电子元器件,20260830_NEW,False
A_主营直接支持,主营/新战略业务直接命中软件与信息技术服务证据,cn,300682,朗新科技,4,国家重点扶持产业,第二梯队：新兴支柱产业,软件与信息技术服务,主营+行业映射,公司主营业务为软件服务,平台运营、软件服务、智能终端,,计算机,IT服务,IT服务Ⅲ,2026-08-30复核：生产主营“平台运营、软件服务、智能终端”，行业分类“计算机/IT服务/IT服务Ⅲ”；归入软件与信息技术服务,20260830_NEW,False
B_行业与主营一致,申万三级行业为医疗研发外包，未发现直接冲突,cn,300683,海特生物,4,国家重点扶持产业,第二梯队：新兴支柱产业,生物医药研发服务,主营+行业映射,公司主营业务为技术服务收入,技术服务收入、注射用鼠神经生长因子（金路捷）、注射用埃普奈明,,医药生物,医疗服务,医疗研发外包,2026-08-30复核：生产主营“技术服务收入、注射用鼠神经生长因子（金路捷）、注射用埃普奈明”，行业分类“医药生物/医疗服务/医疗研发外包”；归入生物医药研发服务,20260830_NEW,False
C_需人工复核,未在主营/新战略业务中找到集成电路材料直接证据；当前主要依赖电子化学品Ⅲ,cn,300684,中石科技,3,用户常用,第三梯队：卡脖子底座,集成电路材料,主营+行业映射,公司主营业务为导热材料,导热材料、EMI屏蔽材料,,电子,电子化学品,电子化学品Ⅲ,2026-08-30复核：生产主营“导热材料、EMI屏蔽材料”，行业分类“电子/电子化学品/电子化学品Ⅲ”；归入集成电路材料,20260830_NEW,False
A_主营直接支持,主营/新战略业务直接命中生物医药研发服务证据,cn,300685,艾德生物,4,国家重点扶持产业,第二梯队：新兴支柱产业,生物医药研发服务,主营/战略文本,公司主营业务为检测试剂,检测试剂、检测服务、药物临床研究服务,,医药生物,医疗器械,体外诊断,2026-08-30复核：生产主营业务“检测试剂、检测服务、药物临床研究服务”命中“临床研究服务”；归入生物医药研发服务,20260830_NEW,False
B_行业与主营一致,主营明确包含关键电子元器件/组件,cn,300686,智动力,4,国家重点扶持产业,第二梯队：新兴支柱产业,关键电子元器件,主营+行业映射,公司主营业务为功能性电子器件,功能性电子器件、结构性电子器件、光学件,,电子,消费电子,消费电子零部件及组装,2026-08-30复核：生产主营“功能性电子器件、结构性电子器件、光学件”，行业分类“电子/消费电子/消费电子零部件及组装”；归入关键电子元器件,20260830_NEW,False
A_主营直接支持,主营/新战略业务直接命中工业互联网证据,cn,300687,赛意信息,4,国家重点扶持产业,第一梯队：AI+超级主线,工业互联网,旧批次规则复核,公司主营业务为泛ERP,泛ERP、智能制造及工业互联网,,计算机,IT服务,IT服务Ⅲ,Codex复核：披露业务“泛ERP”明确属于工业互联网,PREEXISTING,False
A_主营直接支持,主营/新战略业务直接命中AI行业应用证据,cn,300688,创业黑马,4,国家重点扶持产业,第一梯队：AI+超级主线,AI行业应用,主营/战略文本,公司主营业务为企业服务业务之科创知识产权服务,人工智能业务之人工智能企业服务、人工智能业务之人工智能培训、企业加速服务、企业服务业务之城市拓展服务、企业服务业务之科创知识产权服务、企业服务业务之营销服务,,社会服务,教育,培训教育,2026-08-30复核：生产主营业务“人工智能业务之人工智能企业服务、人工智能业务之人工智能培训、企业加速服务、企业服务业务之城市拓展服务、企业服务业务之科创知识产权服务、企业服务业务之营销服务”命中“人工智能业务”；归入AI行业应用,20260830_NEW,False
A_主营直接支持,主营/新战略业务直接命中集成电路证据,cn,300689,澄天伟业,4,国家重点扶持产业,第二梯队：新兴支柱产业,集成电路,旧批次规则复核,公司主营业务为智能卡产品,智能卡产品、综合制卡服务、半导体产品、引线框架产品、租赁业务,,通信,通信设备,通信终端及配件,Codex复核：披露业务“智能卡产品”明确属于集成电路,PREEXISTING,False
A_主营直接支持,主营/新战略业务直接命中风电证据,cn,300690,双一科技,4,国家重点扶持产业,第二梯队：新兴支柱产业,风电,主营+行业映射,公司主营业务为模具类,风电配套类、车辆覆盖件类、模具类、游艇业务,,电力设备,风电设备,风电零部件,2026-08-30复核：生产主营“风电配套类、车辆覆盖件类、模具类、游艇业务”，行业分类“电力设备/风电设备/风电零部件”；归入风电,20260830_NEW,False
B_行业与主营一致,申万三级行业为安防设备，主营未发现冲突,cn,300691,联合光电,4,国家重点扶持产业,第二梯队：新兴支柱产业,先进计算与信息设备,主营+行业映射,公司主营业务为主业产品,主业产品、创新产品,,计算机,计算机设备,安防设备,2026-08-30复核：生产主营“主业产品、创新产品”，行业分类“计算机/计算机设备/安防设备”；归入先进计算与信息设备,20260830_NEW,False
B_行业与主营一致,申万三级行业为水务及水治理，未发现直接冲突,cn,300692,中赋科技,4,国家重点扶持产业,第二梯队：新兴支柱产业,节能环保,主营+行业映射,公司主营业务为投资运营服务,投资运营服务、工程承包服务,,环保,环境治理,水务及水治理,2026-08-30复核：生产主营“投资运营服务、工程承包服务”，行业分类“环保/环境治理/水务及水治理”；归入节能环保,20260830_NEW,False
A_主营直接支持,主营/新战略业务直接命中航空航天证据,cn,300696,爱乐达,4,国家重点扶持产业,第二梯队：新兴支柱产业,航空航天,旧批次规则复核,公司主营业务为飞机零部件,飞机零部件,,国防军工,航空装备,航空装备Ⅲ,Codex复核：披露业务“飞机零部件”明确属于航空航天,PREEXISTING,False
B_行业与主营一致,申万三级行业为通信网络设备及器件，未发现直接冲突,cn,300698,万马科技,4,国家重点扶持产业,第二梯队：新兴支柱产业,新一代通信,主营+行业映射,公司主营业务为车联网,车联网、机柜、机箱类产品、工业控制类产品、医疗信息化产品,,通信,通信设备,通信网络设备及器件,2026-08-30复核：生产主营“车联网、机柜、机箱类产品、工业控制类产品、医疗信息化产品”，行业分类“通信/通信设备/通信网络设备及器件”；归入新一代通信,20260830_NEW,False
A_主营直接支持,主营/新战略业务直接命中新材料证据,cn,300699,光威复材,3,用户常用,第二梯队：新兴支柱产业,新材料,主营/战略文本,公司主营业务为碳纤维及织物,碳纤维及织物、碳梁、预浸料,,国防军工,航空装备,航空装备Ⅲ,2026-08-30复核：生产主营业务“碳纤维及织物、碳梁、预浸料”命中“碳纤维”；归入新材料,20260830_NEW,False
A_主营直接支持,主营/新战略业务直接命中关键电子元器件证据,cn,300701,森霸传感,4,国家重点扶持产业,第二梯队：新兴支柱产业,关键电子元器件,主营+行业映射,公司主营业务为热释电红外传感器,热释电红外传感器、可见光传感器、探测器及系统配套,,电子,光学光电子,光学元件,2026-08-30复核：生产主营“热释电红外传感器、可见光传感器、探测器及系统配套”，行业分类“电子/光学光电子/光学元件”；归入关键电子元器件,20260830_NEW,False
A_主营直接支持,主营/新战略业务直接命中生物医药证据,cn,300702,天宇股份,4,国家重点扶持产业,第二梯队：新兴支柱产业,生物医药,主营/战略文本,公司主营业务为降血压类原料药及中间体,降血压类原料药及中间体、降血糖类原料药及中间体、抗凝血类原料药及中间体、制剂类、抗哮喘类原料药及中间体、降血脂类原料药及中间体,,医药生物,化学制药,原料药,2026-08-30复核：生产主营业务“降血压类原料药及中间体、降血糖类原料药及中间体、抗凝血类原料药及中间体、制剂类、抗哮喘类原料药及中间体、降血脂类原料药及中间体”命中“原料药”；归入生物医药,20260830_NEW,False
A_主营直接支持,主营/新战略业务直接命中生物医药证据,cn,300705,九典制药,4,国家重点扶持产业,第二梯队：新兴支柱产业,生物医药,主营/战略文本,公司主营业务为药品制剂,药品制剂、原料药、药用辅料、技术转让及服务、软件开发及维护费,,医药生物,化学制药,化学制剂,2026-08-30复核：生产主营业务“药品制剂、原料药、药用辅料、技术转让及服务、软件开发及维护费”命中“原料药”；归入生物医药,20260830_NEW,False
A_主营直接支持,主营/新战略业务直接命中集成电路材料证据,cn,300706,阿石创,4,国家重点扶持产业,第三梯队：卡脖子底座,集成电路材料,主营+行业映射,公司主营业务为溅射靶材,溅射靶材、蒸镀材料、金属与合金材料,,电子,半导体,半导体材料,2026-08-30复核：生产主营“溅射靶材、蒸镀材料、金属与合金材料”，行业分类“电子/半导体/半导体材料”；归入集成电路材料,20260830_NEW,False
A_主营直接支持,主营/新战略业务直接命中新型显示证据,cn,300708,聚灿光电,4,国家重点扶持产业,第二梯队：新兴支柱产业,新型显示,主营+行业映射,公司主营业务为LED芯片及外延片,LED芯片及外延片,,电子,光学光电子,LED,2026-08-30复核：生产主营“LED芯片及外延片”，行业分类“电子/光学光电子/LED”；归入新型显示,20260830_NEW,False
C_需人工复核,未在主营/新战略业务中找到关键电子元器件直接证据；当前主要依赖消费电子零部件及组装,cn,300709,精研科技,4,国家重点扶持产业,第二梯队：新兴支柱产业,关键电子元器件,主营+行业映射,公司主营业务为MIM零部件及组件,MIM零部件及组件、精密塑胶零部件及组件、终端产品,,电子,消费电子,消费电子零部件及组装,2026-08-30复核：生产主营“MIM零部件及组件、精密塑胶零部件及组件、终端产品”，行业分类“电子/消费电子/消费电子零部件及组装”；归入关键电子元器件,20260830_NEW,False
A_主营直接支持,主营/新战略业务直接命中新一代通信证据,cn,300710,万隆光电,4,国家重点扶持产业,第二梯队：新兴支柱产业,新一代通信,主营+行业映射,公司主营业务为有线电视光纤传输设备,有线电视光纤传输设备、有线电视电缆传输设备、电信增值服务,,通信,通信设备,通信网络设备及器件,2026-08-30复核：生产主营“有线电视光纤传输设备、有线电视电缆传输设备、电信增值服务”，行业分类“通信/通信设备/通信网络设备及器件”；归入新一代通信,20260830_NEW,False
A_主营直接支持,主营/新战略业务直接命中新一代通信证据,cn,300711,广哈通信,4,国家重点扶持产业,第二梯队：新兴支柱产业,新一代通信,主营+行业映射,公司主营业务为可靠通信网络,可靠通信网络、泛指挥调度业务、数字化服务,,通信,通信设备,其他通信设备,2026-08-30复核：生产主营“可靠通信网络、泛指挥调度业务、数字化服务”，行业分类“通信/通信设备/其他通信设备”；归入新一代通信,20260830_NEW,False
A_主营直接支持,主营/新战略业务直接命中光伏证据,cn,300712,永福股份,4,国家重点扶持产业,第二梯队：新兴支柱产业,光伏,主营/战略文本,公司主营业务为电力能源综合集成解决方案及服务,电力能源综合集成解决方案及服务、电力工程勘察设计（含规划咨询）、EPC工程总承包、智能运维、分布式光伏集成产品及服务、数字能源产品及服务、能源销售,,建筑装饰,专业工程,其他专业工程,2026-08-30复核：生产主营业务“电力能源综合集成解决方案及服务、电力工程勘察设计（含规划咨询）、EPC工程总承包、智能运维、分布式光伏集成产品及服务、数字能源产品及服务、能源销售”命中“光伏”；归入光伏,20260830_NEW,False
A_主营直接支持,主营/新战略业务直接命中航空航天证据,cn,300719,安达维尔,4,国家重点扶持产业,第二梯队：新兴支柱产业,航空航天,主营+行业映射,公司主营业务为机载设备,机载设备、航空维修、测控及保障设备,,国防军工,航空装备,航空装备Ⅲ,2026-08-30复核：生产主营“机载设备、航空维修、测控及保障设备”，行业分类“国防军工/航空装备/航空装备Ⅲ”；归入航空航天,20260830_NEW,False
B_行业与主营一致,申万三级行业为航天装备Ⅲ，未发现直接冲突,cn,300722,新余国科,4,国家重点扶持产业,第二梯队：新兴支柱产业,航空航天,主营+行业映射,公司主营业务为军品,军品、民品,,国防军工,航天装备,航天装备Ⅲ,2026-08-30复核：生产主营“军品、民品”，行业分类“国防军工/航天装备/航天装备Ⅲ”；归入航空航天,20260830_NEW,False
B_行业与主营一致,申万三级行业为化学制剂，未发现直接冲突,cn,300723,一品红,4,国家重点扶持产业,第二梯队：新兴支柱产业,生物医药,主营+行业映射,公司主营业务为儿童药,儿童药、慢病药,,医药生物,化学制药,化学制剂,2026-08-30复核：生产主营“儿童药、慢病药”，行业分类“医药生物/化学制药/化学制剂”；归入生物医药,20260830_NEW,False
B_行业与主营一致,申万三级行业为光伏加工设备，未发现直接冲突,cn,300724,捷佳伟创,3,用户常用,第二梯队：新兴支柱产业,光伏,主营+行业映射,公司主营业务为工艺设备,工艺设备、自动化配套设备,,电力设备,光伏设备,光伏加工设备,2026-08-30复核：生产主营“工艺设备、自动化配套设备”，行业分类“电力设备/光伏设备/光伏加工设备”；归入光伏,20260830_NEW,False
B_行业与主营一致,申万三级行业为医疗研发外包，未发现直接冲突,cn,300725,药石科技,3,用户常用,第二梯队：新兴支柱产业,生物医药研发服务,主营+行业映射,公司主营业务为药物开发及商业化阶段的产品和服务,药物研究阶段的产品和服务、药物开发及商业化阶段的产品和服务,,医药生物,医疗服务,医疗研发外包,2026-08-30复核：生产主营“药物研究阶段的产品和服务、药物开发及商业化阶段的产品和服务”，行业分类“医药生物/医疗服务/医疗研发外包”；归入生物医药研发服务,20260830_NEW,False
B_行业与主营一致,申万三级行业为军工电子Ⅲ，未发现直接冲突,cn,300726,宏达电子,4,国家重点扶持产业,第二梯队：新兴支柱产业,航空航天与军工电子,主营+行业映射,公司主营业务为元器件,元器件,,国防军工,军工电子,军工电子Ⅲ,2026-08-30复核：生产主营“元器件”，行业分类“国防军工/军工电子/军工电子Ⅲ”；归入航空航天与军工电子,20260830_NEW,False
B_行业与主营一致,申万三级行业为垂直应用软件，与软件/信息服务标签一致,cn,300730,科创信息,4,国家重点扶持产业,第二梯队：新兴支柱产业,软件与信息技术服务,主营+行业映射,公司主营业务为数字政府,数字政府、智慧企业,,计算机,软件开发,垂直应用软件,2026-08-30复核：生产主营“数字政府、智慧企业”，行业分类“计算机/软件开发/垂直应用软件”；归入软件与信息技术服务,20260830_NEW,False
A_主营直接支持,主营/新战略业务直接命中航空航天证据,cn,300733,西菱动力,4,国家重点扶持产业,第二梯队：新兴支柱产业,航空航天,主营/战略文本,公司主营业务为发动机零部件,发动机零部件、航空零部件,,汽车,汽车零部件,底盘与发动机系统,2026-08-30复核：生产主营业务“发动机零部件、航空零部件”命中“航空零部件”；归入航空航天,20260830_NEW,False
C_需人工复核,未在主营/新战略业务中找到关键电子元器件直接证据；当前主要依赖消费电子零部件及组装,cn,300735,光弘科技,4,国家重点扶持产业,第二梯队：新兴支柱产业,关键电子元器件,主营+行业映射,公司主营业务为消费电子类,消费电子类、汽车电子类,,电子,消费电子,消费电子零部件及组装,2026-08-30复核：生产主营“消费电子类、汽车电子类”，行业分类“电子/消费电子/消费电子零部件及组装”；归入关键电子元器件,20260830_NEW,False
A_主营直接支持,主营/新战略业务直接命中数据中心证据,cn,300738,奥飞数据,3,用户常用,第一梯队：AI+超级主线,数据中心,旧批次人工复核,公司主营业务为IDC服务,IDC服务、分布式光伏节能服务、光模块销售业务,,通信,通信服务,通信应用增值服务,Codex复核：结合主营业务将候选结果调整为数据中心,PREEXISTING,False
A_主营直接支持,主营/新战略业务直接命中PCB证据,cn,300739,明阳电路,4,国家重点扶持产业,第一梯队：AI+超级主线,PCB,旧批次规则复核,公司主营业务为印制电路板,印制电路板,,电子,元件,印制电路板,Codex复核：披露业务“印制电路板”明确属于PCB,PREEXISTING,False
B_行业与主营一致,申万三级行业为其他计算机设备，主营未发现冲突,cn,300743,天地数码,4,国家重点扶持产业,第二梯队：新兴支柱产业,先进计算与信息设备,主营+行业映射,公司主营业务为条码碳带,传真碳带、打码碳带、条码碳带、水转印碳带,,计算机,计算机设备,其他计算机设备,2026-08-30复核：生产主营“传真碳带、打码碳带、条码碳带、水转印碳带”，行业分类“计算机/计算机设备/其他计算机设备”；归入先进计算与信息设备,20260830_NEW,False
A_主营直接支持,主营/新战略业务直接命中氢能证据,cn,300745,欣锐科技,4,国家重点扶持产业,第四梯队：未来产业,氢能,旧批次规则复核,公司主营业务为车载电源集成产品,车载DC/DC变换器、车载充电机、车载电源集成产品、燃料电池相关产品,,汽车,汽车零部件,汽车电子电气系统,Codex复核：披露业务“车载电源集成产品”明确属于氢能,PREEXISTING,False
B_行业与主营一致,主营为激光设备/装备，与高端装备方向一致,cn,300747,锐科激光,4,国家重点扶持产业,第二梯队：新兴支柱产业,高端装备,主营+行业映射,公司主营业务为连续光纤激光器,脉冲光纤激光器、连续光纤激光器、超快激光器、特种光纤,,机械设备,自动化设备,激光设备,2026-08-30复核：生产主营“脉冲光纤激光器、连续光纤激光器、超快激光器、特种光纤”，行业分类“机械设备/自动化设备/激光设备”；归入高端装备,20260830_NEW,False
B_行业与主营一致,材料类主营与磁性材料行业一致,cn,300748,金力永磁,3,用户常用,第二梯队：新兴支柱产业,新材料,主营+行业映射,公司主营业务为钕铁硼磁钢,钕铁硼磁钢,,有色金属,金属新材料,磁性材料,2026-08-30复核：生产主营“钕铁硼磁钢”，行业分类“有色金属/金属新材料/磁性材料”；归入新材料,20260830_NEW,False
A_主营直接支持,主营/新战略业务直接命中动力电池与新型储能证据,cn,300750,宁德时代,1,黄埔线下标的,第二梯队：新兴支柱产业,动力电池与新型储能,人工复核,公司主营业务为动力电池系统,动力电池系统、储能电池系统、电池材料及回收、电池矿产资源,,电力设备,电池,锂电池,2026-08-30人工复核：主营动力及储能电池；归入动力电池与新型储能,20260830_NEW,False
A_主营直接支持,主营/新战略业务直接命中光伏证据,cn,300751,迈为股份,2,S100,第二梯队：新兴支柱产业,光伏,主营/战略文本,公司主营业务为太阳能电池成套生产设备,太阳能电池成套生产设备、单机,,电力设备,光伏设备,光伏加工设备,2026-08-30复核：生产主营业务“太阳能电池成套生产设备、单机”命中“太阳能电池”；归入光伏,20260830_NEW,False
A_主营直接支持,主营/新战略业务直接命中新型显示证据,cn,300752,隆利科技,4,国家重点扶持产业,第二梯队：新兴支柱产业,新型显示,主营+行业映射,公司主营业务为背光显示模组,背光显示模组,,电子,光学光电子,LED,2026-08-30复核：生产主营“背光显示模组”，行业分类“电子/光学光电子/LED”；归入新型显示,20260830_NEW,False
B_行业与主营一致,申万三级为医疗设备；保留“高端”口径复核要求,cn,300753,爱朋医疗,4,国家重点扶持产业,第二梯队：新兴支柱产业,高端医疗器械,主营+行业映射,公司主营业务为疼痛管理产品,疼痛管理产品、鼻腔及上气道产品,,医药生物,医疗器械,医疗设备,2026-08-30复核：生产主营“疼痛管理产品、鼻腔及上气道产品”，行业分类“医药生物/医疗器械/医疗设备”；归入高端医疗器械,20260830_NEW,False
A_主营直接支持,主营/新战略业务直接命中生物医药证据,cn,300759,康龙化成,3,用户常用,第二梯队：新兴支柱产业,生物医药,旧批次规则复核,公司主营业务为实验室服务,实验室服务、CMC(小分子CDMO）服务、临床研究服务、大分子和细胞与基因治疗服务,,医药生物,医疗服务,医疗研发外包,Codex复核：披露业务“实验室服务”明确属于生物医药,PREEXISTING,False
B_行业与主营一致,申万三级行业为医疗设备，未发现直接冲突,cn,300760,迈瑞医疗,3,用户常用,第二梯队：新兴支柱产业,生物医药,旧批次规则复核,公司主营业务为生命信息与支持类产品,生命信息与支持类产品、体外诊断类产品、医学影像类产品、电生理与血管介入类产品,,医药生物,医疗器械,医疗设备,Codex复核：披露业务“生命信息与支持类产品”明确属于生物医药,PREEXISTING,False
B_行业与主营一致,申万三级行业为军工电子Ⅲ，未发现直接冲突,cn,300762,上海瀚讯,3,用户常用,第二梯队：新兴支柱产业,航空航天与军工电子,主营+行业映射,公司主营业务为宽带移动通信设备,宽带移动通信设备,,国防军工,军工电子,军工电子Ⅲ,2026-08-30复核：生产主营“宽带移动通信设备”，行业分类“国防军工/军工电子/军工电子Ⅲ”；归入航空航天与军工电子,20260830_NEW,False
A_主营直接支持,主营/新战略业务直接命中光伏证据,cn,300763,锦浪科技,3,用户常用,第二梯队：新兴支柱产业,光伏,主营/战略文本,公司主营业务为并网逆变器,并网逆变器、户用光伏发电系统、新能源电力生产、储能逆变器,,电力设备,光伏设备,逆变器,2026-08-30复核：生产主营业务“并网逆变器、户用光伏发电系统、新能源电力生产、储能逆变器”命中“光伏”；归入光伏,20260830_NEW,False
A_主营直接支持,主营/新战略业务直接命中生物医药证据,cn,300765,石药创新,4,国家重点扶持产业,第二梯队：新兴支柱产业,生物医药,旧批次规则复核,公司主营业务为功能食品及原料,功能食品及原料、生物制药,,医药生物,化学制药,原料药,Codex复核：披露业务“功能食品及原料”明确属于生物医药,PREEXISTING,False
B_行业与主营一致,申万三级行业为横向通用软件，与软件/信息服务标签一致,cn,300766,每日互动,3,用户常用,第二梯队：新兴支柱产业,软件与信息技术服务,主营+行业映射,公司主营业务为公共服务,开发者服务、增长服务、增能与风控服务、品牌服务、公共服务,,计算机,软件开发,横向通用软件,2026-08-30复核：生产主营“开发者服务、增长服务、增能与风控服务、品牌服务、公共服务”，行业分类“计算机/软件开发/横向通用软件”；归入软件与信息技术服务,20260830_NEW,False
A_主营直接支持,主营/新战略业务直接命中软件与信息技术服务证据,cn,300768,迪普科技,4,国家重点扶持产业,第二梯队：新兴支柱产业,软件与信息技术服务,主营+行业映射,公司主营业务为网络安全产品,网络安全产品、应用交付及网络产品,,计算机,软件开发,横向通用软件,2026-08-30复核：生产主营“网络安全产品、应用交付及网络产品”，行业分类“计算机/软件开发/横向通用软件”；归入软件与信息技术服务,20260830_NEW,False
B_行业与主营一致,申万三级行业为电池化学品，未发现直接冲突,cn,300769,德方纳米,4,国家重点扶持产业,第二梯队：新兴支柱产业,动力电池与新型储能,主营+行业映射,公司主营业务为磷酸盐系正极材料,磷酸盐系正极材料,,电力设备,电池,电池化学品,2026-08-30复核：生产主营“磷酸盐系正极材料”，行业分类“电力设备/电池/电池化学品”；归入动力电池与新型储能,20260830_NEW,False
B_行业与主营一致,申万三级行业为其他计算机设备，主营未发现冲突,cn,300771,智莱科技,4,国家重点扶持产业,第二梯队：新兴支柱产业,先进计算与信息设备,主营+行业映射,公司主营业务为智能快件箱类设备,智能快件箱类设备、自助电子寄存柜类设备、智能恒温及售卖类设备,,计算机,计算机设备,其他计算机设备,2026-08-30复核：生产主营“智能快件箱类设备、自助电子寄存柜类设备、智能恒温及售卖类设备”，行业分类“计算机/计算机设备/其他计算机设备”；归入先进计算与信息设备,20260830_NEW,False
A_主营直接支持,主营/新战略业务直接命中风电证据,cn,300772,运达股份,4,国家重点扶持产业,第二梯队：新兴支柱产业,风电,主营/战略文本,公司主营业务为风电机组,风电机组、发电收入、新能源工程总承包服务、新能源电站开发转让,,电力设备,风电设备,风电整机,2026-08-30复核：生产主营业务“风电机组、发电收入、新能源工程总承包服务、新能源电站开发转让”命中“风电机组”；归入风电,20260830_NEW,False
A_主营直接支持,主营/新战略业务直接命中节能环保证据,cn,300774,倍杰特,4,国家重点扶持产业,第二梯队：新兴支柱产业,节能环保,主营+行业映射,公司主营业务为水处理解决方案,水处理解决方案、运营管理及技术服务、商品制造与销售,,环保,环境治理,水务及水治理,2026-08-30复核：生产主营“水处理解决方案、运营管理及技术服务、商品制造与销售”，行业分类“环保/环境治理/水务及水治理”；归入节能环保,20260830_NEW,False
B_行业与主营一致,申万三级行业为航空装备Ⅲ，未发现直接冲突,cn,300775,三角防务,4,国家重点扶持产业,第二梯队：新兴支柱产业,航空航天,主营+行业映射,公司主营业务为模锻件产品,模锻件产品、自由锻件产品,,国防军工,航空装备,航空装备Ⅲ,2026-08-30复核：生产主营“模锻件产品、自由锻件产品”，行业分类“国防军工/航空装备/航空装备Ⅲ”；归入航空航天,20260830_NEW,False
A_主营直接支持,主营/新战略业务直接命中光伏证据,cn,300776,帝尔激光,4,国家重点扶持产业,第二梯队：新兴支柱产业,光伏,主营/战略文本,公司主营业务为太阳能电池激光加工设备,太阳能电池激光加工设备、配件、维修及技术服务费,,电力设备,光伏设备,光伏加工设备,2026-08-30复核：生产主营业务“太阳能电池激光加工设备、配件、维修及技术服务费”命中“太阳能电池”；归入光伏,20260830_NEW,False
A_主营直接支持,主营/新战略业务直接命中新材料证据,cn,300777,中简科技,3,用户常用,第二梯队：新兴支柱产业,新材料,主营/战略文本,公司主营业务为碳纤维,碳纤维、碳纤维织物,,国防军工,航空装备,航空装备Ⅲ,2026-08-30复核：生产主营业务“碳纤维、碳纤维织物”命中“碳纤维”；归入新材料,20260830_NEW,False
B_行业与主营一致,申万三级行业为固废治理，未发现直接冲突,cn,300779,惠城环保,4,国家重点扶持产业,第二梯队：新兴支柱产业,节能环保,主营+行业映射,公司主营业务为危险废物处理处置服务,资源化综合利用产品、危险废物处理处置服务、三废治理业务,,环保,环境治理,固废治理,2026-08-30复核：生产主营“资源化综合利用产品、危险废物处理处置服务、三废治理业务”，行业分类“环保/环境治理/固废治理”；归入节能环保,20260830_NEW,False
A_主营直接支持,主营/新战略业务直接命中工业母机证据,cn,300780,德恩精工,4,国家重点扶持产业,第三梯队：卡脖子底座,工业母机,主营/战略文本,公司主营业务为机械传动与传动联结件,机械传动与传动联结件、机械非标定制件、数控机床、工业机器人、MRO工品,,机械设备,通用设备,金属制品,2026-08-30复核：生产主营业务“机械传动与传动联结件、机械非标定制件、数控机床、工业机器人、MRO工品”命中“数控机床”；归入工业母机,20260830_NEW,False
A_主营直接支持,主营/新战略业务直接命中集成电路证据,cn,300782,卓胜微,3,用户常用,第二梯队：新兴支柱产业,集成电路,主营+行业映射,公司主营业务为射频分立器件,射频分立器件、射频模组,,电子,半导体,模拟芯片设计,2026-08-30复核：生产主营“射频分立器件、射频模组”，行业分类“电子/半导体/模拟芯片设计”；归入集成电路,20260830_NEW,False
C_需人工复核,未在主营/新战略业务中找到关键电子元器件直接证据；当前主要依赖消费电子零部件及组装,cn,300784,利安科技,4,国家重点扶持产业,第二梯队：新兴支柱产业,关键电子元器件,主营+行业映射,公司主营业务为注塑产品,注塑产品、精密注塑模具,,电子,消费电子,消费电子零部件及组装,2026-08-30复核：生产主营“注塑产品、精密注塑模具”，行业分类“电子/消费电子/消费电子零部件及组装”；归入关键电子元器件,20260830_NEW,False
B_行业与主营一致,申万三级行业为环保设备Ⅲ，未发现直接冲突,cn,300786,国林科技,4,国家重点扶持产业,第二梯队：新兴支柱产业,节能环保,主营+行业映射,公司主营业务为乙醛酸及其副产品,大型臭氧发生器系统设备及配套、乙醛酸及其副产品,,环保,环保设备,环保设备Ⅲ,2026-08-30复核：生产主营“大型臭氧发生器系统设备及配套、乙醛酸及其副产品”，行业分类“环保/环保设备/环保设备Ⅲ”；归入节能环保,20260830_NEW,False
C_需人工复核,未在主营/新战略业务中找到关键电子元器件直接证据；当前主要依赖消费电子零部件及组装,cn,300787,海能实业,4,国家重点扶持产业,第二梯队：新兴支柱产业,关键电子元器件,主营+行业映射,公司主营业务为电源适配器,互联、信号适配器、电源适配器,,电子,消费电子,消费电子零部件及组装,2026-08-30复核：生产主营“互联、信号适配器、电源适配器”，行业分类“电子/消费电子/消费电子零部件及组装”；归入关键电子元器件,20260830_NEW,False
B_行业与主营一致,申万三级行业为其他计算机设备，主营未发现冲突,cn,300789,唐源电气,4,国家重点扶持产业,第二梯队：新兴支柱产业,先进计算与信息设备,主营+行业映射,公司主营业务为机器视觉智能检测装备,机器视觉智能检测装备、大数据智能管控系统、铁路公交化与智慧车站、钒钛资源开发与利用,,计算机,计算机设备,其他计算机设备,2026-08-30复核：生产主营“机器视觉智能检测装备、大数据智能管控系统、铁路公交化与智慧车站、钒钛资源开发与利用”，行业分类“计算机/计算机设备/其他计算机设备”；归入先进计算与信息设备,20260830_NEW,False
B_行业与主营一致,申万三级行业为安防设备，主营未发现冲突,cn,300790,宇瞳光学,4,国家重点扶持产业,第二梯队：新兴支柱产业,先进计算与信息设备,主营+行业映射,公司主营业务为安防类,安防类、智能家居、车载类、汽车部品、机器视觉、应用光学,,计算机,计算机设备,安防设备,2026-08-30复核：生产主营“安防类、智能家居、车载类、汽车部品、机器视觉、应用光学”，行业分类“计算机/计算机设备/安防设备”；归入先进计算与信息设备,20260830_NEW,False
C_需人工复核,未在主营/新战略业务中找到关键电子元器件直接证据；当前主要依赖消费电子零部件及组装,cn,300793,佳禾智能,4,国家重点扶持产业,第二梯队：新兴支柱产业,关键电子元器件,主营+行业映射,公司主营业务为耳机,耳机、音箱、音频线,,电子,消费电子,消费电子零部件及组装,2026-08-30复核：生产主营“耳机、音箱、音频线”，行业分类“电子/消费电子/消费电子零部件及组装”；归入关键电子元器件,20260830_NEW,False
A_主营直接支持,主营/新战略业务直接命中高端仪器证据,cn,300797,钢研纳克,4,国家重点扶持产业,第三梯队：卡脖子底座,高端仪器,旧批次规则复核,公司主营业务为第三方检测服务,第三方检测服务、检测分析仪器、腐蚀防护工程与产品、标准物质/标准样品、能力验证服务,,社会服务,专业服务,检测服务,Codex复核：披露业务“第三方检测服务”明确属于高端仪器,PREEXISTING,False
A_主营直接支持,主营/新战略业务直接命中算力网证据,cn,300798,锦鸡股份,4,国家重点扶持产业,第一梯队：AI+超级主线,算力网,主营/战略文本,公司主营业务为染料产品,染料产品、算力服务,,基础化工,化学制品,纺织化学制品,2026-08-30复核：生产主营业务“染料产品、算力服务”命中“算力服务”；归入算力网,20260830_NEW,False
B_行业与主营一致,申万三级行业为环保设备Ⅲ，未发现直接冲突,cn,300800,力合科技,4,国家重点扶持产业,第二梯队：新兴支柱产业,节能环保,主营+行业映射,公司主营业务为运营服务,运营服务、环境监测系统、软件开发,,环保,环保设备,环保设备Ⅲ,2026-08-30复核：生产主营“运营服务、环境监测系统、软件开发”，行业分类“环保/环保设备/环保设备Ⅲ”；归入节能环保,20260830_NEW,False
B_行业与主营一致,申万三级行业为垂直应用软件，与软件/信息服务标签一致,cn,300803,指南针,3,用户常用,第二梯队：新兴支柱产业,软件与信息技术服务,主营+行业映射,公司主营业务为金融信息服务,金融信息服务、广告服务、证券服务,,计算机,软件开发,垂直应用软件,2026-08-30复核：生产主营“金融信息服务、广告服务、证券服务”，行业分类“计算机/软件开发/垂直应用软件”；归入软件与信息技术服务,20260830_NEW,False
A_主营直接支持,主营/新战略业务直接命中先进材料证据,cn,300806,斯迪克,4,国家重点扶持产业,第三梯队：卡脖子底座,先进材料,旧批次规则复核,公司主营业务为电子级胶粘材料,电子级胶粘材料、功能性薄膜材料、薄膜包装材料、热管理复合材料、高分子薄膜材料,,基础化工,塑料,膜材料,Codex复核：披露业务“电子级胶粘材料”明确属于先进材料,PREEXISTING,False
B_行业与主营一致,申万三级行业为其他计算机设备，主营未发现冲突,cn,300807,天迈科技,4,国家重点扶持产业,第二梯队：新兴支柱产业,先进计算与信息设备,主营+行业映射,公司主营业务为智能调度系统,智能调度系统、车辆远程监控系统、智能公交收银系统、新能源充电监控系统、出租车运营监管系统,,计算机,计算机设备,其他计算机设备,2026-08-30复核：生产主营“智能调度系统、车辆远程监控系统、智能公交收银系统、新能源充电监控系统、出租车运营监管系统”，行业分类“计算机/计算机设备/其他计算机设备”；归入先进计算与信息设备,20260830_NEW,False
D_确认需修正,定期报告确认主营LED移动/家居照明及小家电，不应归为新型显示,cn,300808,久量股份,4,国家重点扶持产业,第二梯队：新兴支柱产业,新型显示,主营+行业映射,公司主营业务为LED移动照明,LED移动照明、LED家居照明、移动家居小电器,,电子,光学光电子,LED,2026-08-30复核：生产主营“LED移动照明、LED家居照明、移动家居小电器”，行业分类“电子/光学光电子/LED”；归入新型显示,20260830_NEW,False
B_行业与主营一致,申万三级行业为机床工具，未发现直接冲突,cn,300809,华辰装备,4,国家重点扶持产业,第三梯队：卡脖子底座,工业母机,主营+行业映射,公司主营业务为全自动数控轧辊磨床,全自动数控轧辊磨床、维修改造业务、备件产品,,机械设备,通用设备,机床工具,2026-08-30复核：生产主营“全自动数控轧辊磨床、维修改造业务、备件产品”，行业分类“机械设备/通用设备/机床工具”；归入工业母机,20260830_NEW,False
B_行业与主营一致,申万三级行业为航海装备Ⅲ，未发现直接冲突,cn,300810,中科海讯,4,国家重点扶持产业,第二梯队：新兴支柱产业,海洋工程装备,主营+行业映射,公司主营业务为信号处理平台,信号处理平台、水声大数据与仿真系统、声呐系统、无人探测系统,,国防军工,航海装备,航海装备Ⅲ,2026-08-30复核：生产主营“信号处理平台、水声大数据与仿真系统、声呐系统、无人探测系统”，行业分类“国防军工/航海装备/航海装备Ⅲ”；归入海洋工程装备,20260830_NEW,False
B_行业与主营一致,材料类主营与磁性材料行业一致,cn,300811,铂科新材,4,国家重点扶持产业,第二梯队：新兴支柱产业,新材料,主营+行业映射,公司主营业务为金属软磁粉末制品,金属软磁粉末制品、金属软磁粉,,有色金属,金属新材料,磁性材料,2026-08-30复核：生产主营“金属软磁粉末制品、金属软磁粉”，行业分类“有色金属/金属新材料/磁性材料”；归入新材料,20260830_NEW,False
A_主营直接支持,主营/新战略业务直接命中集成电路设备证据,cn,300812,易天股份,4,国家重点扶持产业,第三梯队：卡脖子底座,集成电路设备,主营/战略文本,公司主营业务为平板显示专用设备类,平板显示专用设备类、半导体设备类,,电子,消费电子,消费电子零部件及组装,2026-08-30复核：生产主营业务“平板显示专用设备类、半导体设备类”命中“半导体设备”；归入集成电路设备,20260830_NEW,False
A_主营直接支持,主营/新战略业务直接命中PCB证据,cn,300814,中富电路,4,国家重点扶持产业,第一梯队：AI+超级主线,PCB,旧批次规则复核,公司主营业务为印制电路板,印制电路板,,电子,元件,印制电路板,Codex复核：披露业务“印制电路板”明确属于PCB,PREEXISTING,False
B_行业与主营一致,申万三级行业为固废治理，未发现直接冲突,cn,300815,玉禾田,4,国家重点扶持产业,第二梯队：新兴支柱产业,节能环保,主营+行业映射,公司主营业务为城市运营,城市运营、物业管理,,环保,环境治理,固废治理,2026-08-30复核：生产主营“城市运营、物业管理”，行业分类“环保/环境治理/固废治理”；归入节能环保,20260830_NEW,False
A_主营直接支持,主营/新战略业务直接命中新材料证据,cn,300817,双飞集团,4,国家重点扶持产业,第二梯队：新兴支柱产业,新材料,主营/战略文本,公司主营业务为滑动轴承,滑动轴承、复合材料、铜粉、液压配件,,机械设备,通用设备,金属制品,2026-08-30复核：生产主营业务“滑动轴承、复合材料、铜粉、液压配件”命中“复合材料”；归入新材料,20260830_NEW,False
C_需人工复核,未在主营/新战略业务中找到关键电子元器件直接证据；当前主要依赖消费电子零部件及组装,cn,300822,贝仕达克,4,国家重点扶持产业,第二梯队：新兴支柱产业,关键电子元器件,主营+行业映射,公司主营业务为智能控制器,智能控制器、智能产品、地板护理清洁工具,,电子,消费电子,消费电子零部件及组装,2026-08-30复核：生产主营“智能控制器、智能产品、地板护理清洁工具”，行业分类“电子/消费电子/消费电子零部件及组装”；归入关键电子元器件,20260830_NEW,False
A_主营直接支持,主营/新战略业务直接命中智能网联新能源汽车证据,cn,300825,阿尔特,4,国家重点扶持产业,第二梯队：新兴支柱产业,智能网联新能源汽车,主营/战略文本,公司主营业务为新能源汽车整车设计,新能源汽车整车设计、燃油汽车整车设计,,汽车,汽车服务,汽车综合服务,2026-08-30复核：生产主营业务“新能源汽车整车设计、燃油汽车整车设计”命中“新能源汽车整车”；归入智能网联新能源汽车,20260830_NEW,False
A_主营直接支持,主营/新战略业务直接命中光伏证据,cn,300827,上能电气,4,国家重点扶持产业,第二梯队：新兴支柱产业,光伏,主营/战略文本,公司主营业务为光伏逆变器,光伏逆变器、储能双向变流器及系统集成产品、电能质量治理产品、备件及技术服务,,电力设备,光伏设备,逆变器,2026-08-30复核：生产主营业务“光伏逆变器、储能双向变流器及系统集成产品、电能质量治理产品、备件及技术服务”命中“光伏”；归入光伏,20260830_NEW,False
A_主营直接支持,主营/新战略业务直接命中软件与信息技术服务证据,cn,300830,金现代,4,国家重点扶持产业,第二梯队：新兴支柱产业,软件与信息技术服务,主营+行业映射,公司主营业务为定制化软件开发及服务,定制化软件开发及服务、标准化软件产品开发及销售,,计算机,软件开发,垂直应用软件,2026-08-30复核：生产主营“定制化软件开发及服务、标准化软件产品开发及销售”，行业分类“计算机/软件开发/垂直应用软件”；归入软件与信息技术服务,20260830_NEW,False
B_行业与主营一致,申万三级为体外诊断；保留“高端”口径复核要求,cn,300832,新产业,4,国家重点扶持产业,第二梯队：新兴支柱产业,高端医疗器械,主营+行业映射,公司主营业务为试剂类,试剂类、仪器类,,医药生物,医疗器械,体外诊断,2026-08-30复核：生产主营“试剂类、仪器类”，行业分类“医药生物/医疗器械/体外诊断”；归入高端医疗器械,20260830_NEW,False
B_行业与主营一致,材料类主营与改性塑料行业一致,cn,300834,星辉环材,4,国家重点扶持产业,第二梯队：新兴支柱产业,新材料,主营+行业映射,公司主营业务为HIPS,HIPS、GPPS,,基础化工,塑料,改性塑料,2026-08-30复核：生产主营“HIPS、GPPS”，行业分类“基础化工/塑料/改性塑料”；归入新材料,20260830_NEW,False
A_主营直接支持,主营/新战略业务直接命中新材料证据,cn,300835,龙磁科技,4,国家重点扶持产业,第二梯队：新兴支柱产业,新材料,主营+行业映射,公司主营业务为磁性材料,磁性材料、微型逆变器及配件、租赁业务,,有色金属,金属新材料,磁性材料,2026-08-30复核：生产主营“磁性材料、微型逆变器及配件、租赁业务”，行业分类“有色金属/金属新材料/磁性材料”；归入新材料,20260830_NEW,False
A_主营直接支持,主营/新战略业务直接命中生物医药证据,cn,300841,康华生物,4,国家重点扶持产业,第二梯队：新兴支柱产业,生物医药,旧批次规则复核,公司主营业务为非免疫规划疫苗,非免疫规划疫苗,,医药生物,生物制品,疫苗,Codex复核：披露业务“非免疫规划疫苗”明确属于生物医药,PREEXISTING,False
C_需人工复核,未在主营/新战略业务中找到先进材料直接证据；当前主要依赖光伏辅材,cn,300842,帝科股份,4,国家重点扶持产业,第三梯队：卡脖子底座,先进材料,旧批次人工复核,公司主营业务为光伏导电银浆,光伏导电银浆、存储芯片、半导体封装浆料,,电力设备,光伏设备,光伏辅材,Codex复核：结合主营业务将候选结果调整为先进材料,PREEXISTING,False
A_主营直接支持,主营/新战略业务直接命中关键电子元器件证据,cn,300843,胜蓝股份,2,S100,第二梯队：新兴支柱产业,关键电子元器件,人工复核,公司主营业务为消费类电子连接器及组件,消费类电子连接器及组件、新能源汽车连接器及组件、光学透镜,,电子,消费电子,消费电子零部件及组装,2026-08-30人工复核：主营消费电子及新能源汽车连接器；归入关键电子元器件,20260830_NEW,False
B_行业与主营一致,申万三级行业为其他计算机设备，主营未发现冲突,cn,300845,捷安高科,4,国家重点扶持产业,第二梯队：新兴支柱产业,先进计算与信息设备,主营+行业映射,公司主营业务为轨道交通仿真实训系统,轨道交通仿真实训系统、安全作业仿真实训系统、技术服务、船舶装备领域仿真产品,,计算机,计算机设备,其他计算机设备,2026-08-30复核：生产主营“轨道交通仿真实训系统、安全作业仿真实训系统、技术服务、船舶装备领域仿真产品”，行业分类“计算机/计算机设备/其他计算机设备”；归入先进计算与信息设备,20260830_NEW,False
A_主营直接支持,主营/新战略业务直接命中数据中心证据,cn,300846,首都在线,3,用户常用,第一梯队：AI+超级主线,数据中心,旧批次规则复核,公司主营业务为IDC服务,IDC服务、云主机及相关服务,,计算机,IT服务,IT服务Ⅲ,Codex复核：披露业务“IDC服务”明确属于数据中心,PREEXISTING,False
B_行业与主营一致,申万三级行业为其他计算机设备，主营未发现冲突,cn,300847,中船汉光,4,国家重点扶持产业,第二梯队：新兴支柱产业,先进计算与信息设备,主营+行业映射,公司主营业务为静电成像设备及耗材产业及耗材产业 ,静电成像设备及耗材产业及耗材产业 、精密加工,,计算机,计算机设备,其他计算机设备,2026-08-30复核：生产主营“静电成像设备及耗材产业及耗材产业 、精密加工”，行业分类“计算机/计算机设备/其他计算机设备”；归入先进计算与信息设备,20260830_NEW,False
A_主营直接支持,主营/新战略业务直接命中海洋工程装备证据,cn,300850,新强联,4,国家重点扶持产业,第二梯队：新兴支柱产业,海洋工程装备,主营/战略文本,公司主营业务为风电类产品,风电类产品、海工装备类产品、盾构机类产品、锻件、钢球、滚子、锁紧盘、联轴器、电力,,电力设备,风电设备,风电零部件,2026-08-30复核：生产主营业务“风电类产品、海工装备类产品、盾构机类产品、锻件、钢球、滚子、锁紧盘、联轴器、电力”命中“海工装备”；归入海洋工程装备,20260830_NEW,False
A_主营直接支持,主营/新战略业务直接命中高端芯片证据,cn,300851,交大思诺,4,国家重点扶持产业,第三梯队：卡脖子底座,高端芯片,主营/战略文本,公司主营业务为应答器系统,应答器系统、机车信号CPU组件、轨道电路读取器,,机械设备,轨交设备,轨交设备Ⅲ,2026-08-30复核：生产主营业务“应答器系统、机车信号CPU组件、轨道电路读取器”命中“CPU”；归入高端芯片,20260830_NEW,False
A_主营直接支持,主营/新战略业务直接命中PCB证据,cn,300852,四会富仕,4,国家重点扶持产业,第一梯队：AI+超级主线,PCB,旧批次规则复核,公司主营业务为印制电路板,印制电路板,,电子,元件,印制电路板,Codex复核：披露业务“印制电路板”明确属于PCB,PREEXISTING,False
A_主营直接支持,主营/新战略业务直接命中智能机器人证据,cn,300853,申昊科技,4,国家重点扶持产业,第二梯队：新兴支柱产业,智能机器人,主营/战略文本,公司主营业务为智能监测检测及控制设备,智能机器人、智能监测检测及控制设备,,电力设备,电网设备,电网自动化设备,2026-08-30复核：生产主营业务“智能机器人、智能监测检测及控制设备”命中“智能机器人”；归入智能机器人,20260830_NEW,False
B_行业与主营一致,申万三级行业为固废治理，未发现直接冲突,cn,300854,中兰环保,4,国家重点扶持产业,第二梯队：新兴支柱产业,节能环保,主营+行业映射,公司主营业务为工程,工程、运营,,环保,环境治理,固废治理,2026-08-30复核：生产主营“工程、运营”，行业分类“环保/环境治理/固废治理”；归入节能环保,20260830_NEW,False
B_行业与主营一致,材料类主营与其他金属新材料行业一致,cn,300855,图南股份,4,国家重点扶持产业,第二梯队：新兴支柱产业,新材料,主营/战略文本,公司主营业务为变形高温合金,铸造高温合金、变形高温合金、特种不锈钢,,有色金属,金属新材料,其他金属新材料,2026-08-30复核：生产主营业务“铸造高温合金、变形高温合金、特种不锈钢”命中“高温合金”；归入新材料,20260830_NEW,False
A_主营直接支持,主营/新战略业务直接命中先进计算与存储设备证据,cn,300857,协创数据,2,S100,第二梯队：新兴支柱产业,先进计算与存储设备,人工复核,公司主营业务为数据存储设备,物联网智能终端、数据存储设备,,电子,消费电子,消费电子零部件及组装,2026-08-30人工复核：主营数据存储设备与物联网智能终端；归入先进计算与存储设备,20260830_NEW,False
B_行业与主营一致,申万三级行业为综合环境治理，未发现直接冲突,cn,300864,南大环境,4,国家重点扶持产业,第二梯队：新兴支柱产业,节能环保,主营+行业映射,公司主营业务为环境研究、咨询与设计,环境调查与鉴定、环境研究、咨询与设计、环境系统集成、环境污染第三方治理,,环保,环境治理,综合环境治理,2026-08-30复核：生产主营“环境调查与鉴定、环境研究、咨询与设计、环境系统集成、环境污染第三方治理”，行业分类“环保/环境治理/综合环境治理”；归入节能环保,20260830_NEW,False
B_行业与主营一致,申万三级行业为品牌消费电子，未发现直接冲突,cn,300866,安克创新,3,用户常用,第二梯队：新兴支柱产业,新一代智能终端,主营+行业映射,公司主营业务为充电储能类产品,充电储能类产品、智能创新类产品、智能影音类产品,,电子,消费电子,品牌消费电子,2026-08-30复核：生产主营“充电储能类产品、智能创新类产品、智能影音类产品”，行业分类“电子/消费电子/品牌消费电子”；归入新一代智能终端,20260830_NEW,False
A_主营直接支持,主营/新战略业务直接命中节能环保证据,cn,300867,圣元环保,4,国家重点扶持产业,第二梯队：新兴支柱产业,节能环保,主营+行业映射,公司主营业务为垃圾焚烧收入（含售电、售热、售蒸汽）,污水处理收入、垃圾焚烧收入（含售电、售热、售蒸汽）、PPP项目建造服务收入,,环保,环境治理,固废治理,2026-08-30复核：生产主营“污水处理收入、垃圾焚烧收入（含售电、售热、售蒸汽）、PPP项目建造服务收入”，行业分类“环保/环境治理/固废治理”；归入节能环保,20260830_NEW,False
C_需人工复核,未在主营/新战略业务中找到关键电子元器件直接证据；当前主要依赖消费电子零部件及组装,cn,300868,杰美特,4,国家重点扶持产业,第二梯队：新兴支柱产业,关键电子元器件,主营+行业映射,公司主营业务为智能手机保护类产品,智能手机保护类产品、平板电脑保护类产品,,电子,消费电子,消费电子零部件及组装,2026-08-30复核：生产主营“智能手机保护类产品、平板电脑保护类产品”，行业分类“电子/消费电子/消费电子零部件及组装”；归入关键电子元器件,20260830_NEW,False
B_行业与主营一致,申万三级为医疗设备；保留“高端”口径复核要求,cn,300869,康泰医学,4,国家重点扶持产业,第二梯队：新兴支柱产业,高端医疗器械,主营+行业映射,公司主营业务为院线类产品,家用类产品、院线类产品,,医药生物,医疗器械,医疗设备,2026-08-30复核：生产主营“家用类产品、院线类产品”，行业分类“医药生物/医疗器械/医疗设备”；归入高端医疗器械,20260830_NEW,False
A_主营直接支持,主营/新战略业务直接命中数据中心证据,cn,300870,欧陆通,4,国家重点扶持产业,第一梯队：AI+超级主线,数据中心,旧批次规则复核,公司主营业务为电源适配器,电源适配器、数据中心电源,,电力设备,其他电源设备,其他电源设备Ⅲ,Codex复核：披露业务“电源适配器”明确属于数据中心,PREEXISTING,False
A_主营直接支持,主营/新战略业务直接命中生物医药证据,cn,300871,回盛生物,4,国家重点扶持产业,第二梯队：新兴支柱产业,生物医药,主营/战略文本,公司主营业务为兽用化药制剂,兽用化药制剂、兽用原料药,,农林牧渔,动物保健,动物保健Ⅲ,2026-08-30复核：生产主营业务“兽用化药制剂、兽用原料药”命中“原料药”；归入生物医药,20260830_NEW,False
A_主营直接支持,主营/新战略业务直接命中软件与信息技术服务证据,cn,300872,天阳科技,4,国家重点扶持产业,第二梯队：新兴支柱产业,软件与信息技术服务,主营+行业映射,公司主营业务为技术开发,技术开发、技术服务、咨询服务、系统集成,,计算机,IT服务,IT服务Ⅲ,2026-08-30复核：生产主营“技术开发、技术服务、咨询服务、系统集成”，行业分类“计算机/IT服务/IT服务Ⅲ”；归入软件与信息技术服务,20260830_NEW,False
A_主营直接支持,主营/新战略业务直接命中现代中药证据,cn,300878,维康药业,4,国家重点扶持产业,第二梯队：新兴支柱产业,现代中药,主营+行业映射,公司主营业务为中西成药,中西成药、中药饮片,,医药生物,中药,中药Ⅲ,2026-08-30复核：生产主营“中西成药、中药饮片”，行业分类“医药生物/中药/中药Ⅲ”；归入现代中药,20260830_NEW,False
B_行业与主营一致,材料类主营与特钢Ⅲ行业一致,cn,300881,盛德鑫泰,4,国家重点扶持产业,第二梯队：新兴支柱产业,新材料,主营+行业映射,公司主营业务为合金钢管,不锈钢管、合金钢管、汽车电机机壳、汽车电机转轴、碳素无缝钢管、钢格板,,钢铁,特钢,特钢Ⅲ,2026-08-30复核：生产主营“不锈钢管、合金钢管、汽车电机机壳、汽车电机转轴、碳素无缝钢管、钢格板”，行业分类“钢铁/特钢/特钢Ⅲ”；归入新材料,20260830_NEW,False
B_行业与主营一致,申万三级行业为安防设备，主营未发现冲突,cn,300884,狄耐克,4,国家重点扶持产业,第二梯队：新兴支柱产业,先进计算与信息设备,主营+行业映射,公司主营业务为楼宇对讲产品,楼宇对讲产品、智能家居产品、智慧病房及门诊产品,,计算机,计算机设备,安防设备,2026-08-30复核：生产主营“楼宇对讲产品、智能家居产品、智慧病房及门诊产品”，行业分类“计算机/计算机设备/安防设备”；归入先进计算与信息设备,20260830_NEW,False
A_主营直接支持,主营/新战略业务直接命中光伏证据,cn,300889,爱克股份,4,国家重点扶持产业,第二梯队：新兴支柱产业,光伏,主营/战略文本,公司主营业务为LED光电产品,LED光电产品、新能源电子辅材、控制系统、光伏风电产品销售及施工、充电桩产品,,电子,光学光电子,LED,2026-08-30复核：生产主营业务“LED光电产品、新能源电子辅材、控制系统、光伏风电产品销售及施工、充电桩产品”命中“光伏”；归入光伏,20260830_NEW,False
B_行业与主营一致,申万三级行业为电池化学品，未发现直接冲突,cn,300890,翔丰华,4,国家重点扶持产业,第二梯队：新兴支柱产业,动力电池与新型储能,主营+行业映射,公司主营业务为石墨负极材料,石墨负极材料,,电力设备,电池,电池化学品,2026-08-30复核：生产主营“石墨负极材料”，行业分类“电力设备/电池/电池化学品”；归入动力电池与新型储能,20260830_NEW,False
A_主营直接支持,主营/新战略业务直接命中软件与信息技术服务证据,cn,300895,铜牛信息,4,国家重点扶持产业,第二梯队：新兴支柱产业,软件与信息技术服务,主营+行业映射,公司主营业务为IDC及增值服务,IDC及增值服务、IDC及云平台信息系统集成服务,,计算机,IT服务,IT服务Ⅲ,2026-08-30复核：生产主营“IDC及增值服务、IDC及云平台信息系统集成服务”，行业分类“计算机/IT服务/IT服务Ⅲ”；归入软件与信息技术服务,20260830_NEW,False
B_行业与主营一致,申万三级行业为水务及水治理，未发现直接冲突,cn,300899,上海凯鑫,4,国家重点扶持产业,第二梯队：新兴支柱产业,节能环保,主营+行业映射,公司主营业务为工业流体分离解决方案,工业流体分离解决方案,,环保,环境治理,水务及水治理,2026-08-30复核：生产主营“工业流体分离解决方案”，行业分类“环保/环境治理/水务及水治理”；归入节能环保,20260830_NEW,False
A_主营直接支持,主营/新战略业务直接命中航空航天证据,cn,300900,广联航空,4,国家重点扶持产业,第二梯队：新兴支柱产业,航空航天,旧批次人工复核,公司主营业务为航空工装,航空工装、航空航天零部件及无人机,,国防军工,航空装备,航空装备Ⅲ,Codex复核：结合主营业务将候选结果调整为航空航天,PREEXISTING,False
A_主营直接支持,主营/新战略业务直接命中PCB证据,cn,300903,科翔股份,2,S100,第一梯队：AI+超级主线,PCB,旧批次规则复核,公司主营业务为PCB制造,PCB制造,,电子,元件,印制电路板,Codex复核：披露业务“PCB制造”明确属于PCB,PREEXISTING,False
A_主营直接支持,主营/新战略业务直接命中风电证据,cn,300904,威力传动,4,国家重点扶持产业,第二梯队：新兴支柱产业,风电,主营+行业映射,公司主营业务为风电偏航减速器,风电偏航减速器、风电变桨减速器、风电增速器,,电力设备,风电设备,风电零部件,2026-08-30复核：生产主营“风电偏航减速器、风电变桨减速器、风电增速器”，行业分类“电力设备/风电设备/风电零部件”；归入风电,20260830_NEW,False
C_需人工复核,终端/配套业务是否纳入该产业需按政策口径和收入占比复核，暂不直接判错,cn,300909,汇创达,4,国家重点扶持产业,第二梯队：新兴支柱产业,新型显示,主营+行业映射,公司主营业务为信号传输元器件及组件,导光结构件及组件、信号传输元器件及组件、代工业务、新能源结构组件,,电子,光学光电子,面板,2026-08-30复核：生产主营“导光结构件及组件、信号传输元器件及组件、代工业务、新能源结构组件”，行业分类“电子/光学光电子/面板”；归入新型显示,20260830_NEW,False
A_主营直接支持,主营/新战略业务直接命中新一代通信证据,cn,300913,兆龙互连,4,国家重点扶持产业,第二梯队：新兴支柱产业,新一代通信,主营+行业映射,公司主营业务为6类及以下数据通信线缆,6类及以下数据通信线缆、6A及以上数据通信线缆、专用电缆、连接产品,,通信,通信设备,通信线缆及配套,2026-08-30复核：生产主营“6类及以下数据通信线缆、6A及以上数据通信线缆、专用电缆、连接产品”，行业分类“通信/通信设备/通信线缆及配套”；归入新一代通信,20260830_NEW,False
C_需人工复核,未在主营/新战略业务中找到关键电子元器件直接证据；当前主要依赖消费电子零部件及组装,cn,300916,朗特智能,4,国家重点扶持产业,第二梯队：新兴支柱产业,关键电子元器件,主营+行业映射,公司主营业务为智能控制器,智能产品、储能产品、智能控制器、智能家居及家电类、消费类电子,,电子,消费电子,消费电子零部件及组装,2026-08-30复核：生产主营“智能产品、储能产品、智能控制器、智能家居及家电类、消费类电子”，行业分类“电子/消费电子/消费电子零部件及组装”；归入关键电子元器件,20260830_NEW,False
B_行业与主营一致,申万三级行业为电池化学品，未发现直接冲突,cn,300919,中伟新材,4,国家重点扶持产业,第二梯队：新兴支柱产业,动力电池与新型储能,主营+行业映射,公司主营业务为三元前驱体,磷酸铁、四氧化三钴、三元前驱体、新能源金属,,电力设备,电池,电池化学品,2026-08-30复核：生产主营“磷酸铁、四氧化三钴、三元前驱体、新能源金属”，行业分类“电力设备/电池/电池化学品”；归入动力电池与新型储能,20260830_NEW,False
B_行业与主营一致,申万三级行业为通信应用增值服务，未发现直接冲突,cn,300921,南凌科技,4,国家重点扶持产业,第二梯队：新兴支柱产业,新一代通信,主营+行业映射,公司主营业务为凌网服务,凌网服务、凌云服务、数字化工程,,通信,通信服务,通信应用增值服务,2026-08-30复核：生产主营“凌网服务、凌云服务、数字化工程”，行业分类“通信/通信服务/通信应用增值服务”；归入新一代通信,20260830_NEW,False
B_行业与主营一致,主营为轨交装备或核心控制/供电系统,cn,300923,研奥股份,4,国家重点扶持产业,第二梯队：新兴支柱产业,高端装备,主营+行业映射,公司主营业务为检修业务,车辆电气设备、检修业务,,机械设备,轨交设备,轨交设备Ⅲ,2026-08-30复核：生产主营“车辆电气设备、检修业务”，行业分类“机械设备/轨交设备/轨交设备Ⅲ”；归入高端装备,20260830_NEW,False
B_行业与主营一致,申万三级行业为垂直应用软件，与软件/信息服务标签一致,cn,300925,法本信息,4,国家重点扶持产业,第二梯队：新兴支柱产业,软件与信息技术服务,主营+行业映射,公司主营业务为开发与编程服务,开发与编程服务、实施与运维服务、测试与集成服务、分析与设计服务,,计算机,软件开发,垂直应用软件,2026-08-30复核：生产主营“开发与编程服务、实施与运维服务、测试与集成服务、分析与设计服务”，行业分类“计算机/软件开发/垂直应用软件”；归入软件与信息技术服务,20260830_NEW,False
A_主营直接支持,主营/新战略业务直接命中节能环保证据,cn,300929,华骐环保,4,国家重点扶持产业,第二梯队：新兴支柱产业,节能环保,主营+行业映射,公司主营业务为水环境治理工程,水环境治理工程、水处理产品销售、污水处理投资运营,,环保,环境治理,水务及水治理,2026-08-30复核：生产主营“水环境治理工程、水处理产品销售、污水处理投资运营”，行业分类“环保/环境治理/水务及水治理”；归入节能环保,20260830_NEW,False
B_行业与主营一致,材料类主营与其他金属新材料行业一致,cn,300930,屹通新材,4,国家重点扶持产业,第二梯队：新兴支柱产业,新材料,主营+行业映射,公司主营业务为高性能纯铁粉,高性能纯铁粉、合金钢粉、添加剂用铁粉,,有色金属,金属新材料,其他金属新材料,2026-08-30复核：生产主营“高性能纯铁粉、合金钢粉、添加剂用铁粉”，行业分类“有色金属/金属新材料/其他金属新材料”；归入新材料,20260830_NEW,False
A_主营直接支持,主营/新战略业务直接命中软件与信息技术服务证据,cn,300935,盈建科,4,国家重点扶持产业,第二梯队：新兴支柱产业,软件与信息技术服务,主营+行业映射,公司主营业务为软件销售,软件销售、技术开发和服务、软件使用费,,计算机,软件开发,垂直应用软件,2026-08-30复核：生产主营“软件销售、技术开发和服务、软件使用费”，行业分类“计算机/软件开发/垂直应用软件”；归入软件与信息技术服务,20260830_NEW,False
B_行业与主营一致,申万三级明确为印制电路板,cn,300936,中英科技,4,国家重点扶持产业,第一梯队：AI+超级主线,PCB,主营+行业映射,公司主营业务为通信材料,通信材料、引线框架,,电子,元件,印制电路板,2026-08-30复核：生产主营“通信材料、引线框架”，行业分类“电子/元件/印制电路板”；归入PCB,20260830_NEW,False
A_主营直接支持,主营/新战略业务直接命中新型显示证据,cn,300939,秋田微,4,国家重点扶持产业,第二梯队：新兴支柱产业,新型显示,主营/战略文本,公司主营业务为电容式触摸屏,单色液晶显示器、单色液晶显示模组、彩色液晶显示模组、电容式触摸屏,,电子,光学光电子,面板,2026-08-30复核：生产主营业务“单色液晶显示器、单色液晶显示模组、彩色液晶显示模组、电容式触摸屏”命中“液晶显示模组”；归入新型显示,20260830_NEW,False
A_主营直接支持,主营/新战略业务直接命中新型显示证据,cn,300940,南极光,4,国家重点扶持产业,第二梯队：新兴支柱产业,新型显示,主营+行业映射,公司主营业务为背光显示模组产品,背光显示模组产品,,电子,光学光电子,LED,2026-08-30复核：生产主营“背光显示模组产品”，行业分类“电子/光学光电子/LED”；归入新型显示,20260830_NEW,False
B_行业与主营一致,申万三级行业为其他计算机设备，主营未发现冲突,cn,300941,创识科技,4,国家重点扶持产业,第二梯队：新兴支柱产业,先进计算与信息设备,主营+行业映射,公司主营业务为商户端硬件,商户端服务、商户端软件、商户端硬件、数字营销,,计算机,计算机设备,其他计算机设备,2026-08-30复核：生产主营“商户端服务、商户端软件、商户端硬件、数字营销”，行业分类“计算机/计算机设备/其他计算机设备”；归入先进计算与信息设备,20260830_NEW,False
A_主营直接支持,主营/新战略业务直接命中高端仪器证据,cn,300942,易瑞生物,4,国家重点扶持产业,第三梯队：卡脖子底座,高端仪器,主营/战略文本,公司主营业务为食品安全快速检测试剂,食品安全快速检测试剂、食品安全快速检测仪器,,医药生物,医疗器械,体外诊断,2026-08-30复核：生产主营业务“食品安全快速检测试剂、食品安全快速检测仪器”命中“检测仪器”；归入高端仪器,20260830_NEW,False
C_需人工复核,未在主营/新战略业务中找到关键电子元器件直接证据；当前主要依赖消费电子零部件及组装,cn,300951,博硕科技,4,国家重点扶持产业,第二梯队：新兴支柱产业,关键电子元器件,主营+行业映射,公司主营业务为精密功能件,精密功能件、智能自动化装备,,电子,消费电子,消费电子零部件及组装,2026-08-30复核：生产主营“精密功能件、智能自动化装备”，行业分类“电子/消费电子/消费电子零部件及组装”；归入关键电子元器件,20260830_NEW,False
A_主营直接支持,主营/新战略业务直接命中先进材料证据,cn,300952,恒辉安防,4,国家重点扶持产业,第三梯队：卡脖子底座,先进材料,旧批次规则复核,公司主营业务为功能性安全防护手套,功能性安全防护手套、超高分子量聚乙烯纤维及其复合材料,,纺织服饰,服装家纺,鞋帽及其他,Codex复核：披露业务“功能性安全防护手套”明确属于先进材料,PREEXISTING,False
A_主营直接支持,主营/新战略业务直接命中动力电池与新型储能证据,cn,300953,震裕科技,3,用户常用,第二梯队：新兴支柱产业,动力电池与新型储能,主营+行业映射,公司主营业务为动力锂电池精密结构件,模具及配件、电机铁芯、动力锂电池精密结构件,,电力设备,电池,锂电池,2026-08-30复核：生产主营“模具及配件、电机铁芯、动力锂电池精密结构件”，行业分类“电力设备/电池/锂电池”；归入动力电池与新型储能,20260830_NEW,False
A_主营直接支持,主营/新战略业务直接命中光伏证据,cn,300956,英力股份,4,国家重点扶持产业,第二梯队：新兴支柱产业,光伏,主营/战略文本,公司主营业务为结构件模组,结构件模组、精密模具、光伏组件及工程收入、电站发电收入、处置电站收入,,电子,消费电子,消费电子零部件及组装,2026-08-30复核：生产主营业务“结构件模组、精密模具、光伏组件及工程收入、电站发电收入、处置电站收入”命中“光伏”；归入光伏,20260830_NEW,False
B_行业与主营一致,申万三级行业为综合环境治理，未发现直接冲突,cn,300958,建工修复,4,国家重点扶持产业,第二梯队：新兴支柱产业,节能环保,主营+行业映射,公司主营业务为环境修复整体解决方案,技术服务、环境修复整体解决方案、修复商品销售,,环保,环境治理,综合环境治理,2026-08-30复核：生产主营“技术服务、环境修复整体解决方案、修复商品销售”，行业分类“环保/环境治理/综合环境治理”；归入节能环保,20260830_NEW,False
B_行业与主营一致,申万三级行业为通信应用增值服务，未发现直接冲突,cn,300959,线上线下,4,国家重点扶持产业,第二梯队：新兴支柱产业,新一代通信,主营+行业映射,公司主营业务为移动信息服务,移动信息服务、数字营销业务,,通信,通信服务,通信应用增值服务,2026-08-30复核：生产主营“移动信息服务、数字营销业务”，行业分类“通信/通信服务/通信应用增值服务”；归入新一代通信,20260830_NEW,False
B_行业与主营一致,主营为轨交装备或核心控制/供电系统,cn,300960,通业科技,4,国家重点扶持产业,第二梯队：新兴支柱产业,高端装备,主营+行业映射,公司主营业务为检修服务,电源类、智能控制类、电机风机、检修服务,,机械设备,轨交设备,轨交设备Ⅲ,2026-08-30复核：生产主营“电源类、智能控制类、电机风机、检修服务”，行业分类“机械设备/轨交设备/轨交设备Ⅲ”；归入高端装备,20260830_NEW,False
A_主营直接支持,主营/新战略业务直接命中节能环保证据,cn,300961,深水海纳,4,国家重点扶持产业,第二梯队：新兴支柱产业,节能环保,主营+行业映射,公司主营业务为工业污水处理-运营服务,优质供水-工程建造、优质供水-运营服务、工业污水处理-工程建造、工业污水处理-运营服务,,环保,环境治理,水务及水治理,2026-08-30复核：生产主营“优质供水-工程建造、优质供水-运营服务、工业污水处理-工程建造、工业污水处理-运营服务”，行业分类“环保/环境治理/水务及水治理”；归入节能环保,20260830_NEW,False
B_行业与主营一致,材料类主营与其他金属新材料行业一致,cn,300963,中洲特材,4,国家重点扶持产业,第二梯队：新兴支柱产业,新材料,主营+行业映射,公司主营业务为变形高温耐蚀合金,变形高温耐蚀合金、特种合金焊材、特种合金焊材贸易、表面堆焊服务、铸造高温耐蚀合金,,有色金属,金属新材料,其他金属新材料,2026-08-30复核：生产主营“变形高温耐蚀合金、特种合金焊材、特种合金焊材贸易、表面堆焊服务、铸造高温耐蚀合金”，行业分类“有色金属/金属新材料/其他金属新材料”；归入新材料,20260830_NEW,False
B_行业与主营一致,申万三级明确为印制电路板,cn,300964,本川智能,4,国家重点扶持产业,第一梯队：AI+超级主线,PCB,主营/战略文本,公司主营业务为印制线路板,印制线路板,,电子,元件,印制电路板,2026-08-30复核：生产主营业务“印制线路板”命中“线路板”；归入PCB,20260830_NEW,False
B_行业与主营一致,申万三级行业为原料药，未发现直接冲突,cn,300966,共同药业,4,国家重点扶持产业,第二梯队：新兴支柱产业,生物医药,主营+行业映射,公司主营业务为自产,自产、非自产,,医药生物,化学制药,原料药,2026-08-30复核：生产主营“自产、非自产”，行业分类“医药生物/化学制药/原料药”；归入生物医药,20260830_NEW,False
C_需人工复核,未在主营/新战略业务中找到关键电子元器件直接证据；当前主要依赖消费电子零部件及组装,cn,300968,格林精密,4,国家重点扶持产业,第二梯队：新兴支柱产业,关键电子元器件,主营+行业映射,公司主营业务为精密结构件,精密结构件、精密模具,,电子,消费电子,消费电子零部件及组装,2026-08-30复核：生产主营“精密结构件、精密模具”，行业分类“电子/消费电子/消费电子零部件及组装”；归入关键电子元器件,20260830_NEW,False
A_主营直接支持,主营/新战略业务直接命中关键电子元器件证据,cn,300975,商络电子,4,国家重点扶持产业,第二梯队：新兴支柱产业,关键电子元器件,主营+行业映射,公司主营业务为主动及其他电子元器件,被动电子元器件,,电子,元件,被动元件,2026-08-30复核：生产主营“被动电子元器件”，行业分类“电子/元件/被动元件”；归入关键电子元器件,20260830_NEW,False
C_需人工复核,未在主营/新战略业务中找到关键电子元器件直接证据；当前主要依赖消费电子零部件及组装,cn,300976,达瑞电子,4,国家重点扶持产业,第二梯队：新兴支柱产业,关键电子元器件,主营+行业映射,公司主营业务为消费电子功能性器件,3C智能装配自动化设备、新能源结构与功能性组件、消费电子功能性器件、电子产品结构性器件,,电子,消费电子,消费电子零部件及组装,2026-08-30复核：生产主营“3C智能装配自动化设备、新能源结构与功能性组件、消费电子功能性器件、电子产品结构性器件”，行业分类“电子/消费电子/消费电子零部件及组装”；归入关键电子元器件,20260830_NEW,False
C_需人工复核,未在主营/新战略业务中找到高端医疗器械直接证据；当前主要依赖医疗耗材,cn,300981,中红医疗,4,国家重点扶持产业,第二梯队：新兴支柱产业,高端医疗器械,主营+行业映射,公司主营业务为健康防护产品,健康防护产品、安全注输产品、创新孵化产品,,医药生物,医疗器械,医疗耗材,2026-08-30复核：生产主营“健康防护产品、安全注输产品、创新孵化产品”，行业分类“医药生物/医疗器械/医疗耗材”；归入高端医疗器械,20260830_NEW,False
A_主营直接支持,主营/新战略业务直接命中先进材料证据,cn,300995,奇德新材,4,国家重点扶持产业,第三梯队：卡脖子底座,先进材料,旧批次规则复核,公司主营业务为改性尼龙复合材料及制品,改性尼龙复合材料及制品、改性聚丙烯复合材料及制品、精密注塑模具、碳纤维产品,,基础化工,塑料,改性塑料,Codex复核：披露业务“改性尼龙复合材料及制品”明确属于先进材料,PREEXISTING,False
A_主营直接支持,主营/新战略业务直接命中软件与信息技术服务证据,cn,300996,普联软件,4,国家重点扶持产业,第二梯队：新兴支柱产业,软件与信息技术服务,主营+行业映射,公司主营业务为定制软件,产品化软件、定制软件、技术服务、服务外包、硬件产品,,计算机,软件开发,垂直应用软件,2026-08-30复核：生产主营“产品化软件、定制软件、技术服务、服务外包、硬件产品”，行业分类“计算机/软件开发/垂直应用软件”；归入软件与信息技术服务,20260830_NEW,False
A_主营直接支持,主营/新战略业务直接命中高端装备证据,cn,300998,宁波方正,4,国家重点扶持产业,第二梯队：新兴支柱产业,高端装备,主营/战略文本,公司主营业务为模具,塑料产品及配件、智能装备、模具、锂电池模组导电软连接件、锂电池精密结构件,,汽车,汽车零部件,其他汽车零部件,2026-08-30复核：生产主营业务“塑料产品及配件、智能装备、模具、锂电池模组导电软连接件、锂电池精密结构件”命中“智能装备”；归入高端装备,20260830_NEW,False
B_行业与主营一致,材料类主营与改性塑料行业一致,cn,301003,江苏博云,4,国家重点扶持产业,第二梯队：新兴支柱产业,新材料,主营+行业映射,公司主营业务为高性能改性尼龙(PEMARON),高性能改性尼龙(PEMARON)、高性能改性聚酯(AUTRON)、工程化聚烯烃（VENTRON）、色母粒和功能性母粒(COLORON)、改性特种工程塑料(STEELRON),,基础化工,塑料,改性塑料,2026-08-30复核：生产主营“高性能改性尼龙(PEMARON)、高性能改性聚酯(AUTRON)、工程化聚烯烃（VENTRON）、色母粒和功能性母粒(COLORON)、改性特种工程塑料(STEELRON)”，行业分类“基础化工/塑料/改性塑料”；归入新材料,20260830_NEW,False
A_主营直接支持,主营/新战略业务直接命中航空航天证据,cn,301005,超捷股份,3,用户常用,第二梯队：新兴支柱产业,航空航天,旧批次规则复核,公司主营业务为螺栓螺钉,螺栓螺钉、异形连接件、塑料紧固件、航空航天零部件,,汽车,汽车零部件,其他汽车零部件,Codex复核：披露业务“螺栓螺钉”明确属于航空航天,PREEXISTING,False
C_需人工复核,未在主营/新战略业务中找到高端装备直接证据；当前主要依赖轨交设备Ⅲ,cn,301016,雷尔伟,4,国家重点扶持产业,第二梯队：新兴支柱产业,高端装备,主营+行业映射,公司主营业务为铝合金产品,不锈钢产品、机加工产品、电气类成品、碳钢产品、铝合金产品,,机械设备,轨交设备,轨交设备Ⅲ,2026-08-30复核：生产主营“不锈钢产品、机加工产品、电气类成品、碳钢产品、铝合金产品”，行业分类“机械设备/轨交设备/轨交设备Ⅲ”；归入高端装备,20260830_NEW,False
B_人工复核支持,存在人工复核说明，但仍需保留原始公告或招股书链接,cn,301018,申菱环境,2,S100,第一梯队：AI+超级主线,数据中心温控,人工复核,公司主营业务为设备,设备、解决方案及服务,,机械设备,通用设备,制冷空调设备,2026-08-30人工复核：主营数据服务领域专用温控设备与解决方案；归入数据中心温控,20260830_NEW,False
B_行业与主营一致,主营为激光设备/装备，与高端装备方向一致,cn,301021,英诺激光,4,国家重点扶持产业,第二梯队：新兴支柱产业,高端装备,主营+行业映射,公司主营业务为激光器,激光器、激光模组,,机械设备,自动化设备,激光设备,2026-08-30复核：生产主营“激光器、激光模组”，行业分类“机械设备/自动化设备/激光设备”；归入高端装备,20260830_NEW,False
A_主营直接支持,主营/新战略业务直接命中光伏证据,cn,301023,奕帆传动,4,国家重点扶持产业,第二梯队：新兴支柱产业,光伏,主营/战略文本,公司主营业务为储能减速电机,储能减速电机、房车减速电机、太阳能光伏减速电机,,电力设备,电机,电机Ⅲ,2026-08-30复核：生产主营业务“储能减速电机、房车减速电机、太阳能光伏减速电机”命中“光伏”；归入光伏,20260830_NEW,False
A_主营直接支持,主营/新战略业务直接命中光伏证据,cn,301024,霍普股份,4,国家重点扶持产业,第二梯队：新兴支柱产业,光伏,主营/战略文本,公司主营业务为居住建筑,光伏发电、光伏电站系统集成（EPC）、光储产品销售、公共建筑、居住建筑,,建筑装饰,工程咨询服务,工程咨询服务Ⅲ,2026-08-30复核：生产主营业务“光伏发电、光伏电站系统集成（EPC）、光储产品销售、公共建筑、居住建筑”命中“光伏”；归入光伏,20260830_NEW,False
C_需人工复核,未在主营/新战略业务中找到高端医疗器械直接证据；当前主要依赖医疗耗材,cn,301033,迈普医学,4,国家重点扶持产业,第二梯队：新兴支柱产业,高端医疗器械,主营+行业映射,公司主营业务为人工硬脑（脊）膜补片,人工硬脑（脊）膜补片、可吸收再生氧化纤维素及硬脑膜医用胶、颅颌面修补及固定系统,,医药生物,医疗器械,医疗耗材,2026-08-30复核：生产主营“人工硬脑（脊）膜补片、可吸收再生氧化纤维素及硬脑膜医用胶、颅颌面修补及固定系统”，行业分类“医药生物/医疗器械/医疗耗材”；归入高端医疗器械,20260830_NEW,False
B_行业与主营一致,申万三级行业为风电零部件，未发现直接冲突,cn,301040,中环海陆,4,国家重点扶持产业,第二梯队：新兴支柱产业,风电,主营+行业映射,公司主营业务为轴承锻件,轴承锻件、法兰锻件、齿圈锻件,,电力设备,风电设备,风电零部件,2026-08-30复核：生产主营“轴承锻件、法兰锻件、齿圈锻件”，行业分类“电力设备/风电设备/风电零部件”；归入风电,20260830_NEW,False
A_主营直接支持,主营/新战略业务直接命中PCB证据,cn,301041,金百泽,4,国家重点扶持产业,第一梯队：AI+超级主线,PCB,旧批次规则复核,公司主营业务为印制电路板,印制电路板、电子制造服务、电子设计服务、科创平台服务,,电子,元件,印制电路板,Codex复核：披露业务“印制电路板”明确属于PCB,PREEXISTING,False
B_行业与主营一致,申万三级行业为安防设备，主营未发现冲突,cn,301042,安联锐视,4,国家重点扶持产业,第二梯队：新兴支柱产业,先进计算与信息设备,主营+行业映射,公司主营业务为安防视频监控产品,安防视频监控产品、技术服务,,计算机,计算机设备,安防设备,2026-08-30复核：生产主营“安防视频监控产品、技术服务”，行业分类“计算机/计算机设备/安防设备”；归入先进计算与信息设备,20260830_NEW,False
C_需人工复核,终端/配套业务是否纳入该产业需按政策口径和收入占比复核，暂不直接判错,cn,301045,天禄科技,4,国家重点扶持产业,第二梯队：新兴支柱产业,新型显示,主营+行业映射,公司主营业务为导光板,导光板、台式显示器、笔记本电脑、液晶电视、灯具、平板电脑,,电子,光学光电子,面板,2026-08-30复核：生产主营“导光板、台式显示器、笔记本电脑、液晶电视、灯具、平板电脑”，行业分类“电子/光学光电子/面板”；归入新型显示,20260830_NEW,False
A_主营直接支持,主营/新战略业务直接命中动力电池与新型储能证据,cn,301046,能辉科技,4,国家重点扶持产业,第二梯队：新兴支柱产业,动力电池与新型储能,主营/战略文本,公司主营业务为光伏电站系统集成,光伏电站系统集成、新能源及电力工程设计、电站运营、商用车充换电系统集成、储能系统集成,,建筑装饰,专业工程,其他专业工程,2026-08-30复核：生产主营业务“光伏电站系统集成、新能源及电力工程设计、电站运营、商用车充换电系统集成、储能系统集成”命中“储能系统”；归入动力电池与新型储能,20260830_NEW,False
A_主营直接支持,主营/新战略业务直接命中生物医药证据,cn,301047,义翘神州,4,国家重点扶持产业,第二梯队：新兴支柱产业,生物医药,旧批次规则复核,公司主营业务为重组蛋白,重组蛋白、抗体、基因、培养基、CRO服务,,医药生物,生物制品,其他生物制品,Codex复核：披露业务“重组蛋白”明确属于生物医药,PREEXISTING,False
B_行业与主营一致,主营为轨交装备或核心控制/供电系统,cn,301048,金鹰重工,4,国家重点扶持产业,第二梯队：新兴支柱产业,高端装备,主营+行业映射,公司主营业务为铁路工程机械,大修业务、货运装备、配件销售、铁路工程机械,,机械设备,轨交设备,轨交设备Ⅲ,2026-08-30复核：生产主营“大修业务、货运装备、配件销售、铁路工程机械”，行业分类“机械设备/轨交设备/轨交设备Ⅲ”；归入高端装备,20260830_NEW,False
B_行业与主营一致,申万三级行业为固废治理，未发现直接冲突,cn,301049,超越科技,4,国家重点扶持产业,第二梯队：新兴支柱产业,节能环保,主营+行业映射,公司主营业务为危险废物处置,电子废物处置、危险废物处置、汽车拆解业务、检测业务、锂电池业务,,环保,环境治理,固废治理,2026-08-30复核：生产主营“电子废物处置、危险废物处置、汽车拆解业务、检测业务、锂电池业务”，行业分类“环保/环境治理/固废治理”；归入节能环保,20260830_NEW,False
B_行业与主营一致,申万三级行业为军工电子Ⅲ，未发现直接冲突,cn,301050,雷电微力,4,国家重点扶持产业,第二梯队：新兴支柱产业,航空航天与军工电子,主营+行业映射,公司主营业务为精确制导,精确制导、通信数据链,,国防军工,军工电子,军工电子Ⅲ,2026-08-30复核：生产主营“精确制导、通信数据链”，行业分类“国防军工/军工电子/军工电子Ⅲ”；归入航空航天与军工电子,20260830_NEW,False
C_需人工复核,未在主营/新战略业务中找到关键电子元器件直接证据；当前主要依赖消费电子零部件及组装,cn,301051,信濠光电,4,国家重点扶持产业,第二梯队：新兴支柱产业,关键电子元器件,主营+行业映射,公司主营业务为智能手机与电脑类,户用系统、智能头显与智能穿戴类、智能手机与电脑类、汽车及智能座舱类、逆变器,,电子,消费电子,消费电子零部件及组装,2026-08-30复核：生产主营“户用系统、智能头显与智能穿戴类、智能手机与电脑类、汽车及智能座舱类、逆变器”，行业分类“电子/消费电子/消费电子零部件及组装”；归入关键电子元器件,20260830_NEW,False
B_行业与主营一致,申万三级行业为诊断服务，未发现直接冲突,cn,301060,兰卫医学,4,国家重点扶持产业,第二梯队：新兴支柱产业,生物医药,旧批次规则复核,公司主营业务为体外诊断产品销售,体外诊断产品销售、医学诊断服务,,医药生物,医疗服务,诊断服务,Codex复核：披露业务“体外诊断产品销售”明确属于生物医药,PREEXISTING,False
B_行业与主营一致,申万三级行业为原料药，未发现直接冲突,cn,301065,本立科技,4,国家重点扶持产业,第二梯队：新兴支柱产业,生物医药,主营+行业映射,公司主营业务为1501产品,801产品、1201产品、1501产品、1701产品,,医药生物,化学制药,原料药,2026-08-30复核：生产主营“801产品、1201产品、1501产品、1701产品”，行业分类“医药生物/化学制药/原料药”；归入生物医药,20260830_NEW,False
C_需人工复核,未在主营/新战略业务中找到关键电子元器件直接证据；当前主要依赖消费电子零部件及组装,cn,301067,显盈科技,4,国家重点扶持产业,第二梯队：新兴支柱产业,关键电子元器件,主营+行业映射,公司主营业务为信号转换拓展类产品,信号转换拓展类产品、模具及精密结构件、电源适配器,,电子,消费电子,消费电子零部件及组装,2026-08-30复核：生产主营“信号转换拓展类产品、模具及精密结构件、电源适配器”，行业分类“电子/消费电子/消费电子零部件及组装”；归入关键电子元器件,20260830_NEW,False
B_行业与主营一致,申万三级行业为固废治理，未发现直接冲突,cn,301068,大地海洋,4,国家重点扶持产业,第二梯队：新兴支柱产业,节能环保,主营+行业映射,公司主营业务为电子废物,危险废物、电子废物,,环保,环境治理,固废治理,2026-08-30复核：生产主营“危险废物、电子废物”，行业分类“环保/环境治理/固废治理”；归入节能环保,20260830_NEW,False
A_主营直接支持,主营/新战略业务直接命中光伏证据,cn,301070,开勒股份,4,国家重点扶持产业,第二梯队：新兴支柱产业,光伏,主营/战略文本,公司主营业务为HVLS风扇,HVLS风扇、储能业务、分布式光伏电站投资运营、售后服务、控制器PCBA板、材料销售,,机械设备,通用设备,制冷空调设备,2026-08-30复核：生产主营业务“HVLS风扇、储能业务、分布式光伏电站投资运营、售后服务、控制器PCBA板、材料销售”命中“光伏”；归入光伏,20260830_NEW,False
B_行业与主营一致,材料类主营与非金属材料Ⅲ行业一致,cn,301071,力量钻石,4,国家重点扶持产业,第二梯队：新兴支柱产业,新材料,主营+行业映射,公司主营业务为培育钻石,培育钻石、金刚石单晶、金刚石微粉,,基础化工,非金属材料,非金属材料Ⅲ,2026-08-30复核：生产主营“培育钻石、金刚石单晶、金刚石微粉”，行业分类“基础化工/非金属材料/非金属材料Ⅲ”；归入新材料,20260830_NEW,False
A_主营直接支持,主营/新战略业务直接命中生物医药证据,cn,301075,多瑞医药,4,国家重点扶持产业,第二梯队：新兴支柱产业,生物医药,主营/战略文本,公司主营业务为制剂,制剂、中间体、原料药,,医药生物,化学制药,化学制剂,2026-08-30复核：生产主营业务“制剂、中间体、原料药”命中“原料药”；归入生物医药,20260830_NEW,False
A_主营直接支持,主营/新战略业务直接命中生物医药证据,cn,301080,百普赛斯,4,国家重点扶持产业,第二梯队：新兴支柱产业,生物医药,旧批次规则复核,公司主营业务为重组蛋白,重组蛋白、检测服务,,医药生物,生物制品,其他生物制品,Codex复核：披露业务“重组蛋白”明确属于生物医药,PREEXISTING,False
B_行业与主营一致,申万三级行业为环保设备Ⅲ，未发现直接冲突,cn,301081,严牌股份,4,国家重点扶持产业,第二梯队：新兴支柱产业,节能环保,主营+行业映射,公司主营业务为无纺系列,无纺系列、无纺滤布、无纺滤袋、机织系列、机织滤布、机织滤袋,,环保,环保设备,环保设备Ⅲ,2026-08-30复核：生产主营“无纺系列、无纺滤布、无纺滤袋、机织系列、机织滤布、机织滤袋”，行业分类“环保/环保设备/环保设备Ⅲ”；归入节能环保,20260830_NEW,False
A_主营直接支持,主营/新战略业务直接命中算力网证据,cn,301085,亚康股份,4,国家重点扶持产业,第一梯队：AI+超级主线,算力网,旧批次规则复核,公司主营业务为算力设备集成销售业务,算力设备集成销售业务、算力基础设施综合服务、算力基础设施综合服务-交付实施服务、算力基础设施综合服务-售后维保服务、算力基础设施综合服务-驻场运维服务、数字化增值解决方案服务,,计算机,IT服务,IT服务Ⅲ,Codex复核：披露业务“算力设备集成销售业务”明确属于算力网,PREEXISTING,False
C_需人工复核,未在主营/新战略业务中找到关键电子元器件直接证据；当前主要依赖消费电子零部件及组装,cn,301086,鸿富瀚,4,国家重点扶持产业,第二梯队：新兴支柱产业,关键电子元器件,主营+行业映射,公司主营业务为消费电子产品功能性器件,消费电子产品功能性器件、自动化设备及相关产品,,电子,消费电子,消费电子零部件及组装,2026-08-30复核：生产主营“消费电子产品功能性器件、自动化设备及相关产品”，行业分类“电子/消费电子/消费电子零部件及组装”；归入关键电子元器件,20260830_NEW,False
C_需人工复核,未在主营/新战略业务中找到高端医疗器械直接证据；当前主要依赖医疗耗材,cn,301087,可孚医疗,4,国家重点扶持产业,第二梯队：新兴支柱产业,高端医疗器械,主营+行业映射,公司主营业务为康复辅具类产品,康复辅具类产品、医疗护理类产品、健康监测类产品、呼吸支持类产品,,医药生物,医疗器械,医疗耗材,2026-08-30复核：生产主营“康复辅具类产品、医疗护理类产品、健康监测类产品、呼吸支持类产品”，行业分类“医药生物/医疗器械/医疗耗材”；归入高端医疗器械,20260830_NEW,False
A_主营直接支持,主营/新战略业务直接命中生物医药证据,cn,301089,拓新药业,4,国家重点扶持产业,第二梯队：新兴支柱产业,生物医药,主营/战略文本,公司主营业务为中间体,原料药、中间体,,医药生物,化学制药,原料药,2026-08-30复核：生产主营业务“原料药、中间体”命中“原料药”；归入生物医药,20260830_NEW,False
C_需人工复核,未在主营/新战略业务中找到高端医疗器械直接证据；当前主要依赖医疗耗材,cn,301093,华兰股份,4,国家重点扶持产业,第二梯队：新兴支柱产业,高端医疗器械,主营+行业映射,公司主营业务为常规胶塞,覆膜胶塞、常规胶塞,,医药生物,医疗器械,医疗耗材,2026-08-30复核：生产主营“覆膜胶塞、常规胶塞”，行业分类“医药生物/医疗器械/医疗耗材”；归入高端医疗器械,20260830_NEW,False
A_主营直接支持,主营/新战略业务直接命中软件与信息技术服务证据,cn,301095,广立微,4,国家重点扶持产业,第二梯队：新兴支柱产业,软件与信息技术服务,主营+行业映射,公司主营业务为测试设备及配件,软件开发及授权、测试设备及配件,,计算机,软件开发,垂直应用软件,2026-08-30复核：生产主营“软件开发及授权、测试设备及配件”，行业分类“计算机/软件开发/垂直应用软件”；归入软件与信息技术服务,20260830_NEW,False
A_主营直接支持,主营/新战略业务直接命中生物医药研发服务证据,cn,301096,百诚医药,4,国家重点扶持产业,第二梯队：新兴支柱产业,生物医药研发服务,主营+行业映射,公司主营业务为研发技术成果转化,临床前药学研究、研发技术成果转化、临床服务、CDMO、权益分成、商业化生产,,医药生物,医疗服务,医疗研发外包,2026-08-30复核：生产主营“临床前药学研究、研发技术成果转化、临床服务、CDMO、权益分成、商业化生产”，行业分类“医药生物/医疗服务/医疗研发外包”；归入生物医药研发服务,20260830_NEW,False
C_需人工复核,未在主营/新战略业务中找到高端医疗器械直接证据；当前主要依赖医疗耗材,cn,301097,天益医疗,4,国家重点扶持产业,第二梯队：新兴支柱产业,高端医疗器械,主营+行业映射,公司主营业务为血液净化类,血液净化类、病房护理类,,医药生物,医疗器械,医疗耗材,2026-08-30复核：生产主营“血液净化类、病房护理类”，行业分类“医药生物/医疗器械/医疗耗材”；归入高端医疗器械,20260830_NEW,False
A_主营直接支持,主营/新战略业务直接命中新型显示证据,cn,301106,骏成科技,4,国家重点扶持产业,第二梯队：新兴支柱产业,新型显示,主营/战略文本,公司主营业务为单色液晶显示模组,单色液晶显示屏、单色液晶显示模组、彩色液晶显示模组,,电子,光学光电子,面板,2026-08-30复核：生产主营业务“单色液晶显示屏、单色液晶显示模组、彩色液晶显示模组”命中“液晶显示模组”；归入新型显示,20260830_NEW,False
B_行业与主营一致,申万三级行业为固废治理，未发现直接冲突,cn,301109,军信股份,4,国家重点扶持产业,第二梯队：新兴支柱产业,节能环保,主营+行业映射,公司主营业务为建设期服务业务,利息收入、垃圾填埋运营业务、垃圾焚烧及发电、垃圾焚烧发电及污泥协同处理、工业级混合油、建设期服务业务、污泥处理业务、渗沥液（污水）处理业务、生活垃圾中转处理、飞灰填埋处理业务、餐厨垃圾收运及厌氧发酵,,环保,环境治理,固废治理,2026-08-30复核：生产主营“利息收入、垃圾填埋运营业务、垃圾焚烧及发电、垃圾焚烧发电及污泥协同处理、工业级混合油、建设期服务业务、污泥处理业务、渗沥液（污水）处理业务、生活垃圾中转处理、飞灰填埋处理业务、餐厨垃圾收运及厌氧发酵”，行业分类“环保/环境治理/固废治理”；归入节能环保,20260830_NEW,False
A_主营直接支持,主营/新战略业务直接命中现代中药证据,cn,301111,粤万年青,4,国家重点扶持产业,第二梯队：新兴支柱产业,现代中药,主营+行业映射,公司主营业务为药品,药品、中药材,,医药生物,中药,中药Ⅲ,2026-08-30复核：生产主营“药品、中药材”，行业分类“医药生物/中药/中药Ⅲ”；归入现代中药,20260830_NEW,False
B_行业与主营一致,申万三级行业为机器人，未发现直接冲突,cn,301112,信邦智能,4,国家重点扶持产业,第二梯队：新兴支柱产业,智能机器人,主营+行业映射,公司主营业务为工业自动化集成项目,工业自动化集成项目、智能化生产装置及配件,,机械设备,自动化设备,机器人,2026-08-30复核：生产主营“工业自动化集成项目、智能化生产装置及配件”，行业分类“机械设备/自动化设备/机器人”；归入智能机器人,20260830_NEW,False
B_行业与主营一致,申万三级行业为锂电池，未发现直接冲突,cn,301121,紫建电子,4,国家重点扶持产业,第二梯队：新兴支柱产业,动力电池与新型储能,主营+行业映射,公司主营业务为锂离子电池,锂离子电池,,电力设备,电池,锂电池,2026-08-30复核：生产主营“锂离子电池”，行业分类“电力设备/电池/锂电池”；归入动力电池与新型储能,20260830_NEW,False
C_需人工复核,未在主营/新战略业务中找到高端医疗器械直接证据；当前主要依赖医疗耗材,cn,301122,采纳股份,4,国家重点扶持产业,第二梯队：新兴支柱产业,高端医疗器械,主营+行业映射,公司主营业务为注射器,注射器、穿刺针、实验室耗材,,医药生物,医疗器械,医疗耗材,2026-08-30复核：生产主营“注射器、穿刺针、实验室耗材”，行业分类“医药生物/医疗器械/医疗耗材”；归入高端医疗器械,20260830_NEW,False
A_主营直接支持,主营/新战略业务直接命中关键电子元器件证据,cn,301123,奕东电子,4,国家重点扶持产业,第二梯队：新兴支柱产业,关键电子元器件,主营+行业映射,公司主营业务为连接器及零组件,FPC、LED背光模组、连接器及零组件,,电子,消费电子,消费电子零部件及组装,2026-08-30复核：生产主营“FPC、LED背光模组、连接器及零组件”，行业分类“电子/消费电子/消费电子零部件及组装”；归入关键电子元器件,20260830_NEW,False
A_主营直接支持,主营/新战略业务直接命中节能环保证据,cn,301127,武汉天源,4,国家重点扶持产业,第二梯队：新兴支柱产业,节能环保,主营+行业映射,公司主营业务为环保整体解决方案,高端环保装备制造、环保整体解决方案、水处理运营服务及第三方服务、固体废弃物处置服务及资源化,,环保,环境治理,水务及水治理,2026-08-30复核：生产主营“高端环保装备制造、环保整体解决方案、水处理运营服务及第三方服务、固体废弃物处置服务及资源化”，行业分类“环保/环境治理/水务及水治理”；归入节能环保,20260830_NEW,False
A_主营直接支持,主营/新战略业务直接命中生物医药证据,cn,301130,西点药业,4,国家重点扶持产业,第二梯队：新兴支柱产业,生物医药,主营/战略文本,公司主营业务为复方硫酸亚铁叶酸片,复方硫酸亚铁叶酸片、利培酮口崩片、草酸艾司西酞普兰片、阿魏酸钠原料药、富马酸亚铁原料药、注射用唑来膦酸、瑞香素胶囊、硫酸亚铁原料药、硫酸锌,,医药生物,化学制药,化学制剂,2026-08-30复核：生产主营业务“复方硫酸亚铁叶酸片、利培酮口崩片、草酸艾司西酞普兰片、阿魏酸钠原料药、富马酸亚铁原料药、注射用唑来膦酸、瑞香素胶囊、硫酸亚铁原料药、硫酸锌”命中“原料药”；归入生物医药,20260830_NEW,False
B_行业与主营一致,材料类主营与改性塑料行业一致,cn,301131,聚赛龙,4,国家重点扶持产业,第二梯队：新兴支柱产业,新材料,主营+行业映射,公司主营业务为改性PP,改性PP、改性PC/ABS、改性PBT、改性PA、原料贸易,,基础化工,塑料,改性塑料,2026-08-30复核：生产主营“改性PP、改性PC/ABS、改性PBT、改性PA、原料贸易”，行业分类“基础化工/塑料/改性塑料”；归入新材料,20260830_NEW,False
A_主营直接支持,主营/新战略业务直接命中PCB证据,cn,301132,满坤科技,4,国家重点扶持产业,第一梯队：AI+超级主线,PCB,旧批次规则复核,公司主营业务为印刷电路板,印刷电路板、单面板、双面板、多层板,,电子,元件,印制电路板,Codex复核：披露业务“印刷电路板”明确属于PCB,PREEXISTING,False
B_行业与主营一致,材料类主营与磁性材料行业一致,cn,301141,中科磁业,4,国家重点扶持产业,第二梯队：新兴支柱产业,新材料,主营+行业映射,公司主营业务为钕铁硼成品,外购产品、钕铁硼成品、钕铁硼毛坯、铁氧体磁瓦,,有色金属,金属新材料,磁性材料,2026-08-30复核：生产主营“外购产品、钕铁硼成品、钕铁硼毛坯、铁氧体磁瓦”，行业分类“有色金属/金属新材料/磁性材料”；归入新材料,20260830_NEW,False
A_主营直接支持,主营/新战略业务直接命中节能环保证据,cn,301148,嘉戎技术,4,国家重点扶持产业,第二梯队：新兴支柱产业,节能环保,主营+行业映射,公司主营业务为高浓度污废水处理服务,膜分离装备、高浓度污废水处理服务、膜组件及耗材、环保工程建造,,环保,环境治理,水务及水治理,2026-08-30复核：生产主营“膜分离装备、高浓度污废水处理服务、膜组件及耗材、环保工程建造”，行业分类“环保/环境治理/水务及水治理”；归入节能环保,20260830_NEW,False
A_主营直接支持,主营/新战略业务直接命中PCB证据,cn,301150,中一科技,4,国家重点扶持产业,第一梯队：AI+超级主线,PCB,主营/战略文本,公司主营业务为锂电铜箔,锂电铜箔、电子电路铜箔,,电力设备,电池,锂电池,2026-08-30复核：生产主营业务“锂电铜箔、电子电路铜箔”命中“电子电路铜箔”；归入PCB,20260830_NEW,False
B_行业与主营一致,申万三级行业为电池化学品，未发现直接冲突,cn,301152,天力锂能,4,国家重点扶持产业,第二梯队：新兴支柱产业,动力电池与新型储能,主营+行业映射,公司主营业务为三元材料,三元材料、碳酸锂,,电力设备,电池,电池化学品,2026-08-30复核：生产主营“三元材料、碳酸锂”，行业分类“电力设备/电池/电池化学品”；归入动力电池与新型储能,20260830_NEW,False
B_行业与主营一致,申万三级行业为垂直应用软件，与软件/信息服务标签一致,cn,301153,中科江南,4,国家重点扶持产业,第二梯队：新兴支柱产业,软件与信息技术服务,主营+行业映射,公司主营业务为支付电子化,支付电子化、智慧财政、政企数智化,,计算机,软件开发,垂直应用软件,2026-08-30复核：生产主营“支付电子化、智慧财政、政企数智化”，行业分类“计算机/软件开发/垂直应用软件”；归入软件与信息技术服务,20260830_NEW,False
A_主营直接支持,主营/新战略业务直接命中风电证据,cn,301155,海力风电,4,国家重点扶持产业,第二梯队：新兴支柱产业,风电,主营+行业映射,公司主营业务为桩基,风电塔筒、桩基、导管架,,电力设备,风电设备,风电零部件,2026-08-30复核：生产主营“风电塔筒、桩基、导管架”，行业分类“电力设备/风电设备/风电零部件”；归入风电,20260830_NEW,False
A_主营直接支持,主营/新战略业务直接命中软件与信息技术服务证据,cn,301159,三维天地,4,国家重点扶持产业,第二梯队：新兴支柱产业,软件与信息技术服务,主营+行业映射,公司主营业务为软件产品销售与实施,软件产品销售与实施、运维服务,,计算机,软件开发,垂直应用软件,2026-08-30复核：生产主营“软件产品销售与实施、运维服务”，行业分类“计算机/软件开发/垂直应用软件”；归入软件与信息技术服务,20260830_NEW,False
B_行业与主营一致,材料类主营与特钢Ⅲ行业一致,cn,301160,翔楼新材,4,国家重点扶持产业,第二梯队：新兴支柱产业,新材料,主营+行业映射,公司主营业务为汽车零部件精冲材料,汽车零部件精冲材料、工业用精冲材料,,钢铁,特钢,特钢Ⅲ,2026-08-30复核：生产主营“汽车零部件精冲材料、工业用精冲材料”，行业分类“钢铁/特钢/特钢Ⅲ”；归入新材料,20260830_NEW,False
B_行业与主营一致,申万三级行业为垂直应用软件，与软件/信息服务标签一致,cn,301162,国能日新,4,国家重点扶持产业,第二梯队：新兴支柱产业,软件与信息技术服务,主营+行业映射,公司主营业务为新能源发电功率预测产品,新能源发电功率预测产品、新能源并网智能控制系统、新能源电站智能运营系统、电网新能源管理系统、创新产品,,计算机,软件开发,垂直应用软件,2026-08-30复核：生产主营“新能源发电功率预测产品、新能源并网智能控制系统、新能源电站智能运营系统、电网新能源管理系统、创新产品”，行业分类“计算机/软件开发/垂直应用软件”；归入软件与信息技术服务,20260830_NEW,False
A_主营直接支持,主营/新战略业务直接命中风电证据,cn,301163,宏德股份,4,国家重点扶持产业,第二梯队：新兴支柱产业,风电,主营/战略文本,公司主营业务为风电设备专用件,医疗器械专用件、注塑机专用件、泵阀专用件、电力设备专用件、风电设备专用件,,电力设备,风电设备,风电零部件,2026-08-30复核：生产主营业务“医疗器械专用件、注塑机专用件、泵阀专用件、电力设备专用件、风电设备专用件”命中“风电设备”；归入风电,20260830_NEW,False
A_主营直接支持,主营/新战略业务直接命中新一代通信证据,cn,301165,锐捷网络,4,国家重点扶持产业,第二梯队：新兴支柱产业,新一代通信,主营+行业映射,公司主营业务为网络设备,网络设备、网络安全产品、云桌面解决方案,,通信,通信设备,通信网络设备及器件,2026-08-30复核：生产主营“网络设备、网络安全产品、云桌面解决方案”，行业分类“通信/通信设备/通信网络设备及器件”；归入新一代通信,20260830_NEW,False
A_主营直接支持,主营/新战略业务直接命中高端仪器证据,cn,301166,优宁维,4,国家重点扶持产业,第三梯队：卡脖子底座,高端仪器,主营/战略文本,公司主营业务为生命科学试剂,生命科学试剂、生命科学仪器及耗材、综合技术服务,,医药生物,生物制品,其他生物制品,2026-08-30复核：生产主营业务“生命科学试剂、生命科学仪器及耗材、综合技术服务”命中“科学仪器”；归入高端仪器,20260830_NEW,False
A_主营直接支持,主营/新战略业务直接命中光伏证据,cn,301168,通灵股份,4,国家重点扶持产业,第二梯队：新兴支柱产业,光伏,主营/战略文本,公司主营业务为二极管接线盒,二极管接线盒、光伏互联线束、汽车零部件、芯片接线盒,,电力设备,光伏设备,光伏电池组件,2026-08-30复核：生产主营业务“二极管接线盒、光伏互联线束、汽车零部件、芯片接线盒”命中“光伏”；归入光伏,20260830_NEW,False
A_主营直接支持,主营/新战略业务直接命中软件与信息技术服务证据,cn,301172,君逸数码,4,国家重点扶持产业,第二梯队：新兴支柱产业,软件与信息技术服务,主营+行业映射,公司主营业务为智慧城市信息系统集成,智慧城市信息系统集成、设计、研发和技术服务、自研产品销售、运维服务、金融安防系统集成,,计算机,IT服务,IT服务Ⅲ,2026-08-30复核：生产主营“智慧城市信息系统集成、设计、研发和技术服务、自研产品销售、运维服务、金融安防系统集成”，行业分类“计算机/IT服务/IT服务Ⅲ”；归入软件与信息技术服务,20260830_NEW,False
A_主营直接支持,主营/新战略业务直接命中节能环保证据,cn,301175,中科环保,4,国家重点扶持产业,第二梯队：新兴支柱产业,节能环保,主营+行业映射,公司主营业务为生活垃圾焚烧发电业务,PPP项目建造期收入、危废处理业务、沼气收入、环保设备销售及技术服务、生活垃圾焚烧发电业务、餐厨、污泥处理业务,,环保,环境治理,固废治理,2026-08-30复核：生产主营“PPP项目建造期收入、危废处理业务、沼气收入、环保设备销售及技术服务、生活垃圾焚烧发电业务、餐厨、污泥处理业务”，行业分类“环保/环境治理/固废治理”；归入节能环保,20260830_NEW,False
A_主营直接支持,主营/新战略业务直接命中PCB证据,cn,301176,逸豪新材,4,国家重点扶持产业,第一梯队：AI+超级主线,PCB,旧批次规则复核,公司主营业务为电子电路铜箔,电子电路铜箔、铝基覆铜板、印制电路板,,电子,元件,印制电路板,Codex复核：披露业务“电子电路铜箔”明确属于PCB,PREEXISTING,False
A_主营直接支持,主营/新战略业务直接命中光伏证据,cn,301178,天亿马,4,国家重点扶持产业,第二梯队：新兴支柱产业,光伏,主营/战略文本,公司主营业务为硬件销售,信息系统集成、软件及技术服务、信息系统运维服务、硬件销售、光伏发电,,计算机,IT服务,IT服务Ⅲ,2026-08-30复核：生产主营业务“信息系统集成、软件及技术服务、信息系统运维服务、硬件销售、光伏发电”命中“光伏”；归入光伏,20260830_NEW,False
C_需人工复核,未在主营/新战略业务中找到关键电子元器件直接证据；当前主要依赖消费电子零部件及组装,cn,301180,万祥科技,4,国家重点扶持产业,第二梯队：新兴支柱产业,关键电子元器件,主营+行业映射,公司主营业务为消费电子类产品,动力/储能类产品、消费电子类产品,,电子,消费电子,消费电子零部件及组装,2026-08-30复核：生产主营“动力/储能类产品、消费电子类产品”，行业分类“电子/消费电子/消费电子零部件及组装”；归入关键电子元器件,20260830_NEW,False
B_行业与主营一致,申万三级行业为安防设备，主营未发现冲突,cn,301182,凯旺科技,4,国家重点扶持产业,第二梯队：新兴支柱产业,先进计算与信息设备,主营+行业映射,公司主营业务为安防类,安防类、通讯类、组装加工业务,,计算机,计算机设备,安防设备,2026-08-30复核：生产主营“安防类、通讯类、组装加工业务”，行业分类“计算机/计算机设备/安防设备”；归入先进计算与信息设备,20260830_NEW,False
B_行业与主营一致,申万三级为光学元件，与关键元器件方向一致,cn,301183,东田微,4,国家重点扶持产业,第二梯队：新兴支柱产业,关键电子元器件,主营+行业映射,公司主营业务为成像类光学元器件,成像类光学元器件、通信类光学元器件,,电子,光学光电子,光学元件,2026-08-30复核：生产主营“成像类光学元器件、通信类光学元器件”，行业分类“电子/光学光电子/光学元件”；归入关键电子元器件,20260830_NEW,False
A_主营直接支持,主营/新战略业务直接命中软件与信息技术服务证据,cn,301185,鸥玛软件,4,国家重点扶持产业,第二梯队：新兴支柱产业,软件与信息技术服务,主营+行业映射,公司主营业务为无纸化考试与网上评卷服务,无纸化考试与网上评卷服务、软件开发与技术支持服务、硬件产品,,计算机,IT服务,IT服务Ⅲ,2026-08-30复核：生产主营“无纸化考试与网上评卷服务、软件开发与技术支持服务、硬件产品”，行业分类“计算机/IT服务/IT服务Ⅲ”；归入软件与信息技术服务,20260830_NEW,False
C_需人工复核,未在主营/新战略业务中找到高端医疗器械直接证据；当前主要依赖医疗耗材,cn,301188,力诺药包,4,国家重点扶持产业,第二梯队：新兴支柱产业,高端医疗器械,主营+行业映射,公司主营业务为耐热玻璃,耐热玻璃、药用玻璃,,医药生物,医疗器械,医疗耗材,2026-08-30复核：生产主营“耐热玻璃、药用玻璃”，行业分类“医药生物/医疗器械/医疗耗材”；归入高端医疗器械,20260830_NEW,False
B_行业与主营一致,申万三级行业为品牌消费电子，未发现直接冲突,cn,301189,奥尼电子,4,国家重点扶持产业,第二梯队：新兴支柱产业,新一代智能终端,主营+行业映射,公司主营业务为智能车载摄像头,智能车载摄像头、智能摄像机、无线音频产品,,电子,消费电子,品牌消费电子,2026-08-30复核：生产主营“智能车载摄像头、智能摄像机、无线音频产品”，行业分类“电子/消费电子/品牌消费电子”；归入新一代智能终端,20260830_NEW,False
B_行业与主营一致,申万三级行业为通信终端及配件，未发现直接冲突,cn,301191,菲菱科思,4,国家重点扶持产业,第二梯队：新兴支柱产业,新一代通信,主营+行业映射,公司主营业务为交换机类产品,交换机类产品、路由器及无线产品,,通信,通信设备,通信终端及配件,2026-08-30复核：生产主营“交换机类产品、路由器及无线产品”，行业分类“通信/通信设备/通信终端及配件”；归入新一代通信,20260830_NEW,False
B_行业与主营一致,申万三级行业为垂直应用软件，与软件/信息服务标签一致,cn,301195,北路智控,4,国家重点扶持产业,第二梯队：新兴支柱产业,软件与信息技术服务,主营+行业映射,公司主营业务为智能矿山监控系统,智能矿山通信系统、智能矿山监控系统、智能矿山集控系统、智能矿山装备配套,,计算机,软件开发,垂直应用软件,2026-08-30复核：生产主营“智能矿山通信系统、智能矿山监控系统、智能矿山集控系统、智能矿山装备配套”，行业分类“计算机/软件开发/垂直应用软件”；归入软件与信息技术服务,20260830_NEW,False
A_主营直接支持,主营/新战略业务直接命中高端装备证据,cn,301199,迈赫股份,4,国家重点扶持产业,第二梯队：新兴支柱产业,高端装备,主营/战略文本,公司主营业务为智能装备系统及动力能源供应系统,智能装备系统及动力能源供应系统、规划设计业务,,机械设备,自动化设备,机器人,2026-08-30复核：生产主营业务“智能装备系统及动力能源供应系统、规划设计业务”命中“智能装备”；归入高端装备,20260830_NEW,False
B_人工复核支持,存在人工复核说明，但仍需保留原始公告或招股书链接,cn,301200,大族数控,2,S100,第一梯队：AI+超级主线,PCB,人工复核,公司主营业务为钻孔类设备,压合类设备、成型类设备、曝光类设备、检测类设备、贴附类设备、钻孔类设备,,机械设备,专用设备,其他专用设备,2026-08-30人工复核：主营PCB钻孔、压合、曝光等设备；归入PCB,20260830_NEW,False
B_行业与主营一致,申万三级行业为医疗研发外包，未发现直接冲突,cn,301201,诚达药业,4,国家重点扶持产业,第二梯队：新兴支柱产业,生物医药研发服务,主营+行业映射,公司主营业务为自主销售类产品收入,定制类产品和服务收入、自主销售类产品收入,,医药生物,医疗服务,医疗研发外包,2026-08-30复核：生产主营“定制类产品和服务收入、自主销售类产品收入”，行业分类“医药生物/医疗服务/医疗研发外包”；归入生物医药研发服务,20260830_NEW,False
A_主营直接支持,主营/新战略业务直接命中数据中心证据,cn,301202,朗威股份,4,国家重点扶持产业,第一梯队：AI+超级主线,数据中心,旧批次规则复核,公司主营业务为综合布线产品,数据中心机柜、综合布线产品,,通信,通信设备,其他通信设备,Codex复核：披露业务“综合布线产品”明确属于数据中心,PREEXISTING,False
B_行业与主营一致,申万三级行业为水务及水治理，未发现直接冲突,cn,301203,国泰环保,4,国家重点扶持产业,第二梯队：新兴支柱产业,节能环保,主营+行业映射,公司主营业务为污泥处理服务,污泥处理服务、成套设备销售、水环境生态修复,,环保,环境治理,水务及水治理,2026-08-30复核：生产主营“污泥处理服务、成套设备销售、水环境生态修复”，行业分类“环保/环境治理/水务及水治理”；归入节能环保,20260830_NEW,False
A_主营直接支持,主营/新战略业务直接命中光模块证据,cn,301205,联特科技,4,国家重点扶持产业,第一梯队：AI+超级主线,光模块,旧批次规则复核,公司主营业务为10G及以上光模块,10G及以上光模块、10G以下光模块、受托加工服务,,通信,通信设备,通信网络设备及器件,Codex复核：披露业务“10G及以上光模块”明确属于光模块,PREEXISTING,False
A_主营直接支持,主营/新战略业务直接命中生物医药证据,cn,301207,华兰疫苗,4,国家重点扶持产业,第二梯队：新兴支柱产业,生物医药,旧批次规则复核,公司主营业务为流感疫苗,流感疫苗,,医药生物,生物制品,疫苗,Codex复核：披露业务“流感疫苗”明确属于生物医药,PREEXISTING,False
B_行业与主营一致,申万三级行业为IT服务Ⅲ，与软件/信息服务标签一致,cn,301208,中亦科技,4,国家重点扶持产业,第二梯队：新兴支柱产业,软件与信息技术服务,主营+行业映射,公司主营业务为IT运行维护服务,IT运行维护服务、原厂软硬件产品、自主智能运维产品、运营数据分析服务,,计算机,IT服务,IT服务Ⅲ,2026-08-30复核：生产主营“IT运行维护服务、原厂软硬件产品、自主智能运维产品、运营数据分析服务”，行业分类“计算机/IT服务/IT服务Ⅲ”；归入软件与信息技术服务,20260830_NEW,False
B_行业与主营一致,申万三级行业为锂电池，未发现直接冲突,cn,301210,金杨精密,4,国家重点扶持产业,第二梯队：新兴支柱产业,动力电池与新型储能,主营+行业映射,公司主营业务为电池精密结构件,电池精密结构件、镍基导体材料,,电力设备,电池,锂电池,2026-08-30复核：生产主营“电池精密结构件、镍基导体材料”，行业分类“电力设备/电池/锂电池”；归入动力电池与新型储能,20260830_NEW,False
B_行业与主营一致,申万三级行业为原料药，未发现直接冲突,cn,301211,亨迪药业,4,国家重点扶持产业,第二梯队：新兴支柱产业,生物医药,主营+行业映射,公司主营业务为非甾体抗炎类,非甾体抗炎类、心血管类、抗肿瘤类,,医药生物,化学制药,原料药,2026-08-30复核：生产主营“非甾体抗炎类、心血管类、抗肿瘤类”，行业分类“医药生物/化学制药/原料药”；归入生物医药,20260830_NEW,False
B_行业与主营一致,申万三级行业为军工电子Ⅲ，未发现直接冲突,cn,301213,观想科技,4,国家重点扶持产业,第二梯队：新兴支柱产业,航空航天与军工电子,主营+行业映射,公司主营业务为装备全寿命周期管理系统,装备全寿命周期管理系统、智能W装备管控模块、人工智能,,国防军工,军工电子,军工电子Ⅲ,2026-08-30复核：生产主营“装备全寿命周期管理系统、智能W装备管控模块、人工智能”，行业分类“国防军工/军工电子/军工电子Ⅲ”；归入航空航天与军工电子,20260830_NEW,False
A_主营直接支持,主营/新战略业务直接命中PCB证据,cn,301217,铜冠铜箔,4,国家重点扶持产业,第一梯队：AI+超级主线,PCB,旧批次规则复核,公司主营业务为PCB铜箔,PCB铜箔、锂电池铜箔、铜扁线等,,电力设备,电池,锂电池,Codex复核：披露业务“PCB铜箔”明确属于PCB,PREEXISTING,False
A_主营直接支持,主营/新战略业务直接命中软件与信息技术服务证据,cn,301218,华是科技,4,国家重点扶持产业,第二梯队：新兴支柱产业,软件与信息技术服务,主营+行业映射,公司主营业务为系统集成,系统集成、系统维护、安防销售,,计算机,IT服务,IT服务Ⅲ,2026-08-30复核：生产主营“系统集成、系统维护、安防销售”，行业分类“计算机/IT服务/IT服务Ⅲ”；归入软件与信息技术服务,20260830_NEW,False
B_行业与主营一致,申万三级行业为蓄电池及其他电池，未发现直接冲突,cn,301222,浙江恒威,4,国家重点扶持产业,第二梯队：新兴支柱产业,动力电池与新型储能,主营+行业映射,公司主营业务为碱性电池,碱性电池、碳性电池,,电力设备,电池,蓄电池及其他电池,2026-08-30复核：生产主营“碱性电池、碳性电池”，行业分类“电力设备/电池/蓄电池及其他电池”；归入动力电池与新型储能,20260830_NEW,False
B_行业与主营一致,申万三级行业为医疗研发外包，未发现直接冲突,cn,301230,泓博医药,4,国家重点扶持产业,第二梯队：新兴支柱产业,生物医药研发服务,主营+行业映射,公司主营业务为药物发现,药物发现、工艺研究与开发、商业化生产,,医药生物,医疗服务,医疗研发外包,2026-08-30复核：生产主营“药物发现、工艺研究与开发、商业化生产”，行业分类“医药生物/医疗服务/医疗研发外包”；归入生物医药研发服务,20260830_NEW,False
B_行业与主营一致,申万三级行业为风电零部件，未发现直接冲突,cn,301232,飞沃科技,4,国家重点扶持产业,第二梯队：新兴支柱产业,风电,主营+行业映射,公司主营业务为紧固件,紧固件、零部件,,电力设备,风电设备,风电零部件,2026-08-30复核：生产主营“紧固件、零部件”，行业分类“电力设备/风电设备/风电零部件”；归入风电,20260830_NEW,False
A_主营直接支持,主营/新战略业务直接命中航空航天证据,cn,301233,盛帮股份,4,国家重点扶持产业,第二梯队：新兴支柱产业,航空航天,旧批次规则复核,公司主营业务为汽车产品,汽车产品、电气产品、航空产品,,汽车,汽车零部件,其他汽车零部件,Codex复核：披露业务“汽车产品”明确属于航空航天,PREEXISTING,False
C_需人工复核,未在主营/新战略业务中找到高端医疗器械直接证据；当前主要依赖医疗耗材,cn,301234,五洲医疗,4,国家重点扶持产业,第二梯队：新兴支柱产业,高端医疗器械,主营+行业映射,公司主营业务为注射器,注射器、医用穿刺针、输液输血器,,医药生物,医疗器械,医疗耗材,2026-08-30复核：生产主营“注射器、医用穿刺针、输液输血器”，行业分类“医药生物/医疗器械/医疗耗材”；归入高端医疗器械,20260830_NEW,False
A_主营直接支持,主营/新战略业务直接命中高端医疗器械证据,cn,301235,华康洁净,4,国家重点扶持产业,第二梯队：新兴支柱产业,高端医疗器械,主营+行业映射,公司主营业务为医疗净化系统集成,医疗净化系统集成、医疗耗材销售、医疗设备销售、运维服务,,医药生物,医疗器械,医疗设备,2026-08-30复核：生产主营“医疗净化系统集成、医疗耗材销售、医疗设备销售、运维服务”，行业分类“医药生物/医疗器械/医疗设备”；归入高端医疗器械,20260830_NEW,False
A_主营直接支持,主营/新战略业务直接命中软件与信息技术服务证据,cn,301236,软通动力,3,用户常用,第二梯队：新兴支柱产业,软件与信息技术服务,主营+行业映射,公司主营业务为软件与数字技术服务,计算产品与数字基础设施服务、软件与数字技术服务、数字能源与智算服务,,计算机,IT服务,IT服务Ⅲ,2026-08-30复核：生产主营“计算产品与数字基础设施服务、软件与数字技术服务、数字能源与智算服务”，行业分类“计算机/IT服务/IT服务Ⅲ”；归入软件与信息技术服务,20260830_NEW,False
B_行业与主营一致,材料类主营与膜材料行业一致,cn,301237,和顺科技,4,国家重点扶持产业,第二梯队：新兴支柱产业,新材料,主营+行业映射,公司主营业务为有色光电基膜,有色光电基膜、透明膜,,基础化工,塑料,膜材料,2026-08-30复核：生产主营“有色光电基膜、透明膜”，行业分类“基础化工/塑料/膜材料”；归入新材料,20260830_NEW,False
A_主营直接支持,主营/新战略业务直接命中动力电池与新型储能证据,cn,301238,瑞泰新材,4,国家重点扶持产业,第二梯队：新兴支柱产业,动力电池与新型储能,主营+行业映射,公司主营业务为电池材料,电池材料,,电力设备,电池,电池化学品,2026-08-30复核：生产主营“电池材料”，行业分类“电力设备/电池/电池化学品”；归入动力电池与新型储能,20260830_NEW,False
A_主营直接支持,主营/新战略业务直接命中生物医药证据,cn,301246,宏源药业,4,国家重点扶持产业,第二梯队：新兴支柱产业,生物医药,主营/战略文本,公司主营业务为原料药及医药中间体,原料药及医药中间体、有机化学原料、锂电池材料,,医药生物,化学制药,原料药,2026-08-30复核：生产主营业务“原料药及医药中间体、有机化学原料、锂电池材料”命中“原料药”；归入生物医药,20260830_NEW,False
B_行业与主营一致,申万三级行业为IT服务Ⅲ，与软件/信息服务标签一致,cn,301248,杰创智能,4,国家重点扶持产业,第二梯队：新兴支柱产业,软件与信息技术服务,主营+行业映射,公司主营业务为解决方案服务,解决方案服务、产品销售、技术服务,,计算机,IT服务,IT服务Ⅲ,2026-08-30复核：生产主营“解决方案服务、产品销售、技术服务”，行业分类“计算机/IT服务/IT服务Ⅲ”；归入软件与信息技术服务,20260830_NEW,False
A_主营直接支持,主营/新战略业务直接命中PCB证据,cn,301251,威尔高,4,国家重点扶持产业,第一梯队：AI+超级主线,PCB,旧批次规则复核,公司主营业务为印制电路板,印制电路板、双层板、多层板,,电子,元件,印制电路板,Codex复核：披露业务“印制电路板”明确属于PCB,PREEXISTING,False
B_行业与主营一致,申万三级行业为医疗研发外包，未发现直接冲突,cn,301257,普蕊斯,4,国家重点扶持产业,第二梯队：新兴支柱产业,生物医药研发服务,主营+行业映射,公司主营业务为SMO业务,SMO业务,,医药生物,医疗服务,医疗研发外包,2026-08-30复核：生产主营“SMO业务”，行业分类“医药生物/医疗服务/医疗研发外包”；归入生物医药研发服务,20260830_NEW,False
B_行业与主营一致,申万三级行业为原料药，未发现直接冲突,cn,301258,富士莱,4,国家重点扶持产业,第二梯队：新兴支柱产业,生物医药,主营+行业映射,公司主营业务为硫辛酸系列产品,硫辛酸系列产品、肌肽系列产品、磷脂酰胆碱系列产品、艾瑞昔布,,医药生物,化学制药,原料药,2026-08-30复核：生产主营“硫辛酸系列产品、肌肽系列产品、磷脂酰胆碱系列产品、艾瑞昔布”，行业分类“医药生物/化学制药/原料药”；归入生物医药,20260830_NEW,False
A_主营直接支持,主营/新战略业务直接命中节能环保证据,cn,301259,艾布鲁,4,国家重点扶持产业,第二梯队：新兴支柱产业,节能环保,主营+行业映射,公司主营业务为环境治理工程,环境治理工程、设计与咨询、运营、生物类产品销售、产品销售,,环保,环境治理,综合环境治理,2026-08-30复核：生产主营“环境治理工程、设计与咨询、运营、生物类产品销售、产品销售”，行业分类“环保/环境治理/综合环境治理”；归入节能环保,20260830_NEW,False
B_行业与主营一致,申万三级行业为化学制剂，未发现直接冲突,cn,301263,泰恩康,4,国家重点扶持产业,第二梯队：新兴支柱产业,生物医药,主营+行业映射,公司主营业务为两性健康用药,两性健康用药、眼科用药、肠胃用药、中成药及外用药,,医药生物,化学制药,化学制剂,2026-08-30复核：生产主营“两性健康用药、眼科用药、肠胃用药、中成药及外用药”，行业分类“医药生物/化学制药/化学制剂”；归入生物医药,20260830_NEW,False
B_行业与主营一致,申万三级行业为固废治理，未发现直接冲突,cn,301265,华新科技,4,国家重点扶持产业,第二梯队：新兴支柱产业,节能环保,主营+行业映射,公司主营业务为电子废弃物拆解,电子废弃物拆解、报废机动车拆解、危险废物处置、废旧电子设备回收再利用、二手车销售,,环保,环境治理,固废治理,2026-08-30复核：生产主营“电子废弃物拆解、报废机动车拆解、危险废物处置、废旧电子设备回收再利用、二手车销售”，行业分类“环保/环境治理/固废治理”；归入节能环保,20260830_NEW,False
A_主营直接支持,主营/新战略业务直接命中光伏证据,cn,301266,宇邦新材,4,国家重点扶持产业,第二梯队：新兴支柱产业,光伏,主营/战略文本,公司主营业务为互连焊带,互连焊带、汇流焊带、光伏发电,,电力设备,光伏设备,光伏辅材,2026-08-30复核：生产主营业务“互连焊带、汇流焊带、光伏发电”命中“光伏”；归入光伏,20260830_NEW,False
B_行业与主营一致,申万三级行业为垂直应用软件，未发现直接冲突,cn,301269,华大九天,3,用户常用,第三梯队：卡脖子底座,EDA,旧批次规则复核,公司主营业务为EDA软件销售,EDA软件销售、技术服务,,计算机,软件开发,垂直应用软件,Codex复核：披露业务“EDA软件销售”明确属于EDA,PREEXISTING,False
A_主营直接支持,主营/新战略业务直接命中软件与信息技术服务证据,cn,301270,汉仪股份,4,国家重点扶持产业,第二梯队：新兴支柱产业,软件与信息技术服务,主营+行业映射,公司主营业务为字库软件授权业务,字库软件授权业务、互联网平台授权业务、字库类技术服务业务、IP产品及授权等业务,,计算机,软件开发,横向通用软件,2026-08-30复核：生产主营“字库软件授权业务、互联网平台授权业务、字库类技术服务业务、IP产品及授权等业务”，行业分类“计算机/软件开发/横向通用软件”；归入软件与信息技术服务,20260830_NEW,False
B_行业与主营一致,申万三级行业为原料药，未发现直接冲突,cn,301277,新天地,4,国家重点扶持产业,第二梯队：新兴支柱产业,生物医药,主营+行业映射,公司主营业务为左旋对羟基苯甘氨酸系列产品,对甲苯磺酸、左旋对羟基苯甘氨酸系列产品,,医药生物,化学制药,原料药,2026-08-30复核：生产主营“对甲苯磺酸、左旋对羟基苯甘氨酸系列产品”，行业分类“医药生物/化学制药/原料药”；归入生物医药,20260830_NEW,False
B_行业与主营一致,申万三级行业为光伏电池组件，未发现直接冲突,cn,301278,快可电子,4,国家重点扶持产业,第二梯队：新兴支柱产业,光伏,主营+行业映射,公司主营业务为接线盒,接线盒、连接器,,电力设备,光伏设备,光伏电池组件,2026-08-30复核：生产主营“接线盒、连接器”，行业分类“电力设备/光伏设备/光伏电池组件”；归入光伏,20260830_NEW,False
A_主营直接支持,主营/新战略业务直接命中生物医药证据,cn,301281,科源制药,4,国家重点扶持产业,第二梯队：新兴支柱产业,生物医药,主营/战略文本,公司主营业务为化学原料药,化学原料药、化学药品制剂、中间体,,医药生物,化学制药,原料药,2026-08-30复核：生产主营业务“化学原料药、化学药品制剂、中间体”命中“原料药”；归入生物医药,20260830_NEW,False
B_行业与主营一致,申万三级明确为印制电路板,cn,301282,金禄电子,4,国家重点扶持产业,第一梯队：AI+超级主线,PCB,主营+行业映射,公司主营业务为多层板,单/双面板、多层板、加工业务,,电子,元件,印制电路板,2026-08-30复核：生产主营“单/双面板、多层板、加工业务”，行业分类“电子/元件/印制电路板”；归入PCB,20260830_NEW,False
A_主营直接支持,主营/新战略业务直接命中关键电子元器件证据,cn,301285,鸿日达,4,国家重点扶持产业,第二梯队：新兴支柱产业,关键电子元器件,主营+行业映射,公司主营业务为连接器,机构件、连接器,,电子,消费电子,消费电子零部件及组装,2026-08-30复核：生产主营“机构件、连接器”，行业分类“电子/消费电子/消费电子零部件及组装”；归入关键电子元器件,20260830_NEW,False
A_主营直接支持,主营/新战略业务直接命中节能环保证据,cn,301288,清研环境,4,国家重点扶持产业,第二梯队：新兴支柱产业,节能环保,主营+行业映射,公司主营业务为污水处理工艺包销售,污水处理工艺包销售,,环保,环保设备,环保设备Ⅲ,2026-08-30复核：生产主营“污水处理工艺包销售”，行业分类“环保/环保设备/环保设备Ⅲ”；归入节能环保,20260830_NEW,False
A_主营直接支持,主营/新战略业务直接命中高端医疗器械证据,cn,301290,东星医疗,4,国家重点扶持产业,第二梯队：新兴支柱产业,高端医疗器械,主营+行业映射,公司主营业务为吻合器,吻合器、医疗设备、低值耗材、吻合器零配件,,医药生物,医疗器械,医疗设备,2026-08-30复核：生产主营“吻合器、医疗设备、低值耗材、吻合器零配件”，行业分类“医药生物/医疗器械/医疗设备”；归入高端医疗器械,20260830_NEW,False
B_行业与主营一致,申万三级行业为电池化学品，未发现直接冲突,cn,301292,海科新源,4,国家重点扶持产业,第二梯队：新兴支柱产业,动力电池与新型储能,主营+行业映射,公司主营业务为碳酸酯系列,碳酸酯系列、丙二醇,,电力设备,电池,电池化学品,2026-08-30复核：生产主营“碳酸酯系列、丙二醇”，行业分类“电力设备/电池/电池化学品”；归入动力电池与新型储能,20260830_NEW,False
B_行业与主营一致,申万三级行业为半导体设备，未发现直接冲突,cn,301297,富乐德,4,国家重点扶持产业,第三梯队：卡脖子底座,集成电路设备,主营+行业映射,公司主营业务为精密洗净,精密洗净、维修翻新、增值服务,,电子,半导体,半导体设备,2026-08-30复核：生产主营“精密洗净、维修翻新、增值服务”，行业分类“电子/半导体/半导体设备”；归入集成电路设备,20260830_NEW,False
A_主营直接支持,主营/新战略业务直接命中生物医药证据,cn,301301,川宁生物,4,国家重点扶持产业,第二梯队：新兴支柱产业,生物医药,主营+行业映射,公司主营业务为医药中间体,医药中间体,,医药生物,化学制药,原料药,2026-08-30复核：生产主营“医药中间体”，行业分类“医药生物/化学制药/原料药”；归入生物医药,20260830_NEW,False
B_行业与主营一致,申万三级行业为军工电子Ⅲ，未发现直接冲突,cn,301302,华如科技,4,国家重点扶持产业,第二梯队：新兴支柱产业,航空航天与军工电子,主营+行业映射,公司主营业务为硬件产品收入,技术开发收入、软件产品收入、硬件产品收入、商品销售收入、技术服务收入,,国防军工,军工电子,军工电子Ⅲ,2026-08-30复核：生产主营“技术开发收入、软件产品收入、硬件产品收入、商品销售收入、技术服务收入”，行业分类“国防军工/军工电子/军工电子Ⅲ”；归入航空航天与军工电子,20260830_NEW,False
B_行业与主营一致,申万三级行业为固废治理，未发现直接冲突,cn,301305,朗坤科技,4,国家重点扶持产业,第二梯队：新兴支柱产业,节能环保,主营+行业映射,公司主营业务为生物质资源再生业务,生物质资源再生业务,,环保,环境治理,固废治理,2026-08-30复核：生产主营“生物质资源再生业务”，行业分类“环保/环境治理/固废治理”；归入节能环保,20260830_NEW,False
B_行业与主营一致,申万三级行业为军工电子Ⅲ，未发现直接冲突,cn,301306,西测测试,4,国家重点扶持产业,第二梯队：新兴支柱产业,航空航天与军工电子,主营+行业映射,公司主营业务为环境与可靠性试验,环境与可靠性试验、电子元器件检测筛选、电磁兼容性试验、检测设备销售、电子装联业务,,国防军工,军工电子,军工电子Ⅲ,2026-08-30复核：生产主营“环境与可靠性试验、电子元器件检测筛选、电磁兼容性试验、检测设备销售、电子装联业务”，行业分类“国防军工/军工电子/军工电子Ⅲ”；归入航空航天与军工电子,20260830_NEW,False
A_主营直接支持,主营/新战略业务直接命中新一代通信证据,cn,301307,美利信,4,国家重点扶持产业,第二梯队：新兴支柱产业,新一代通信,主营+行业映射,公司主营业务为汽车类零部件,通信类结构件、汽车类零部件,,通信,通信设备,通信网络设备及器件,2026-08-30复核：生产主营“通信类结构件、汽车类零部件”，行业分类“通信/通信设备/通信网络设备及器件”；归入新一代通信,20260830_NEW,False
A_主营直接支持,主营/新战略业务直接命中先进存储产品证据,cn,301308,江波龙,2,S100,第二梯队：新兴支柱产业,先进存储产品,人工复核,公司主营业务为嵌入式存储,嵌入式存储、移动存储、固态硬盘、内存条,,电子,半导体,数字芯片设计,2026-08-30人工复核：主营嵌入式、移动及固态存储；归入先进存储产品,20260830_NEW,False
A_主营直接支持,主营/新战略业务直接命中光伏证据,cn,301310,鑫宏业,4,国家重点扶持产业,第二梯队：新兴支柱产业,光伏,主营/战略文本,公司主营业务为新能源汽车线缆,光伏线缆、新能源汽车线缆、工业线缆,,汽车,汽车零部件,汽车电子电气系统,2026-08-30复核：生产主营业务“光伏线缆、新能源汽车线缆、工业线缆”命中“光伏”；归入光伏,20260830_NEW,False
B_行业与主营一致,申万三级行业为其他数字媒体，未发现直接冲突,cn,301313,凡拓数创,4,国家重点扶持产业,第二梯队：新兴支柱产业,数字创意,主营+行业映射,公司主营业务为数字一体化综合服务,3D可视化产品及服务、数字孪生及信息化软件、数字一体化综合服务,,传媒,数字媒体,其他数字媒体,2026-08-30复核：生产主营“3D可视化产品及服务、数字孪生及信息化软件、数字一体化综合服务”，行业分类“传媒/数字媒体/其他数字媒体”；归入数字创意,20260830_NEW,False
B_行业与主营一致,申万三级行业为通信网络设备及器件，未发现直接冲突,cn,301314,科瑞思,4,国家重点扶持产业,第二梯队：新兴支柱产业,新一代通信,主营+行业映射,公司主营业务为小型磁环线圈绕线服务,小型磁环线圈绕线服务、专用设备、磁性元器件成品、机械零部件及其它,,通信,通信设备,通信网络设备及器件,2026-08-30复核：生产主营“小型磁环线圈绕线服务、专用设备、磁性元器件成品、机械零部件及其它”，行业分类“通信/通信设备/通信网络设备及器件”；归入新一代通信,20260830_NEW,False
A_主营直接支持,主营/新战略业务直接命中软件与信息技术服务证据,cn,301315,威士顿,4,国家重点扶持产业,第二梯队：新兴支柱产业,软件与信息技术服务,主营+行业映射,公司主营业务为软件开发 ,系统集成、软件产品销售及服务、运维服务、软件开发 ,,计算机,软件开发,横向通用软件,2026-08-30复核：生产主营“系统集成、软件产品销售及服务、运维服务、软件开发 ”，行业分类“计算机/软件开发/横向通用软件”；归入软件与信息技术服务,20260830_NEW,False
A_主营直接支持,主营/新战略业务直接命中软件与信息技术服务证据,cn,301316,慧博云通,4,国家重点扶持产业,第二梯队：新兴支柱产业,软件与信息技术服务,主营+行业映射,公司主营业务为软件技术服务,软件技术服务、专业技术服务、产品及解决方案,,计算机,IT服务,IT服务Ⅲ,2026-08-30复核：生产主营“软件技术服务、专业技术服务、产品及解决方案”，行业分类“计算机/IT服务/IT服务Ⅲ”；归入软件与信息技术服务,20260830_NEW,False
B_行业与主营一致,申万三级行业为安防设备，主营未发现冲突,cn,301318,维海德,4,国家重点扶持产业,第二梯队：新兴支柱产业,先进计算与信息设备,主营+行业映射,公司主营业务为摄像机,摄像机、视频会议终端、音频设备、热成像仪、网络电话,,计算机,计算机设备,安防设备,2026-08-30复核：生产主营“摄像机、视频会议终端、音频设备、热成像仪、网络电话”，行业分类“计算机/计算机设备/安防设备”；归入先进计算与信息设备,20260830_NEW,False
C_需人工复核,未在主营/新战略业务中找到集成电路材料直接证据；当前主要依赖电子化学品Ⅲ,cn,301319,唯特偶,4,国家重点扶持产业,第三梯队：卡脖子底座,集成电路材料,主营+行业映射,公司主营业务为微电子焊接材料,微电子焊接材料、辅助焊接材料,,电子,电子化学品,电子化学品Ⅲ,2026-08-30复核：生产主营“微电子焊接材料、辅助焊接材料”，行业分类“电子/电子化学品/电子化学品Ⅲ”；归入集成电路材料,20260830_NEW,False
B_行业与主营一致,申万三级行业为工控设备，未发现直接冲突,cn,301320,豪江智能,4,国家重点扶持产业,第二梯队：新兴支柱产业,智能制造装备,主营+行业映射,公司主营业务为智能家居线性驱动系统,智慧医养线性驱动系统、智能办公线性驱动系统、工业传动线性驱动系统、智能家居线性驱动系统,,机械设备,自动化设备,工控设备,2026-08-30复核：生产主营“智慧医养线性驱动系统、智能办公线性驱动系统、工业传动线性驱动系统、智能家居线性驱动系统”，行业分类“机械设备/自动化设备/工控设备”；归入智能制造装备,20260830_NEW,False
A_主营直接支持,主营/新战略业务直接命中新型显示证据,cn,301321,翰博高新,4,国家重点扶持产业,第二梯队：新兴支柱产业,新型显示,主营+行业映射,公司主营业务为背光显示模组,背光显示模组、背光显示模组零部件,,电子,光学光电子,面板,2026-08-30复核：生产主营“背光显示模组、背光显示模组零部件”，行业分类“电子/光学光电子/面板”；归入新型显示,20260830_NEW,False
A_主营直接支持,主营/新战略业务直接命中新材料证据,cn,301323,新莱福,4,国家重点扶持产业,第二梯队：新兴支柱产业,新材料,主营+行业映射,公司主营业务为吸附功能材料,吸附功能材料、电子陶瓷元件、高能射线防护材料,,有色金属,金属新材料,磁性材料,2026-08-30复核：生产主营“吸附功能材料、电子陶瓷元件、高能射线防护材料”，行业分类“有色金属/金属新材料/磁性材料”；归入新材料,20260830_NEW,False
B_行业与主营一致,申万三级行业为锂电专用设备，未发现直接冲突,cn,301325,曼恩斯特,4,国家重点扶持产业,第二梯队：新兴支柱产业,动力电池与新型储能,主营+行业映射,公司主营业务为涂布应用类,涂布应用类、能源系统类,,电力设备,电池,锂电专用设备,2026-08-30复核：生产主营“涂布应用类、能源系统类”，行业分类“电力设备/电池/锂电专用设备”；归入动力电池与新型储能,20260830_NEW,False
C_需人工复核,未在主营/新战略业务中找到关键电子元器件直接证据；当前主要依赖消费电子零部件及组装,cn,301326,捷邦科技,4,国家重点扶持产业,第二梯队：新兴支柱产业,关键电子元器件,主营+行业映射,公司主营业务为精密功能件及结构件,精密功能件及结构件、碳纳米管,,电子,消费电子,消费电子零部件及组装,2026-08-30复核：生产主营“精密功能件及结构件、碳纳米管”，行业分类“电子/消费电子/消费电子零部件及组装”；归入关键电子元器件,20260830_NEW,False
A_主营直接支持,主营/新战略业务直接命中光伏证据,cn,301327,华宝新能,4,国家重点扶持产业,第二梯队：新兴支柱产业,光伏,主营/战略文本,公司主营业务为便携储能产品,便携储能产品、光伏太阳能板,,电力设备,电池,锂电池,2026-08-30复核：生产主营业务“便携储能产品、光伏太阳能板”命中“光伏”；归入光伏,20260830_NEW,False
A_主营直接支持,主营/新战略业务直接命中关键电子元器件证据,cn,301329,信音电子,4,国家重点扶持产业,第二梯队：新兴支柱产业,关键电子元器件,主营+行业映射,公司主营业务为笔记本电脑连接器,笔记本电脑连接器、消费电子连接器,,电子,消费电子,消费电子零部件及组装,2026-08-30复核：生产主营“笔记本电脑连接器、消费电子连接器”，行业分类“电子/消费电子/消费电子零部件及组装”；归入关键电子元器件,20260830_NEW,False
B_行业与主营一致,申万三级行业为安防设备，主营未发现冲突,cn,301330,熵基科技,4,国家重点扶持产业,第二梯队：新兴支柱产业,先进计算与信息设备,主营+行业映射,公司主营业务为智慧空间,智慧办公、考勤产品、智慧空间、门禁产品、数字身份认证、生物识别传感器产品、证卡产品、智慧商业、商用产品、数字标牌产品,,计算机,计算机设备,安防设备,2026-08-30复核：生产主营“智慧办公、考勤产品、智慧空间、门禁产品、数字身份认证、生物识别传感器产品、证卡产品、智慧商业、商用产品、数字标牌产品”，行业分类“计算机/计算机设备/安防设备”；归入先进计算与信息设备,20260830_NEW,False
B_行业与主营一致,申万三级行业为中药Ⅲ，未发现直接冲突,cn,301331,恩威医药,4,国家重点扶持产业,第二梯队：新兴支柱产业,现代中药,主营+行业映射,公司主营业务为妇科类,妇科类、儿科类、感冒类,,医药生物,中药,中药Ⅲ,2026-08-30复核：生产主营“妇科类、儿科类、感冒类”，行业分类“医药生物/中药/中药Ⅲ”；归入现代中药,20260830_NEW,False
B_行业与主营一致,申万三级行业为医疗研发外包，未发现直接冲突,cn,301333,诺思格,4,国家重点扶持产业,第二梯队：新兴支柱产业,生物医药研发服务,主营+行业映射,公司主营业务为临床试验运营服务,临床试验运营服务、临床试验现场管理服务、数据管理与统计分析服务、生物样本检测服务、临床试验咨询服务、临床药理学服务,,医药生物,医疗服务,医疗研发外包,2026-08-30复核：生产主营“临床试验运营服务、临床试验现场管理服务、数据管理与统计分析服务、生物样本检测服务、临床试验咨询服务、临床药理学服务”，行业分类“医药生物/医疗服务/医疗研发外包”；归入生物医药研发服务,20260830_NEW,False
B_行业与主营一致,申万三级行业为垂直应用软件，与软件/信息服务标签一致,cn,301337,亚华电子,4,国家重点扶持产业,第二梯队：新兴支柱产业,软件与信息技术服务,主营+行业映射,公司主营业务为成套医院智能通讯交互系统,成套医院智能通讯交互系统、病房智能通讯交互系统、门诊服务交互系统,,计算机,软件开发,垂直应用软件,2026-08-30复核：生产主营“成套医院智能通讯交互系统、病房智能通讯交互系统、门诊服务交互系统”，行业分类“计算机/软件开发/垂直应用软件”；归入软件与信息技术服务,20260830_NEW,False
B_行业与主营一致,申万三级行业为其他计算机设备，主营未发现冲突,cn,301339,通行宝,4,国家重点扶持产业,第二梯队：新兴支柱产业,先进计算与信息设备,主营+行业映射,公司主营业务为智慧交通运营管理系统业务,智慧交通电子收费业务、智慧交通运营管理系统业务、智慧交通生态业务,,计算机,计算机设备,其他计算机设备,2026-08-30复核：生产主营“智慧交通电子收费业务、智慧交通运营管理系统业务、智慧交通生态业务”，行业分类“计算机/计算机设备/其他计算机设备”；归入先进计算与信息设备,20260830_NEW,False
B_行业与主营一致,申万三级行业为集成电路封测，未发现直接冲突,cn,301348,蓝箭电子,4,国家重点扶持产业,第二梯队：新兴支柱产业,集成电路,主营+行业映射,公司主营业务为封测服务,自有品牌、封测服务,,电子,半导体,集成电路封测,2026-08-30复核：生产主营“自有品牌、封测服务”，行业分类“电子/半导体/集成电路封测”；归入集成电路,20260830_NEW,False
A_主营直接支持,主营/新战略业务直接命中新材料证据,cn,301349,信德新材,4,国家重点扶持产业,第二梯队：新兴支柱产业,新材料,主营/战略文本,公司主营业务为负极包覆材料,负极包覆材料、裂解萘馏分、炭黑原料油（橡胶增塑剂）、树脂、碳纤维制品、停产损失,,电力设备,电池,电池化学品,2026-08-30复核：生产主营业务“负极包覆材料、裂解萘馏分、炭黑原料油（橡胶增塑剂）、树脂、碳纤维制品、停产损失”命中“碳纤维”；归入新材料,20260830_NEW,False
B_行业与主营一致,申万三级行业为电池化学品，未发现直接冲突,cn,301358,湖南裕能,4,国家重点扶持产业,第二梯队：新兴支柱产业,动力电池与新型储能,主营+行业映射,公司主营业务为磷酸盐正极材料,磷酸盐正极材料,,电力设备,电池,电池化学品,2026-08-30复核：生产主营“磷酸盐正极材料”，行业分类“电力设备/电池/电池化学品”；归入动力电池与新型储能,20260830_NEW,False
B_行业与主营一致,申万三级为医疗设备；保留“高端”口径复核要求,cn,301363,美好医疗,4,国家重点扶持产业,第二梯队：新兴支柱产业,高端医疗器械,主营+行业映射,公司主营业务为家用呼吸机组件,家用呼吸机组件、家用及消费电子组件、人工植入耳蜗组件、精密模具及自动化设备、自主产品,,医药生物,医疗器械,医疗设备,2026-08-30复核：生产主营“家用呼吸机组件、家用及消费电子组件、人工植入耳蜗组件、精密模具及自动化设备、自主产品”，行业分类“医药生物/医疗器械/医疗设备”；归入高端医疗器械,20260830_NEW,False
A_主营直接支持,主营/新战略业务直接命中PCB证据,cn,301366,一博科技,4,国家重点扶持产业,第一梯队：AI+超级主线,PCB,旧批次规则复核,公司主营业务为PCBA制造服务,PCB设计服务、PCBA制造服务,,电子,元件,印制电路板,Codex复核：披露业务“PCBA制造服务”明确属于PCB,PREEXISTING,False
B_行业与主营一致,申万三级为医疗设备；保留“高端”口径复核要求,cn,301367,瑞迈特,4,国家重点扶持产业,第二梯队：新兴支柱产业,高端医疗器械,主营+行业映射,公司主营业务为家用呼吸诊疗产品,家用呼吸诊疗产品、耗材产品、医用产品,,医药生物,医疗器械,医疗设备,2026-08-30复核：生产主营“家用呼吸诊疗产品、耗材产品、医用产品”，行业分类“医药生物/医疗器械/医疗设备”；归入高端医疗器械,20260830_NEW,False
A_主营直接支持,主营/新战略业务直接命中机器人核心部件证据,cn,301368,丰立智能,4,国家重点扶持产业,第三梯队：卡脖子底座,机器人核心部件,主营/战略文本,公司主营业务为齿轮,齿轮、气动工具及零部件、精密减速器（谐波减速器）及零部件、新能源动力传动,,机械设备,通用设备,金属制品,2026-08-30复核：生产主营业务“齿轮、气动工具及零部件、精密减速器（谐波减速器）及零部件、新能源动力传动”命中“精密减速器”；归入机器人核心部件,20260830_NEW,False
A_主营直接支持,主营/新战略业务直接命中集成电路证据,cn,301369,联动科技,4,国家重点扶持产业,第二梯队：新兴支柱产业,集成电路,旧批次规则复核,公司主营业务为半导体自动化测试系统,半导体自动化测试系统,,电子,半导体,半导体设备,Codex复核：披露业务“半导体自动化测试系统”明确属于集成电路,PREEXISTING,False
C_需人工复核,未在主营/新战略业务中找到高端医疗器械直接证据；当前主要依赖医疗耗材,cn,301370,国科恒泰,4,国家重点扶持产业,第二梯队：新兴支柱产业,高端医疗器械,主营+行业映射,公司主营业务为血管介入治疗类材料,口腔材料、神经外科材料、血管介入治疗类材料、非血管介入治疗类材料、骨科材料,,医药生物,医疗器械,医疗耗材,2026-08-30复核：生产主营“口腔材料、神经外科材料、血管介入治疗类材料、非血管介入治疗类材料、骨科材料”，行业分类“医药生物/医疗器械/医疗耗材”；归入高端医疗器械,20260830_NEW,False
A_主营直接支持,主营/新战略业务直接命中节能环保证据,cn,301372,科净源,4,国家重点扶持产业,第二梯队：新兴支柱产业,节能环保,主营+行业映射,公司主营业务为项目运营服务,水处理产品、水环境综合治理方案、项目运营服务,,环保,环境治理,水务及水治理,2026-08-30复核：生产主营“水处理产品、水环境综合治理方案、项目运营服务”，行业分类“环保/环境治理/水务及水治理”；归入节能环保,20260830_NEW,False
A_主营直接支持,主营/新战略业务直接命中新材料证据,cn,301377,鼎泰高科,2,S100,第二梯队：新兴支柱产业,新材料,主营/战略文本,公司主营业务为刀具产品,刀具产品、研磨抛光材料、智能数控装备、功能性膜材料,,机械设备,通用设备,金属制品,2026-08-30复核：生产主营业务“刀具产品、研磨抛光材料、智能数控装备、功能性膜材料”命中“功能性膜材料”；归入新材料,20260830_NEW,False
A_主营直接支持,主营/新战略业务直接命中软件与信息技术服务证据,cn,301378,通达海,4,国家重点扶持产业,第二梯队：新兴支柱产业,软件与信息技术服务,主营+行业映射,公司主营业务为应用软件服务,应用软件开发、应用软件服务、司法辅助服务、系统集成,,计算机,软件开发,垂直应用软件,2026-08-30复核：生产主营“应用软件开发、应用软件服务、司法辅助服务、系统集成”，行业分类“计算机/软件开发/垂直应用软件”；归入软件与信息技术服务,20260830_NEW,False
A_主营直接支持,主营/新战略业务直接命中新型显示证据,cn,301379,天山电子,4,国家重点扶持产业,第二梯队：新兴支柱产业,新型显示,主营/战略文本,公司主营业务为彩色液晶显示模组,单色液晶显示屏、单色液晶显示模组、彩色液晶显示模组、触摸屏,,电子,光学光电子,面板,2026-08-30复核：生产主营业务“单色液晶显示屏、单色液晶显示模组、彩色液晶显示模组、触摸屏”命中“液晶显示模组”；归入新型显示,20260830_NEW,False
B_行业与主营一致,申万三级行业为通信应用增值服务，未发现直接冲突,cn,301380,挖金客,4,国家重点扶持产业,第二梯队：新兴支柱产业,新一代通信,主营+行业映射,公司主营业务为移动信息化服务,移动信息化服务、数字营销服务、数字化技术与应用解决方案,,通信,通信服务,通信应用增值服务,2026-08-30复核：生产主营“移动信息化服务、数字营销服务、数字化技术与应用解决方案”，行业分类“通信/通信服务/通信应用增值服务”；归入新一代通信,20260830_NEW,False
B_行业与主营一致,申万三级行业为通信应用增值服务，未发现直接冲突,cn,301382,蜂助手,4,国家重点扶持产业,第二梯队：新兴支柱产业,新一代通信,主营+行业映射,公司主营业务为数字商品综合运营,数字商品综合运营、物联网流量运营及解决方案、云终端技术及云服务、技术服务,,通信,通信服务,通信应用增值服务,2026-08-30复核：生产主营“数字商品综合运营、物联网流量运营及解决方案、云终端技术及云服务、技术服务”，行业分类“通信/通信服务/通信应用增值服务”；归入新一代通信,20260830_NEW,False
C_需人工复核,未在主营/新战略业务中找到关键电子元器件直接证据；当前主要依赖消费电子零部件及组装,cn,301383,天键股份,4,国家重点扶持产业,第二梯队：新兴支柱产业,关键电子元器件,主营+行业映射,公司主营业务为耳机产品,耳机产品,,电子,消费电子,消费电子零部件及组装,2026-08-30复核：生产主营“耳机产品”，行业分类“电子/消费电子/消费电子零部件及组装”；归入关键电子元器件,20260830_NEW,False
C_需人工复核,未在主营/新战略业务中找到关键电子元器件直接证据；当前主要依赖消费电子零部件及组装,cn,301387,光大同创,4,国家重点扶持产业,第二梯队：新兴支柱产业,关键电子元器件,主营+行业映射,公司主营业务为功能类产品,防护类产品、功能类产品,,电子,消费电子,消费电子零部件及组装,2026-08-30复核：生产主营“防护类产品、功能类产品”，行业分类“电子/消费电子/消费电子零部件及组装”；归入关键电子元器件,20260830_NEW,False
C_需人工复核,未在主营/新战略业务中找到关键电子元器件直接证据；当前主要依赖消费电子零部件及组装,cn,301389,隆扬电子,4,国家重点扶持产业,第二梯队：新兴支柱产业,关键电子元器件,主营+行业映射,公司主营业务为电磁屏蔽材料,电磁屏蔽材料、绝缘材料,,电子,消费电子,消费电子零部件及组装,2026-08-30复核：生产主营“电磁屏蔽材料、绝缘材料”，行业分类“电子/消费电子/消费电子零部件及组装”；归入关键电子元器件,20260830_NEW,False
B_行业与主营一致,申万三级行业为其他计算机设备，主营未发现冲突,cn,301391,卡莱特,4,国家重点扶持产业,第二梯队：新兴支柱产业,先进计算与信息设备,主营+行业映射,公司主营业务为视频处理设备,云联网播放器、发送器、接收卡、视频处理设备,,计算机,计算机设备,其他计算机设备,2026-08-30复核：生产主营“云联网播放器、发送器、接收卡、视频处理设备”，行业分类“计算机/计算机设备/其他计算机设备”；归入先进计算与信息设备,20260830_NEW,False
A_主营直接支持,主营/新战略业务直接命中高端装备证据,cn,301392,汇成真空,2,S100,第二梯队：新兴支柱产业,高端装备,人工复核,公司主营业务为真空镀膜设备,真空镀膜设备、配件及耗材,,机械设备,专用设备,其他专用设备,2026-08-30人工复核：主营真空镀膜设备；归入高端装备,20260830_NEW,False
B_行业与主营一致,申万三级行业为其他生物制品，未发现直接冲突,cn,301393,昊帆生物,4,国家重点扶持产业,第二梯队：新兴支柱产业,生物医药,主营+行业映射,公司主营业务为多肽合成试剂,多肽合成试剂、通用型分子砌块、蛋白质试剂,,医药生物,生物制品,其他生物制品,2026-08-30复核：生产主营“多肽合成试剂、通用型分子砌块、蛋白质试剂”，行业分类“医药生物/生物制品/其他生物制品”；归入生物医药,20260830_NEW,False
A_主营直接支持,主营/新战略业务直接命中算力网证据,cn,301396,宏景科技,2,S100,第一梯队：AI+超级主线,算力网,旧批次规则复核,公司主营业务为算力服务,城市综合管理、智慧园区、智慧民生、算力服务、运维服务,,计算机,IT服务,IT服务Ⅲ,Codex复核：披露业务“算力服务”明确属于算力网,PREEXISTING,False
B_行业与主营一致,申万三级行业为工控设备，未发现直接冲突,cn,301418,协昌科技,4,国家重点扶持产业,第二梯队：新兴支柱产业,智能制造装备,主营+行业映射,公司主营业务为运动控制器,运动控制器,,机械设备,自动化设备,工控设备,2026-08-30复核：生产主营“运动控制器”，行业分类“机械设备/自动化设备/工控设备”；归入智能制造装备,20260830_NEW,False
B_行业与主营一致,申万三级行业为通信网络设备及器件，未发现直接冲突,cn,301419,阿莱德,4,国家重点扶持产业,第二梯队：新兴支柱产业,新一代通信,主营+行业映射,公司主营业务为射频与防护器件,射频与防护器件、EMI及IP防护器件、电子导热散热器件,,通信,通信设备,通信网络设备及器件,2026-08-30复核：生产主营“射频与防护器件、EMI及IP防护器件、电子导热散热器件”，行业分类“通信/通信设备/通信网络设备及器件”；归入新一代通信,20260830_NEW,False
A_主营直接支持,主营/新战略业务直接命中关键电子元器件证据,cn,301421,波长光电,4,国家重点扶持产业,第二梯队：新兴支柱产业,关键电子元器件,主营+行业映射,公司主营业务为光学组件,光学元件、光学组件,,电子,光学光电子,光学元件,2026-08-30复核：生产主营“光学元件、光学组件”，行业分类“电子/光学光电子/光学元件”；归入关键电子元器件,20260830_NEW,False
B_行业与主营一致,申万三级行业为通信应用增值服务，未发现直接冲突,cn,301428,世纪恒通,4,国家重点扶持产业,第二梯队：新兴支柱产业,新一代通信,主营+行业映射,公司主营业务为车主信息服务,车主信息服务、生活信息服务、商务流程服务,,通信,通信服务,通信应用增值服务,2026-08-30复核：生产主营“车主信息服务、生活信息服务、商务流程服务”，行业分类“通信/通信服务/通信应用增值服务”；归入新一代通信,20260830_NEW,False
A_主营直接支持,主营/新战略业务直接命中新材料证据,cn,301429,森泰股份,4,国家重点扶持产业,第二梯队：新兴支柱产业,新材料,主营/战略文本,公司主营业务为高性能木塑复合材料产品,高性能木塑复合材料产品、新型石木塑复合材料产品、装配式建筑,,建筑材料,装修建材,其他建材,2026-08-30复核：生产主营业务“高性能木塑复合材料产品、新型石木塑复合材料产品、装配式建筑”命中“复合材料”；归入新材料,20260830_NEW,False
B_行业与主营一致,申万三级行业为风电零部件，未发现直接冲突,cn,301456,盘古智能,4,国家重点扶持产业,第二梯队：新兴支柱产业,风电,主营+行业映射,公司主营业务为润滑系统及配件,润滑系统及配件、液压系统及配件,,电力设备,风电设备,风电零部件,2026-08-30复核：生产主营“润滑系统及配件、液压系统及配件”，行业分类“电力设备/风电设备/风电零部件”；归入风电,20260830_NEW,False
B_行业与主营一致,申万三级为被动元件，与关键元器件方向一致,cn,301458,钧崴电子,4,国家重点扶持产业,第二梯队：新兴支柱产业,关键电子元器件,主营+行业映射,公司主营业务为商品销售,商品销售,,电子,元件,被动元件,2026-08-30复核：生产主营“商品销售”，行业分类“电子/元件/被动元件”；归入关键电子元器件,20260830_NEW,False
B_行业与主营一致,申万三级为光学元件，与关键元器件方向一致,cn,301479,弘景光电,4,国家重点扶持产业,第二梯队：新兴支柱产业,关键电子元器件,主营+行业映射,公司主营业务为新兴消费摄像模组,智能汽车光学镜头、智能汽车摄像模组、新兴消费光学镜头、新兴消费摄像模组,,电子,光学光电子,光学元件,2026-08-30复核：生产主营“智能汽车光学镜头、智能汽车摄像模组、新兴消费光学镜头、新兴消费摄像模组”，行业分类“电子/光学光电子/光学元件”；归入关键电子元器件,20260830_NEW,False
A_主营直接支持,主营/新战略业务直接命中关键电子元器件证据,cn,301486,致尚科技,4,国家重点扶持产业,第二梯队：新兴支柱产业,关键电子元器件,主营+行业映射,公司主营业务为光通信产品,游戏机零部件、电子连接器、光通信产品、自动化设备,,电子,消费电子,消费电子零部件及组装,2026-08-30复核：生产主营“游戏机零部件、电子连接器、光通信产品、自动化设备”，行业分类“电子/消费电子/消费电子零部件及组装”；归入关键电子元器件,20260830_NEW,False
B_行业与主营一致,申万三级行业为电池化学品，未发现直接冲突,cn,301487,盟固利,4,国家重点扶持产业,第二梯队：新兴支柱产业,动力电池与新型储能,主营+行业映射,公司主营业务为三元材料,钴酸锂、三元材料,,电力设备,电池,电池化学品,2026-08-30复核：生产主营“钴酸锂、三元材料”，行业分类“电力设备/电池/电池化学品”；归入动力电池与新型储能,20260830_NEW,False
C_需人工复核,未在主营/新战略业务中找到集成电路材料直接证据；当前主要依赖电子化学品Ⅲ,cn,301489,思泉新材,4,国家重点扶持产业,第三梯队：卡脖子底座,集成电路材料,主营+行业映射,公司主营业务为热管理材料,热管理材料、磁性材料、纳米防护材料,,电子,电子化学品,电子化学品Ⅲ,2026-08-30复核：生产主营“热管理材料、磁性材料、纳米防护材料”，行业分类“电子/电子化学品/电子化学品Ⅲ”；归入集成电路材料,20260830_NEW,False
B_行业与主营一致,申万三级行业为固废治理，未发现直接冲突,cn,301500,飞南资源,4,国家重点扶持产业,第二梯队：新兴支柱产业,节能环保,主营+行业映射,公司主营业务为资源化产品,资源化产品、危险废物处置,,环保,环境治理,固废治理,2026-08-30复核：生产主营“资源化产品、危险废物处置”，行业分类“环保/环境治理/固废治理”；归入节能环保,20260830_NEW,False
B_行业与主营一致,申万三级行业为其他计算机设备，主营未发现冲突,cn,301503,智迪科技,4,国家重点扶持产业,第二梯队：新兴支柱产业,先进计算与信息设备,主营+行业映射,公司主营业务为键盘,键盘、鼠标、键鼠套装,,计算机,计算机设备,其他计算机设备,2026-08-30复核：生产主营“键盘、鼠标、键鼠套装”，行业分类“计算机/计算机设备/其他计算机设备”；归入先进计算与信息设备,20260830_NEW,False
B_行业与主营一致,申万三级行业为化学制剂，未发现直接冲突,cn,301507,民生健康,4,国家重点扶持产业,第二梯队：新兴支柱产业,生物医药,主营+行业映射,公司主营业务为多维元素片（21）,多维元素片（21）、多种维生素矿物质片保健食品及食品,,医药生物,化学制药,化学制剂,2026-08-30复核：生产主营“多维元素片（21）、多种维生素矿物质片保健食品及食品”，行业分类“医药生物/化学制药/化学制剂”；归入生物医药,20260830_NEW,False
A_主营直接支持,主营/新战略业务直接命中生物医药研发服务证据,cn,301509,金凯生科,4,国家重点扶持产业,第二梯队：新兴支柱产业,生物医药研发服务,主营+行业映射,公司主营业务为含氟类CDMO业务,含氟类CDMO业务、非含氟类CDMO业务、技术服务、贸易服务 ,,医药生物,医疗服务,医疗研发外包,2026-08-30复核：生产主营“含氟类CDMO业务、非含氟类CDMO业务、技术服务、贸易服务 ”，行业分类“医药生物/医疗服务/医疗研发外包”；归入生物医药研发服务,20260830_NEW,False
B_行业与主营一致,申万三级行业为工控设备，未发现直接冲突,cn,301510,固高科技,4,国家重点扶持产业,第二梯队：新兴支柱产业,智能制造装备,主营+行业映射,公司主营业务为运动控制核心部件类,运动控制核心部件类、运动控制系统类、运动控制整机,,机械设备,自动化设备,工控设备,2026-08-30复核：生产主营“运动控制核心部件类、运动控制系统类、运动控制整机”，行业分类“机械设备/自动化设备/工控设备”；归入智能制造装备,20260830_NEW,False
A_主营直接支持,主营/新战略业务直接命中PCB证据,cn,301511,德福科技,2,S100,第一梯队：AI+超级主线,PCB,主营/战略文本,公司主营业务为锂电铜箔,电子电路铜箔、锂电铜箔,,电力设备,电池,锂电池,2026-08-30复核：生产主营业务“电子电路铜箔、锂电铜箔”命中“电子电路铜箔”；归入PCB,20260830_NEW,False
B_行业与主营一致,申万三级为医疗设备；保留“高端”口径复核要求,cn,301515,港通医疗,4,国家重点扶持产业,第二梯队：新兴支柱产业,高端医疗器械,主营+行业映射,公司主营业务为医用洁净装备及系统,医用气体装备及系统、医用洁净装备及系统、运维服务,,医药生物,医疗器械,医疗设备,2026-08-30复核：生产主营“医用气体装备及系统、医用洁净装备及系统、运维服务”，行业分类“医药生物/医疗器械/医疗设备”；归入高端医疗器械,20260830_NEW,False
B_行业与主营一致,申万三级行业为军工电子Ⅲ，未发现直接冲突,cn,301517,陕西华达,4,国家重点扶持产业,第二梯队：新兴支柱产业,航空航天与军工电子,主营+行业映射,公司主营业务为射频同轴连接器,低频连接器、射频同轴电缆组件、射频同轴连接器、电镀劳务,,国防军工,军工电子,军工电子Ⅲ,2026-08-30复核：生产主营“低频连接器、射频同轴电缆组件、射频同轴连接器、电镀劳务”，行业分类“国防军工/军工电子/军工电子Ⅲ”；归入航空航天与军工电子,20260830_NEW,False
B_行业与主营一致,申万三级行业为水务及水治理，未发现直接冲突,cn,301519,舜禹股份,4,国家重点扶持产业,第二梯队：新兴支柱产业,节能环保,主营+行业映射,公司主营业务为二次供水设备销售,二次供水设备销售、二次供水综合运维、污水解决方案、污水项目运营,,环保,环境治理,水务及水治理,2026-08-30复核：生产主营“二次供水设备销售、二次供水综合运维、污水解决方案、污水项目运营”，行业分类“环保/环境治理/水务及水治理”；归入节能环保,20260830_NEW,False
A_主营直接支持,主营/新战略业务直接命中生物医药研发服务证据,cn,301520,万邦医药,4,国家重点扶持产业,第二梯队：新兴支柱产业,生物医药研发服务,主营/战略文本,公司主营业务为临床研究服务,临床研究服务、药学研究服务,,医药生物,医疗服务,医疗研发外包,2026-08-30复核：生产主营业务“临床研究服务、药学研究服务”命中“临床研究服务”；归入生物医药研发服务,20260830_NEW,False
B_行业与主营一致,材料类主营与其他金属新材料行业一致,cn,301522,上大股份,4,国家重点扶持产业,第二梯队：新兴支柱产业,新材料,主营+行业映射,公司主营业务为高温及高性能合金,高温及高性能合金、高品质特种不锈钢,,有色金属,金属新材料,其他金属新材料,2026-08-30复核：生产主营“高温及高性能合金、高品质特种不锈钢”，行业分类“有色金属/金属新材料/其他金属新材料”；归入新材料,20260830_NEW,False
B_行业与主营一致,材料类主营与玻纤制造行业一致,cn,301526,国际复材,2,S100,第二梯队：新兴支柱产业,新材料,主营/战略文本,公司主营业务为玻璃纤维及制品,玻璃纤维及制品,,建筑材料,玻璃玻纤,玻纤制造,2026-08-30复核：生产主营业务“玻璃纤维及制品”命中“玻璃纤维及制品”；归入新材料,20260830_NEW,False
B_行业与主营一致,申万三级行业为数字芯片设计，未发现直接冲突,cn,301536,星宸科技,4,国家重点扶持产业,第二梯队：新兴支柱产业,集成电路,主营+行业映射,公司主营业务为智能安防,智能安防、智能物联、智能车载,,电子,半导体,数字芯片设计,2026-08-30复核：生产主营“智能安防、智能物联、智能车载”，行业分类“电子/半导体/数字芯片设计”；归入集成电路,20260830_NEW,False
B_行业与主营一致,材料类主营与改性塑料行业一致,cn,301538,骏鼎达,4,国家重点扶持产业,第二梯队：新兴支柱产业,新材料,主营+行业映射,公司主营业务为功能性保护套管,功能性保护套管,,基础化工,塑料,改性塑料,2026-08-30复核：生产主营“功能性保护套管”，行业分类“基础化工/塑料/改性塑料”；归入新材料,20260830_NEW,False
A_主营直接支持,主营/新战略业务直接命中先进材料证据,cn,301555,惠柏新材,4,国家重点扶持产业,第三梯队：卡脖子底座,先进材料,旧批次规则复核,公司主营业务为风电叶片用环氧树脂系列,风电叶片用环氧树脂系列、新型复合材料用环氧树脂系列、电子电气绝缘封装用环氧树脂,,基础化工,塑料,合成树脂,Codex复核：披露业务“风电叶片用环氧树脂系列”明确属于先进材料,PREEXISTING,False
B_行业与主营一致,申万三级行业为IT服务Ⅲ，与软件/信息服务标签一致,cn,301556,托普云农,4,国家重点扶持产业,第二梯队：新兴支柱产业,软件与信息技术服务,主营+行业映射,公司主营业务为智慧农业项目,智慧农业项目、智能硬件设备,,计算机,IT服务,IT服务Ⅲ,2026-08-30复核：生产主营“智慧农业项目、智能硬件设备”，行业分类“计算机/IT服务/IT服务Ⅲ”；归入软件与信息技术服务,20260830_NEW,False
A_主营直接支持,主营/新战略业务直接命中风电证据,cn,301557,常友科技,4,国家重点扶持产业,第二梯队：新兴支柱产业,风电,主营/战略文本,公司主营业务为风电机组罩体,风电机组罩体、风电轻量化夹芯材料,,电力设备,风电设备,风电零部件,2026-08-30复核：生产主营业务“风电机组罩体、风电轻量化夹芯材料”命中“风电机组”；归入风电,20260830_NEW,False
B_行业与主营一致,材料类主营与膜材料行业一致,cn,301565,中仑新材,4,国家重点扶持产业,第二梯队：新兴支柱产业,新材料,主营+行业映射,公司主营业务为通用型BOPA薄膜,通用型BOPA薄膜、新型BOPA薄膜、聚酰胺6（PA6）、生物降解BOPLA薄膜,,基础化工,塑料,膜材料,2026-08-30复核：生产主营“通用型BOPA薄膜、新型BOPA薄膜、聚酰胺6（PA6）、生物降解BOPLA薄膜”，行业分类“基础化工/塑料/膜材料”；归入新材料,20260830_NEW,False
A_主营直接支持,主营/新战略业务直接命中关键电子元器件证据,cn,301566,达利凯普,4,国家重点扶持产业,第二梯队：新兴支柱产业,关键电子元器件,主营+行业映射,公司主营业务为瓷介电容器,瓷介电容器,,电子,元件,被动元件,2026-08-30复核：生产主营“瓷介电容器”，行业分类“电子/元件/被动元件”；归入关键电子元器件,20260830_NEW,False
C_需人工复核,未在主营/新战略业务中找到关键电子元器件直接证据；当前主要依赖消费电子零部件及组装,cn,301567,贝隆精密,4,国家重点扶持产业,第二梯队：新兴支柱产业,关键电子元器件,主营+行业映射,公司主营业务为智能手机精密结构件,智能手机精密结构件、非智能手机精密结构件,,电子,消费电子,消费电子零部件及组装,2026-08-30复核：生产主营“智能手机精密结构件、非智能手机精密结构件”，行业分类“电子/消费电子/消费电子零部件及组装”；归入关键电子元器件,20260830_NEW,False
B_行业与主营一致,申万三级行业为军工电子Ⅲ，未发现直接冲突,cn,301571,国科天成,4,国家重点扶持产业,第二梯队：新兴支柱产业,航空航天与军工电子,主营+行业映射,公司主营业务为光电业务,光电业务、导航业务、遥感业务、信息系统业务,,国防军工,军工电子,军工电子Ⅲ,2026-08-30复核：生产主营“光电业务、导航业务、遥感业务、信息系统业务”，行业分类“国防军工/军工电子/军工电子Ⅲ”；归入航空航天与军工电子,20260830_NEW,False
B_行业与主营一致,申万三级行业为通信网络设备及器件，未发现直接冲突,cn,301577,美信科技,4,国家重点扶持产业,第二梯队：新兴支柱产业,新一代通信,主营+行业映射,公司主营业务为信号类磁性元器件,信号类磁性元器件,,通信,通信设备,通信网络设备及器件,2026-08-30复核：生产主营“信号类磁性元器件”，行业分类“通信/通信设备/通信网络设备及器件”；归入新一代通信,20260830_NEW,False
C_需人工复核,未在主营/新战略业务中找到高端医疗器械直接证据；当前主要依赖医疗耗材,cn,301580,爱迪特,4,国家重点扶持产业,第二梯队：新兴支柱产业,高端医疗器械,主营+行业映射,公司主营业务为口腔修复材料,口腔修复材料、氧化锆瓷块、口腔数字化设备,,医药生物,医疗器械,医疗耗材,2026-08-30复核：生产主营“口腔修复材料、氧化锆瓷块、口腔数字化设备”，行业分类“医药生物/医疗器械/医疗耗材”；归入高端医疗器械,20260830_NEW,False
A_主营直接支持,主营/新战略业务直接命中航空航天证据,cn,301586,佳力奇,4,国家重点扶持产业,第二梯队：新兴支柱产业,航空航天,主营+行业映射,公司主营业务为飞机复材零部件,飞机复材零部件、导弹复材零部件、制造及技术服务,,国防军工,航空装备,航空装备Ⅲ,2026-08-30复核：生产主营“飞机复材零部件、导弹复材零部件、制造及技术服务”，行业分类“国防军工/航空装备/航空装备Ⅲ”；归入航空航天,20260830_NEW,False
B_行业与主营一致,申万三级行业为锂电池，未发现直接冲突,cn,301587,中瑞股份,4,国家重点扶持产业,第二梯队：新兴支柱产业,动力电池与新型储能,主营+行业映射,公司主营业务为组合盖帽,组合盖帽、大圆柱结构件,,电力设备,电池,锂电池,2026-08-30复核：生产主营“组合盖帽、大圆柱结构件”，行业分类“电力设备/电池/锂电池”；归入动力电池与新型储能,20260830_NEW,False
B_行业与主营一致,申万三级行业为其他计算机设备，主营未发现冲突,cn,301589,诺瓦星云,4,国家重点扶持产业,第二梯队：新兴支柱产业,先进计算与信息设备,主营+行业映射,公司主营业务为LED显示控制系统,LED显示控制系统、视频处理系统、基于云的信息发布与管理系统,,计算机,计算机设备,其他计算机设备,2026-08-30复核：生产主营“LED显示控制系统、视频处理系统、基于云的信息发布与管理系统”，行业分类“计算机/计算机设备/其他计算机设备”；归入先进计算与信息设备,20260830_NEW,False
B_行业与主营一致,申万三级行业为军工电子Ⅲ，未发现直接冲突,cn,301592,六九一二,4,国家重点扶持产业,第二梯队：新兴支柱产业,航空航天与军工电子,主营+行业映射,公司主营业务为军事训练装备,军事训练装备、军事通信与指挥模拟训练装备、实战化模拟训练装备、特种军事装备、***搜索器、野战光通信装备,,国防军工,军工电子,军工电子Ⅲ,2026-08-30复核：生产主营“军事训练装备、军事通信与指挥模拟训练装备、实战化模拟训练装备、特种军事装备、***搜索器、野战光通信装备”，行业分类“国防军工/军工电子/军工电子Ⅲ”；归入航空航天与军工电子,20260830_NEW,False
B_行业与主营一致,申万三级行业为其他计算机设备，主营未发现冲突,cn,301600,慧翰股份,4,国家重点扶持产业,第二梯队：新兴支柱产业,先进计算与信息设备,主营+行业映射,公司主营业务为车联网智能终端,车联网智能终端、物联网智能模组、软件及服务,,计算机,计算机设备,其他计算机设备,2026-08-30复核：生产主营“车联网智能终端、物联网智能模组、软件及服务”，行业分类“计算机/计算机设备/其他计算机设备”；归入先进计算与信息设备,20260830_NEW,False
B_行业与主营一致,申万三级为医疗设备；保留“高端”口径复核要求,cn,301602,超研股份,4,国家重点扶持产业,第二梯队：新兴支柱产业,高端医疗器械,主营+行业映射,公司主营业务为医用超声,x射线、医用超声、工业超声,,医药生物,医疗器械,医疗设备,2026-08-30复核：生产主营“x射线、医用超声、工业超声”，行业分类“医药生物/医疗器械/医疗设备”；归入高端医疗器械,20260830_NEW,False
A_主营直接支持,主营/新战略业务直接命中工业母机证据,cn,301603,乔锋智能,4,国家重点扶持产业,第三梯队：卡脖子底座,工业母机,主营/战略文本,公司主营业务为立式加工中心,立式加工中心、龙门加工中心、卧式加工中心,,机械设备,通用设备,机床工具,2026-08-30复核：生产主营业务“立式加工中心、龙门加工中心、卧式加工中心”命中“加工中心”；归入工业母机,20260830_NEW,False
B_行业与主营一致,申万三级行业为品牌消费电子，未发现直接冲突,cn,301606,绿联科技,4,国家重点扶持产业,第二梯队：新兴支柱产业,新一代智能终端,主营+行业映射,公司主营业务为充电类产品,充电类产品、传输类产品、音视频类产品、移动周边类产品、存储类产品,,电子,消费电子,品牌消费电子,2026-08-30复核：生产主营“充电类产品、传输类产品、音视频类产品、移动周边类产品、存储类产品”，行业分类“电子/消费电子/品牌消费电子”；归入新一代智能终端,20260830_NEW,False
B_行业与主营一致,申万三级行业为其他计算机设备，主营未发现冲突,cn,301608,博实结,4,国家重点扶持产业,第二梯队：新兴支柱产业,先进计算与信息设备,主营+行业映射,公司主营业务为智能车载终端,智能车载终端、智慧出行组件、智能睡眠终端、智能支付硬件,,计算机,计算机设备,其他计算机设备,2026-08-30复核：生产主营“智能车载终端、智慧出行组件、智能睡眠终端、智能支付硬件”，行业分类“计算机/计算机设备/其他计算机设备”；归入先进计算与信息设备,20260830_NEW,False
A_主营直接支持,主营/新战略业务直接命中集成电路材料证据,cn,301611,珂玛科技,2,S100,第三梯队：卡脖子底座,集成电路材料,主营/战略文本,公司主营业务为销售先进陶瓷材料零部件,销售先进陶瓷材料零部件、提供表面处理服务、销售金属结构零部件,,电子,半导体,半导体材料,2026-08-30复核：生产主营业务“销售先进陶瓷材料零部件、提供表面处理服务、销售金属结构零部件”命中“先进陶瓷材料零部件”；归入集成电路材料,20260830_NEW,False
B_行业与主营一致,材料类主营与磁性材料行业一致,cn,301622,英思特,4,国家重点扶持产业,第二梯队：新兴支柱产业,新材料,主营+行业映射,公司主营业务为磁组件应用器件,单磁体应用器件、磁组件应用器件,,有色金属,金属新材料,磁性材料,2026-08-30复核：生产主营“单磁体应用器件、磁组件应用器件”，行业分类“有色金属/金属新材料/磁性材料”；归入新材料,20260830_NEW,False
C_需人工复核,未在主营/新战略业务中找到关键电子元器件直接证据；当前主要依赖消费电子零部件及组装,cn,301626,苏州天脉,4,国家重点扶持产业,第二梯队：新兴支柱产业,关键电子元器件,主营+行业映射,公司主营业务为热管理材料及器件,热管理材料及器件,,电子,消费电子,消费电子零部件及组装,2026-08-30复核：生产主营“热管理材料及器件”，行业分类“电子/消费电子/消费电子零部件及组装”；归入关键电子元器件,20260830_NEW,False
B_行业与主营一致,申万三级明确为印制电路板,cn,301628,强达电路,4,国家重点扶持产业,第一梯队：AI+超级主线,PCB,主营+行业映射,公司主营业务为多层板,单/双面板、多层板,,电子,元件,印制电路板,2026-08-30复核：生产主营“单/双面板、多层板”，行业分类“电子/元件/印制电路板”；归入PCB,20260830_NEW,False
B_行业与主营一致,申万三级行业为半导体设备，未发现直接冲突,cn,301629,矽电股份,4,国家重点扶持产业,第三梯队：卡脖子底座,集成电路设备,主营+行业映射,公司主营业务为晶粒探针台,晶圆探针台、晶粒探针台,,电子,半导体,半导体设备,2026-08-30复核：生产主营“晶圆探针台、晶粒探针台”，行业分类“电子/半导体/半导体设备”；归入集成电路设备,20260830_NEW,False
B_行业与主营一致,申万三级行业为工控设备，未发现直接冲突,cn,301633,港迪技术,4,国家重点扶持产业,第二梯队：新兴支柱产业,智能制造装备,主营+行业映射,公司主营业务为智能操控系统,智能操控系统、管理系统软件、自动化驱动产品,,机械设备,自动化设备,工控设备,2026-08-30复核：生产主营“智能操控系统、管理系统软件、自动化驱动产品”，行业分类“机械设备/自动化设备/工控设备”；归入智能制造装备,20260830_NEW,False
A_主营直接支持,主营/新战略业务直接命中动力电池与新型储能证据,cn,301658,首航新能,4,国家重点扶持产业,第二梯队：新兴支柱产业,动力电池与新型储能,主营/战略文本,公司主营业务为并网逆变器,储能电池、储能逆变器、并网逆变器,,电力设备,光伏设备,逆变器,2026-08-30复核：生产主营业务“储能电池、储能逆变器、并网逆变器”命中“储能电池”；归入动力电池与新型储能,20260830_NEW,False
A_主营直接支持,主营/新战略业务直接命中动力电池与新型储能证据,cn,301662,宏工科技,4,国家重点扶持产业,第二梯队：新兴支柱产业,动力电池与新型储能,主营+行业映射,公司主营业务为物料自动化处理产线,物料自动化处理产线、橡胶塑料、精细化工、锂电池、食品医药、单机设备、配件及改造,,电力设备,电池,锂电专用设备,2026-08-30复核：生产主营“物料自动化处理产线、橡胶塑料、精细化工、锂电池、食品医药、单机设备、配件及改造”，行业分类“电力设备/电池/锂电专用设备”；归入动力电池与新型储能,20260830_NEW,False
A_主营直接支持,主营/新战略业务直接命中航空航天证据,cn,302132,中航成飞,3,用户常用,第二梯队：新兴支柱产业,航空航天,旧批次人工复核,公司主营业务为传感控制,航空军品、传感控制、智能交通,,国防军工,军工电子,军工电子Ⅲ,Codex复核：结合主营业务将候选结果调整为航空航天,PREEXISTING,False
A_主营直接支持,主营/新战略业务直接命中节能环保证据,cn,600008,首创环保,4,国家重点扶持产业,第二梯队：新兴支柱产业,节能环保,主营+行业映射,公司主营业务为污水水处理业务,污水水处理业务、供水水处理业务、供水服务业务、城镇水务建造业务、水环境综合治理业务、设备及技术服务业务、固废处理业务、大气综合治理业务、快速路业务,固废处理,环保,环境治理,水务及水治理,2026-08-30复核：生产主营“污水水处理业务、供水水处理业务、供水服务业务、城镇水务建造业务、水环境综合治理业务、设备及技术服务业务、固废处理业务、大气综合治理业务、快速路业务”，行业分类“环保/环境治理/水务及水治理”；归入节能环保,20260830_NEW,False
A_主营直接支持,主营/新战略业务直接命中光伏证据,cn,600023,浙能电力,4,国家重点扶持产业,第二梯队：新兴支柱产业,光伏,主营/战略文本,公司主营业务为售电收入,供热收入、光伏产品销售、售电收入,新能源发电,公用事业,电力,火力发电,2026-08-30复核：生产主营业务“供热收入、光伏产品销售、售电收入”命中“光伏”；归入光伏,20260830_NEW,False
A_主营直接支持,主营/新战略业务直接命中光伏证据,cn,600032,浙江新能,4,国家重点扶持产业,第二梯队：新兴支柱产业,光伏,主营/战略文本,公司主营业务为风力业务,水电业务、光伏业务、风力业务、绿证交易业务,新能源开发与利用,公用事业,电力,光伏发电,2026-08-30复核：生产主营业务“水电业务、光伏业务、风力业务、绿证交易业务”命中“光伏”；归入光伏,20260830_NEW,False
A_主营直接支持,主营/新战略业务直接命中航空航天证据,cn,600038,中直股份,3,用户常用,第二梯队：新兴支柱产业,航空航天,旧批次规则复核,公司主营业务为航空产品,航空产品、先进制造,,国防军工,航空装备,航空装备Ⅲ,Codex复核：披露业务“航空产品”明确属于航空航天,PREEXISTING,False
B_行业与主营一致,申万三级行业为电信运营商，未发现直接冲突,cn,600050,中国联通,3,用户常用,第二梯队：新兴支柱产业,新一代通信,主营+行业映射,公司主营业务为宽带及移动数据服务,增值服务、宽带及移动数据服务、电路及网元服务、网间结算收入、语音通话及月租费,"云计算,大数据",通信,通信服务,电信运营商,2026-08-30复核：生产主营“增值服务、宽带及移动数据服务、电路及网元服务、网间结算收入、语音通话及月租费”，行业分类“通信/通信服务/电信运营商”；归入新一代通信,20260830_NEW,False
A_主营直接支持,主营/新战略业务直接命中医疗AI证据,cn,600055,万东医疗,4,国家重点扶持产业,第一梯队：AI+超级主线,医疗AI,旧批次规则复核,公司主营业务为医疗器械销售业务,医疗器械销售业务、劳务及服务,人工智能医疗,医药生物,医疗器械,医疗设备,Codex复核：披露业务“医疗器械销售业务”明确属于医疗AI,PREEXISTING,False
A_主营直接支持,主营/新战略业务直接命中生物医药研发服务证据,cn,600056,中国医药,4,国家重点扶持产业,第二梯队：新兴支柱产业,生物医药研发服务,主营/战略文本,公司主营业务为医药商业,医药工业、原料药、制剂药、中药材加工及饮片、内部抵消、医药商业、国际贸易,医药研发服务,医药生物,医药商业,医药流通,2026-08-30复核：生产新战略业务“医药研发服务”命中“医药研发服务”；归入生物医药研发服务,20260830_NEW,False
A_主营直接支持,主营/新战略业务直接命中生物医药证据,cn,600062,华润双鹤,4,国家重点扶持产业,第二梯队：新兴支柱产业,生物医药,旧批次规则复核,公司主营业务为慢病业务平台,输液业务平台、慢病业务平台、专科业务平台、原料药,生物制药,医药生物,化学制药,化学制剂,Codex复核：披露业务“慢病业务平台”明确属于生物医药,PREEXISTING,False
B_行业与主营一致,申万三级为光学元件，与关键元器件方向一致,cn,600071,凤凰光学,4,国家重点扶持产业,第二梯队：新兴支柱产业,关键电子元器件,主营+行业映射,公司主营业务为控制器,控制器、光学组件、锂电池、精密加工、光学仪器,智能影像领域,电子,光学光电子,光学元件,2026-08-30复核：生产主营“控制器、光学组件、锂电池、精密加工、光学仪器”，行业分类“电子/光学光电子/光学元件”；归入关键电子元器件,20260830_NEW,False
A_主营直接支持,主营/新战略业务直接命中风电证据,cn,600072,中船科技,4,国家重点扶持产业,第二梯队：新兴支柱产业,风电,主营/战略文本,公司主营业务为工程总承包,风力发电机组及配件、发电收入、工程总承包、工程设计、勘察、咨询和监理、船舶配件,新能源产业,电力设备,风电设备,风电零部件,2026-08-30复核：生产主营业务“风力发电机组及配件、发电收入、工程总承包、工程设计、勘察、咨询和监理、船舶配件”命中“风力发电”；归入风电,20260830_NEW,False
B_行业与主营一致,申万三级行业为中药Ⅲ，未发现直接冲突,cn,600085,同仁堂,3,用户常用,第二梯队：新兴支柱产业,现代中药,主营+行业映射,公司主营业务为医药工业,医药工业、医药商业、行业间抵消,,医药生物,中药,中药Ⅲ,2026-08-30复核：生产主营“医药工业、医药商业、行业间抵消”，行业分类“医药生物/中药/中药Ⅲ”；归入现代中药,20260830_NEW,False
A_主营直接支持,主营/新战略业务直接命中数字创意证据,cn,600088,中视传媒,4,国家重点扶持产业,第二梯队：新兴支柱产业,数字创意,主营+行业映射,公司主营业务为影视业务,影视业务、广告业务、旅游业务、基金业务,新媒体业务,传媒,影视院线,影视动漫制作,2026-08-30复核：生产主营“影视业务、广告业务、旅游业务、基金业务”，行业分类“传媒/影视院线/影视动漫制作”；归入数字创意,20260830_NEW,False
A_主营直接支持,主营/新战略业务直接命中光伏证据,cn,600098,广州发展,4,国家重点扶持产业,第二梯队：新兴支柱产业,光伏,主营/战略文本,公司主营业务为煤炭,储能及综合能源、充电桩、光伏发电、加气混凝土、危化品仓储、天然气、房产租赁、气电、气电热力、油品、煤炭、煤电、煤电热力、融资租赁、风力发电,新能源业务,公用事业,电力,火力发电,2026-08-30复核：生产主营业务“储能及综合能源、充电桩、光伏发电、加气混凝土、危化品仓储、天然气、房产租赁、气电、气电热力、油品、煤炭、煤电、煤电热力、融资租赁、风力发电”命中“光伏”；归入光伏,20260830_NEW,False
B_行业与主营一致,申万三级行业为其他计算机设备，主营未发现冲突,cn,600100,同方股份,4,国家重点扶持产业,第二梯队：新兴支柱产业,先进计算与信息设备,主营+行业映射,公司主营业务为数字信息,业务板块间抵销、总部投资及科技园、数字信息、智慧能源、核技术应用,节能环保,计算机,计算机设备,其他计算机设备,2026-08-30复核：生产主营“业务板块间抵销、总部投资及科技园、数字信息、智慧能源、核技术应用”，行业分类“计算机/计算机设备/其他计算机设备”；归入先进计算与信息设备,20260830_NEW,False
A_主营直接支持,主营/新战略业务直接命中新一代通信证据,cn,600105,永鼎股份,3,用户常用,第二梯队：新兴支柱产业,新一代通信,主营+行业映射,公司主营业务为汽车线束,光通信、汽车线束、电力工程、大数据应用、超导及铜导体,新能源汽车零部件,通信,通信设备,通信线缆及配套,2026-08-30复核：生产主营“光通信、汽车线束、电力工程、大数据应用、超导及铜导体”，行业分类“通信/通信设备/通信线缆及配套”；归入新一代通信,20260830_NEW,False
A_主营直接支持,主营/新战略业务直接命中动力电池与新型储能证据,cn,600110,诺德股份,4,国家重点扶持产业,第二梯队：新兴支柱产业,动力电池与新型储能,主营+行业映射,公司主营业务为铜箔产品,铜箔产品、电线电缆及附件、贸易、发电及储能,锂电池材料,电力设备,电池,锂电池,2026-08-30复核：生产主营“铜箔产品、电线电缆及附件、贸易、发电及储能”，行业分类“电力设备/电池/锂电池”；归入动力电池与新型储能,20260830_NEW,False
A_主营直接支持,主营/新战略业务直接命中新材料证据,cn,600111,北方稀土,3,用户常用,第二梯队：新兴支柱产业,新材料,主营/战略文本,公司主营业务为稀土产品,环保产品及服务、稀土应用产品、贸易业务、稀土产品、稀土原料产品、稀土功能材料,新能源材料,有色金属,小金属,稀土,2026-08-30复核：生产主营业务“环保产品及服务、稀土应用产品、贸易业务、稀土产品、稀土原料产品、稀土功能材料”命中“稀土功能材料”；归入新材料,20260830_NEW,False
A_主营直接支持,主营/新战略业务直接命中先进材料证据,cn,600114,东睦股份,3,用户常用,第三梯队：卡脖子底座,先进材料,旧批次规则复核,公司主营业务为粉末压制成形产品,粉末压制成形产品、软磁复合材料、金属注射成形产品,电子元件,机械设备,通用设备,金属制品,Codex复核：披露业务“粉末压制成形产品”明确属于先进材料,PREEXISTING,False
B_行业与主营一致,材料类主营与特钢Ⅲ行业一致,cn,600117,西宁特钢,4,国家重点扶持产业,第二梯队：新兴支柱产业,新材料,主营+行业映射,公司主营业务为钢材销售收入,商品房销售收入、矿渣、微粉等、钢材销售收入、钢铁制品、合金等贸易收入,,钢铁,特钢,特钢Ⅲ,2026-08-30复核：生产主营“商品房销售收入、矿渣、微粉等、钢材销售收入、钢铁制品、合金等贸易收入”，行业分类“钢铁/特钢/特钢Ⅲ”；归入新材料,20260830_NEW,False
B_行业与主营一致,申万三级行业为航天装备Ⅲ，未发现直接冲突,cn,600118,中国卫星,3,用户常用,第二梯队：新兴支柱产业,航空航天,主营+行业映射,公司主营业务为宇航制造及卫星应用,宇航制造及卫星应用,卫星应用服务,国防军工,航天装备,航天装备Ⅲ,2026-08-30复核：生产主营“宇航制造及卫星应用”，行业分类“国防军工/航天装备/航天装备Ⅲ”；归入航空航天,20260830_NEW,False
A_主营直接支持,主营/新战略业务直接命中现代中药证据,cn,600129,太极集团,4,国家重点扶持产业,第二梯队：新兴支柱产业,现代中药,主营+行业映射,公司主营业务为医药工业,医药工业、医药商业、中药材资源、大健康及国际、分部间抵销,,医药生物,中药,中药Ⅲ,2026-08-30复核：生产主营“医药工业、医药商业、中药材资源、大健康及国际、分部间抵销”，行业分类“医药生物/中药/中药Ⅲ”；归入现代中药,20260830_NEW,False
C_需人工复核,未在主营/新战略业务中找到关键电子元器件直接证据；当前主要依赖消费电子零部件及组装,cn,600130,波导股份,4,国家重点扶持产业,第二梯队：新兴支柱产业,关键电子元器件,主营+行业映射,公司主营业务为车载中控板,车载中控板,,电子,消费电子,消费电子零部件及组装,2026-08-30复核：生产主营“车载中控板”，行业分类“电子/消费电子/消费电子零部件及组装”；归入关键电子元器件,20260830_NEW,False
B_行业与主营一致,申万三级行业为IT服务Ⅲ，与软件/信息服务标签一致,cn,600131,国网信通,4,国家重点扶持产业,第二梯队：新兴支柱产业,软件与信息技术服务,主营+行业映射,公司主营业务为数字化基础设施板块,企业数字化应用业务、前沿技术创新业务、数字化基础设施板块、电力数字化应用业务、能源创新服务业务,数字能源,计算机,IT服务,IT服务Ⅲ,2026-08-30复核：生产主营“企业数字化应用业务、前沿技术创新业务、数字化基础设施板块、电力数字化应用业务、能源创新服务业务”，行业分类“计算机/IT服务/IT服务Ⅲ”；归入软件与信息技术服务,20260830_NEW,False
A_主营直接支持,主营/新战略业务直接命中节能环保证据,cn,600133,东湖高新,4,国家重点扶持产业,第二梯队：新兴支柱产业,节能环保,主营+行业映射,公司主营业务为环保科技板块,园区运营板块、环保科技板块,科技园区运营及服务,环保,环境治理,综合环境治理,2026-08-30复核：生产主营“园区运营板块、环保科技板块”，行业分类“环保/环境治理/综合环境治理”；归入节能环保,20260830_NEW,False
A_主营直接支持,主营/新战略业务直接命中光伏证据,cn,600135,乐凯胶片,4,国家重点扶持产业,第二梯队：新兴支柱产业,光伏,主营/战略文本,公司主营业务为彩色相纸,彩色相纸、太阳能电池背板、医疗产品、照相化学材料、TAC膜,新能源材料,基础化工,塑料,膜材料,2026-08-30复核：生产主营业务“彩色相纸、太阳能电池背板、医疗产品、照相化学材料、TAC膜”命中“太阳能电池”；归入光伏,20260830_NEW,False
A_主营直接支持,主营/新战略业务直接命中新材料证据,cn,600143,金发科技,3,用户常用,第二梯队：新兴支柱产业,新材料,主营+行业映射,公司主营业务为改性塑料,改性塑料、新材料、绿色石化产品、医疗健康产品、贸易品,生物降解材料,基础化工,塑料,改性塑料,2026-08-30复核：生产主营“改性塑料、新材料、绿色石化产品、医疗健康产品、贸易品”，行业分类“基础化工/塑料/改性塑料”；归入新材料,20260830_NEW,False
A_主营直接支持,主营/新战略业务直接命中海洋工程装备证据,cn,600150,中国船舶,3,用户常用,第二梯队：新兴支柱产业,海洋工程装备,主营/战略文本,公司主营业务为船舶造修及海洋工程,船舶造修及海洋工程、机电设备,新能源船舶,国防军工,航海装备,航海装备Ⅲ,2026-08-30复核：生产主营业务“船舶造修及海洋工程、机电设备”命中“海洋工程”；归入海洋工程装备,20260830_NEW,False
B_行业与主营一致,申万三级行业为光伏电池组件，未发现直接冲突,cn,600151,航天机电,4,国家重点扶持产业,第二梯队：新兴支柱产业,光伏,主营+行业映射,公司主营业务为PTC／发动机制冷系统,太阳能系统产品、HVAC／座舱空调系统、PTC／发动机制冷系统、Compressor/压缩机、Controlhead/控制头,新能源汽车零部件制造,电力设备,光伏设备,光伏电池组件,2026-08-30复核：生产主营“太阳能系统产品、HVAC／座舱空调系统、PTC／发动机制冷系统、Compressor/压缩机、Controlhead/控制头”，行业分类“电力设备/光伏设备/光伏电池组件”；归入光伏,20260830_NEW,False
A_主营直接支持,主营/新战略业务直接命中动力电池与新型储能证据,cn,600152,维科技术,4,国家重点扶持产业,第二梯队：新兴支柱产业,动力电池与新型储能,主营/战略文本,公司主营业务为消费类聚合物电池,储能电池、受托加工业务、小动力电池、废旧物资、材料物资、消费类聚合物电池、消费类铝壳电池、资产出租,新能源汽车零部件,电力设备,电池,锂电池,2026-08-30复核：生产主营业务“储能电池、受托加工业务、小动力电池、废旧物资、材料物资、消费类聚合物电池、消费类铝壳电池、资产出租”命中“储能电池”；归入动力电池与新型储能,20260830_NEW,False
A_主营直接支持,主营/新战略业务直接命中生物医药证据,cn,600161,天坛生物,4,国家重点扶持产业,第二梯队：新兴支柱产业,生物医药,旧批次规则复核,公司主营业务为静注人免疫球蛋白,人血白蛋白、静注人免疫球蛋白,疫苗,医药生物,生物制品,血液制品,Codex复核：披露业务“静注人免疫球蛋白”明确属于生物医药,PREEXISTING,False
A_主营直接支持,主营/新战略业务直接命中光伏证据,cn,600163,中闽能源,4,国家重点扶持产业,第二梯队：新兴支柱产业,光伏,主营/战略文本,公司主营业务为风电,风电、光伏发电、生物质发电,光伏发电,公用事业,电力,风力发电,2026-08-30复核：生产新战略业务“光伏发电”命中“光伏”；归入光伏,20260830_NEW,False
A_主营直接支持,主营/新战略业务直接命中节能环保证据,cn,600168,武汉控股,4,国家重点扶持产业,第二梯队：新兴支柱产业,节能环保,主营+行业映射,公司主营业务为污水处理业务报告分部,垃圾渗滤液处理业务报告分部、工程施工业务报告分部、本部业务报告分部、污水处理业务报告分部、自来水业务报告分部、隧道运营业务报告分部,环保工程,环保,环境治理,水务及水治理,2026-08-30复核：生产主营“垃圾渗滤液处理业务报告分部、工程施工业务报告分部、本部业务报告分部、污水处理业务报告分部、自来水业务报告分部、隧道运营业务报告分部”，行业分类“环保/环境治理/水务及水治理”；归入节能环保,20260830_NEW,False
A_主营直接支持,主营/新战略业务直接命中光伏证据,cn,600170,上海建工,4,国家重点扶持产业,第二梯队：新兴支柱产业,光伏,主营/战略文本,公司主营业务为房屋建设,房屋建设、基建工程、专业工程、建筑装饰、园林绿化、设计咨询、商品混凝土及混凝土构件、石料销售、房地产开发、城市建设投资、黄金销售业务、光伏新能源,环保工程,建筑装饰,房屋建设,房屋建设Ⅲ,2026-08-30复核：生产主营业务“房屋建设、基建工程、专业工程、建筑装饰、园林绿化、设计咨询、商品混凝土及混凝土构件、石料销售、房地产开发、城市建设投资、黄金销售业务、光伏新能源”命中“光伏”；归入光伏,20260830_NEW,False
A_主营直接支持,主营/新战略业务直接命中集成电路证据,cn,600171,上海贝岭,3,用户常用,第二梯队：新兴支柱产业,集成电路,旧批次人工复核,公司主营业务为集成电路产品,集成电路产品、信号链模拟芯片、电源管理芯片、功率器件、半导体材料配件,功率半导体,电子,半导体,模拟芯片设计,Codex复核：结合主营业务将候选结果调整为集成电路,PREEXISTING,False
A_主营直接支持,主营/新战略业务直接命中先进材料证据,cn,600172,黄河旋风,4,国家重点扶持产业,第三梯队：卡脖子底座,先进材料,旧批次规则复核,公司主营业务为超硬材料,建筑机械、超硬刀具、超硬复合材料、超硬材料、超硬材料制品、金属粉末,超硬材料制品,机械设备,通用设备,磨具磨料,Codex复核：披露业务“超硬材料”明确属于先进材料,PREEXISTING,False
A_主营直接支持,主营/新战略业务直接命中新材料证据,cn,600176,中国巨石,2,S100,第二梯队：新兴支柱产业,新材料,主营/战略文本,公司主营业务为玻纤及其制品,玻纤及其制品,,建筑材料,玻璃玻纤,玻纤制造,2026-08-30复核：生产主营业务“玻纤及其制品”命中“玻纤及其制品”；归入新材料,20260830_NEW,False
A_主营直接支持,主营/新战略业务直接命中PCB证据,cn,600183,生益科技,2,S100,第一梯队：AI+超级主线,PCB,旧批次规则复核,公司主营业务为覆铜板和粘结片,覆铜板和粘结片、印制线路板、废弃资源综合利用,电子材料,电子,元件,印制电路板,Codex复核：披露业务“覆铜板和粘结片”明确属于PCB,PREEXISTING,False
A_主营直接支持,主营/新战略业务直接命中算力网证据,cn,600186,莲花控股,4,国家重点扶持产业,第一梯队：AI+超级主线,算力网,主营/战略文本,公司主营业务为味精等氨基酸调味品,味精等氨基酸调味品、鸡精等复合调味品、算力服务、面粉和面制品、有机肥和水溶肥、水业公司产品、料酒等液态调味品,新能源汽车零部件,食品饮料,调味发酵品,调味发酵品Ⅲ,2026-08-30复核：生产主营业务“味精等氨基酸调味品、鸡精等复合调味品、算力服务、面粉和面制品、有机肥和水溶肥、水业公司产品、料酒等液态调味品”命中“算力服务”；归入算力网,20260830_NEW,False
B_行业与主营一致,申万三级行业为动物保健Ⅲ，未发现直接冲突,cn,600195,中牧股份,4,国家重点扶持产业,第二梯队：新兴支柱产业,生物农业,主营+行业映射,公司主营业务为贸易,生物制品、化药、饲料、贸易,生物制品,农林牧渔,动物保健,动物保健Ⅲ,2026-08-30复核：生产主营“生物制品、化药、饲料、贸易”，行业分类“农林牧渔/动物保健/动物保健Ⅲ”；归入生物农业,20260830_NEW,False
A_主营直接支持,主营/新战略业务直接命中生物医药证据,cn,600196,复星医药,3,用户常用,第二梯队：新兴支柱产业,生物医药,主营/战略文本,公司主营业务为抗肿瘤及免疫调节核心产品,抗肿瘤及免疫调节核心产品、抗感染核心产品、代谢及消化系统核心产品、心血管系统核心产品、中枢神经系统核心产品、原料药和中间体核心产品,医疗服务与器械,医药生物,化学制药,化学制剂,2026-08-30复核：生产主营业务“抗肿瘤及免疫调节核心产品、抗感染核心产品、代谢及消化系统核心产品、心血管系统核心产品、中枢神经系统核心产品、原料药和中间体核心产品”命中“原料药”；归入生物医药,20260830_NEW,False
A_主营直接支持,主营/新战略业务直接命中新一代通信证据,cn,600198,大唐电信,4,国家重点扶持产业,第二梯队：新兴支柱产业,新一代通信,主营+行业映射,公司主营业务为特种通信,特种通信,物联网及大数据服务,通信,通信设备,通信终端及配件,2026-08-30复核：生产主营“特种通信”，行业分类“通信/通信设备/通信终端及配件”；归入新一代通信,20260830_NEW,False
A_主营直接支持,主营/新战略业务直接命中生物医药证据,cn,600201,生物股份,4,国家重点扶持产业,第二梯队：新兴支柱产业,生物医药,旧批次规则复核,公司主营业务为生物制药,生物制药,宠物医疗,农林牧渔,动物保健,动物保健Ⅲ,Codex复核：披露业务“生物制药”明确属于生物医药,PREEXISTING,False
C_需人工复核,未在主营/新战略业务中找到关键电子元器件直接证据；当前主要依赖消费电子零部件及组装,cn,600203,福日电子,4,国家重点扶持产业,第二梯队：新兴支柱产业,关键电子元器件,主营+行业映射,公司主营业务为智能终端,智能终端、LED光电、贸易类,新能源汽车零部件,电子,消费电子,消费电子零部件及组装,2026-08-30复核：生产主营“智能终端、LED光电、贸易类”，行业分类“电子/消费电子/消费电子零部件及组装”；归入关键电子元器件,20260830_NEW,False
B_行业与主营一致,申万三级明确为半导体材料,cn,600206,有研新材,3,用户常用,第三梯队：卡脖子底座,集成电路材料,主营+行业映射,公司主营业务为高纯/超高纯金属材料,铂族、薄膜材料、贵金属、有色金属及高端制造、稀土材料、红外光学材料、医疗器械材料,电子材料,电子,半导体,半导体材料,2026-08-30复核：生产主营“铂族、薄膜材料、贵金属、有色金属及高端制造、稀土材料、红外光学材料、医疗器械材料”，行业分类“电子/半导体/半导体材料”；归入集成电路材料,20260830_NEW,False
A_主营直接支持,主营/新战略业务直接命中光伏证据,cn,600207,安彩高科,4,国家重点扶持产业,第二梯队：新兴支柱产业,光伏,主营/战略文本,公司主营业务为光伏玻璃,光伏玻璃、天然气、浮法玻璃、管道运输,光通信材料,电力设备,光伏设备,光伏辅材,2026-08-30复核：生产主营业务“光伏玻璃、天然气、浮法玻璃、管道运输”命中“光伏”；归入光伏,20260830_NEW,False
B_行业与主营一致,申万三级行业为其他生物制品，未发现直接冲突,cn,600211,西藏药业,3,用户常用,第二梯队：新兴支柱产业,生物医药,主营+行业映射,公司主营业务为自有产品,自有产品、外加工类,,医药生物,生物制品,其他生物制品,2026-08-30复核：生产主营“自有产品、外加工类”，行业分类“医药生物/生物制品/其他生物制品”；归入生物医药,20260830_NEW,False
B_行业与主营一致,申万三级行业为机器人，未发现直接冲突,cn,600215,派斯林,4,国家重点扶持产业,第二梯队：新兴支柱产业,智能机器人,主营+行业映射,公司主营业务为工业自动化系统集成,工业自动化产线,,机械设备,自动化设备,机器人,2026-08-30复核：生产主营“工业自动化产线”，行业分类“机械设备/自动化设备/机器人”；归入智能机器人,20260830_NEW,False
A_主营直接支持,主营/新战略业务直接命中生物医药证据,cn,600216,浙江医药,4,国家重点扶持产业,第二梯队：新兴支柱产业,生物医药,旧批次规则复核,公司主营业务为维生素及类维生素系列,维生素及类维生素系列、抗感染类药品、降糖类药品、激素类药品、营养补充剂药品、社会配送及商业,生物制药,医药生物,化学制药,原料药,Codex复核：披露业务“维生素及类维生素系列”明确属于生物医药,PREEXISTING,False
B_行业与主营一致,申万三级行业为固废治理，未发现直接冲突,cn,600217,中再资环,4,国家重点扶持产业,第二梯队：新兴支柱产业,节能环保,主营+行业映射,公司主营业务为废电拆解物,废电拆解物、工业废弃物及深加工、租赁收入,,环保,环境治理,固废治理,2026-08-30复核：生产主营“废电拆解物、工业废弃物及深加工、租赁收入”，行业分类“环保/环境治理/固废治理”；归入节能环保,20260830_NEW,False
A_主营直接支持,主营/新战略业务直接命中现代中药证据,cn,600222,太龙药业,4,国家重点扶持产业,第二梯队：新兴支柱产业,现代中药,主营+行业映射,公司主营业务为中药饮片,中药口服液、固体制剂、中药饮片、药品研发服务、药材贸易、药品流通,,医药生物,中药,中药Ⅲ,2026-08-30复核：生产主营“中药口服液、固体制剂、中药饮片、药品研发服务、药材贸易、药品流通”，行业分类“医药生物/中药/中药Ⅲ”；归入现代中药,20260830_NEW,False
A_主营直接支持,主营/新战略业务直接命中海洋工程装备证据,cn,600226,亨通股份,4,国家重点扶持产业,第二梯队：新兴支柱产业,海洋工程装备,主营/战略文本,公司主营业务为电解铜箔,电解铜箔、电及蒸汽、兽药产品、农药产品,"海洋工程,新能源",公用事业,电力,热力服务,"2026-08-30复核：生产新战略业务“海洋工程,新能源”命中“海洋工程”；归入海洋工程装备",20260830_NEW,False
A_主营直接支持,主营/新战略业务直接命中关键电子元器件证据,cn,600237,铜峰电子,4,国家重点扶持产业,第二梯队：新兴支柱产业,关键电子元器件,主营+行业映射,公司主营业务为电容器,电子级薄膜材料、电容器、再生树脂、晶体器件、连接器,新能源材料,电子,元件,被动元件,2026-08-30复核：生产主营“电子级薄膜材料、电容器、再生树脂、晶体器件、连接器”，行业分类“电子/元件/被动元件”；归入关键电子元器件,20260830_NEW,False
A_主营直接支持,主营/新战略业务直接命中动力电池与新型储能证据,cn,600241,时代万恒,4,国家重点扶持产业,第二梯队：新兴支柱产业,动力电池与新型储能,主营+行业映射,公司主营业务为锂电池,锂电池、镍氢电池,新能源电池材料,电力设备,电池,锂电池,2026-08-30复核：生产主营“锂电池、镍氢电池”，行业分类“电力设备/电池/锂电池”；归入动力电池与新型储能,20260830_NEW,False
B_行业与主营一致,申万三级行业为中药Ⅲ，未发现直接冲突,cn,600252,中恒集团,4,国家重点扶持产业,第二梯队：新兴支柱产业,现代中药,主营+行业映射,公司主营业务为医药流通类,医药流通类、大输液类、心脑血管领域用药、抗感染类、特色专科类、药品销售服务、骨骼肌肉领域用药、龟苓宝系列、龟苓膏系列,,医药生物,中药,中药Ⅲ,2026-08-30复核：生产主营“医药流通类、大输液类、心脑血管领域用药、抗感染类、特色专科类、药品销售服务、骨骼肌肉领域用药、龟苓宝系列、龟苓膏系列”，行业分类“医药生物/中药/中药Ⅲ”；归入现代中药,20260830_NEW,False
B_行业与主营一致,材料类主营与其他金属新材料行业一致,cn,600255,鑫科材料,4,国家重点扶持产业,第二梯队：新兴支柱产业,新材料,主营+行业映射,公司主营业务为铜基合金,铜基合金、辐照特种电缆,,有色金属,金属新材料,其他金属新材料,2026-08-30复核：生产主营“铜基合金、辐照特种电缆”，行业分类“有色金属/金属新材料/其他金属新材料”；归入新材料,20260830_NEW,False
A_主营直接支持,主营/新战略业务直接命中新材料证据,cn,600259,中稀有色,4,国家重点扶持产业,第二梯队：新兴支柱产业,新材料,主营+行业映射,公司主营业务为其他,稀土及相关产品,新能源材料,有色金属,小金属,稀土,2026-08-30复核：生产主营“稀土及相关产品”，行业分类“有色金属/小金属/稀土”；归入新材料,20260830_NEW,False
A_主营直接支持,主营/新战略业务直接命中生物医药证据,cn,600267,海正药业,4,国家重点扶持产业,第二梯队：新兴支柱产业,生物医药,旧批次规则复核,公司主营业务为医药制造,医药制造、抗肿瘤药、抗感染药、心血管药、抗寄生虫药及兽药、内分泌药、医药商业、医药经销、医药制剂进口品及接受药品营销外包业务、CMO/CDMO/CRO业务,生物制药,医药生物,化学制药,化学制剂,Codex复核：披露业务“医药制造”明确属于生物医药,PREEXISTING,False
B_行业与主营一致,申万三级行业为IT服务Ⅲ，与软件/信息服务标签一致,cn,600271,航天信息,4,国家重点扶持产业,第二梯队：新兴支柱产业,软件与信息技术服务,主营+行业映射,公司主营业务为数字财税业务产品,数字财税业务产品、智慧业务产品、网信业务产品,智能税控设备,计算机,IT服务,IT服务Ⅲ,2026-08-30复核：生产主营“数字财税业务产品、智慧业务产品、网信业务产品”，行业分类“计算机/IT服务/IT服务Ⅲ”；归入软件与信息技术服务,20260830_NEW,False
A_主营直接支持,主营/新战略业务直接命中氢能证据,cn,600273,嘉化能源,4,国家重点扶持产业,第四梯队：未来产业,氢能,旧批次规则复核,公司主营业务为脂肪醇（酸）系列产品,脂肪醇（酸）系列产品、聚氯乙烯（氯乙烯）、蒸汽、氯碱、磺化医药系列产品、硫酸（总酸量）、光伏发电、装卸及相关、氢气,氢能,基础化工,化学制品,其他化学制品,Codex复核：披露业务“脂肪醇（酸）系列产品”明确属于氢能,PREEXISTING,False
A_主营直接支持,主营/新战略业务直接命中生物医药证据,cn,600276,恒瑞医药,2,S100,第二梯队：新兴支柱产业,生物医药,旧批次规则复核,公司主营业务为肿瘤,肿瘤、代谢和心血管、免疫和呼吸系统、神经科学、造影剂,创新药研发,医药生物,化学制药,化学制剂,Codex复核：披露业务“肿瘤”明确属于生物医药,PREEXISTING,False
A_主营直接支持,主营/新战略业务直接命中节能环保证据,cn,600283,钱江水利,4,国家重点扶持产业,第二梯队：新兴支柱产业,节能环保,主营+行业映射,公司主营业务为自来水供应,自来水供应、污水处理、管道安装业务、PPP项目合同,,环保,环境治理,水务及水治理,2026-08-30复核：生产主营“自来水供应、污水处理、管道安装业务、PPP项目合同”，行业分类“环保/环境治理/水务及水治理”；归入节能环保,20260830_NEW,False
B_行业与主营一致,申万三级行业为中药Ⅲ，未发现直接冲突,cn,600285,羚锐制药,4,国家重点扶持产业,第二梯队：新兴支柱产业,现代中药,主营+行业映射,公司主营业务为贴剂,贴剂、片剂、胶囊剂、软膏剂,,医药生物,中药,中药Ⅲ,2026-08-30复核：生产主营“贴剂、片剂、胶囊剂、软膏剂”，行业分类“医药生物/中药/中药Ⅲ”；归入现代中药,20260830_NEW,False
C_需人工复核,未在主营/新战略业务中找到高端装备直接证据；当前主要依赖横向通用软件,cn,600288,大恒科技,4,国家重点扶持产业,第二梯队：新兴支柱产业,高端装备,主营/战略文本,公司主营业务为机器视觉及信息技术,机器视觉及信息技术、光机电一体化产品、电视数字网络编辑及播放系统,智能制造装备,计算机,软件开发,横向通用软件,2026-08-30复核：生产新战略业务“智能制造装备”命中“智能制造装备”；归入高端装备,20260830_NEW,False
A_主营直接支持,主营/新战略业务直接命中节能环保证据,cn,600292,电投水电,4,国家重点扶持产业,第二梯队：新兴支柱产业,节能环保,主营+行业映射,公司主营业务为脱硫脱硝,催化剂销售、水处理运营、环保工程、脱硫脱硝,新能源环保设备,环保,环境治理,大气治理,2026-08-30复核：生产主营“催化剂销售、水处理运营、环保工程、脱硫脱硝”，行业分类“环保/环境治理/大气治理”；归入节能环保,20260830_NEW,False
B_行业与主营一致,申万三级行业为种子，未发现直接冲突,cn,600313,农发种业,4,国家重点扶持产业,第二梯队：新兴支柱产业,生物育种,主营+行业映射,公司主营业务为化肥,农产品、农药、化肥,,农林牧渔,种植业,种子,2026-08-30复核：生产主营“农产品、农药、化肥”，行业分类“农林牧渔/种植业/种子”；归入生物育种,20260830_NEW,False
A_主营直接支持,主营/新战略业务直接命中航空航天证据,cn,600316,洪都航空,4,国家重点扶持产业,第二梯队：新兴支柱产业,航空航天,旧批次规则复核,公司主营业务为其他航空产品,教练机、非航空产品,,国防军工,航空装备,航空装备Ⅲ,Codex复核：披露业务“其他航空产品”明确属于航空航天,PREEXISTING,False
A_主营直接支持,主营/新战略业务直接命中节能环保证据,cn,600323,瀚蓝环境,4,国家重点扶持产业,第二梯队：新兴支柱产业,节能环保,主营+行业映射,公司主营业务为固废处理业务,供水业务、固废处理业务、排水业务、能源业务,新能源,环保,环境治理,固废治理,2026-08-30复核：生产主营“供水业务、固废处理业务、排水业务、能源业务”，行业分类“环保/环境治理/固废治理”；归入节能环保,20260830_NEW,False
A_主营直接支持,主营/新战略业务直接命中现代中药证据,cn,600329,达仁堂,3,用户常用,第二梯队：新兴支柱产业,现代中药,主营+行业映射,公司主营业务为中成药,中成药、西药,,医药生物,中药,中药Ⅲ,2026-08-30复核：生产主营“中成药、西药”，行业分类“医药生物/中药/中药Ⅲ”；归入现代中药,20260830_NEW,False
C_需人工复核,未在主营/新战略业务中找到集成电路材料直接证据；当前主要依赖电子化学品Ⅲ,cn,600330,天通股份,4,国家重点扶持产业,第三梯队：卡脖子底座,集成电路材料,主营+行业映射,公司主营业务为电子材料制造及销售,专用装备制造及安装、电子材料制造及销售,新能源材料,电子,电子化学品,电子化学品Ⅲ,2026-08-30复核：生产主营“专用装备制造及安装、电子材料制造及销售”，行业分类“电子/电子化学品/电子化学品Ⅲ”；归入集成电路材料,20260830_NEW,False
A_主营直接支持,主营/新战略业务直接命中现代中药证据,cn,600332,白云山,3,用户常用,第二梯队：新兴支柱产业,现代中药,主营+行业映射,公司主营业务为中成药,中成药、化学药,大健康产品,医药生物,中药,中药Ⅲ,2026-08-30复核：生产主营“中成药、化学药”，行业分类“医药生物/中药/中药Ⅲ”；归入现代中药,20260830_NEW,False
B_行业与主营一致,申万三级行业为其他通信设备，未发现直接冲突,cn,600345,长江通信,4,国家重点扶持产业,第二梯队：新兴支柱产业,新一代通信,主营+行业映射,公司主营业务为系统集成,系统集成、运维与技术服务、IT设备销售,,通信,通信设备,其他通信设备,2026-08-30复核：生产主营“系统集成、运维与技术服务、IT设备销售”，行业分类“通信/通信设备/其他通信设备”；归入新一代通信,20260830_NEW,False
A_主营直接支持,主营/新战略业务直接命中生物医药证据,cn,600351,亚宝药业,4,国家重点扶持产业,第二梯队：新兴支柱产业,生物医药,旧批次规则复核,公司主营业务为医药生产,医药生产、医药批发,生物制药,医药生物,中药,中药Ⅲ,Codex复核：披露业务“医药生产”明确属于生物医药,PREEXISTING,False
A_主营直接支持,主营/新战略业务直接命中集成电路证据,cn,600353,旭光电子,4,国家重点扶持产业,第二梯队：新兴支柱产业,集成电路,旧批次规则复核,公司主营业务为真空灭弧室（电力开关设备核心器件）,大功率激光器射频电子管、真空灭弧室（电力开关设备核心器件）、新型电力及新能源成套设备、航空航天飞行器精密结构件、智能嵌入式计算机、半导体封装及热管理用氮化物电子材料,,电子,其他电子,其他电子Ⅲ,Codex复核：披露业务“真空灭弧室（电力开关设备核心器件）”明确属于集成电路,PREEXISTING,False
A_主营直接支持,主营/新战略业务直接命中生物育种证据,cn,600354,敦煌种业,4,国家重点扶持产业,第二梯队：新兴支柱产业,生物育种,主营+行业映射,公司主营业务为种子,种子、食品、棉花,农产品加工,农林牧渔,种植业,种子,2026-08-30复核：生产主营“种子、食品、棉花”，行业分类“农林牧渔/种植业/种子”；归入生物育种,20260830_NEW,False
A_主营直接支持,主营/新战略业务直接命中集成电路证据,cn,600363,联创光电,3,用户常用,第二梯队：新兴支柱产业,集成电路,旧批次规则复核,公司主营业务为智能控制,智能控制、背光源及应用、光电通信与智能装备线缆及金属材料、激光系列及传统LED芯片产品,激光器,电子,消费电子,消费电子零部件及组装,Codex复核：披露业务“智能控制”明确属于集成电路,PREEXISTING,False
B_行业与主营一致,材料类主营与磁性材料行业一致,cn,600366,宁波韵升,4,国家重点扶持产业,第二梯队：新兴支柱产业,新材料,主营+行业映射,公司主营业务为钕铁硼,钕铁硼,新能源汽车零部件,有色金属,金属新材料,磁性材料,2026-08-30复核：生产主营“钕铁硼”，行业分类“有色金属/金属新材料/磁性材料”；归入新材料,20260830_NEW,False
B_行业与主营一致,申万三级行业为种子，未发现直接冲突,cn,600371,万向德农,4,国家重点扶持产业,第二梯队：新兴支柱产业,生物育种,主营+行业映射,公司主营业务为玉米,玉米、化肥,,农林牧渔,种植业,种子,2026-08-30复核：生产主营“玉米、化肥”，行业分类“农林牧渔/种植业/种子”；归入生物育种,20260830_NEW,False
A_主营直接支持,主营/新战略业务直接命中航空航天证据,cn,600372,中航机载,4,国家重点扶持产业,第二梯队：新兴支柱产业,航空航天,旧批次规则复核,公司主营业务为航空产品,航空产品、非航空防务产品,无人系统,国防军工,航空装备,航空装备Ⅲ,Codex复核：披露业务“航空产品”明确属于航空航天,PREEXISTING,False
A_主营直接支持,主营/新战略业务直接命中生物医药证据,cn,600380,健康元,4,国家重点扶持产业,第二梯队：新兴支柱产业,生物医药,旧批次规则复核,公司主营业务为化学制剂,中药制剂、保健食品、化学制剂、化学原料药及中间体、生物制品、诊断试剂及设备,"生物药,创新药",医药生物,化学制药,化学制剂,Codex复核：披露业务“化学制剂”明确属于生物医药,PREEXISTING,False
A_主营直接支持,主营/新战略业务直接命中节能环保证据,cn,600388,紫金龙净,4,国家重点扶持产业,第二梯队：新兴支柱产业,节能环保,主营+行业映射,公司主营业务为除尘器及配套设备及安装,除尘器及配套设备及安装、脱硫、脱硝工程项目、水处理环保设备、危废处置收入、垃圾焚烧收入、脱硝催化剂、土壤修复、水污染治理、VOCs项目、环保设备运营项目、发电业务、储能业务,新能源环保设备,环保,环保设备,环保设备Ⅲ,2026-08-30复核：生产主营“除尘器及配套设备及安装、脱硫、脱硝工程项目、水处理环保设备、危废处置收入、垃圾焚烧收入、脱硝催化剂、土壤修复、水污染治理、VOCs项目、环保设备运营项目、发电业务、储能业务”，行业分类“环保/环保设备/环保设备Ⅲ”；归入节能环保,20260830_NEW,False
A_主营直接支持,主营/新战略业务直接命中航空航天证据,cn,600391,航发科技,4,国家重点扶持产业,第二梯队：新兴支柱产业,航空航天,主营+行业映射,公司主营业务为内贸航空及衍生产品,内贸航空及衍生产品、工业民品、外贸产品,新能源及智能制造,国防军工,航空装备,航空装备Ⅲ,2026-08-30复核：生产主营“内贸航空及衍生产品、工业民品、外贸产品”，行业分类“国防军工/航空装备/航空装备Ⅲ”；归入航空航天,20260830_NEW,False
A_主营直接支持,主营/新战略业务直接命中新材料证据,cn,600392,盛和资源,3,用户常用,第二梯队：新兴支柱产业,新材料,主营+行业映射,公司主营业务为稀土金属,稀土氧化物、稀土盐类、稀土金属、锆英砂、钛精矿、金红石、稀土精矿（含独居石）,新能源材料,有色金属,小金属,稀土,2026-08-30复核：生产主营“稀土氧化物、稀土盐类、稀土金属、锆英砂、钛精矿、金红石、稀土精矿（含独居石）”，行业分类“有色金属/小金属/稀土”；归入新材料,20260830_NEW,False
B_行业与主营一致,材料类主营与特钢Ⅲ行业一致,cn,600399,抚顺特钢,4,国家重点扶持产业,第二梯队：新兴支柱产业,新材料,主营/战略文本,公司主营业务为合金结构钢,合金结构钢、工具钢、不锈钢、高温合金,,钢铁,特钢,特钢Ⅲ,2026-08-30复核：生产主营业务“合金结构钢、工具钢、不锈钢、高温合金”命中“高温合金”；归入新材料,20260830_NEW,False
B_行业与主营一致,申万三级行业为IT服务Ⅲ，与软件/信息服务标签一致,cn,600410,华胜天成,3,用户常用,第二梯队：新兴支柱产业,软件与信息技术服务,主营+行业映射,公司主营业务为企业IT系统解决方案,企业IT系统解决方案,云计算,计算机,IT服务,IT服务Ⅲ,2026-08-30复核：生产主营“企业IT系统解决方案”，行业分类“计算机/IT服务/IT服务Ⅲ”；归入软件与信息技术服务,20260830_NEW,False
A_主营直接支持,主营/新战略业务直接命中生物医药证据,cn,600420,国药现代,4,国家重点扶持产业,第二梯队：新兴支柱产业,生物医药,旧批次规则复核,公司主营业务为全身用抗感染药,全身用抗感染药、心血管系统用药、神经系统用药、泌尿生殖系统用药及激素制剂、骨骼肌肉系统用药、呼吸系统用药、抗肿瘤药及免疫调节剂、消化道和新陈代谢用药、血液和造血系统用药,生物制药,医药生物,化学制药,化学制剂,Codex复核：披露业务“全身用抗感染药”明确属于生物医药,PREEXISTING,False
A_主营直接支持,主营/新战略业务直接命中现代中药证据,cn,600422,昆药集团,4,国家重点扶持产业,第二梯队：新兴支柱产业,现代中药,主营+行业映射,公司主营业务为药品、器械批发与零售,心脑血管治疗领域、骨科系列、抗疟类、妇科、消化系统、药品、器械批发与零售,"中药饮片,健康消费品",医药生物,中药,中药Ⅲ,2026-08-30复核：生产主营“心脑血管治疗领域、骨科系列、抗疟类、妇科、消化系统、药品、器械批发与零售”，行业分类“医药生物/中药/中药Ⅲ”；归入现代中药,20260830_NEW,False
A_主营直接支持,主营/新战略业务直接命中生物医药证据,cn,600436,片仔癀,3,用户常用,第二梯队：新兴支柱产业,生物医药,主营/战略文本,公司主营业务为医药行业,医药行业、医药制造业、肝病用药、心脑血管用药、医药流通业、化妆品业,大健康产品,医药生物,中药,中药Ⅲ,2026-08-30复核：生产主营业务“医药行业、医药制造业、肝病用药、心脑血管用药、医药流通业、化妆品业”命中“医药制造”；归入生物医药,20260830_NEW,False
A_主营直接支持,主营/新战略业务直接命中光伏证据,cn,600438,通威股份,3,用户常用,第二梯队：新兴支柱产业,光伏,主营/战略文本,公司主营业务为光伏相关产品,饲料、食品及相关业务、太阳能电池、组件及相关业务、高纯晶硅、化工及相关业务、光伏电力及相关业务、合并抵销,高纯晶硅,电力设备,光伏设备,硅料硅片,2026-08-30复核：生产主营业务“饲料、食品及相关业务、太阳能电池、组件及相关业务、高纯晶硅、化工及相关业务、光伏电力及相关业务、合并抵销”命中“太阳能电池”；归入光伏,20260830_NEW,False
A_主营直接支持,主营/新战略业务直接命中软件与信息技术服务证据,cn,600446,金证股份,4,国家重点扶持产业,第二梯队：新兴支柱产业,软件与信息技术服务,主营+行业映射,公司主营业务为硬件业务,软件业务、硬件业务、定制及系统集成服务业务、科技园租赁业务,"数字货币,区块链技术",计算机,IT服务,IT服务Ⅲ,2026-08-30复核：生产主营“软件业务、硬件业务、定制及系统集成服务业务、科技园租赁业务”，行业分类“计算机/IT服务/IT服务Ⅲ”；归入软件与信息技术服务,20260830_NEW,False
A_主营直接支持,主营/新战略业务直接命中数据中心证据,cn,600449,宁夏建材,4,国家重点扶持产业,第一梯队：AI+超级主线,数据中心,旧批次规则复核,公司主营业务为运输服务收入,水泥及熟料、商品混凝土、骨料、运输服务收入、增值服务收入、数据中心业务,,建筑材料,水泥,水泥制造,Codex复核：披露业务“运输服务收入”明确属于数据中心,PREEXISTING,False
A_主营直接支持,主营/新战略业务直接命中软件与信息技术服务证据,cn,600455,博通股份,4,国家重点扶持产业,第二梯队：新兴支柱产业,软件与信息技术服务,主营+行业映射,公司主营业务为学费及住宿费收入,学费及住宿费收入、软件开发,,计算机,软件开发,垂直应用软件,2026-08-30复核：生产主营“学费及住宿费收入、软件开发”，行业分类“计算机/软件开发/垂直应用软件”；归入软件与信息技术服务,20260830_NEW,False
A_主营直接支持,主营/新战略业务直接命中风电证据,cn,600458,时代新材,4,国家重点扶持产业,第二梯队：新兴支柱产业,风电,主营/战略文本,公司主营业务为汽车产品分部,轨道交通、工业与工程、风力发电、汽车产品,新能源汽车零部件,机械设备,轨交设备,轨交设备Ⅲ,2026-08-30复核：生产主营业务“轨道交通、工业与工程、风力发电、汽车产品”命中“风力发电”；归入风电,20260830_NEW,False
A_主营直接支持,主营/新战略业务直接命中集成电路证据,cn,600460,士兰微,3,用户常用,第二梯队：新兴支柱产业,集成电路,旧批次规则复核,公司主营业务为分立器件产品,集成电路、分立器件产品、发光二极管产品,功率半导体,电子,半导体,分立器件,Codex复核：披露业务“分立器件产品”明确属于集成电路,PREEXISTING,False
A_主营直接支持,主营/新战略业务直接命中光伏证据,cn,600461,洪城环境,4,国家重点扶持产业,第二梯队：新兴支柱产业,光伏,主营/战略文本,公司主营业务为污水处理服务费,自来水销售、污水处理服务费、燃气销售、给排水工程、污水环境工程、燃气工程安装、固废处理业务、设计服务、设备销售、检测及运维服务、光伏发电、产品销售,固废处理,环保,环境治理,水务及水治理,2026-08-30复核：生产主营业务“自来水销售、污水处理服务费、燃气销售、给排水工程、污水环境工程、燃气工程安装、固废处理业务、设计服务、设备销售、检测及运维服务、光伏发电、产品销售”命中“光伏”；归入光伏,20260830_NEW,False
A_主营直接支持,主营/新战略业务直接命中光伏证据,cn,600475,华光环能,4,国家重点扶持产业,第二梯队：新兴支柱产业,光伏,主营/战略文本,公司主营业务为地方热电及光伏发电运营服务,环保设备、节能高效发电设备、市政环保工程及服务、电站工程及服务、环保运营服务、地方热电及光伏发电运营服务,新能源发电,公用事业,电力,热力服务,2026-08-30复核：生产主营业务“环保设备、节能高效发电设备、市政环保工程及服务、电站工程及服务、环保运营服务、地方热电及光伏发电运营服务”命中“光伏”；归入光伏,20260830_NEW,False
A_主营直接支持,主营/新战略业务直接命中动力电池与新型储能证据,cn,600478,科力远,4,国家重点扶持产业,第二梯队：新兴支柱产业,动力电池与新型储能,主营/战略文本,公司主营业务为动力电池及极片,镍产品、动力电池及极片、消费类电池、锂电材料、储能收入、贸易,新能源汽车相关产业,电力设备,电池,锂电池,2026-08-30复核：生产主营业务“镍产品、动力电池及极片、消费类电池、锂电材料、储能收入、贸易”命中“动力电池”；归入动力电池与新型储能,20260830_NEW,False
A_主营直接支持,主营/新战略业务直接命中现代中药证据,cn,600479,千金药业,4,国家重点扶持产业,第二梯队：新兴支柱产业,现代中药,主营+行业映射,公司主营业务为药品生产,药品批发零售、中药材及饮片生产 、药品生产、分部间抵销,,医药生物,中药,中药Ⅲ,2026-08-30复核：生产主营“药品批发零售、中药材及饮片生产 、药品生产、分部间抵销”，行业分类“医药生物/中药/中药Ⅲ”；归入现代中药,20260830_NEW,False
A_主营直接支持,主营/新战略业务直接命中光伏证据,cn,600481,双良节能,4,国家重点扶持产业,第二梯队：新兴支柱产业,光伏,主营/战略文本,公司主营业务为光伏产品,节能节水装备、新能源装备、光伏产品,光伏设备及组件,电力设备,光伏设备,硅料硅片,2026-08-30复核：生产新战略业务“光伏设备及组件”命中“光伏”；归入光伏,20260830_NEW,False
A_主营直接支持,主营/新战略业务直接命中海洋工程装备证据,cn,600487,亨通光电,2,S100,第二梯队：新兴支柱产业,海洋工程装备,主营/战略文本,公司主营业务为智能电网,光通信、智能电网、海洋能源与通信、工业与新能源智能、铜导体,海洋工程,通信,通信设备,通信线缆及配套,2026-08-30复核：生产新战略业务“海洋工程”命中“海洋工程”；归入海洋工程装备,20260830_NEW,False
A_主营直接支持,主营/新战略业务直接命中生物医药证据,cn,600488,津药药业,4,国家重点扶持产业,第二梯队：新兴支柱产业,生物医药,主营/战略文本,公司主营业务为甾体激素类,甾体激素类、氨基酸类、制剂,氨基酸原料药,医药生物,化学制药,原料药,2026-08-30复核：生产新战略业务“氨基酸原料药”命中“原料药”；归入生物医药,20260830_NEW,False
B_行业与主营一致,主营为轨交装备或核心控制/供电系统,cn,600495,晋西车轴,4,国家重点扶持产业,第二梯队：新兴支柱产业,高端装备,主营+行业映射,公司主营业务为铁路车辆,车轴、铁路车辆,,机械设备,轨交设备,轨交设备Ⅲ,2026-08-30复核：生产主营“车轴、铁路车辆”，行业分类“机械设备/轨交设备/轨交设备Ⅲ”；归入高端装备,20260830_NEW,False
A_主营直接支持,主营/新战略业务直接命中新一代通信证据,cn,600498,烽火通信,3,用户常用,第二梯队：新兴支柱产业,新一代通信,主营+行业映射,公司主营业务为通信系统设备,通信系统设备、光纤线缆、数据网络产品,"云计算,大数据",通信,通信设备,通信网络设备及器件,2026-08-30复核：生产主营“通信系统设备、光纤线缆、数据网络产品”，行业分类“通信/通信设备/通信网络设备及器件”；归入新一代通信,20260830_NEW,False
A_主营直接支持,主营/新战略业务直接命中先进材料证据,cn,600500,中化国际,4,国家重点扶持产业,第三梯队：卡脖子底座,先进材料,旧批次规则复核,公司主营业务为轻量化材料,基础原料及中间体、高性能材料、聚合物添加剂、化工材料营销,新能源材料,基础化工,化学制品,其他化学制品,Codex复核：披露业务“轻量化材料”明确属于先进材料,PREEXISTING,False
A_主营直接支持,主营/新战略业务直接命中光伏证据,cn,600505,西昌电力,4,国家重点扶持产业,第二梯队：新兴支柱产业,光伏,主营/战略文本,公司主营业务为水电行业,水电行业、电力工程、光伏新能源、工程设计,,公用事业,电力,电能综合服务,2026-08-30复核：生产主营业务“水电行业、电力工程、光伏新能源、工程设计”命中“光伏”；归入光伏,20260830_NEW,False
B_行业与主营一致,材料类主营与特钢Ⅲ行业一致,cn,600507,方大特钢,4,国家重点扶持产业,第二梯队：新兴支柱产业,新材料,主营+行业映射,公司主营业务为螺纹钢,汽车板簧、弹簧扁钢、优线、螺纹钢、铁精粉,,钢铁,特钢,特钢Ⅲ,2026-08-30复核：生产主营“汽车板簧、弹簧扁钢、优线、螺纹钢、铁精粉”，行业分类“钢铁/特钢/特钢Ⅲ”；归入新材料,20260830_NEW,False
A_主营直接支持,主营/新战略业务直接命中生物医药证据,cn,600513,联环药业,4,国家重点扶持产业,第二梯队：新兴支柱产业,生物医药,主营/战略文本,公司主营业务为片剂,原料药、片剂、针剂、医疗器械,,医药生物,化学制药,化学制剂,2026-08-30复核：生产主营业务“原料药、片剂、针剂、医疗器械”命中“原料药”；归入生物医药,20260830_NEW,False
A_主营直接支持,主营/新战略业务直接命中现代中药证据,cn,600518,康美药业,4,国家重点扶持产业,第二梯队：新兴支柱产业,现代中药,主营+行业映射,公司主营业务为中药,中药、西药、医疗器械、保健食品及食品,医疗健康服务,医药生物,中药,中药Ⅲ,2026-08-30复核：生产主营“中药、西药、医疗器械、保健食品及食品”，行业分类“医药生物/中药/中药Ⅲ”；归入现代中药,20260830_NEW,False
A_主营直接支持,主营/新战略业务直接命中智能机器人证据,cn,600520,三佳科技,4,国家重点扶持产业,第二梯队：新兴支柱产业,智能机器人,主营/战略文本,公司主营业务为模具产品,五金精密件、模具产品,智能装备及工业机器人,机械设备,专用设备,其他专用设备,2026-08-30复核：生产新战略业务“智能装备及工业机器人”命中“工业机器人”；归入智能机器人,20260830_NEW,False
A_主营直接支持,主营/新战略业务直接命中生物医药证据,cn,600521,华海药业,4,国家重点扶持产业,第二梯队：新兴支柱产业,生物医药,旧批次规则复核,公司主营业务为成品药销售,原材料及中间体销售、成品药销售、技术服务,生物制药,医药生物,化学制药,化学制剂,Codex复核：披露业务“成品药销售”明确属于生物医药,PREEXISTING,False
A_主营直接支持,主营/新战略业务直接命中新一代通信证据,cn,600522,中天科技,3,用户常用,第二梯队：新兴支柱产业,新一代通信,主营+行业映射,公司主营业务为电网建设,光通信及网络、电网建设、海洋系列、新能源、铜产品,新能源,通信,通信设备,通信线缆及配套,2026-08-30复核：生产主营“光通信及网络、电网建设、海洋系列、新能源、铜产品”，行业分类“通信/通信设备/通信线缆及配套”；归入新一代通信,20260830_NEW,False
A_主营直接支持,主营/新战略业务直接命中节能环保证据,cn,600526,菲达环保,4,国家重点扶持产业,第二梯队：新兴支柱产业,节能环保,主营+行业映射,公司主营业务为除尘器及其配套设备,除尘器及其配套设备、省煤器设备、烟气脱硫设备、垃圾焚烧烟气处理设备、气力输送设备、总成套、建筑安装服务、环保运营、碳足迹及智慧环保项目,新能源环保设备,环保,环保设备,环保设备Ⅲ,2026-08-30复核：生产主营“除尘器及其配套设备、省煤器设备、烟气脱硫设备、垃圾焚烧烟气处理设备、气力输送设备、总成套、建筑安装服务、环保运营、碳足迹及智慧环保项目”，行业分类“环保/环保设备/环保设备Ⅲ”；归入节能环保,20260830_NEW,False
B_行业与主营一致,主营为轨交装备或核心控制/供电系统,cn,600528,中铁工业,4,国家重点扶持产业,第二梯队：新兴支柱产业,高端装备,主营+行业映射,公司主营业务为交通运输装备及相关服务,专用工程机械装备及相关服务、交通运输装备及相关服务,地下工程装备,机械设备,轨交设备,轨交设备Ⅲ,2026-08-30复核：生产主营“专用工程机械装备及相关服务、交通运输装备及相关服务”，行业分类“机械设备/轨交设备/轨交设备Ⅲ”；归入高端装备,20260830_NEW,False
C_需人工复核,未在主营/新战略业务中找到高端医疗器械直接证据；当前主要依赖医疗耗材,cn,600529,山东药玻,4,国家重点扶持产业,第二梯队：新兴支柱产业,高端医疗器械,主营+行业映射,公司主营业务为包装制品,分部间抵销、包装制品、服务业、桶装水、物流、贸易,中性硼硅玻璃,医药生物,医疗器械,医疗耗材,2026-08-30复核：生产主营“分部间抵销、包装制品、服务业、桶装水、物流、贸易”，行业分类“医药生物/医疗器械/医疗耗材”；归入高端医疗器械,20260830_NEW,False
A_主营直接支持,主营/新战略业务直接命中现代中药证据,cn,600535,天士力,4,国家重点扶持产业,第二梯队：新兴支柱产业,现代中药,主营+行业映射,公司主营业务为医药工业小计,医药工业小计、心脑血管、抗肿瘤、感冒发烧、肝病治疗、医药商业小计,中药配方颗粒,医药生物,中药,中药Ⅲ,2026-08-30复核：生产主营“医药工业小计、心脑血管、抗肿瘤、感冒发烧、肝病治疗、医药商业小计”，行业分类“医药生物/中药/中药Ⅲ”；归入现代中药,20260830_NEW,False
A_主营直接支持,主营/新战略业务直接命中软件与信息技术服务证据,cn,600536,中国软件,3,用户常用,第二梯队：新兴支柱产业,软件与信息技术服务,主营+行业映射,公司主营业务为行业解决方案,自主软件产品、行业解决方案、服务化业务,云计算与大数据,计算机,IT服务,IT服务Ⅲ,2026-08-30复核：生产主营“自主软件产品、行业解决方案、服务化业务”，行业分类“计算机/IT服务/IT服务Ⅲ”；归入软件与信息技术服务,20260830_NEW,False
A_主营直接支持,主营/新战略业务直接命中生物医药证据,cn,600538,国发股份,4,国家重点扶持产业,第二梯队：新兴支柱产业,生物医药,主营/战略文本,公司主营业务为医药流通,医药流通、医药批发、医药连锁零售、医药制造、中成药类、消毒液类、中药饮片类、司法IVD,,医药生物,医药商业,医药流通,2026-08-30复核：生产主营业务“医药流通、医药批发、医药连锁零售、医药制造、中成药类、消毒液类、中药饮片类、司法IVD”命中“医药制造”；归入生物医药,20260830_NEW,False
A_主营直接支持,主营/新战略业务直接命中风电证据,cn,600548,深高速,4,国家重点扶持产业,第二梯队：新兴支柱产业,风电,主营/战略文本,公司主营业务为外环高速,大环保、风力发电、餐厨垃圾处理设备销售、餐厨垃圾处理项目建造、餐厨垃圾处理项目运营、通行费、外环高速、清连高速、机荷东段、机荷西段、水官高速、沿江高速,环保能源,交通运输,铁路公路,高速公路,2026-08-30复核：生产主营业务“大环保、风力发电、餐厨垃圾处理设备销售、餐厨垃圾处理项目建造、餐厨垃圾处理项目运营、通行费、外环高速、清连高速、机荷东段、机荷西段、水官高速、沿江高速”命中“风力发电”；归入风电,20260830_NEW,False
A_主营直接支持,主营/新战略业务直接命中新型显示证据,cn,600552,凯盛科技,3,用户常用,第二梯队：新兴支柱产业,新型显示,主营+行业映射,公司主营业务为显示材料,显示材料、应用材料,新能源材料,电子,光学光电子,面板,2026-08-30复核：生产主营“显示材料、应用材料”，行业分类“电子/光学光电子/面板”；归入新型显示,20260830_NEW,False
A_主营直接支持,主营/新战略业务直接命中现代中药证据,cn,600557,康缘药业,4,国家重点扶持产业,第二梯队：新兴支柱产业,现代中药,主营+行业映射,公司主营业务为注射液,注射液、口服液、胶囊、颗粒剂、冲剂、片丸剂、贴剂、凝胶剂,中药配方颗粒,医药生物,中药,中药Ⅲ,2026-08-30复核：生产主营“注射液、口服液、胶囊、颗粒剂、冲剂、片丸剂、贴剂、凝胶剂”，行业分类“医药生物/中药/中药Ⅲ”；归入现代中药,20260830_NEW,False
B_行业与主营一致,申万三级行业为军工电子Ⅲ，未发现直接冲突,cn,600562,国睿科技,4,国家重点扶持产业,第二梯队：新兴支柱产业,航空航天,旧批次人工复核,公司主营业务为雷达装备及相关系统,雷达装备及相关系统、工业软件及智能制造、智慧轨交,轨道交通信号控制,国防军工,军工电子,军工电子Ⅲ,Codex复核：结合主营业务将候选结果调整为航空航天,PREEXISTING,False
A_主营直接支持,主营/新战略业务直接命中关键电子元器件证据,cn,600563,法拉电子,3,用户常用,第二梯队：新兴支柱产业,关键电子元器件,主营+行业映射,公司主营业务为薄膜电容,薄膜电容、电子变压器,,电子,元件,被动元件,2026-08-30复核：生产主营“薄膜电容、电子变压器”，行业分类“电子/元件/被动元件”；归入关键电子元器件,20260830_NEW,False
A_主营直接支持,主营/新战略业务直接命中生物医药证据,cn,600566,济川药业,3,用户常用,第二梯队：新兴支柱产业,生物医药,旧批次规则复核,公司主营业务为中药,中药、西药,创新药研发,医药生物,中药,中药Ⅲ,Codex复核：披露业务“中药”明确属于生物医药,PREEXISTING,False
A_主营直接支持,主营/新战略业务直接命中软件与信息技术服务证据,cn,600570,恒生电子,3,用户常用,第二梯队：新兴支柱产业,软件与信息技术服务,主营+行业映射,公司主营业务为软件业收入,软件业收入、物业出租收入,"云计算,大数据",计算机,软件开发,垂直应用软件,2026-08-30复核：生产主营“软件业收入、物业出租收入”，行业分类“计算机/软件开发/垂直应用软件”；归入软件与信息技术服务,20260830_NEW,False
A_主营直接支持,主营/新战略业务直接命中软件与信息技术服务证据,cn,600571,信雅达,4,国家重点扶持产业,第二梯队：新兴支柱产业,软件与信息技术服务,主营+行业映射,公司主营业务为软件产品,软件产品、硬件销售、环保产品,智能制造,计算机,IT服务,IT服务Ⅲ,2026-08-30复核：生产主营“软件产品、硬件销售、环保产品”，行业分类“计算机/IT服务/IT服务Ⅲ”；归入软件与信息技术服务,20260830_NEW,False
A_主营直接支持,主营/新战略业务直接命中现代中药证据,cn,600572,康恩贝,4,国家重点扶持产业,第二梯队：新兴支柱产业,现代中药,主营+行业映射,公司主营业务为全品类中药,全品类中药、特色健康消费品、特色化学药,大健康产品,医药生物,中药,中药Ⅲ,2026-08-30复核：生产主营“全品类中药、特色健康消费品、特色化学药”，行业分类“医药生物/中药/中药Ⅲ”；归入现代中药,20260830_NEW,False
A_主营直接支持,主营/新战略业务直接命中海洋工程装备证据,cn,600583,海油工程,4,国家重点扶持产业,第二梯队：新兴支柱产业,海洋工程装备,主营/战略文本,公司主营业务为海洋工程总承包项目收入,海洋工程总承包项目收入、海洋工程非总承包项目收入、海上安装及海管铺设收入、维修收入、设计收入、陆地建造收入、非海洋工程项目收入,海上风电工程服务,石油石化,油服工程,油气及炼化工程,2026-08-30复核：生产主营业务“海洋工程总承包项目收入、海洋工程非总承包项目收入、海上安装及海管铺设收入、维修收入、设计收入、陆地建造收入、非海洋工程项目收入”命中“海洋工程”；归入海洋工程装备,20260830_NEW,False
A_主营直接支持,主营/新战略业务直接命中先进封装证据,cn,600584,长电科技,3,用户常用,第三梯队：卡脖子底座,先进封装,旧批次规则复核,公司主营业务为芯片封测,芯片封测,先进封装技术,电子,半导体,集成电路封测,Codex复核：披露业务“芯片封测”明确属于先进封装,PREEXISTING,False
A_主营直接支持,主营/新战略业务直接命中光伏证据,cn,600586,金晶科技,4,国家重点扶持产业,第二梯队：新兴支柱产业,光伏,主营/战略文本,公司主营业务为化工产品,技术玻璃、建筑玻璃、镀膜类、深加工及节能玻璃、光伏玻璃、化工产品、抵销,光伏玻璃,建筑材料,玻璃玻纤,玻璃制造,2026-08-30复核：生产新战略业务“光伏玻璃”命中“光伏”；归入光伏,20260830_NEW,False
A_主营直接支持,主营/新战略业务直接命中高端医疗器械证据,cn,600587,新华医疗,4,国家重点扶持产业,第二梯队：新兴支柱产业,高端医疗器械,主营+行业映射,公司主营业务为医疗器械制造产品,医疗器械制造产品、制药装备产品、医疗商贸产品、医疗服务,医疗服务,医药生物,医疗器械,医疗设备,2026-08-30复核：生产主营“医疗器械制造产品、制药装备产品、医疗商贸产品、医疗服务”，行业分类“医药生物/医疗器械/医疗设备”；归入高端医疗器械,20260830_NEW,False
B_行业与主营一致,申万三级行业为横向通用软件，与软件/信息服务标签一致,cn,600588,用友网络,3,用户常用,第二梯队：新兴支柱产业,软件与信息技术服务,主营+行业映射,公司主营业务为技术服务及培训,产品许可、技术服务及培训,智能营销与商业创新业务,计算机,软件开发,横向通用软件,2026-08-30复核：生产主营“产品许可、技术服务及培训”，行业分类“计算机/软件开发/横向通用软件”；归入软件与信息技术服务,20260830_NEW,False
A_主营直接支持,主营/新战略业务直接命中数据中心证据,cn,600589,大位科技,4,国家重点扶持产业,第一梯队：AI+超级主线,数据中心,旧批次规则复核,公司主营业务为机柜租赁服务,机柜租赁服务、网络传输及增值服务、算力与云服务、运维服务,高端半导体存储技术与新能源锂电全产业链,计算机,IT服务,IT服务Ⅲ,Codex复核：披露业务“机柜租赁服务”明确属于数据中心,PREEXISTING,False
A_主营直接支持,主营/新战略业务直接命中航空航天与军工电子证据,cn,600590,泰豪科技,4,国家重点扶持产业,第二梯队：新兴支柱产业,航空航天与军工电子,主营+行业映射,公司主营业务为应急装备业务,军工装备业务、应急装备业务,军工电子,国防军工,军工电子,军工电子Ⅲ,2026-08-30复核：生产主营“军工装备业务、应急装备业务”，行业分类“国防军工/军工电子/军工电子Ⅲ”；归入航空航天与军工电子,20260830_NEW,False
A_主营直接支持,主营/新战略业务直接命中生物医药证据,cn,600594,益佰制药,4,国家重点扶持产业,第二梯队：新兴支柱产业,生物医药,旧批次规则复核,公司主营业务为抗肿瘤,抗肿瘤、妇科药、心脑血管、医疗服务,生物制药,医药生物,中药,中药Ⅲ,Codex复核：披露业务“抗肿瘤”明确属于生物医药,PREEXISTING,False
A_主营直接支持,主营/新战略业务直接命中PCB证据,cn,600601,方正科技,4,国家重点扶持产业,第一梯队：AI+超级主线,PCB,旧批次规则复核,公司主营业务为PCB业务,PCB业务、融合通信服务、IT系统集成收入,,电子,元件,印制电路板,Codex复核：披露业务“PCB业务”明确属于PCB,PREEXISTING,False
B_行业与主营一致,申万三级行业为垂直应用软件，与软件/信息服务标签一致,cn,600602,云赛智联,3,用户常用,第二梯队：新兴支柱产业,软件与信息技术服务,主营+行业映射,公司主营业务为云计算大数据,云计算大数据、行业解决方案、智能产品、公司内各业务分部相互抵消,"云计算,大数据",计算机,软件开发,垂直应用软件,2026-08-30复核：生产主营“云计算大数据、行业解决方案、智能产品、公司内各业务分部相互抵消”，行业分类“计算机/软件开发/垂直应用软件”；归入软件与信息技术服务,20260830_NEW,False
B_行业与主营一致,申万三级行业为化学制剂，未发现直接冲突,cn,600613,神奇制药,4,国家重点扶持产业,第二梯队：新兴支柱产业,生物医药,主营+行业映射,公司主营业务为其他特色产品系列,抗肿瘤药系列、皮肤外用抗菌系列、三高慢病产品系列、中药经典止咳系列、经典滋补产品系列、苗药强筋健骨系列、神奇娃娃儿药系列,,医药生物,化学制药,化学制剂,2026-08-30复核：生产主营“抗肿瘤药系列、皮肤外用抗菌系列、三高慢病产品系列、中药经典止咳系列、经典滋补产品系列、苗药强筋健骨系列、神奇娃娃儿药系列”，行业分类“医药生物/化学制药/化学制剂”；归入生物医药,20260830_NEW,False
A_主营直接支持,主营/新战略业务直接命中数字创意证据,cn,600633,浙数文化,3,用户常用,第二梯队：新兴支柱产业,数字创意,主营+行业映射,公司主营业务为在线游戏运营业务,在线游戏运营业务、在线社交业务、技术信息服务业务、数字营销业务,大数据应用服务,传媒,游戏,游戏Ⅲ,2026-08-30复核：生产主营“在线游戏运营业务、在线社交业务、技术信息服务业务、数字营销业务”，行业分类“传媒/游戏/游戏Ⅲ”；归入数字创意,20260830_NEW,False
A_主营直接支持,主营/新战略业务直接命中集成电路设备证据,cn,600641,先导基电,4,国家重点扶持产业,第三梯队：卡脖子底座,集成电路设备,旧批次规则复核,公司主营业务为房地产业务,房地产业务、专用设备制造业务,集成电路设备,房地产,房地产开发,住宅开发,Codex复核：披露业务“房地产业务”明确属于集成电路设备,PREEXISTING,False
A_主营直接支持,主营/新战略业务直接命中光伏证据,cn,600642,申能股份,4,国家重点扶持产业,第二梯队：新兴支柱产业,光伏,主营/战略文本,公司主营业务为煤电业务,煤电业务、气电业务、风电业务、光伏发电业务、油气管输业务、煤炭销售,新能源,公用事业,电力,火力发电,2026-08-30复核：生产主营业务“煤电业务、气电业务、风电业务、光伏发电业务、油气管输业务、煤炭销售”命中“光伏”；归入光伏,20260830_NEW,False
B_行业与主营一致,申万三级为体外诊断；保留“高端”口径复核要求,cn,600645,中源协和,4,国家重点扶持产业,第二梯队：新兴支柱产业,高端医疗器械,主营+行业映射,公司主营业务为检测试剂,基因检测、检测试剂、科研试剂、细胞检测制备及存储,基因检测与诊断服务,医药生物,医疗器械,体外诊断,2026-08-30复核：生产主营“基因检测、检测试剂、科研试剂、细胞检测制备及存储”，行业分类“医药生物/医疗器械/体外诊断”；归入高端医疗器械,20260830_NEW,False
A_主营直接支持,主营/新战略业务直接命中软件与信息技术服务证据,cn,600654,中安科,4,国家重点扶持产业,第二梯队：新兴支柱产业,软件与信息技术服务,主营+行业映射,公司主营业务为安保运营服务,安保系统集成、安保运营服务、安保智能产品制造、租赁、新能源,,计算机,软件开发,垂直应用软件,2026-08-30复核：生产主营“安保系统集成、安保运营服务、安保智能产品制造、租赁、新能源”，行业分类“计算机/软件开发/垂直应用软件”；归入软件与信息技术服务,20260830_NEW,False
B_行业与主营一致,申万三级行业为化学制剂，未发现直接冲突,cn,600664,哈药股份,4,国家重点扶持产业,第二梯队：新兴支柱产业,生物医药,主营+行业映射,公司主营业务为工业小计,工业小计,,医药生物,化学制药,化学制剂,2026-08-30复核：生产主营“工业小计”，行业分类“医药生物/化学制药/化学制剂”；归入生物医药,20260830_NEW,False
A_主营直接支持,主营/新战略业务直接命中算力网证据,cn,600666,奥瑞德,4,国家重点扶持产业,第一梯队：AI+超级主线,算力网,主营/战略文本,公司主营业务为蓝宝石晶片,蓝宝石晶棒、蓝宝石晶片、灯具系列、算力服务,,电子,光学光电子,面板,2026-08-30复核：生产主营业务“蓝宝石晶棒、蓝宝石晶片、灯具系列、算力服务”命中“算力服务”；归入算力网,20260830_NEW,False
A_主营直接支持,主营/新战略业务直接命中光伏证据,cn,600667,太极实业,3,用户常用,第二梯队：新兴支柱产业,光伏,主营/战略文本,公司主营业务为工程总包,光伏发电、封装测试、工程总包、模组、设计和咨询,新能源材料,建筑装饰,工程咨询服务,工程咨询服务Ⅲ,2026-08-30复核：生产主营业务“光伏发电、封装测试、工程总包、模组、设计和咨询”命中“光伏”；归入光伏,20260830_NEW,False
A_主营直接支持,主营/新战略业务直接命中生物医药证据,cn,600668,尖峰集团,4,国家重点扶持产业,第二梯队：新兴支柱产业,生物医药,主营/战略文本,公司主营业务为水泥及熟料,水泥及熟料、机制砂及骨料、医药工业产品、医药商业产品、健康品,医药制造业,建筑材料,水泥,水泥制造,2026-08-30复核：生产新战略业务“医药制造业”命中“医药制造”；归入生物医药,20260830_NEW,False
A_主营直接支持,主营/新战略业务直接命中生物医药证据,cn,600673,东阳光,3,用户常用,第二梯队：新兴支柱产业,生物医药,旧批次规则复核,公司主营业务为高端铝箔类,电子元器件类、高端铝箔类、化工新材料类、能源材料类,生物医药,综合,综合,综合Ⅲ,Codex复核：披露业务“高端铝箔类”明确属于生物医药,PREEXISTING,False
A_主营直接支持,主营/新战略业务直接命中生物医药证据,cn,600682,南京新百,4,国家重点扶持产业,第二梯队：新兴支柱产业,生物医药,旧批次规则复核,公司主营业务为健康养老、护理业,商业、宾馆餐饮业、健康养老、护理业、专业技术服务业、科研服务、医药制造业、医疗服务业,生物医药,综合,综合,综合Ⅲ,Codex复核：披露业务“健康养老、护理业”明确属于生物医药,PREEXISTING,False
A_主营直接支持,主营/新战略业务直接命中海洋工程装备证据,cn,600685,中船防务,4,国家重点扶持产业,第二梯队：新兴支柱产业,海洋工程装备,主营+行业映射,公司主营业务为造船产品,造船产品、散货船、集装箱船、海工产品、钢结构工程、船舶修理及改造,新能源装备,国防军工,航海装备,航海装备Ⅲ,2026-08-30复核：生产主营“造船产品、散货船、集装箱船、海工产品、钢结构工程、船舶修理及改造”，行业分类“国防军工/航海装备/航海装备Ⅲ”；归入海洋工程装备,20260830_NEW,False
A_主营直接支持,主营/新战略业务直接命中集成电路证据,cn,600703,三安光电,3,用户常用,第二梯队：新兴支柱产业,集成电路,旧批次规则复核,公司主营业务为LED外延芯片,LED外延芯片、集成电路产品、LED应用品,Mini/Micro LED,电子,光学光电子,LED,Codex复核：披露业务“LED外延芯片”明确属于集成电路,PREEXISTING,False
A_主营直接支持,主营/新战略业务直接命中光伏证据,cn,600707,彩虹股份,4,国家重点扶持产业,第二梯队：新兴支柱产业,光伏,主营/战略文本,公司主营业务为液晶面板,液晶面板、基板玻璃,光伏玻璃,电子,光学光电子,面板,2026-08-30复核：生产新战略业务“光伏玻璃”命中“光伏”；归入光伏,20260830_NEW,False
A_主营直接支持,主营/新战略业务直接命中软件与信息技术服务证据,cn,600718,东软集团,4,国家重点扶持产业,第二梯队：新兴支柱产业,软件与信息技术服务,主营+行业映射,公司主营业务为自主软件、产品及服务,自主软件、产品及服务、系统集成、物业广告,智能汽车互联业务,计算机,IT服务,IT服务Ⅲ,2026-08-30复核：生产主营“自主软件、产品及服务、系统集成、物业广告”，行业分类“计算机/IT服务/IT服务Ⅲ”；归入软件与信息技术服务,20260830_NEW,False
A_主营直接支持,主营/新战略业务直接命中生物医药研发服务证据,cn,600721,百花医药,4,国家重点扶持产业,第二梯队：新兴支柱产业,生物医药研发服务,主营+行业映射,公司主营业务为医药研发,医药研发、临床试验、租赁及物业服务,,医药生物,医疗服务,医疗研发外包,2026-08-30复核：生产主营“医药研发、临床试验、租赁及物业服务”，行业分类“医药生物/医疗服务/医疗研发外包”；归入生物医药研发服务,20260830_NEW,False
B_行业与主营一致,申万三级行业为IT服务Ⅲ，与软件/信息服务标签一致,cn,600728,佳都科技,4,国家重点扶持产业,第二梯队：新兴支柱产业,软件与信息技术服务,主营+行业映射,公司主营业务为ICT产品与服务解决方案,行业智能化产品及运营服务、行业智能解决方案、ICT产品与服务解决方案,"人工智能,大数据",计算机,IT服务,IT服务Ⅲ,2026-08-30复核：生产主营“行业智能化产品及运营服务、行业智能解决方案、ICT产品与服务解决方案”，行业分类“计算机/IT服务/IT服务Ⅲ”；归入软件与信息技术服务,20260830_NEW,False
A_主营直接支持,主营/新战略业务直接命中光伏证据,cn,600732,爱旭股份,4,国家重点扶持产业,第二梯队：新兴支柱产业,光伏,主营/战略文本,公司主营业务为单晶太阳能电池片,太阳能电池片、智慧能源业务、组件、受托加工,,电力设备,光伏设备,光伏电池组件,2026-08-30复核：生产主营业务“太阳能电池片、智慧能源业务、组件、受托加工”命中“太阳能电池”；归入光伏,20260830_NEW,False
A_主营直接支持,主营/新战略业务直接命中智能网联新能源汽车证据,cn,600733,北汽蓝谷,4,国家重点扶持产业,第二梯队：新兴支柱产业,智能网联新能源汽车,主营/战略文本,公司主营业务为商品车销售,商品车销售、车辆运营收入,智能网联汽车,汽车,乘用车,电动乘用车,2026-08-30复核：生产新战略业务“智能网联汽车”命中“智能网联汽车”；归入智能网联新能源汽车,20260830_NEW,False
A_主营直接支持,主营/新战略业务直接命中生物医药证据,cn,600739,辽宁成大,4,国家重点扶持产业,第二梯队：新兴支柱产业,生物医药,旧批次规则复核,公司主营业务为供应链服务（贸易）,供应链服务（贸易）、生物制药、能源开发,金融投资,医药生物,生物制品,疫苗,Codex复核：披露业务“供应链服务（贸易）”明确属于生物医药,PREEXISTING,False
B_行业与主营一致,申万三级行业为中药Ⅲ，未发现直接冲突,cn,600750,华润江中,4,国家重点扶持产业,第二梯队：新兴支柱产业,现代中药,主营+行业映射,公司主营业务为非处方药,非处方药、处方药,,医药生物,中药,中药Ⅲ,2026-08-30复核：生产主营“非处方药、处方药”，行业分类“医药生物/中药/中药Ⅲ”；归入现代中药,20260830_NEW,False
A_主营直接支持,主营/新战略业务直接命中软件与信息技术服务证据,cn,600756,浪潮软件,4,国家重点扶持产业,第二梯队：新兴支柱产业,软件与信息技术服务,主营+行业映射,公司主营业务为软件及系统集成,软件及系统集成,云计算与大数据,计算机,IT服务,IT服务Ⅲ,2026-08-30复核：生产主营“软件及系统集成”，行业分类“计算机/IT服务/IT服务Ⅲ”；归入软件与信息技术服务,20260830_NEW,False
A_主营直接支持,主营/新战略业务直接命中航空航天证据,cn,600760,中航沈飞,3,用户常用,第二梯队：新兴支柱产业,航空航天,旧批次规则复核,公司主营业务为航空产品,航空产品,,国防军工,航空装备,航空装备Ⅲ,Codex复核：披露业务“航空产品”明确属于航空航天,PREEXISTING,False
A_主营直接支持,主营/新战略业务直接命中高端装备证据,cn,600764,中国海防,4,国家重点扶持产业,第二梯队：新兴支柱产业,高端装备,主营/战略文本,公司主营业务为电子信息产品,水声电子防务产品、特装电子产品、电子信息产品,智能装备业务,国防军工,航海装备,航海装备Ⅲ,2026-08-30复核：生产新战略业务“智能装备业务”命中“智能装备”；归入高端装备,20260830_NEW,False
B_行业与主营一致,申万三级行业为航空装备Ⅲ，未发现直接冲突,cn,600765,中航重机,4,国家重点扶持产业,第二梯队：新兴支柱产业,航空航天,主营+行业映射,公司主营业务为锻铸产品,锻铸产品、散热器、液压产品,新能源装备,国防军工,航空装备,航空装备Ⅲ,2026-08-30复核：生产主营“锻铸产品、散热器、液压产品”，行业分类“国防军工/航空装备/航空装备Ⅲ”；归入航空航天,20260830_NEW,False
B_行业与主营一致,申万三级行业为水务及水治理，未发现直接冲突,cn,600769,祥龙电业,4,国家重点扶持产业,第二梯队：新兴支柱产业,节能环保,主营+行业映射,公司主营业务为供水,供水、建筑,,环保,环境治理,水务及水治理,2026-08-30复核：生产主营“供水、建筑”，行业分类“环保/环境治理/水务及水治理”；归入节能环保,20260830_NEW,False
A_主营直接支持,主营/新战略业务直接命中集成电路证据,cn,600770,综艺股份,4,国家重点扶持产业,第二梯队：新兴支柱产业,集成电路,旧批次规则复核,公司主营业务为太阳能电站,芯片设计及应用、太阳能电站、计算机信息技术服务、环保设备及环保材料、手机游戏,新能源汽车,综合,综合,综合Ⅲ,Codex复核：披露业务“太阳能电站”明确属于集成电路,PREEXISTING,False
A_主营直接支持,主营/新战略业务直接命中现代中药证据,cn,600771,广誉远,4,国家重点扶持产业,第二梯队：新兴支柱产业,现代中药,主营+行业映射,公司主营业务为传统中药,传统中药、精品中药、养生酒,,医药生物,中药,中药Ⅲ,2026-08-30复核：生产主营“传统中药、精品中药、养生酒”，行业分类“医药生物/中药/中药Ⅲ”；归入现代中药,20260830_NEW,False
B_行业与主营一致,申万三级行业为化学制剂，未发现直接冲突,cn,600774,汉商集团,4,国家重点扶持产业,第二梯队：新兴支柱产业,生物医药,主营+行业映射,公司主营业务为药品及医疗器械分部,中药、化药、医疗器械、购物中心、会展运营及配套服务,大健康产业,医药生物,化学制药,化学制剂,2026-08-30复核：生产主营“中药、化药、医疗器械、购物中心、会展运营及配套服务”，行业分类“医药生物/化学制药/化学制剂”；归入生物医药,20260830_NEW,False
B_行业与主营一致,申万三级行业为通信终端及配件，未发现直接冲突,cn,600775,南京熊猫,4,国家重点扶持产业,第二梯队：新兴支柱产业,新一代通信,主营+行业映射,公司主营业务为电子制造服务,智能工厂及系统工程、智能制造核心部件、智慧交通、数字园区、平安城市、电子制造服务,智能制造,通信,通信设备,通信终端及配件,2026-08-30复核：生产主营“智能工厂及系统工程、智能制造核心部件、智慧交通、数字园区、平安城市、电子制造服务”，行业分类“通信/通信设备/通信终端及配件”；归入新一代通信,20260830_NEW,False
A_主营直接支持,主营/新战略业务直接命中新一代通信证据,cn,600776,东方通信,4,国家重点扶持产业,第二梯队：新兴支柱产业,新一代通信,主营+行业映射,公司主营业务为智能制造,信息通信、分部间抵销、智能制造、金融科技,5G相关技术与应用,通信,通信设备,其他通信设备,2026-08-30复核：生产主营“信息通信、分部间抵销、智能制造、金融科技”，行业分类“通信/通信设备/其他通信设备”；归入新一代通信,20260830_NEW,False
A_主营直接支持,主营/新战略业务直接命中光伏证据,cn,600784,鲁银投资,4,国家重点扶持产业,第二梯队：新兴支柱产业,光伏,主营/战略文本,公司主营业务为钢铁粉末,光伏发电、工业盐、溴素、纺织品、药用盐、贸易、钢铁粉末、食用盐,健康产业,综合,综合,综合Ⅲ,2026-08-30复核：生产主营业务“光伏发电、工业盐、溴素、纺织品、药用盐、贸易、钢铁粉末、食用盐”命中“光伏”；归入光伏,20260830_NEW,False
A_主营直接支持,主营/新战略业务直接命中生物医药证据,cn,600789,鲁抗医药,4,国家重点扶持产业,第二梯队：新兴支柱产业,生物医药,旧批次规则复核,公司主营业务为兽用药,原料药、制剂药品、兽用药,生物制药,医药生物,化学制药,化学制剂,Codex复核：披露业务“兽用药”明确属于生物医药,PREEXISTING,False
A_主营直接支持,主营/新战略业务直接命中节能环保证据,cn,600796,钱江生化,4,国家重点扶持产业,第二梯队：新兴支柱产业,节能环保,主营+行业映射,公司主营业务为污水处理,农药、蒸汽、污水处理、中水销售、水处理及供应、工程安装及物资销售、餐厨垃圾处理、工业油脂（废油提炼）、污泥清运及管道清理服务、医疗废弃物处置、垃圾焚烧、垃圾填埋,,环保,环境治理,水务及水治理,2026-08-30复核：生产主营“农药、蒸汽、污水处理、中水销售、水处理及供应、工程安装及物资销售、餐厨垃圾处理、工业油脂（废油提炼）、污泥清运及管道清理服务、医疗废弃物处置、垃圾焚烧、垃圾填埋”，行业分类“环保/环境治理/水务及水治理”；归入节能环保,20260830_NEW,False
A_主营直接支持,主营/新战略业务直接命中算力网证据,cn,600797,浙大网新,3,用户常用,第一梯队：AI+超级主线,算力网,旧批次规则复核,公司主营业务为产业数智化,政府数字化、基建数智化、产业数智化、智算云服务,人工智能,计算机,IT服务,IT服务Ⅲ,Codex复核：披露业务“产业数智化”明确属于算力网,PREEXISTING,False
B_行业与主营一致,申万三级行业为体外诊断，未发现直接冲突,cn,600807,济高发展,4,国家重点扶持产业,第二梯队：新兴支柱产业,生物医药,旧批次规则复核,公司主营业务为体外诊断业务,体外诊断、贸易行业、房地产及物业服务,产业园区运营,医药生物,医疗器械,体外诊断,Codex复核：披露业务“体外诊断业务”明确属于生物医药,PREEXISTING,False
A_主营直接支持,主营/新战略业务直接命中生物医药证据,cn,600812,华北制药,4,国家重点扶持产业,第二梯队：新兴支柱产业,生物医药,主营+行业映射,公司主营业务为抗感染类,抗感染类、肾病及免疫调节类、心脑血管类、维生素及健康消费品、神经、血液系统用药、医药中间体、防疫类、农药、兽药类、医药及其它物流贸易,,医药生物,化学制药,化学制剂,2026-08-30复核：生产主营“抗感染类、肾病及免疫调节类、心脑血管类、维生素及健康消费品、神经、血液系统用药、医药中间体、防疫类、农药、兽药类、医药及其它物流贸易”，行业分类“医药生物/化学制药/化学制剂”；归入生物医药,20260830_NEW,False
B_行业与主营一致,申万三级行业为环保设备Ⅲ，未发现直接冲突,cn,600817,宇通重工,4,国家重点扶持产业,第二梯队：新兴支柱产业,节能环保,主营+行业映射,公司主营业务为环卫设备,环卫设备、工程机械、环卫服务,新能源环卫装备,环保,环保设备,环保设备Ⅲ,2026-08-30复核：生产主营“环卫设备、工程机械、环卫服务”，行业分类“环保/环保设备/环保设备Ⅲ”；归入节能环保,20260830_NEW,False
A_主营直接支持,主营/新战略业务直接命中光伏证据,cn,600821,金开新能,4,国家重点扶持产业,第二梯队：新兴支柱产业,光伏,主营/战略文本,公司主营业务为光伏发电,风力发电、光伏发电、生物质发电,,公用事业,电力,光伏发电,2026-08-30复核：生产主营业务“风力发电、光伏发电、生物质发电”命中“光伏”；归入光伏,20260830_NEW,False
A_主营直接支持,主营/新战略业务直接命中光伏证据,cn,600834,申通地铁,4,国家重点扶持产业,第二梯队：新兴支柱产业,光伏,主营/战略文本,公司主营业务为地铁运营服务,融资租赁、商业保理、光伏发电、地铁运营服务、综合物业服务,智慧交通及数字化服务,交通运输,铁路公路,公交,2026-08-30复核：生产主营业务“融资租赁、商业保理、光伏发电、地铁运营服务、综合物业服务”命中“光伏”；归入光伏,20260830_NEW,False
C_需人工复核,未在主营/新战略业务中找到高端装备直接证据；当前主要依赖楼宇设备,cn,600835,上海机电,4,国家重点扶持产业,第二梯队：新兴支柱产业,高端装备,主营/战略文本,公司主营业务为电梯业务,印刷包装业务、能源工程业务、液压机械业务、电梯业务、电梯设备销售,智能制造装备,机械设备,专用设备,楼宇设备,2026-08-30复核：生产新战略业务“智能制造装备”命中“智能制造装备”；归入高端装备,20260830_NEW,False
A_主营直接支持,主营/新战略业务直接命中软件与信息技术服务证据,cn,600845,宝信软件,3,用户常用,第二梯队：新兴支柱产业,软件与信息技术服务,主营+行业映射,公司主营业务为软件开发及工程服务,软件开发及工程服务、服务外包、系统集成,"云计算,大数据服务",计算机,IT服务,IT服务Ⅲ,2026-08-30复核：生产主营“软件开发及工程服务、服务外包、系统集成”，行业分类“计算机/IT服务/IT服务Ⅲ”；归入软件与信息技术服务,20260830_NEW,False
B_行业与主营一致,申万三级行业为蓄电池及其他电池，未发现直接冲突,cn,600847,万里股份,4,国家重点扶持产业,第二梯队：新兴支柱产业,动力电池与新型储能,主营+行业映射,公司主营业务为铅酸蓄电池,铅酸蓄电池,,电力设备,电池,蓄电池及其他电池,2026-08-30复核：生产主营“铅酸蓄电池”，行业分类“电力设备/电池/蓄电池及其他电池”；归入动力电池与新型储能,20260830_NEW,False
B_行业与主营一致,申万三级行业为IT服务Ⅲ，与软件/信息服务标签一致,cn,600850,电科数字,4,国家重点扶持产业,第二梯队：新兴支柱产业,软件与信息技术服务,主营+行业映射,公司主营业务为行业数字化,数字化产品、行业数字化、数字新基建、减：内部抵消数,"云计算,大数据",计算机,IT服务,IT服务Ⅲ,2026-08-30复核：生产主营“数字化产品、行业数字化、数字新基建、减：内部抵消数”，行业分类“计算机/IT服务/IT服务Ⅲ”；归入软件与信息技术服务,20260830_NEW,False
A_主营直接支持,主营/新战略业务直接命中生物医药证据,cn,600851,海欣股份,4,国家重点扶持产业,第二梯队：新兴支柱产业,生物医药,主营+行业映射,公司主营业务为医药业务,医药业务、纺织业务、商品贸易、租赁及相关服务,医疗健康服务,医药生物,化学制药,化学制剂,2026-08-30复核：生产主营“医药业务、纺织业务、商品贸易、租赁及相关服务”，行业分类“医药生物/化学制药/化学制剂”；归入生物医药,20260830_NEW,False
A_主营直接支持,主营/新战略业务直接命中航空航天与军工电子证据,cn,600855,航天长峰,4,国家重点扶持产业,第二梯队：新兴支柱产业,航空航天与军工电子,主营+行业映射,公司主营业务为军工电子业务,公共安全业务、军工电子业务、高端医疗装备业务,医疗设备制造,国防军工,军工电子,军工电子Ⅲ,2026-08-30复核：生产主营“公共安全业务、军工电子业务、高端医疗装备业务”，行业分类“国防军工/军工电子/军工电子Ⅲ”；归入航空航天与军工电子,20260830_NEW,False
A_主营直接支持,主营/新战略业务直接命中先进材料证据,cn,600862,中航高科,3,用户常用,第三梯队：卡脖子底座,先进材料,旧批次规则复核,公司主营业务为新材料产品,新材料产品、机床产品,,国防军工,航空装备,航空装备Ⅲ,Codex复核：披露业务“新材料产品”明确属于先进材料,PREEXISTING,False
A_主营直接支持,主营/新战略业务直接命中生物医药证据,cn,600866,星湖科技,4,国家重点扶持产业,第二梯队：新兴支柱产业,生物医药,主营/战略文本,公司主营业务为饲料添加剂,食品添加剂、饲料添加剂、生化原料药及制剂、医药中间体、有机肥料,,基础化工,化学制品,食品及饲料添加剂,2026-08-30复核：生产主营业务“食品添加剂、饲料添加剂、生化原料药及制剂、医药中间体、有机肥料”命中“原料药”；归入生物医药,20260830_NEW,False
A_主营直接支持,主营/新战略业务直接命中生物医药证据,cn,600867,通化东宝,4,国家重点扶持产业,第二梯队：新兴支柱产业,生物医药,主营/战略文本,公司主营业务为生物制品（原料药及制剂产品）,生物制品（原料药及制剂产品）、注射用笔、血糖试纸等医疗器械、中成药和化药、丽景花园小区房产租售,,医药生物,生物制品,其他生物制品,2026-08-30复核：生产主营业务“生物制品（原料药及制剂产品）、注射用笔、血糖试纸等医疗器械、中成药和化药、丽景花园小区房产租售”命中“原料药”；归入生物医药,20260830_NEW,False
A_主营直接支持,主营/新战略业务直接命中节能环保证据,cn,600874,创业环保,4,国家重点扶持产业,第二梯队：新兴支柱产业,节能环保,主营+行业映射,公司主营业务为污水处理及水厂设施建设,PPP项目利息收入、供热供冷及相关设施建设服务、再生水处理及再生水配套工程、危废处置、污水处理及水厂设施建设、环保设备定制、自来水供水及水厂设施建设,,环保,环境治理,水务及水治理,2026-08-30复核：生产主营“PPP项目利息收入、供热供冷及相关设施建设服务、再生水处理及再生水配套工程、危废处置、污水处理及水厂设施建设、环保设备定制、自来水供水及水厂设施建设”，行业分类“环保/环境治理/水务及水治理”；归入节能环保,20260830_NEW,False
A_主营直接支持,主营/新战略业务直接命中光伏证据,cn,600876,凯盛新能,4,国家重点扶持产业,第二梯队：新兴支柱产业,光伏,主营/战略文本,公司主营业务为光伏玻璃,光伏玻璃,,建筑材料,玻璃玻纤,玻璃制造,2026-08-30复核：生产主营业务“光伏玻璃”命中“光伏”；归入光伏,20260830_NEW,False
A_主营直接支持,主营/新战略业务直接命中集成电路证据,cn,600877,电科芯片,4,国家重点扶持产业,第二梯队：新兴支柱产业,集成电路,旧批次规则复核,公司主营业务为集成电路销售收入,集成电路销售收入、充电器、电源适配器、移动电源等、技术服务,,电子,半导体,模拟芯片设计,Codex复核：披露业务“集成电路销售收入”明确属于集成电路,PREEXISTING,False
A_主营直接支持,主营/新战略业务直接命中航空航天证据,cn,600879,航天电子,3,用户常用,第二梯队：新兴支柱产业,航空航天,旧批次规则复核,公司主营业务为航天产品,航天产品、民用产品,,国防军工,航天装备,航天装备Ⅲ,Codex复核：披露业务“航天产品”明确属于航空航天,PREEXISTING,False
A_主营直接支持,主营/新战略业务直接命中动力电池与新型储能证据,cn,600884,杉杉股份,4,国家重点扶持产业,第二梯队：新兴支柱产业,动力电池与新型储能,主营+行业映射,公司主营业务为偏光片,新能源汽车、锂电池材料、偏光片、分部间抵消,,电力设备,电池,电池化学品,2026-08-30复核：生产主营“新能源汽车、锂电池材料、偏光片、分部间抵消”，行业分类“电力设备/电池/电池化学品”；归入动力电池与新型储能,20260830_NEW,False
A_主营直接支持,主营/新战略业务直接命中数字创意证据,cn,600892,大晟文化,4,国家重点扶持产业,第二梯队：新兴支柱产业,数字创意,主营+行业映射,公司主营业务为网络游戏业务分部,网络游戏业务分部,,传媒,游戏,游戏Ⅲ,2026-08-30复核：生产主营“网络游戏业务分部”，行业分类“传媒/游戏/游戏Ⅲ”；归入数字创意,20260830_NEW,False
A_主营直接支持,主营/新战略业务直接命中航空航天证据,cn,600893,航发动力,3,用户常用,第二梯队：新兴支柱产业,航空航天,旧批次规则复核,公司主营业务为航空发动机及衍生产品,航空发动机及衍生产品、外贸出口转包,,国防军工,航空装备,航空装备Ⅲ,Codex复核：披露业务“航空发动机及衍生产品”明确属于航空航天,PREEXISTING,False
B_行业与主营一致,所属行业直接支持风电,cn,600905,三峡能源,3,用户常用,第二梯队：新兴支柱产业,风电,主营/战略文本,公司主营业务为风力发电,电力产品,,公用事业,电力,风力发电,2026-08-30复核：生产所属行业“公司主营业务为风力发电”命中“风力发电”；归入风电,20260830_NEW,False
B_行业与主营一致,申万三级行业为电信运营商，未发现直接冲突,cn,600941,中国移动,3,用户常用,第二梯队：新兴支柱产业,新一代通信,主营+行业映射,公司主营业务为无线上网业务,应用及信息服务、无线上网业务、有线宽带业务、短彩信业务、语音业务,,通信,通信服务,电信运营商,2026-08-30复核：生产主营“应用及信息服务、无线上网业务、有线宽带业务、短彩信业务、语音业务”，行业分类“通信/通信服务/电信运营商”；归入新一代通信,20260830_NEW,False
A_主营直接支持,主营/新战略业务直接命中光伏证据,cn,600956,新天绿能,4,国家重点扶持产业,第二梯队：新兴支柱产业,光伏,主营/战略文本,公司主营业务为天然气销售业务,天然气销售业务、风力/光伏发电业务、接驳及建设燃气管网业务、租赁及设备使用服务收入,,公用事业,电力,风力发电,2026-08-30复核：生产主营业务“天然气销售业务、风力/光伏发电业务、接驳及建设燃气管网业务、租赁及设备使用服务收入”命中“光伏”；归入光伏,20260830_NEW,False
A_主营直接支持,主营/新战略业务直接命中高端装备证据,cn,600970,中材国际,4,国家重点扶持产业,第二梯队：新兴支柱产业,高端装备,主营/战略文本,公司主营业务为工程技术服务,工程技术服务、高端装备制造、生产运营服务、抵消,,建筑装饰,专业工程,国际工程,2026-08-30复核：生产主营业务“工程技术服务、高端装备制造、生产运营服务、抵消”命中“高端装备制造”；归入高端装备,20260830_NEW,False
A_主营直接支持,主营/新战略业务直接命中光伏证据,cn,600973,宝胜股份,4,国家重点扶持产业,第二梯队：新兴支柱产业,光伏,主营/战略文本,公司主营业务为裸导体及其制品,裸导体及其制品、电力电缆、电气装备用电缆、通信电缆及光缆、海上风电、光伏发电及维护,,电力设备,电网设备,线缆部件及其他,2026-08-30复核：生产主营业务“裸导体及其制品、电力电缆、电气装备用电缆、通信电缆及光缆、海上风电、光伏发电及维护”命中“光伏”；归入光伏,20260830_NEW,False
A_主营直接支持,主营/新战略业务直接命中现代中药证据,cn,600976,健民集团,4,国家重点扶持产业,第二梯队：新兴支柱产业,现代中药,主营+行业映射,公司主营业务为工业,工业、儿科、妇科、特色中药、商业,,医药生物,中药,中药Ⅲ,2026-08-30复核：生产主营“工业、儿科、妇科、特色中药、商业”，行业分类“医药生物/中药/中药Ⅲ”；归入现代中药,20260830_NEW,False
B_行业与主营一致,申万三级行业为影视动漫制作，未发现直接冲突,cn,600977,中国电影,4,国家重点扶持产业,第二梯队：新兴支柱产业,数字创意,主营+行业映射,公司主营业务为发行板块,创作板块、发行板块、放映板块、科技板块、服务板块,,传媒,影视院线,影视动漫制作,2026-08-30复核：生产主营“创作板块、发行板块、放映板块、科技板块、服务板块”，行业分类“传媒/影视院线/影视动漫制作”；归入数字创意,20260830_NEW,False
A_主营直接支持,主营/新战略业务直接命中航空航天与军工电子证据,cn,600990,四创电子,4,国家重点扶持产业,第二梯队：新兴支柱产业,航空航天与军工电子,主营+行业映射,公司主营业务为雷达及雷达配套,雷达及配套产品、公共安全产品、电源产品、机动保障装备产品,,国防军工,军工电子,军工电子Ⅲ,2026-08-30复核：生产主营“雷达及配套产品、公共安全产品、电源产品、机动保障装备产品”，行业分类“国防军工/军工电子/军工电子Ⅲ”；归入航空航天与军工电子,20260830_NEW,False
B_行业与主营一致,申万三级行业为中药Ⅲ，未发现直接冲突,cn,600993,马应龙,4,国家重点扶持产业,第二梯队：新兴支柱产业,现代中药,主营+行业映射,公司主营业务为治痔产品,治痔产品、医药商业、医疗服务、内部抵消,,医药生物,中药,中药Ⅲ,2026-08-30复核：生产主营“治痔产品、医药商业、医疗服务、内部抵消”，行业分类“医药生物/中药/中药Ⅲ”；归入现代中药,20260830_NEW,False
A_主营直接支持,主营/新战略业务直接命中光伏证据,cn,601012,隆基绿能,3,用户常用,第二梯队：新兴支柱产业,光伏,主营/战略文本,公司主营业务为光伏产品,组件及电池、硅片及硅棒、电站业务,,电力设备,光伏设备,光伏电池组件,2026-08-30复核：生产所属行业“公司主营业务为光伏产品”命中“光伏”；归入光伏,20260830_NEW,False
B_行业与主营一致,申万三级行业为风力发电，未发现直接冲突,cn,601016,节能风电,4,国家重点扶持产业,第二梯队：新兴支柱产业,风电,主营+行业映射,公司主营业务为电力,电力,,公用事业,电力,风力发电,2026-08-30复核：生产主营“电力”，行业分类“公用事业/电力/风力发电”；归入风电,20260830_NEW,False
B_行业与主营一致,申万三级行业为固废治理，未发现直接冲突,cn,601033,永兴股份,4,国家重点扶持产业,第二梯队：新兴支柱产业,节能环保,主营+行业映射,公司主营业务为项目运营,项目运营,,环保,环境治理,固废治理,2026-08-30复核：生产主营“项目运营”，行业分类“环保/环境治理/固废治理”；归入节能环保,20260830_NEW,False
B_行业与主营一致,申万三级行业为化学制剂，未发现直接冲突,cn,601089,福元医药,4,国家重点扶持产业,第二梯队：新兴支柱产业,生物医药,主营+行业映射,公司主营业务为心血管类,心血管类、糖尿病类、慢性肾病类、消化系统类、皮肤病类、神经精神系统类、妇科类、医疗器械,,医药生物,化学制药,化学制剂,2026-08-30复核：生产主营“心血管类、糖尿病类、慢性肾病类、消化系统类、皮肤病类、神经精神系统类、妇科类、医疗器械”，行业分类“医药生物/化学制药/化学制剂”；归入生物医药,20260830_NEW,False
A_主营直接支持,主营/新战略业务直接命中智能网联新能源汽车证据,cn,601127,赛力斯,3,用户常用,第二梯队：新兴支柱产业,智能网联新能源汽车,主营+行业映射,公司主营业务为新能源汽车,新能源汽车、传统燃油车,,汽车,乘用车,电动乘用车,2026-08-30复核：生产主营“新能源汽车、传统燃油车”，行业分类“汽车/乘用车/电动乘用车”；归入智能网联新能源汽车,20260830_NEW,False
A_主营直接支持,主营/新战略业务直接命中光伏证据,cn,601137,博威合金,4,国家重点扶持产业,第二梯队：新兴支柱产业,光伏,主营/战略文本,公司主营业务为合金材料,合金材料、光伏组件/电站,,有色金属,金属新材料,其他金属新材料,2026-08-30复核：生产主营业务“合金材料、光伏组件/电站”命中“光伏”；归入光伏,20260830_NEW,False
B_人工复核支持,存在人工复核说明，但仍需保留原始公告或招股书链接,cn,601138,工业富联,2,S100,第一梯队：AI+超级主线,服务器,人工复核,公司主营业务为3C电子产品,3C电子产品,,电子,消费电子,消费电子零部件及组装,2026-08-30人工复核：公司重点业务包括AI服务器制造；归入服务器,20260830_NEW,False
A_主营直接支持,主营/新战略业务直接命中光伏证据,cn,601139,深圳燃气,4,国家重点扶持产业,第二梯队：新兴支柱产业,光伏,主营/战略文本,公司主营业务为城市燃气,城市燃气、管道燃气、燃气资源、天然气批发、石油气批发、综合能源、光伏胶膜、发电业务、智慧服务,,公用事业,燃气,燃气Ⅲ,2026-08-30复核：生产主营业务“城市燃气、管道燃气、燃气资源、天然气批发、石油气批发、综合能源、光伏胶膜、发电业务、智慧服务”命中“光伏”；归入光伏,20260830_NEW,False
A_主营直接支持,主营/新战略业务直接命中节能环保证据,cn,601158,重庆水务,4,国家重点扶持产业,第二梯队：新兴支柱产业,节能环保,主营+行业映射,公司主营业务为污水处理板块,供水板块、分部间抵销、污水处理板块、污泥处理处置板块、集团本部,,环保,环境治理,水务及水治理,2026-08-30复核：生产主营“供水板块、分部间抵销、污水处理板块、污泥处理处置板块、集团本部”，行业分类“环保/环境治理/水务及水治理”；归入节能环保,20260830_NEW,False
A_主营直接支持,主营/新战略业务直接命中节能环保证据,cn,601199,江南水务,4,国家重点扶持产业,第二梯队：新兴支柱产业,节能环保,主营+行业映射,公司主营业务为自来水,工程安装、污水处理、自来水,,环保,环境治理,水务及水治理,2026-08-30复核：生产主营“工程安装、污水处理、自来水”，行业分类“环保/环境治理/水务及水治理”；归入节能环保,20260830_NEW,False
A_主营直接支持,主营/新战略业务直接命中节能环保证据,cn,601200,上海环境,4,国家重点扶持产业,第二梯队：新兴支柱产业,节能环保,主营+行业映射,公司主营业务为环保项目建造及运营,环保项目建造及运营、设计、工程承包及生态修复、建设及运营咨询服务、租金业务,,环保,环境治理,固废治理,2026-08-30复核：生产主营“环保项目建造及运营、设计、工程承包及生态修复、建设及运营咨询服务、租金业务”，行业分类“环保/环境治理/固废治理”；归入节能环保,20260830_NEW,False
A_主营直接支持,主营/新战略业务直接命中新材料证据,cn,601208,东材科技,3,用户常用,第二梯队：新兴支柱产业,新材料,主营+行业映射,公司主营业务为新能源材料,光学膜材料、新能源材料、环保阻燃材料、电子材料、电工绝缘材料,,基础化工,塑料,膜材料,2026-08-30复核：生产主营“光学膜材料、新能源材料、环保阻燃材料、电子材料、电工绝缘材料”，行业分类“基础化工/塑料/膜材料”；归入新材料,20260830_NEW,False
A_主营直接支持,主营/新战略业务直接命中风电证据,cn,601218,吉鑫科技,4,国家重点扶持产业,第二梯队：新兴支柱产业,风电,主营/战略文本,公司主营业务为轮毂、底座等主产品,轮毂、底座等主产品、风力发电,,电力设备,风电设备,风电零部件,2026-08-30复核：生产主营业务“轮毂、底座等主产品、风力发电”命中“风力发电”；归入风电,20260830_NEW,False
A_主营直接支持,主营/新战略业务直接命中光伏证据,cn,601222,林洋能源,4,国家重点扶持产业,第二梯队：新兴支柱产业,光伏,主营/战略文本,公司主营业务为电能表、系统类产品及配件,电能表、系统类产品及配件、储能、节能业务、光伏发电、电站销售,,公用事业,电力,光伏发电,2026-08-30复核：生产主营业务“电能表、系统类产品及配件、储能、节能业务、光伏发电、电站销售”命中“光伏”；归入光伏,20260830_NEW,False
A_主营直接支持,主营/新战略业务直接命中氢能证据,cn,601226,华电科工,4,国家重点扶持产业,第四梯队：未来产业,氢能,旧批次规则复核,公司主营业务为高端钢结构工程,物料输送系统工程、热能工程、高端钢结构工程、海洋工程、氢能工程,,建筑装饰,专业工程,其他专业工程,Codex复核：披露业务“高端钢结构工程”明确属于氢能,PREEXISTING,False
C_需人工复核,未在主营/新战略业务中找到关键电子元器件直接证据；当前主要依赖消费电子零部件及组装,cn,601231,环旭电子,4,国家重点扶持产业,第二梯队：新兴支柱产业,关键电子元器件,主营+行业映射,公司主营业务为通讯类产品,通讯类产品、消费电子类产品、工业类产品、云端及存储类产品、汽车电子类产品、医疗类产品,,电子,消费电子,消费电子零部件及组装,2026-08-30复核：生产主营“通讯类产品、消费电子类产品、工业类产品、云端及存储类产品、汽车电子类产品、医疗类产品”，行业分类“电子/消费电子/消费电子零部件及组装”；归入关键电子元器件,20260830_NEW,False
A_主营直接支持,主营/新战略业务直接命中动力电池与新型储能证据,cn,601311,骆驼股份,4,国家重点扶持产业,第二梯队：新兴支柱产业,动力电池与新型储能,主营+行业映射,公司主营业务为铅酸电池,铅酸电池、锂电池、再生铅,,电力设备,电池,蓄电池及其他电池,2026-08-30复核：生产主营“铅酸电池、锂电池、再生铅”，行业分类“电力设备/电池/蓄电池及其他电池”；归入动力电池与新型储能,20260830_NEW,False
B_行业与主营一致,申万三级行业为固废治理，未发现直接冲突,cn,601330,绿色动力,4,国家重点扶持产业,第二梯队：新兴支柱产业,节能环保,主营+行业映射,公司主营业务为垃圾处理及发电供气业务,PPP项目利息收入、垃圾处理及发电供气业务、建造服务,,环保,环境治理,固废治理,2026-08-30复核：生产主营“PPP项目利息收入、垃圾处理及发电供气业务、建造服务”，行业分类“环保/环境治理/固废治理”；归入节能环保,20260830_NEW,False
B_行业与主营一致,申万三级行业为横向通用软件，与软件/信息服务标签一致,cn,601360,三六零,3,用户常用,第二梯队：新兴支柱产业,软件与信息技术服务,主营+行业映射,公司主营业务为互联网及智能硬件业务,互联网及智能硬件业务、安全业务,,计算机,软件开发,横向通用软件,2026-08-30复核：生产主营“互联网及智能硬件业务、安全业务”，行业分类“计算机/软件开发/横向通用软件”；归入软件与信息技术服务,20260830_NEW,False
A_主营直接支持,主营/新战略业务直接命中节能环保证据,cn,601368,绿城水务,4,国家重点扶持产业,第二梯队：新兴支柱产业,节能环保,主营+行业映射,公司主营业务为污水处理业务,供水业务、污水处理业务、工程施工业务、检测业务,,环保,环境治理,水务及水治理,2026-08-30复核：生产主营“供水业务、污水处理业务、工程施工业务、检测业务”，行业分类“环保/环境治理/水务及水治理”；归入节能环保,20260830_NEW,False
B_行业与主营一致,申万三级行业为垂直应用软件，与软件/信息服务标签一致,cn,601519,大智慧,4,国家重点扶持产业,第二梯队：新兴支柱产业,软件与信息技术服务,主营+行业映射,公司主营业务为金融资讯及数据PC终端服务系统,金融资讯及数据PC终端服务系统、金融资讯及数据移动终端服务系统、证券公司综合服务系统、港股服务系统、互联网直播社交平台系统、广告及互联网业务推广服务、保险经纪业务,,计算机,软件开发,垂直应用软件,2026-08-30复核：生产主营“金融资讯及数据PC终端服务系统、金融资讯及数据移动终端服务系统、证券公司综合服务系统、港股服务系统、互联网直播社交平台系统、广告及互联网业务推广服务、保险经纪业务”，行业分类“计算机/软件开发/垂直应用软件”；归入软件与信息技术服务,20260830_NEW,False
B_行业与主营一致,申万三级行业为影视动漫制作，未发现直接冲突,cn,601595,上海电影,4,国家重点扶持产业,第二梯队：新兴支柱产业,数字创意,主营+行业映射,公司主营业务为电影放映,电影放映、广告、电影发行(含版权代理及销售)、商品、知识产权转授权,,传媒,影视院线,影视动漫制作,2026-08-30复核：生产主营“电影放映、广告、电影发行(含版权代理及销售)、商品、知识产权转授权”，行业分类“传媒/影视院线/影视动漫制作”；归入数字创意,20260830_NEW,False
A_主营直接支持,主营/新战略业务直接命中高端装备证据,cn,601608,中信重工,4,国家重点扶持产业,第二梯队：新兴支柱产业,高端装备,主营/战略文本,公司主营业务为矿山及重型装备,矿山及重型装备、机器人及智能装备、新能源装备、特种材料,,机械设备,专用设备,能源及重型设备,2026-08-30复核：生产主营业务“矿山及重型装备、机器人及智能装备、新能源装备、特种材料”命中“智能装备”；归入高端装备,20260830_NEW,False
B_行业与主营一致,申万三级行业为风电整机，未发现直接冲突,cn,601615,明阳智能,4,国家重点扶持产业,第二梯队：新兴支柱产业,风电,主营+行业映射,公司主营业务为高端能源设备制造板块,分部间抵销、能源产品及服务板块、高端能源设备制造板块,,电力设备,风电设备,风电整机,2026-08-30复核：生产主营“分部间抵销、能源产品及服务板块、高端能源设备制造板块”，行业分类“电力设备/风电设备/风电整机”；归入风电,20260830_NEW,False
A_主营直接支持,主营/新战略业务直接命中光伏证据,cn,601619,嘉泽新能,4,国家重点扶持产业,第二梯队：新兴支柱产业,光伏,主营/战略文本,公司主营业务为新能源电站开发-建设-运营-出售,新能源电站开发-建设-运营-出售、新能源电站运维管理服务、屋顶分布式光伏、新能源产业基金,,公用事业,电力,风力发电,2026-08-30复核：生产主营业务“新能源电站开发-建设-运营-出售、新能源电站运维管理服务、屋顶分布式光伏、新能源产业基金”命中“光伏”；归入光伏,20260830_NEW,False
A_主营直接支持,主营/新战略业务直接命中光伏证据,cn,601636,旗滨集团,4,国家重点扶持产业,第二梯队：新兴支柱产业,光伏,主营/战略文本,公司主营业务为优质浮法玻璃,优质浮法玻璃、节能建筑玻璃、超白光伏玻璃、物流,,建筑材料,玻璃玻纤,玻璃制造,2026-08-30复核：生产主营业务“优质浮法玻璃、节能建筑玻璃、超白光伏玻璃、物流”命中“光伏”；归入光伏,20260830_NEW,False
B_行业与主营一致,申万三级行业为航天装备Ⅲ，未发现直接冲突,cn,601698,中国卫通,3,用户常用,第二梯队：新兴支柱产业,航空航天,主营+行业映射,公司主营业务为广播电视和卫星传输服务,广播电视和卫星传输服务,,国防军工,航天装备,航天装备Ⅲ,2026-08-30复核：生产主营“广播电视和卫星传输服务”，行业分类“国防军工/航天装备/航天装备Ⅲ”；归入航空航天,20260830_NEW,False
A_主营直接支持,主营/新战略业务直接命中光伏证据,cn,601700,风范股份,4,国家重点扶持产业,第二梯队：新兴支柱产业,光伏,主营/战略文本,公司主营业务为角钢塔,角钢塔、钢管塔、成方焊管及钢结构、单晶硅片、单晶电池片、光伏组件,,电力设备,电网设备,线缆部件及其他,2026-08-30复核：生产主营业务“角钢塔、钢管塔、成方焊管及钢结构、单晶硅片、单晶电池片、光伏组件”命中“光伏”；归入光伏,20260830_NEW,False
A_主营直接支持,主营/新战略业务直接命中新一代通信证据,cn,601728,中国电信,3,用户常用,第二梯队：新兴支柱产业,新一代通信,主营+行业映射,公司主营业务为电信服务,电信服务,,通信,通信服务,电信运营商,2026-08-30复核：生产主营“电信服务”，行业分类“通信/通信服务/电信运营商”；归入新一代通信,20260830_NEW,False
B_行业与主营一致,主营为轨交装备或核心控制/供电系统,cn,601766,中国中车,3,用户常用,第二梯队：新兴支柱产业,高端装备,主营+行业映射,公司主营业务为铁路装备,铁路装备、城轨与城市基础设施、新产业、现代服务,,机械设备,轨交设备,轨交设备Ⅲ,2026-08-30复核：生产主营“铁路装备、城轨与城市基础设施、新产业、现代服务”，行业分类“机械设备/轨交设备/轨交设备Ⅲ”；归入高端装备,20260830_NEW,False
A_主营直接支持,主营/新战略业务直接命中光伏证据,cn,601778,晶科科技,4,国家重点扶持产业,第二梯队：新兴支柱产业,光伏,主营/战略文本,公司主营业务为光伏电站开发运营转让业务,光伏电站开发运营转让业务、光伏电站EPC业务、户用光伏电站滚动开发业务,,公用事业,电力,光伏发电,2026-08-30复核：生产主营业务“光伏电站开发运营转让业务、光伏电站EPC业务、户用光伏电站滚动开发业务”命中“光伏”；归入光伏,20260830_NEW,False
B_行业与主营一致,申万三级行业为固废治理，未发现直接冲突,cn,601827,三峰环境,4,国家重点扶持产业,第二梯队：新兴支柱产业,节能环保,主营+行业映射,公司主营业务为项目运营,工程建造、项目运营、垃圾收运,,环保,环境治理,固废治理,2026-08-30复核：生产主营“工程建造、项目运营、垃圾收运”，行业分类“环保/环境治理/固废治理”；归入节能环保,20260830_NEW,False
A_主营直接支持,主营/新战略业务直接命中光伏证据,cn,601865,福莱特,4,国家重点扶持产业,第二梯队：新兴支柱产业,光伏,主营/战略文本,公司主营业务为光伏玻璃,光伏玻璃、家居玻璃、工程玻璃、浮法玻璃、发电收入、采矿产品,,电力设备,光伏设备,光伏辅材,2026-08-30复核：生产主营业务“光伏玻璃、家居玻璃、工程玻璃、浮法玻璃、发电收入、采矿产品”命中“光伏”；归入光伏,20260830_NEW,False
B_人工复核支持,存在人工复核说明，但仍需保留原始公告或招股书链接,cn,601869,长飞光纤,2,S100,第二梯队：新兴支柱产业,新一代通信,人工复核,公司主营业务为光传输产品,光传输产品、光互联组件,,通信,通信设备,通信线缆及配套,2026-08-30人工复核：主营光纤光缆及光互联组件；归入新一代通信,20260830_NEW,False
A_主营直接支持,主营/新战略业务直接命中光伏证据,cn,601877,正泰电器,3,用户常用,第二梯队：新兴支柱产业,光伏,主营/战略文本,公司主营业务为光伏电站工程承包,配电电器、终端电器、控制电器、电源电器、电子电器、仪器仪表、建筑电器、控制系统、金属制品业、逆变器及储能、电站运营、光伏电站工程承包,,电力设备,电网设备,配电设备,2026-08-30复核：生产主营业务“配电电器、终端电器、控制电器、电源电器、电子电器、仪器仪表、建筑电器、控制系统、金属制品业、逆变器及储能、电站运营、光伏电站工程承包”命中“光伏”；归入光伏,20260830_NEW,False
A_主营直接支持,主营/新战略业务直接命中工业母机证据,cn,601882,海天精工,4,国家重点扶持产业,第三梯队：卡脖子底座,工业母机,主营/战略文本,公司主营业务为数控龙门加工中心,数控龙门加工中心、数控卧式加工中心、数控立式加工中心,,机械设备,通用设备,机床工具,2026-08-30复核：生产主营业务“数控龙门加工中心、数控卧式加工中心、数控立式加工中心”命中“加工中心”；归入工业母机,20260830_NEW,False
B_行业与主营一致,申万三级行业为航海装备Ⅲ，未发现直接冲突,cn,601890,亚星锚链,4,国家重点扶持产业,第二梯队：新兴支柱产业,海洋工程装备,主营+行业映射,公司主营业务为船用链及附件,系泊链、船用链及附件,,国防军工,航海装备,航海装备Ⅲ,2026-08-30复核：生产主营“系泊链、船用链及附件”，行业分类“国防军工/航海装备/航海装备Ⅲ”；归入海洋工程装备,20260830_NEW,False
A_主营直接支持,主营/新战略业务直接命中光伏证据,cn,601908,京运通,4,国家重点扶持产业,第二梯队：新兴支柱产业,光伏,主营+行业映射,公司主营业务为硅片,电力、硅棒、硅片、脱硝催化剂、设备,,公用事业,电力,光伏发电,2026-08-30复核：生产主营“电力、硅棒、硅片、脱硝催化剂、设备”，行业分类“公用事业/电力/光伏发电”；归入光伏,20260830_NEW,False
A_主营直接支持,主营/新战略业务直接命中智能网联新能源汽车证据,cn,601965,中国汽研,4,国家重点扶持产业,第二梯队：新兴支柱产业,智能网联新能源汽车,主营/战略文本,公司主营业务为汽车技术服务业务,汽车技术服务业务、整车及传统零部件开发和测评业务、新能源及智能网联汽车开发和测评业务、测试装备业务、专用汽车改装与销售、轨道交通及专用汽车零部件、汽车燃气系统及关键零部件,,汽车,汽车服务,汽车综合服务,2026-08-30复核：生产主营业务“汽车技术服务业务、整车及传统零部件开发和测评业务、新能源及智能网联汽车开发和测评业务、测试装备业务、专用汽车改装与销售、轨道交通及专用汽车零部件、汽车燃气系统及关键零部件”命中“智能网联汽车”；归入智能网联新能源汽车,20260830_NEW,False
A_主营直接支持,主营/新战略业务直接命中光伏证据,cn,601985,中国核电,3,用户常用,第二梯队：新兴支柱产业,光伏,主营/战略文本,公司主营业务为核电,核电、风电、光伏、核电相关服务、咨询服务收入,,公用事业,电力,核力发电,2026-08-30复核：生产主营业务“核电、风电、光伏、核电相关服务、咨询服务收入”命中“光伏”；归入光伏,20260830_NEW,False
A_主营直接支持,主营/新战略业务直接命中PCB证据,cn,603002,宏昌电子,4,国家重点扶持产业,第一梯队：AI+超级主线,PCB,旧批次规则复核,公司主营业务为覆铜板/半固化片,阻燃环氧树脂、液态环氧树脂、固态环氧树脂、溶剂环氧树脂、覆铜板/半固化片,,电子,电子化学品,电子化学品Ⅲ,Codex复核：披露业务“覆铜板/半固化片”明确属于PCB,PREEXISTING,False
A_主营直接支持,主营/新战略业务直接命中集成电路证据,cn,603005,晶方科技,3,用户常用,第二梯队：新兴支柱产业,集成电路,主营+行业映射,公司主营业务为芯片封装及测试,光学器件、芯片封装及测试、设计收入,,电子,半导体,集成电路封测,2026-08-30复核：生产主营“光学器件、芯片封装及测试、设计收入”，行业分类“电子/半导体/集成电路封测”；归入集成电路,20260830_NEW,False
B_行业与主营一致,申万三级行业为工控设备，未发现直接冲突,cn,603015,弘讯科技,4,国家重点扶持产业,第二梯队：新兴支柱产业,智能制造装备,主营+行业映射,公司主营业务为工业控制类,工业控制类、驱动系统类、新能源相关类,,机械设备,自动化设备,工控设备,2026-08-30复核：生产主营“工业控制类、驱动系统类、新能源相关类”，行业分类“机械设备/自动化设备/工控设备”；归入智能制造装备,20260830_NEW,False
B_行业与主营一致,申万三级行业为其他计算机设备，主营未发现冲突,cn,603019,中科曙光,3,用户常用,第二梯队：新兴支柱产业,先进计算与信息设备,主营+行业映射,公司主营业务为IT设备,IT设备、软件开发、系统集成及技术服务,,计算机,计算机设备,其他计算机设备,2026-08-30复核：生产主营“IT设备、软件开发、系统集成及技术服务”，行业分类“计算机/计算机设备/其他计算机设备”；归入先进计算与信息设备,20260830_NEW,False
B_行业与主营一致,申万三级行业为工控设备，未发现直接冲突,cn,603025,大豪科技,4,国家重点扶持产业,第二梯队：新兴支柱产业,智能制造装备,主营+行业映射,公司主营业务为缝制及针织设备电控,缝制及针织设备电控、网络安全、融资租赁,,机械设备,自动化设备,工控设备,2026-08-30复核：生产主营“缝制及针织设备电控、网络安全、融资租赁”，行业分类“机械设备/自动化设备/工控设备”；归入智能制造装备,20260830_NEW,False
B_行业与主营一致,申万三级行业为电池化学品，未发现直接冲突,cn,603026,石大胜华,4,国家重点扶持产业,第二梯队：新兴支柱产业,动力电池与新型储能,主营+行业映射,公司主营业务为碳酸二甲酯系列,碳酸二甲酯系列、甲基叔丁基醚系列、气体系列、贸易业务系列,,电力设备,电池,电池化学品,2026-08-30复核：生产主营“碳酸二甲酯系列、甲基叔丁基醚系列、气体系列、贸易业务系列”，行业分类“电力设备/电池/电池化学品”；归入动力电池与新型储能,20260830_NEW,False
A_主营直接支持,主营/新战略业务直接命中光伏证据,cn,603028,赛福天,4,国家重点扶持产业,第二梯队：新兴支柱产业,光伏,主营/战略文本,公司主营业务为光伏电池片,光伏电池片、钢丝绳及配套件、建筑设计、EPC管理服务,,机械设备,通用设备,金属制品,2026-08-30复核：生产主营业务“光伏电池片、钢丝绳及配套件、建筑设计、EPC管理服务”命中“光伏”；归入光伏,20260830_NEW,False
B_行业与主营一致,申万三级行业为蓄电池及其他电池，未发现直接冲突,cn,603031,安孚科技,4,国家重点扶持产业,第二梯队：新兴支柱产业,动力电池与新型储能,主营+行业映射,公司主营业务为碱性电池,碱性电池、碳性电池,,电力设备,电池,蓄电池及其他电池,2026-08-30复核：生产主营“碱性电池、碳性电池”，行业分类“电力设备/电池/蓄电池及其他电池”；归入动力电池与新型储能,20260830_NEW,False
B_行业与主营一致,申万三级行业为锂电专用设备，未发现直接冲突,cn,603032,德新科技,4,国家重点扶持产业,第二梯队：新兴支柱产业,动力电池与新型储能,主营+行业映射,公司主营业务为模具销售业务,客运服务业务、模具销售业务、电子产品销售业务,,电力设备,电池,锂电专用设备,2026-08-30复核：生产主营“客运服务业务、模具销售业务、电子产品销售业务”，行业分类“电力设备/电池/锂电专用设备”；归入动力电池与新型储能,20260830_NEW,False
A_主营直接支持,主营/新战略业务直接命中软件与信息技术服务证据,cn,603039,泛微网络,4,国家重点扶持产业,第二梯队：新兴支柱产业,软件与信息技术服务,主营+行业映射,公司主营业务为技术服务,软件产品、技术服务、第三方产品,,计算机,软件开发,横向通用软件,2026-08-30复核：生产主营“软件产品、技术服务、第三方产品”，行业分类“计算机/软件开发/横向通用软件”；归入软件与信息技术服务,20260830_NEW,False
A_主营直接支持,主营/新战略业务直接命中新一代通信证据,cn,603042,华脉科技,4,国家重点扶持产业,第二梯队：新兴支柱产业,新一代通信,主营+行业映射,公司主营业务为ODN网络物理连接及保护设备,ODN网络物理连接及保护设备、光缆类、光无源器件类、微波无源器件类、天线类,,通信,通信设备,通信线缆及配套,2026-08-30复核：生产主营“ODN网络物理连接及保护设备、光缆类、光无源器件类、微波无源器件类、天线类”，行业分类“通信/通信设备/通信线缆及配套”；归入新一代通信,20260830_NEW,False
B_行业与主营一致,材料类主营与其他金属新材料行业一致,cn,603045,福达合金,4,国家重点扶持产业,第二梯队：新兴支柱产业,新材料,主营+行业映射,公司主营业务为触头材料,触头材料、复层触头、触头元件,,有色金属,金属新材料,其他金属新材料,2026-08-30复核：生产主营“触头材料、复层触头、触头元件”，行业分类“有色金属/金属新材料/其他金属新材料”；归入新材料,20260830_NEW,False
B_行业与主营一致,主营明确包含关键电子元器件/组件,cn,603052,可川科技,4,国家重点扶持产业,第二梯队：新兴支柱产业,关键电子元器件,主营+行业映射,公司主营业务为电池类功能性器件,电池类功能性器件、结构类功能性器件、光学类功能性器件,,电子,消费电子,消费电子零部件及组装,2026-08-30复核：生产主营“电池类功能性器件、结构类功能性器件、光学类功能性器件”，行业分类“电子/消费电子/消费电子零部件及组装”；归入关键电子元器件,20260830_NEW,False
A_主营直接支持,主营/新战略业务直接命中高端仪器证据,cn,603060,国检集团,4,国家重点扶持产业,第三梯队：卡脖子底座,高端仪器,主营/战略文本,公司主营业务为检验合计,检测仪器及智能制造、检验合计、科研及技术服务、计量校准服务、认证合计,,社会服务,专业服务,检测服务,2026-08-30复核：生产主营业务“检测仪器及智能制造、检验合计、科研及技术服务、计量校准服务、认证合计”命中“检测仪器”；归入高端仪器,20260830_NEW,False
A_主营直接支持,主营/新战略业务直接命中集成电路设备证据,cn,603061,金海通,2,S100,第三梯队：卡脖子底座,集成电路设备,主营/战略文本,公司主营业务为测试分选机,测试分选机、备品备件,,电子,半导体,半导体设备,2026-08-30复核：生产主营业务“测试分选机、备品备件”命中“测试分选机”；归入集成电路设备,20260830_NEW,False
B_行业与主营一致,申万三级行业为风电零部件，未发现直接冲突,cn,603063,禾望电气,4,国家重点扶持产业,第二梯队：新兴支柱产业,风电,主营+行业映射,公司主营业务为新能源电控业务,新能源电控业务、工程传动业务,,电力设备,风电设备,风电零部件,2026-08-30复核：生产主营“新能源电控业务、工程传动业务”，行业分类“电力设备/风电设备/风电零部件”；归入风电,20260830_NEW,False
B_行业与主营一致,申万三级行业为模拟芯片设计，未发现直接冲突,cn,603068,博通集成,4,国家重点扶持产业,第二梯队：新兴支柱产业,集成电路,主营+行业映射,公司主营业务为无线数传类,无线数传类、无线音频类,,电子,半导体,模拟芯片设计,2026-08-30复核：生产主营“无线数传类、无线音频类”，行业分类“电子/半导体/模拟芯片设计”；归入集成电路,20260830_NEW,False
A_主营直接支持,主营/新战略业务直接命中光伏证据,cn,603071,物产环能,4,国家重点扶持产业,第二梯队：新兴支柱产业,光伏,主营/战略文本,公司主营业务为煤炭,煤炭、供热、供电、压缩空气、污泥处置、EPC工程、光伏及储能类设备、电力收入（光伏、储能等）,,煤炭,煤炭开采,动力煤,2026-08-30复核：生产主营业务“煤炭、供热、供电、压缩空气、污泥处置、EPC工程、光伏及储能类设备、电力收入（光伏、储能等）”命中“光伏”；归入光伏,20260830_NEW,False
B_行业与主营一致,材料类主营与磁性材料行业一致,cn,603072,天和磁材,4,国家重点扶持产业,第二梯队：新兴支柱产业,新材料,主营+行业映射,公司主营业务为烧结钕铁硼,烧结钐钴、成品-烧结钐钴、毛坯-烧结钐钴、烧结钕铁硼、成品、毛坯,,有色金属,金属新材料,磁性材料,2026-08-30复核：生产主营“烧结钐钴、成品-烧结钐钴、毛坯-烧结钐钴、烧结钕铁硼、成品、毛坯”，行业分类“有色金属/金属新材料/磁性材料”；归入新材料,20260830_NEW,False
A_主营直接支持,主营/新战略业务直接命中光伏证据,cn,603077,和邦生物,4,国家重点扶持产业,第二梯队：新兴支柱产业,光伏,主营/战略文本,公司主营业务为双甘膦/草甘膦,光伏玻璃及光伏业务、内部抵消、卤水、双甘膦/草甘膦、浮法玻璃、生物农药、联碱产品、蛋氨酸及副产品、零售成品油,,基础化工,农化制品,磷肥及磷化工,2026-08-30复核：生产主营业务“光伏玻璃及光伏业务、内部抵消、卤水、双甘膦/草甘膦、浮法玻璃、生物农药、联碱产品、蛋氨酸及副产品、零售成品油”命中“光伏”；归入光伏,20260830_NEW,False
A_主营直接支持,主营/新战略业务直接命中集成电路材料证据,cn,603078,江化微,4,国家重点扶持产业,第三梯队：卡脖子底座,集成电路材料,旧批次规则复核,公司主营业务为超净高纯试剂,超净高纯试剂、光刻胶配套试剂,,电子,电子化学品,电子化学品Ⅲ,Codex复核：披露业务“超净高纯试剂”明确属于集成电路材料,PREEXISTING,False
A_主营直接支持,主营/新战略业务直接命中光模块证据,cn,603083,剑桥科技,2,S100,第一梯队：AI+超级主线,光模块,旧批次规则复核,公司主营业务为电信宽带,电信宽带、无线网络与小基站、高速光模块、边缘计算与工业互联产品,,通信,通信设备,通信终端及配件,Codex复核：披露业务“电信宽带”明确属于光模块,PREEXISTING,False
A_主营直接支持,主营/新战略业务直接命中生物医药证据,cn,603087,甘李药业,3,用户常用,第二梯队：新兴支柱产业,生物医药,主营/战略文本,公司主营业务为生物制品（原料药及制剂产品）,生物制品（原料药及制剂产品）、特许经营权服务收入,,医药生物,生物制品,其他生物制品,2026-08-30复核：生产主营业务“生物制品（原料药及制剂产品）、特许经营权服务收入”命中“原料药”；归入生物医药,20260830_NEW,False
B_行业与主营一致,申万三级行业为机床工具，未发现直接冲突,cn,603088,宁波精达,4,国家重点扶持产业,第三梯队：卡脖子底座,工业母机,主营+行业映射,公司主营业务为精密压力机系列,精密压力机系列、换热器自动化装备系列,,机械设备,通用设备,机床工具,2026-08-30复核：生产主营“精密压力机系列、换热器自动化装备系列”，行业分类“机械设备/通用设备/机床工具”；归入工业母机,20260830_NEW,False
C_需人工复核,未在主营/新战略业务中找到高端仪器直接证据；当前主要依赖仪器仪表,cn,603100,川仪股份,4,国家重点扶持产业,第三梯队：卡脖子底座,高端仪器,旧批次人工复核,公司主营业务为工业自动化仪表及装置,工业自动化仪表及装置、进出口业务、复合材料、电子器件,,机械设备,通用设备,仪器仪表,Codex复核：结合主营业务将候选结果调整为高端仪器,PREEXISTING,False
A_主营直接支持,主营/新战略业务直接命中光伏证据,cn,603105,芯能科技,4,国家重点扶持产业,第二梯队：新兴支柱产业,光伏,主营/战略文本,公司主营业务为分布式光伏电站发电,分布式光伏电站发电、光伏产品销售、光伏电站项目相关服务、充电桩充电服务,,公用事业,电力,光伏发电,2026-08-30复核：生产主营业务“分布式光伏电站发电、光伏产品销售、光伏电站项目相关服务、充电桩充电服务”命中“光伏”；归入光伏,20260830_NEW,False
B_行业与主营一致,申万三级行业为其他计算机设备，主营未发现冲突,cn,603106,恒银科技,4,国家重点扶持产业,第二梯队：新兴支柱产业,先进计算与信息设备,主营+行业映射,公司主营业务为现金类设备及服务,现金类设备及服务、设备配件类、非现金类设备及服务,,计算机,计算机设备,其他计算机设备,2026-08-30复核：生产主营“现金类设备及服务、设备配件类、非现金类设备及服务”，行业分类“计算机/计算机设备/其他计算机设备”；归入先进计算与信息设备,20260830_NEW,False
A_主营直接支持,主营/新战略业务直接命中算力网证据,cn,603110,东方材料,4,国家重点扶持产业,第一梯队：AI+超级主线,算力网,主营/战略文本,公司主营业务为包装油墨,包装油墨、电子油墨、胶粘剂、算力服务,,基础化工,化学制品,涂料油墨,2026-08-30复核：生产主营业务“包装油墨、电子油墨、胶粘剂、算力服务”命中“算力服务”；归入算力网,20260830_NEW,False
B_行业与主营一致,主营为轨交装备或核心控制/供电系统,cn,603111,康尼机电,4,国家重点扶持产业,第二梯队：新兴支柱产业,高端装备,主营+行业映射,公司主营业务为轨道车辆装备产品及服务,轨道车辆装备产品及服务、厂站装备产品及服务,,机械设备,轨交设备,轨交设备Ⅲ,2026-08-30复核：生产主营“轨道车辆装备产品及服务、厂站装备产品及服务”，行业分类“机械设备/轨交设备/轨交设备Ⅲ”；归入高端装备,20260830_NEW,False
A_主营直接支持,主营/新战略业务直接命中新一代通信证据,cn,603118,共进股份,4,国家重点扶持产业,第二梯队：新兴支柱产业,新一代通信,主营+行业映射,公司主营业务为网通业务-PON系列,网通业务-PON系列、网通业务-AP系列、网通业务-DSL系列、数通业务、移动通信业务,,通信,通信设备,通信终端及配件,2026-08-30复核：生产主营“网通业务-PON系列、网通业务-AP系列、网通业务-DSL系列、数通业务、移动通信业务”，行业分类“通信/通信设备/通信终端及配件”；归入新一代通信,20260830_NEW,False
B_行业与主营一致,申万三级行业为医药流通，未发现直接冲突,cn,603122,合富中国,4,国家重点扶持产业,第二梯队：新兴支柱产业,生物医药,旧批次规则复核,公司主营业务为体外诊断产品集约化业务,体外诊断产品集约化业务、医疗产品流通,,医药生物,医药商业,医药流通,Codex复核：披露业务“体外诊断产品集约化业务”明确属于生物医药,PREEXISTING,False
B_行业与主营一致,材料类主营与其他金属新材料行业一致,cn,603124,江南新材,4,国家重点扶持产业,第二梯队：新兴支柱产业,新材料,主营+行业映射,公司主营业务为铜球系列,氧化铜粉系列、铜材贸易、铜球系列、高精密铜基散热片,,有色金属,金属新材料,其他金属新材料,2026-08-30复核：生产主营“氧化铜粉系列、铜材贸易、铜球系列、高精密铜基散热片”，行业分类“有色金属/金属新材料/其他金属新材料”；归入新材料,20260830_NEW,False
A_主营直接支持,主营/新战略业务直接命中节能环保证据,cn,603126,中材节能,4,国家重点扶持产业,第二梯队：新兴支柱产业,节能环保,主营+行业映射,公司主营业务为节能环保工程,节能环保工程、装备制造、建筑节能材料,,环保,环保设备,环保设备Ⅲ,2026-08-30复核：生产主营“节能环保工程、装备制造、建筑节能材料”，行业分类“环保/环保设备/环保设备Ⅲ”；归入节能环保,20260830_NEW,False
A_主营直接支持,主营/新战略业务直接命中生物医药研发服务证据,cn,603127,昭衍新药,3,用户常用,第二梯队：新兴支柱产业,生物医药研发服务,主营/战略文本,公司主营业务为药物非临床研究服务,分部间抵销、实验模型供应、药物非临床研究服务,,医药生物,医疗服务,医疗研发外包,2026-08-30复核：生产主营业务“分部间抵销、实验模型供应、药物非临床研究服务”命中“临床研究服务”；归入生物医药研发服务,20260830_NEW,False
A_主营直接支持,主营/新战略业务直接命中高端装备证据,cn,603135,中重科技,4,国家重点扶持产业,第二梯队：新兴支柱产业,高端装备,主营/战略文本,公司主营业务为智能装备及生产线业务,智能装备及生产线业务,,机械设备,专用设备,能源及重型设备,2026-08-30复核：生产主营业务“智能装备及生产线业务”命中“智能装备”；归入高端装备,20260830_NEW,False
B_行业与主营一致,申万三级行业为IT服务Ⅲ，与软件/信息服务标签一致,cn,603138,海量数据,4,国家重点扶持产业,第二梯队：新兴支柱产业,软件与信息技术服务,主营+行业映射,公司主营业务为数据基础设施解决方案,数据库自主产品和服务、数据基础设施解决方案,,计算机,IT服务,IT服务Ⅲ,2026-08-30复核：生产主营“数据库自主产品和服务、数据基础设施解决方案”，行业分类“计算机/IT服务/IT服务Ⅲ”；归入软件与信息技术服务,20260830_NEW,False
A_主营直接支持,主营/新战略业务直接命中生物医药证据,cn,603139,康惠股份,4,国家重点扶持产业,第二梯队：新兴支柱产业,生物医药,主营/战略文本,公司主营业务为医药制造,医药流通、医药制造,,医药生物,中药,中药Ⅲ,2026-08-30复核：生产主营业务“医药流通、医药制造”命中“医药制造”；归入生物医药,20260830_NEW,False
A_主营直接支持,主营/新战略业务直接命中集成电路证据,cn,603160,汇顶科技,3,用户常用,第二梯队：新兴支柱产业,集成电路,主营+行业映射,公司主营业务为指纹识别芯片,指纹识别芯片、触控芯片,,电子,半导体,模拟芯片设计,2026-08-30复核：生产主营“指纹识别芯片、触控芯片”，行业分类“电子/半导体/模拟芯片设计”；归入集成电路,20260830_NEW,False
B_行业与主营一致,申万三级行业为化学制剂，未发现直接冲突,cn,603168,莎普爱思,4,国家重点扶持产业,第二梯队：新兴支柱产业,生物医药,主营+行业映射,公司主营业务为商品销售,滴眼液、大输液、头孢克肟、诊疗服务,,医药生物,化学制药,化学制剂,2026-08-30复核：生产主营“滴眼液、大输液、头孢克肟、诊疗服务”，行业分类“医药生物/化学制药/化学制剂”；归入生物医药,20260830_NEW,False
A_主营直接支持,主营/新战略业务直接命中高端装备证据,cn,603169,兰石重装,4,国家重点扶持产业,第二梯队：新兴支柱产业,高端装备,主营/战略文本,公司主营业务为传统能源装备,传统能源装备、新能源装备、工业智能装备、节能环保装备、技术服务、工程总包、金属新材料,,机械设备,专用设备,能源及重型设备,2026-08-30复核：生产主营业务“传统能源装备、新能源装备、工业智能装备、节能环保装备、技术服务、工程总包、金属新材料”命中“智能装备”；归入高端装备,20260830_NEW,False
B_行业与主营一致,申万三级行业为IT服务Ⅲ，与软件/信息服务标签一致,cn,603171,税友股份,4,国家重点扶持产业,第二梯队：新兴支柱产业,软件与信息技术服务,主营+行业映射,公司主营业务为数智财税业务,数智财税业务、数字政务业务,,计算机,IT服务,IT服务Ⅲ,2026-08-30复核：生产主营“数智财税业务、数字政务业务”，行业分类“计算机/IT服务/IT服务Ⅲ”；归入软件与信息技术服务,20260830_NEW,False
B_行业与主营一致,申万三级行业为大气治理，未发现直接冲突,cn,603177,德创环保,4,国家重点扶持产业,第二梯队：新兴支柱产业,节能环保,主营+行业映射,公司主营业务为脱硝催化剂,烟气治理工程、脱硝催化剂、脱硫设备、除尘设备、废盐渣资源化利用处置、危险废物处置,,环保,环境治理,大气治理,2026-08-30复核：生产主营“烟气治理工程、脱硝催化剂、脱硫设备、除尘设备、废盐渣资源化利用处置、危险废物处置”，行业分类“环保/环境治理/大气治理”；归入节能环保,20260830_NEW,False
A_主营直接支持,主营/新战略业务直接命中光伏证据,cn,603185,弘元绿能,4,国家重点扶持产业,第二梯队：新兴支柱产业,光伏,主营/战略文本,公司主营业务为光伏晶硅产业链业务,机械制造专用设备、硅片、太阳能组件及电池,,电力设备,光伏设备,硅料硅片,2026-08-30复核：生产所属行业“公司主营业务为光伏晶硅产业链业务”命中“光伏”；归入光伏,20260830_NEW,False
A_主营直接支持,主营/新战略业务直接命中PCB证据,cn,603186,华正新材,2,S100,第一梯队：AI+超级主线,PCB,旧批次规则复核,公司主营业务为覆铜板,覆铜板、导热材料、功能性复合材料、交通物流用复合材料,,电子,元件,印制电路板,Codex复核：披露业务“覆铜板”明确属于PCB,PREEXISTING,False
A_主营直接支持,主营/新战略业务直接命中节能环保证据,cn,603200,上海洗霸,4,国家重点扶持产业,第二梯队：新兴支柱产业,节能环保,主营+行业映射,公司主营业务为水处理系统运行管理,水处理系统运行管理、化学品销售与服务、设备销售与安装、风管清洗、水处理设备集成,,环保,环境治理,水务及水治理,2026-08-30复核：生产主营“水处理系统运行管理、化学品销售与服务、设备销售与安装、风管清洗、水处理设备集成”，行业分类“环保/环境治理/水务及水治理”；归入节能环保,20260830_NEW,False
A_主营直接支持,主营/新战略业务直接命中智能制造装备证据,cn,603203,快克智能,4,国家重点扶持产业,第二梯队：新兴支柱产业,智能制造装备,主营+行业映射,公司主营业务为精密焊接装联设备,精密焊接装联设备、机器视觉制程设备、固晶键合封装设备、智能制造成套设备,,机械设备,自动化设备,工控设备,2026-08-30复核：生产主营“精密焊接装联设备、机器视觉制程设备、固晶键合封装设备、智能制造成套设备”，行业分类“机械设备/自动化设备/工控设备”；归入智能制造装备,20260830_NEW,False
C_需人工复核,未在主营/新战略业务中找到高端医疗器械直接证据；当前主要依赖医疗耗材,cn,603205,健尔康,4,国家重点扶持产业,第二梯队：新兴支柱产业,高端医疗器械,主营+行业映射,公司主营业务为护理类,手术耗材类、护理类、消毒清洁类、高分子及辅助类,,医药生物,医疗器械,医疗耗材,2026-08-30复核：生产主营“手术耗材类、护理类、消毒清洁类、高分子及辅助类”，行业分类“医药生物/医疗器械/医疗耗材”；归入高端医疗器械,20260830_NEW,False
A_主营直接支持,主营/新战略业务直接命中新一代通信证据,cn,603206,嘉环科技,4,国家重点扶持产业,第二梯队：新兴支柱产业,新一代通信,主营+行业映射,公司主营业务为政企行业智能化服务,网络建设服务、网络运维服务、信息通信系统软件调试服务、政企行业智能化服务、网络优化服务、ICT教育培训,,通信,通信服务,通信工程及服务,2026-08-30复核：生产主营“网络建设服务、网络运维服务、信息通信系统软件调试服务、政企行业智能化服务、网络优化服务、ICT教育培训”，行业分类“通信/通信服务/通信工程及服务”；归入新一代通信,20260830_NEW,False
B_行业与主营一致,申万三级行业为化学制剂，未发现直接冲突,cn,603207,小方制药,4,国家重点扶持产业,第二梯队：新兴支柱产业,生物医药,主营+行业映射,公司主营业务为销售产品,消化类、皮肤类、五官类,,医药生物,化学制药,化学制剂,2026-08-30复核：生产主营“消化类、皮肤类、五官类”，行业分类“医药生物/化学制药/化学制剂”；归入生物医药,20260830_NEW,False
A_主营直接支持,主营/新战略业务直接命中集成电路证据,cn,603212,赛伍技术,4,国家重点扶持产业,第二梯队：新兴支柱产业,集成电路,旧批次规则复核,公司主营业务为其他光伏材料,背板、封装胶膜、光伏运维材料、通讯及消费电子材料（3C）、半导体、电气、交通运输工具材料（SET）、光伏发电,,电力设备,光伏设备,光伏辅材,Codex复核：披露业务“其他光伏材料”明确属于集成电路,PREEXISTING,False
B_行业与主营一致,申万三级行业为风电零部件，未发现直接冲突,cn,603218,日月股份,4,国家重点扶持产业,第二梯队：新兴支柱产业,风电,主营+行业映射,公司主营业务为球墨铸铁类产品,球墨铸铁类产品、合金类产品、模具,,电力设备,风电设备,风电零部件,2026-08-30复核：生产主营“球墨铸铁类产品、合金类产品、模具”，行业分类“电力设备/风电设备/风电零部件”；归入风电,20260830_NEW,False
A_主营直接支持,主营/新战略业务直接命中新一代通信证据,cn,603220,中贝通信,3,用户常用,第二梯队：新兴支柱产业,新一代通信,主营+行业映射,公司主营业务为5G新基建,5G新基建、智慧城市与5G行业应用,,通信,通信服务,通信工程及服务,2026-08-30复核：生产主营“5G新基建、智慧城市与5G行业应用”，行业分类“通信/通信服务/通信工程及服务”；归入新一代通信,20260830_NEW,False
A_主营直接支持,主营/新战略业务直接命中生物医药证据,cn,603222,济民健康,4,国家重点扶持产业,第二梯队：新兴支柱产业,生物医药,主营/战略文本,公司主营业务为医药制造,医疗服务、医药制造、医药贸易,,医药生物,医疗器械,医疗耗材,2026-08-30复核：生产主营业务“医疗服务、医药制造、医药贸易”命中“医药制造”；归入生物医药,20260830_NEW,False
A_主营直接支持,主营/新战略业务直接命中PCB证据,cn,603228,景旺电子,3,用户常用,第一梯队：AI+超级主线,PCB,旧批次规则复核,公司主营业务为印制电路板,印制电路板,,电子,元件,印制电路板,Codex复核：披露业务“印制电路板”明确属于PCB,PREEXISTING,False
B_行业与主营一致,申万三级行业为原料药，未发现直接冲突,cn,603229,奥翔药业,4,国家重点扶持产业,第二梯队：新兴支柱产业,生物医药,主营+行业映射,公司主营业务为肝病类,前列腺素类、心脑血管类、技术服务费、抗肿瘤类、抗菌类、痛风类、神经系统类、肝病类、高端氟产品,,医药生物,化学制药,原料药,2026-08-30复核：生产主营“前列腺素类、心脑血管类、技术服务费、抗肿瘤类、抗菌类、痛风类、神经系统类、肝病类、高端氟产品”，行业分类“医药生物/化学制药/原料药”；归入生物医药,20260830_NEW,False
B_行业与主营一致,申万三级行业为垂直应用软件，与软件/信息服务标签一致,cn,603232,格尔软件,4,国家重点扶持产业,第二梯队：新兴支柱产业,软件与信息技术服务,主营+行业映射,公司主营业务为PKI安全应用产品,PKI基础设施产品、PKI安全应用产品、通用安全产品,,计算机,软件开发,垂直应用软件,2026-08-30复核：生产主营“PKI基础设施产品、PKI安全应用产品、通用安全产品”，行业分类“计算机/软件开发/垂直应用软件”；归入软件与信息技术服务,20260830_NEW,False
B_行业与主营一致,申万三级行业为通信终端及配件，未发现直接冲突,cn,603236,移远通信,3,用户常用,第二梯队：新兴支柱产业,新一代通信,主营+行业映射,公司主营业务为模组+天线,模组+天线,,通信,通信设备,通信终端及配件,2026-08-30复核：生产主营“模组+天线”，行业分类“通信/通信设备/通信终端及配件”；归入新一代通信,20260830_NEW,False
B_人工复核支持,存在人工复核说明，但仍需保留原始公告或招股书链接,cn,603256,宏和科技,2,S100,第二梯队：新兴支柱产业,先进电子材料,人工复核,公司主营业务为特殊布,极薄布、超薄布、薄布、厚布、特殊布、纱,,建筑材料,玻璃玻纤,玻纤制造,2026-08-30人工复核：主营高端电子级玻璃纤维布；归入先进电子材料,20260830_NEW,False
A_主营直接支持,主营/新战略业务直接命中数字创意证据,cn,603258,电魂网络,4,国家重点扶持产业,第二梯队：新兴支柱产业,数字创意,主营+行业映射,公司主营业务为客户端游戏,客户端游戏、移动端游戏,,传媒,游戏,游戏Ⅲ,2026-08-30复核：生产主营“客户端游戏、移动端游戏”，行业分类“传媒/游戏/游戏Ⅲ”；归入数字创意,20260830_NEW,False
A_主营直接支持,主营/新战略业务直接命中生物医药研发服务证据,cn,603259,药明康德,1,黄埔线下标的,第二梯队：新兴支柱产业,生物医药研发服务,人工复核,公司主营业务为化学业务,化学业务、测试业务、生物学业务,,医药生物,医疗服务,医疗研发外包,2026-08-30人工复核：主营化学、测试和生物学研发服务；归入生物医药研发服务,20260830_NEW,False
A_主营直接支持,主营/新战略业务直接命中光伏证据,cn,603260,合盛硅业,4,国家重点扶持产业,第二梯队：新兴支柱产业,光伏,主营/战略文本,公司主营业务为工业硅,工业硅、有机硅、光伏,,基础化工,化学制品,有机硅,2026-08-30复核：生产主营业务“工业硅、有机硅、光伏”命中“光伏”；归入光伏,20260830_NEW,False
B_行业与主营一致,申万三级行业为军工电子Ⅲ，未发现直接冲突,cn,603267,鸿远电子,4,国家重点扶持产业,第二梯队：新兴支柱产业,航空航天与军工电子,主营+行业映射,公司主营业务为自产电子元器件,自产电子元器件、代理产品,,国防军工,军工电子,军工电子Ⅲ,2026-08-30复核：生产主营“自产电子元器件、代理产品”，行业分类“国防军工/军工电子/军工电子Ⅲ”；归入航空航天与军工电子,20260830_NEW,False
A_主营直接支持,主营/新战略业务直接命中机器人核心部件证据,cn,603275,众辰科技,4,国家重点扶持产业,第三梯队：卡脖子底座,机器人核心部件,主营/战略文本,公司主营业务为变频器,变频器、通用变频器、行业专机、伺服系统,,机械设备,自动化设备,工控设备,2026-08-30复核：生产主营业务“变频器、通用变频器、行业专机、伺服系统”命中“伺服系统”；归入机器人核心部件,20260830_NEW,False
B_行业与主营一致,申万三级行业为环保设备Ⅲ，未发现直接冲突,cn,603279,景津装备,4,国家重点扶持产业,第二梯队：新兴支柱产业,节能环保,主营+行业映射,公司主营业务为压滤机整机,压滤机整机、隔膜压滤机、厢式压滤机、配件、滤板、滤布、配套装备,,环保,环保设备,环保设备Ⅲ,2026-08-30复核：生产主营“压滤机整机、隔膜压滤机、厢式压滤机、配件、滤板、滤布、配套装备”，行业分类“环保/环保设备/环保设备Ⅲ”；归入节能环保,20260830_NEW,False
B_行业与主营一致,申万三级行业为环保设备Ⅲ，未发现直接冲突,cn,603282,亚光股份,4,国家重点扶持产业,第二梯队：新兴支柱产业,节能环保,主营+行业映射,公司主营业务为MVR系统,MVR系统、过滤洗涤干燥机、清洗机、更新改造及配件销售,,环保,环保设备,环保设备Ⅲ,2026-08-30复核：生产主营“MVR系统、过滤洗涤干燥机、清洗机、更新改造及配件销售”，行业分类“环保/环保设备/环保设备Ⅲ”；归入节能环保,20260830_NEW,False
A_主营直接支持,主营/新战略业务直接命中智能制造装备证据,cn,603283,赛腾股份,3,用户常用,第二梯队：新兴支柱产业,智能制造装备,主营+行业映射,公司主营业务为自动化设备,自动化设备、夹治具、技术服务,,机械设备,自动化设备,工控设备,2026-08-30复核：生产主营“自动化设备、夹治具、技术服务”，行业分类“机械设备/自动化设备/工控设备”；归入智能制造装备,20260830_NEW,False
B_行业与主营一致,申万三级行业为分立器件，未发现直接冲突,cn,603290,斯达半导,3,用户常用,第二梯队：新兴支柱产业,集成电路,主营+行业映射,公司主营业务为模块,模块,,电子,半导体,分立器件,2026-08-30复核：生产主营“模块”，行业分类“电子/半导体/分立器件”；归入集成电路,20260830_NEW,False
A_主营直接支持,主营/新战略业务直接命中节能环保证据,cn,603291,联合水务,4,国家重点扶持产业,第二梯队：新兴支柱产业,节能环保,主营+行业映射,公司主营业务为供水及衍生业务,供水及衍生业务、污水处理及资源化利用、水环境和水生态修复、EPC及PPP建造工程类业务,,环保,环境治理,水务及水治理,2026-08-30复核：生产主营“供水及衍生业务、污水处理及资源化利用、水环境和水生态修复、EPC及PPP建造工程类业务”，行业分类“环保/环境治理/水务及水治理”；归入节能环保,20260830_NEW,False
D_确认需修正,主营智能终端、高性能计算和AI服务器，当前“关键电子元器件”三级标签不准确，应改为智能终端/先进计算,cn,603296,华勤技术,3,用户常用,第二梯队：新兴支柱产业,关键电子元器件,主营+行业映射,公司主营业务为高性能计算,高性能计算、智能终端、汽车及工业产品,,电子,消费电子,消费电子零部件及组装,2026-08-30复核：生产主营“高性能计算、智能终端、汽车及工业产品”，行业分类“电子/消费电子/消费电子零部件及组装”；归入关键电子元器件,20260830_NEW,False
A_主营直接支持,主营/新战略业务直接命中关键电子元器件证据,cn,603297,永新光学,4,国家重点扶持产业,第二梯队：新兴支柱产业,关键电子元器件,主营+行业映射,公司主营业务为光学元件系列,光学元件系列,,电子,光学光电子,光学元件,2026-08-30复核：生产主营“光学元件系列”，行业分类“电子/光学光电子/光学元件”；归入关键电子元器件,20260830_NEW,False
C_需人工复核,未在主营/新战略业务中找到高端医疗器械直接证据；当前主要依赖医疗耗材,cn,603301,振德医疗,4,国家重点扶持产业,第二梯队：新兴支柱产业,高端医疗器械,主营+行业映射,公司主营业务为手术感控,基础护理、手术感控、压力治疗与固定、造口及现代伤口护理、感控防护,,医药生物,医疗器械,医疗耗材,2026-08-30复核：生产主营“基础护理、手术感控、压力治疗与固定、造口及现代伤口护理、感控防护”，行业分类“医药生物/医疗器械/医疗耗材”；归入高端医疗器械,20260830_NEW,False
C_需人工复核,未在主营/新战略业务中找到高端医疗器械直接证据；当前主要依赖医疗耗材,cn,603309,维力医疗,4,国家重点扶持产业,第二梯队：新兴支柱产业,高端医疗器械,主营+行业映射,公司主营业务为麻醉,麻醉、导尿、泌尿外科、护理、呼吸、血液透析,,医药生物,医疗器械,医疗耗材,2026-08-30复核：生产主营“麻醉、导尿、泌尿外科、护理、呼吸、血液透析”，行业分类“医药生物/医疗器械/医疗耗材”；归入高端医疗器械,20260830_NEW,False
B_行业与主营一致,申万三级行业为大气治理，未发现直接冲突,cn,603315,福鞍股份,4,国家重点扶持产业,第二梯队：新兴支柱产业,节能环保,主营+行业映射,公司主营业务为EPC合同,火电设备铸件、水电设备铸件、机械加工、EPC合同、设计服务、运营服务,,环保,环境治理,大气治理,2026-08-30复核：生产主营“火电设备铸件、水电设备铸件、机械加工、EPC合同、设计服务、运营服务”，行业分类“环保/环境治理/大气治理”；归入节能环保,20260830_NEW,False
A_主营直接支持,主营/新战略业务直接命中算力网证据,cn,603322,超讯科技,4,国家重点扶持产业,第一梯队：AI+超级主线,算力网,旧批次规则复核,公司主营业务为智算业务,算力、ICT、通服,,通信,通信服务,通信工程及服务,Codex复核：披露业务“智算业务”明确属于算力网,PREEXISTING,False
B_行业与主营一致,申万三级行业为环保设备Ⅲ，未发现直接冲突,cn,603324,盛剑科技,4,国家重点扶持产业,第二梯队：新兴支柱产业,节能环保,主营+行业映射,公司主营业务为绿色厂务系统,绿色厂务系统、设备及关键零部件产品、电子化学品材料,,环保,环保设备,环保设备Ⅲ,2026-08-30复核：生产主营“绿色厂务系统、设备及关键零部件产品、电子化学品材料”，行业分类“环保/环保设备/环保设备Ⅲ”；归入节能环保,20260830_NEW,False
C_需人工复核,未在主营/新战略业务中找到关键电子元器件直接证据；当前主要依赖消费电子零部件及组装,cn,603327,福蓉科技,4,国家重点扶持产业,第二梯队：新兴支柱产业,关键电子元器件,主营+行业映射,公司主营业务为消费电子铝型材,消费电子铝型材,,电子,消费电子,消费电子零部件及组装,2026-08-30复核：生产主营“消费电子铝型材”，行业分类“电子/消费电子/消费电子零部件及组装”；归入关键电子元器件,20260830_NEW,False
B_行业与主营一致,申万三级明确为印制电路板,cn,603328,依顿电子,4,国家重点扶持产业,第一梯队：AI+超级主线,PCB,主营/战略文本,公司主营业务为印刷线路板,印刷线路板,,电子,元件,印制电路板,2026-08-30复核：生产主营业务“印刷线路板”命中“线路板”；归入PCB,20260830_NEW,False
A_主营直接支持,主营/新战略业务直接命中光伏证据,cn,603330,天洋新材,4,国家重点扶持产业,第二梯队：新兴支柱产业,光伏,主营/战略文本,公司主营业务为光伏封装胶膜,光伏封装胶膜、热熔胶、反应型胶黏剂、热熔墙布、窗帘,,基础化工,塑料,其他塑料制品,2026-08-30复核：生产主营业务“光伏封装胶膜、热熔胶、反应型胶黏剂、热熔墙布、窗帘”命中“光伏”；归入光伏,20260830_NEW,False
C_需人工复核,未在主营/新战略业务中找到关键电子元器件直接证据；当前主要依赖消费电子零部件及组装,cn,603341,龙旗科技,4,国家重点扶持产业,第二梯队：新兴支柱产业,关键电子元器件,主营+行业映射,公司主营业务为智能手机,智能手机、平板电脑、AIoT产品,,电子,消费电子,消费电子零部件及组装,2026-08-30复核：生产主营“智能手机、平板电脑、AIoT产品”，行业分类“电子/消费电子/消费电子零部件及组装”；归入关键电子元器件,20260830_NEW,False
B_行业与主营一致,申万三级行业为原料药，未发现直接冲突,cn,603351,威尔药业,4,国家重点扶持产业,第二梯队：新兴支柱产业,生物医药,主营+行业映射,公司主营业务为合成润滑基础油（机械类）,合成润滑基础油（机械类）、合成润滑基础油（非机械类）、药用辅料（注射用）、药用辅料（非注射用）,,医药生物,化学制药,原料药,2026-08-30复核：生产主营“合成润滑基础油（机械类）、合成润滑基础油（非机械类）、药用辅料（注射用）、药用辅料（非注射用）”，行业分类“医药生物/化学制药/原料药”；归入生物医药,20260830_NEW,False
A_主营直接支持,主营/新战略业务直接命中光伏证据,cn,603356,华菱精工,4,国家重点扶持产业,第二梯队：新兴支柱产业,光伏,主营/战略文本,公司主营业务为钣金件,钣金件、对重块、电梯绳、光伏支架、电梯补偿缆、制动器、锁紧销、玻璃钢防护网,,机械设备,专用设备,楼宇设备,2026-08-30复核：生产主营业务“钣金件、对重块、电梯绳、光伏支架、电梯补偿缆、制动器、锁紧销、玻璃钢防护网”命中“光伏”；归入光伏,20260830_NEW,False
A_主营直接支持,主营/新战略业务直接命中光伏证据,cn,603366,日出东方,4,国家重点扶持产业,第二梯队：新兴支柱产业,光伏,主营/战略文本,公司主营业务为太阳能热水器,太阳能热水器、空气能、净水机、光伏产品、厨电产品、电热水器、壁挂炉、储能,,家用电器,厨卫电器,卫浴电器,2026-08-30复核：生产主营业务“太阳能热水器、空气能、净水机、光伏产品、厨电产品、电热水器、壁挂炉、储能”命中“光伏”；归入光伏,20260830_NEW,False
A_主营直接支持,主营/新战略业务直接命中生物医药证据,cn,603367,辰欣药业,4,国家重点扶持产业,第二梯队：新兴支柱产业,生物医药,主营+行业映射,公司主营业务为小容量注射剂,大输液-玻瓶、大输液-非PVC软包、大输液-塑瓶、小容量注射剂、口服固体制剂、冻干粉针剂、冲洗剂、滴剂、膏剂、原料（自产外销）,,医药生物,化学制药,化学制剂,2026-08-30复核：生产主营“大输液-玻瓶、大输液-非PVC软包、大输液-塑瓶、小容量注射剂、口服固体制剂、冻干粉针剂、冲洗剂、滴剂、膏剂、原料（自产外销）”，行业分类“医药生物/化学制药/化学制剂”；归入生物医药,20260830_NEW,False
B_行业与主营一致,申万三级行业为模拟芯片设计，未发现直接冲突,cn,603375,盛景微,4,国家重点扶持产业,第二梯队：新兴支柱产业,集成电路,主营+行业映射,公司主营业务为电子控制模块,电子控制模块、起爆控制器、放大器,,电子,半导体,模拟芯片设计,2026-08-30复核：生产主营“电子控制模块、起爆控制器、放大器”，行业分类“电子/半导体/模拟芯片设计”；归入集成电路,20260830_NEW,False
A_主营直接支持,主营/新战略业务直接命中关键电子元器件证据,cn,603380,易德龙,4,国家重点扶持产业,第二梯队：新兴支柱产业,关键电子元器件,主营+行业映射,公司主营业务为电子元器件销售,电子元器件销售、技术检测服务,,电子,消费电子,消费电子零部件及组装,2026-08-30复核：生产主营“电子元器件销售、技术检测服务”，行业分类“电子/消费电子/消费电子零部件及组装”；归入关键电子元器件,20260830_NEW,False
A_主营直接支持,主营/新战略业务直接命中光伏证据,cn,603381,永臻股份,4,国家重点扶持产业,第二梯队：新兴支柱产业,光伏,主营/战略文本,公司主营业务为光伏边框产品,光伏边框产品、光伏支架产品、光伏BIPV,,电力设备,光伏设备,光伏辅材,2026-08-30复核：生产主营业务“光伏边框产品、光伏支架产品、光伏BIPV”命中“光伏”；归入光伏,20260830_NEW,False
A_主营直接支持,主营/新战略业务直接命中软件与信息技术服务证据,cn,603383,顶点软件,4,国家重点扶持产业,第二梯队：新兴支柱产业,软件与信息技术服务,主营+行业映射,公司主营业务为软件开发及服务业务,软件开发及服务业务、系统集成业务,,计算机,软件开发,垂直应用软件,2026-08-30复核：生产主营“软件开发及服务业务、系统集成业务”，行业分类“计算机/软件开发/垂直应用软件”；归入软件与信息技术服务,20260830_NEW,False
A_主营直接支持,主营/新战略业务直接命中PCB证据,cn,603386,骏亚科技,4,国家重点扶持产业,第一梯队：AI+超级主线,PCB,旧批次规则复核,公司主营业务为PCB,PCB、SMT、整机,,电子,元件,印制电路板,Codex复核：披露业务“PCB”明确属于PCB,PREEXISTING,False
B_行业与主营一致,申万三级为体外诊断；保留“高端”口径复核要求,cn,603387,基蛋生物,4,国家重点扶持产业,第二梯队：新兴支柱产业,高端医疗器械,主营+行业映射,公司主营业务为自主产品,POCT常规系列、POCT新冠系列、化学发光系列,,医药生物,医疗器械,体外诊断,2026-08-30复核：生产主营“POCT常规系列、POCT新冠系列、化学发光系列”，行业分类“医药生物/医疗器械/体外诊断”；归入高端医疗器械,20260830_NEW,False
A_主营直接支持,主营/新战略业务直接命中生物医药证据,cn,603392,万泰生物,4,国家重点扶持产业,第二梯队：新兴支柱产业,生物医药,旧批次规则复核,公司主营业务为试剂,疫苗、试剂、仪器、活性原料、代理产品,,医药生物,生物制品,疫苗,Codex复核：披露业务“试剂”明确属于生物医药,PREEXISTING,False
A_主营直接支持,主营/新战略业务直接命中光伏证据,cn,603396,金辰股份,4,国家重点扶持产业,第二梯队：新兴支柱产业,光伏,主营/战略文本,公司主营业务为光伏组件装备,光伏电池装备、光伏组件装备、其它功能性设备及配套件,,电力设备,光伏设备,光伏加工设备,2026-08-30复核：生产主营业务“光伏电池装备、光伏组件装备、其它功能性设备及配套件”命中“光伏”；归入光伏,20260830_NEW,False
B_行业与主营一致,申万三级行业为机器人，未发现直接冲突,cn,603416,信捷电气,4,国家重点扶持产业,第二梯队：新兴支柱产业,智能机器人,主营+行业映射,公司主营业务为设备销售及其他主营业务,设备销售及其他主营业务,,机械设备,自动化设备,机器人,2026-08-30复核：生产主营“设备销售及其他主营业务”，行业分类“机械设备/自动化设备/机器人”；归入智能机器人,20260830_NEW,False
B_行业与主营一致,申万三级行业为通信网络设备及器件，未发现直接冲突,cn,603421,鼎信通讯,4,国家重点扶持产业,第二梯队：新兴支柱产业,新一代通信,主营+行业映射,公司主营业务为电能表,电能表、载波模块（含芯片）、消防产品、采集终端设备、劳务、配电产品、新能源产品,,通信,通信设备,通信网络设备及器件,2026-08-30复核：生产主营“电能表、载波模块（含芯片）、消防产品、采集终端设备、劳务、配电产品、新能源产品”，行业分类“通信/通信设备/通信网络设备及器件”；归入新一代通信,20260830_NEW,False
B_行业与主营一致,申万三级行业为中药Ⅲ，未发现直接冲突,cn,603439,三力制药,4,国家重点扶持产业,第二梯队：新兴支柱产业,现代中药,主营+行业映射,公司主营业务为呼吸系统用药,呼吸系统用药、补益用药、妇科用药、骨科用药、心脑血管用药,,医药生物,中药,中药Ⅲ,2026-08-30复核：生产主营“呼吸系统用药、补益用药、妇科用药、骨科用药、心脑血管用药”，行业分类“医药生物/中药/中药Ⅲ”；归入现代中药,20260830_NEW,False
B_行业与主营一致,申万三级行业为游戏Ⅲ，未发现直接冲突,cn,603444,吉比特,3,用户常用,第二梯队：新兴支柱产业,数字创意,主营+行业映射,公司主营业务为自主运营,自主运营、联合运营、授权运营,,传媒,游戏,游戏Ⅲ,2026-08-30复核：生产主营“自主运营、联合运营、授权运营”，行业分类“传媒/游戏/游戏Ⅲ”；归入数字创意,20260830_NEW,False
B_行业与主营一致,申万三级行业为医疗研发外包，未发现直接冲突,cn,603456,九洲药业,3,用户常用,第二梯队：新兴支柱产业,生物医药研发服务,主营+行业映射,公司主营业务为合同定制类,合同定制类、抗感染类、中枢神经类药物、非甾体类药物、降血糖类药,,医药生物,医疗服务,医疗研发外包,2026-08-30复核：生产主营“合同定制类、抗感染类、中枢神经类药物、非甾体类药物、降血糖类药”，行业分类“医药生物/医疗服务/医疗研发外包”；归入生物医药研发服务,20260830_NEW,False
B_行业与主营一致,申万三级行业为其他数字媒体，未发现直接冲突,cn,603466,风语筑,4,国家重点扶持产业,第二梯队：新兴支柱产业,数字创意,主营+行业映射,公司主营业务为文化及品牌数字化体验空间,城市数字化体验空间、文化及品牌数字化体验空间、数字化产品及服务,,传媒,数字媒体,其他数字媒体,2026-08-30复核：生产主营“城市数字化体验空间、文化及品牌数字化体验空间、数字化产品及服务”，行业分类“传媒/数字媒体/其他数字媒体”；归入数字创意,20260830_NEW,False
A_主营直接支持,主营/新战略业务直接命中智能机器人证据,cn,603486,科沃斯,3,用户常用,第二梯队：新兴支柱产业,智能机器人,主营/战略文本,公司主营业务为智能生活电器,服务机器人、智能生活电器,,家用电器,小家电,清洁小家电,2026-08-30复核：生产主营业务“服务机器人、智能生活电器”命中“服务机器人”；归入智能机器人,20260830_NEW,False
B_行业与主营一致,申万三级行业为其他计算机设备，主营未发现冲突,cn,603496,恒为科技,3,用户常用,第二梯队：新兴支柱产业,先进计算与信息设备,主营+行业映射,公司主营业务为智能系统平台,网络可视化、智能系统平台,,计算机,计算机设备,其他计算机设备,2026-08-30复核：生产主营“网络可视化、智能系统平台”，行业分类“计算机/计算机设备/其他计算机设备”；归入先进计算与信息设备,20260830_NEW,False
C_需人工复核,未在主营/新战略业务中找到高端装备直接证据；当前主要依赖轨交设备Ⅲ,cn,603500,祥和实业,4,国家重点扶持产业,第二梯队：新兴支柱产业,高端装备,主营+行业映射,公司主营业务为轨道交通相关产品及零部件,轨道交通相关产品及零部件、电子元器件配件、高分子改性材料、无人机配套产品,,机械设备,轨交设备,轨交设备Ⅲ,2026-08-30复核：生产主营“轨道交通相关产品及零部件、电子元器件配件、高分子改性材料、无人机配套产品”，行业分类“机械设备/轨交设备/轨交设备Ⅲ”；归入高端装备,20260830_NEW,False
A_主营直接支持,主营/新战略业务直接命中集成电路证据,cn,603501,豪威集团,3,用户常用,第二梯队：新兴支柱产业,集成电路,旧批次规则复核,公司主营业务为图像传感器解决方案业务,图像传感器解决方案业务、显示解决方案业务、模拟解决方案业务、半导体设计技术服务、半导体代理销售,,电子,半导体,数字芯片设计,Codex复核：披露业务“图像传感器解决方案业务”明确属于集成电路,PREEXISTING,False
A_主营直接支持,主营/新战略业务直接命中光伏证据,cn,603507,振江股份,4,国家重点扶持产业,第二梯队：新兴支柱产业,光伏,主营/战略文本,公司主营业务为风电,风电、光伏、紧固件,,电力设备,风电设备,风电零部件,2026-08-30复核：生产主营业务“风电、光伏、紧固件”命中“光伏”；归入光伏,20260830_NEW,False
B_行业与主营一致,申万三级行业为安防设备，主营未发现冲突,cn,603508,思维列控,4,国家重点扶持产业,第二梯队：新兴支柱产业,先进计算与信息设备,主营+行业映射,公司主营业务为列车运行控制系统,列车运行控制系统、铁路安全防护系统、高铁运行监测系统,,计算机,计算机设备,安防设备,2026-08-30复核：生产主营“列车运行控制系统、铁路安全防护系统、高铁运行监测系统”，行业分类“计算机/计算机设备/安防设备”；归入先进计算与信息设备,20260830_NEW,False
B_行业与主营一致,申万三级行业为其他计算机设备，未发现直接冲突,cn,603516,淳中科技,4,国家重点扶持产业,第一梯队：AI+超级主线,行业模型,旧批次规则复核,公司主营业务为专业视听产品,专业视听产品、虚拟现实产品、人工智能产品、专业芯片产品、配套产品,,计算机,计算机设备,其他计算机设备,Codex复核：披露业务“专业视听产品”明确属于行业模型,PREEXISTING,False
B_行业与主营一致,申万三级行业为原料药，未发现直接冲突,cn,603520,司太立,4,国家重点扶持产业,第二梯队：新兴支柱产业,生物医药,主营+行业映射,公司主营业务为造影剂,造影剂系列、喹诺酮系列、CDMO系列,,医药生物,化学制药,原料药,2026-08-30复核：生产主营“造影剂系列、喹诺酮系列、CDMO系列”，行业分类“医药生物/化学制药/原料药”；归入生物医药,20260830_NEW,False
B_行业与主营一致,申万三级行业为垂直应用软件，与软件/信息服务标签一致,cn,603528,多伦科技,4,国家重点扶持产业,第二梯队：新兴支柱产业,软件与信息技术服务,主营+行业映射,公司主营业务为智慧车管,充电桩业务、智慧交通、智慧车检、智慧车管、智慧驾培、驾驶人考训服务,,计算机,软件开发,垂直应用软件,2026-08-30复核：生产主营“充电桩业务、智慧交通、智慧车检、智慧车管、智慧驾培、驾驶人考训服务”，行业分类“计算机/软件开发/垂直应用软件”；归入软件与信息技术服务,20260830_NEW,False
B_行业与主营一致,申万三级行业为文字媒体，未发现直接冲突,cn,603533,掌阅科技,4,国家重点扶持产业,第二梯队：新兴支柱产业,数字创意,主营+行业映射,公司主营业务为数字阅读平台,数字阅读平台、衍生业务、版权产品,,传媒,数字媒体,文字媒体,2026-08-30复核：生产主营“数字阅读平台、衍生业务、版权产品”，行业分类“传媒/数字媒体/文字媒体”；归入数字创意,20260830_NEW,False
A_主营直接支持,主营/新战略业务直接命中生物医药证据,cn,603538,美诺华,4,国家重点扶持产业,第二梯队：新兴支柱产业,生物医药,主营/战略文本,公司主营业务为中间体及原料药,中间体及原料药、CDMO、制剂、贸易,,医药生物,化学制药,原料药,2026-08-30复核：生产主营业务“中间体及原料药、CDMO、制剂、贸易”命中“原料药”；归入生物医药,20260830_NEW,False
B_行业与主营一致,申万三级行业为动物保健Ⅲ，未发现直接冲突,cn,603566,普莱柯,4,国家重点扶持产业,第二梯队：新兴支柱产业,生物农业,主营+行业映射,公司主营业务为生物制品,生物制品、化学药品、功能性保健品等、技术许可或转让,,农林牧渔,动物保健,动物保健Ⅲ,2026-08-30复核：生产主营“生物制品、化学药品、功能性保健品等、技术许可或转让”，行业分类“农林牧渔/动物保健/动物保健Ⅲ”；归入生物农业,20260830_NEW,False
A_主营直接支持,主营/新战略业务直接命中现代中药证据,cn,603567,珍宝岛,4,国家重点扶持产业,第二梯队：新兴支柱产业,现代中药,主营+行业映射,公司主营业务为珍药商品销售（工业）,中药制剂、生物制剂、化学制剂、研发、租赁、药品贸易、中药材贸易,,医药生物,中药,中药Ⅲ,2026-08-30复核：生产主营“中药制剂、生物制剂、化学制剂、研发、租赁、药品贸易、中药材贸易”，行业分类“医药生物/中药/中药Ⅲ”；归入现代中药,20260830_NEW,False
B_行业与主营一致,申万三级行业为固废治理，未发现直接冲突,cn,603568,伟明环保,4,国家重点扶持产业,第二梯队：新兴支柱产业,节能环保,主营+行业映射,公司主营业务为设备、EPC及服务,项目运营、设备、EPC及服务,,环保,环境治理,固废治理,2026-08-30复核：生产主营“项目运营、设备、EPC及服务”，行业分类“环保/环境治理/固废治理”；归入节能环保,20260830_NEW,False
B_行业与主营一致,申万三级行业为工控设备，未发现直接冲突,cn,603583,捷昌驱动,4,国家重点扶持产业,第二梯队：新兴支柱产业,智能制造装备,主营+行业映射,公司主营业务为线性驱动产品,线性驱动产品,,机械设备,自动化设备,工控设备,2026-08-30复核：生产主营“线性驱动产品”，行业分类“机械设备/自动化设备/工控设备”；归入智能制造装备,20260830_NEW,False
B_行业与主营一致,申万三级行业为固废治理，未发现直接冲突,cn,603588,高能环境,4,国家重点扶持产业,第二梯队：新兴支柱产业,节能环保,主营+行业映射,公司主营业务为资源化,工程承包、资源化、运营服务,,环保,环境治理,固废治理,2026-08-30复核：生产主营“工程承包、资源化、运营服务”，行业分类“环保/环境治理/固废治理”；归入节能环保,20260830_NEW,False
B_行业与主营一致,申万三级行业为其他生物制品，未发现直接冲突,cn,603590,康辰药业,4,国家重点扶持产业,第二梯队：新兴支柱产业,生物医药,主营+行业映射,公司主营业务为苏灵,苏灵、鲑降钙素（密盖息）,,医药生物,生物制品,其他生物制品,2026-08-30复核：生产主营“苏灵、鲑降钙素（密盖息）”，行业分类“医药生物/生物制品/其他生物制品”；归入生物医药,20260830_NEW,False
B_行业与主营一致,材料类主营与玻纤制造行业一致,cn,603601,再升科技,4,国家重点扶持产业,第二梯队：新兴支柱产业,新材料,主营+行业映射,公司主营业务为高效节能材料,干净空气材料、高效节能材料、无尘空调产品,,建筑材料,玻璃玻纤,玻纤制造,2026-08-30复核：生产主营“干净空气材料、高效节能材料、无尘空调产品”，行业分类“建筑材料/玻璃玻纤/玻纤制造”；归入新材料,20260830_NEW,False
A_主营直接支持,主营/新战略业务直接命中新一代通信证据,cn,603602,纵横通信,4,国家重点扶持产业,第二梯队：新兴支柱产业,新一代通信,主营+行业映射,公司主营业务为全域数字营销服务,5G新基建、政企行业数智化服务、全域数字营销服务,,通信,通信服务,通信工程及服务,2026-08-30复核：生产主营“5G新基建、政企行业数智化服务、全域数字营销服务”，行业分类“通信/通信服务/通信工程及服务”；归入新一代通信,20260830_NEW,False
A_主营直接支持,主营/新战略业务直接命中海洋工程装备证据,cn,603606,东方电缆,3,用户常用,第二梯队：新兴支柱产业,海洋工程装备,主营/战略文本,公司主营业务为陆缆系统,海缆系统、陆缆系统、海洋工程,,电力设备,电网设备,线缆部件及其他,2026-08-30复核：生产主营业务“海缆系统、陆缆系统、海洋工程”命中“海洋工程”；归入海洋工程装备,20260830_NEW,False
B_行业与主营一致,材料类主营与非金属材料Ⅲ行业一致,cn,603612,索通发展,4,国家重点扶持产业,第二梯队：新兴支柱产业,新材料,主营+行业映射,公司主营业务为预焙阳极,预焙阳极、锂电负极材料、电容器,,基础化工,非金属材料,非金属材料Ⅲ,2026-08-30复核：生产主营“预焙阳极、锂电负极材料、电容器”，行业分类“基础化工/非金属材料/非金属材料Ⅲ”；归入新材料,20260830_NEW,False
C_需人工复核,未在主营/新战略业务中找到关键电子元器件直接证据；当前主要依赖消费电子零部件及组装,cn,603626,科森科技,4,国家重点扶持产业,第二梯队：新兴支柱产业,关键电子元器件,主营+行业映射,公司主营业务为消费电子产品结构件,消费电子产品结构件、医疗手术器械结构件,,电子,消费电子,消费电子零部件及组装,2026-08-30复核：生产主营“消费电子产品结构件、医疗手术器械结构件”，行业分类“电子/消费电子/消费电子零部件及组装”；归入关键电子元器件,20260830_NEW,False
A_主营直接支持,主营/新战略业务直接命中光伏证据,cn,603628,清源股份,4,国家重点扶持产业,第二梯队：新兴支柱产业,光伏,主营/战略文本,公司主营业务为光伏支架,光伏支架、光伏电力电子产品、光伏电站开发及建设业务、光伏电站发电收入、光伏电站工程收入,,电力设备,光伏设备,光伏辅材,2026-08-30复核：生产主营业务“光伏支架、光伏电力电子产品、光伏电站开发及建设业务、光伏电站发电收入、光伏电站工程收入”命中“光伏”；归入光伏,20260830_NEW,False
A_主营直接支持,主营/新战略业务直接命中算力网证据,cn,603629,利通电子,4,国家重点扶持产业,第一梯队：AI+超级主线,算力网,主营/战略文本,公司主营业务为精密金属冲压结构件,精密金属冲压结构件、底座、模具、电子元器件、算力服务,,电子,消费电子,消费电子零部件及组装,2026-08-30复核：生产主营业务“精密金属冲压结构件、底座、模具、电子元器件、算力服务”命中“算力服务”；归入算力网,20260830_NEW,False
A_主营直接支持,主营/新战略业务直接命中关键电子元器件证据,cn,603633,徕木股份,4,国家重点扶持产业,第二梯队：新兴支柱产业,关键电子元器件,主营+行业映射,公司主营业务为汽车精密连接器及组件、配件,储能精密连接器及组件、配件、手机精密屏蔽罩及结构件、手机精密连接器、模具治具、汽车精密屏蔽罩及结构件、汽车精密连接器及组件、配件,,电子,消费电子,消费电子零部件及组装,2026-08-30复核：生产主营“储能精密连接器及组件、配件、手机精密屏蔽罩及结构件、手机精密连接器、模具治具、汽车精密屏蔽罩及结构件、汽车精密连接器及组件、配件”，行业分类“电子/消费电子/消费电子零部件及组装”；归入关键电子元器件,20260830_NEW,False
A_主营直接支持,主营/新战略业务直接命中软件与信息技术服务证据,cn,603636,南威软件,4,国家重点扶持产业,第二梯队：新兴支柱产业,软件与信息技术服务,主营+行业映射,公司主营业务为解决方案,政务软件产品、城市公共安全软件产品、解决方案、创新业务,,计算机,IT服务,IT服务Ⅲ,2026-08-30复核：生产主营“政务软件产品、城市公共安全软件产品、解决方案、创新业务”，行业分类“计算机/IT服务/IT服务Ⅲ”；归入软件与信息技术服务,20260830_NEW,False
A_主营直接支持,主营/新战略业务直接命中智能机器人证据,cn,603656,泰禾智能,4,国家重点扶持产业,第二梯队：新兴支柱产业,智能机器人,主营/战略文本,公司主营业务为智能检测分选装备,智能检测分选装备、工业机器人、智能包装装备,,机械设备,专用设备,其他专用设备,2026-08-30复核：生产主营业务“智能检测分选装备、工业机器人、智能包装装备”命中“工业机器人”；归入智能机器人,20260830_NEW,False
B_行业与主营一致,申万三级为体外诊断；保留“高端”口径复核要求,cn,603658,安图生物,4,国家重点扶持产业,第二梯队：新兴支柱产业,高端医疗器械,主营+行业映射,公司主营业务为试剂类,试剂类、仪器类,,医药生物,医疗器械,体外诊断,2026-08-30复核：生产主营“试剂类、仪器类”，行业分类“医药生物/医疗器械/体外诊断”；归入高端医疗器械,20260830_NEW,False
A_主营直接支持,主营/新战略业务直接命中动力电池与新型储能证据,cn,603659,璞泰来,3,用户常用,第二梯队：新兴支柱产业,动力电池与新型储能,主营+行业映射,公司主营业务为新能源电池材料与服务,新能源电池材料与服务、新能源自动化装备与服务、合并抵消项,,电力设备,电池,电池化学品,2026-08-30复核：生产主营“新能源电池材料与服务、新能源自动化装备与服务、合并抵消项”，行业分类“电力设备/电池/电池化学品”；归入动力电池与新型储能,20260830_NEW,False
B_行业与主营一致,申万三级行业为其他计算机设备，主营未发现冲突,cn,603660,苏州科达,4,国家重点扶持产业,第二梯队：新兴支柱产业,先进计算与信息设备,主营+行业映射,公司主营业务为行业应用产品与解决方案,视频会议、视频监控、行业应用产品与解决方案,,计算机,计算机设备,其他计算机设备,2026-08-30复核：生产主营“视频会议、视频监控、行业应用产品与解决方案”，行业分类“计算机/计算机设备/其他计算机设备”；归入先进计算与信息设备,20260830_NEW,False
B_行业与主营一致,申万三级行业为机器人，未发现直接冲突,cn,603666,亿嘉和,4,国家重点扶持产业,第二梯队：新兴支柱产业,智能机器人,主营+行业映射,公司主营业务为机器人产品,机器人产品、智能电网设备及智能自动化设备、无人机巡检服务,,机械设备,自动化设备,机器人,2026-08-30复核：生产主营“机器人产品、智能电网设备及智能自动化设备、无人机巡检服务”，行业分类“机械设备/自动化设备/机器人”；归入智能机器人,20260830_NEW,False
A_主营直接支持,主营/新战略业务直接命中生物医药证据,cn,603669,灵康药业,4,国家重点扶持产业,第二梯队：新兴支柱产业,生物医药,主营+行业映射,公司主营业务为抗感染类,抗感染类、肠外营养类、消化系统类、心脑血管类、医药流通、医院销售及配送收入,,医药生物,化学制药,化学制剂,2026-08-30复核：生产主营“抗感染类、肠外营养类、消化系统类、心脑血管类、医药流通、医院销售及配送收入”，行业分类“医药生物/化学制药/化学制剂”；归入生物医药,20260830_NEW,False
B_行业与主营一致,申万三级行业为化学制剂，未发现直接冲突,cn,603676,卫信康,4,国家重点扶持产业,第二梯队：新兴支柱产业,生物医药,主营+行业映射,公司主营业务为市场服务,药品、市场服务,,医药生物,化学制药,化学制剂,2026-08-30复核：生产主营“药品、市场服务”，行业分类“医药生物/化学制药/化学制剂”；归入生物医药,20260830_NEW,False
B_行业与主营一致,申万三级行业为军工电子Ⅲ，未发现直接冲突,cn,603678,火炬电子,4,国家重点扶持产业,第二梯队：新兴支柱产业,航空航天与军工电子,主营+行业映射,公司主营业务为国际贸易业务,自产被动元器件、自产主动元器件、自产陶瓷材料、国际贸易业务,,国防军工,军工电子,军工电子Ⅲ,2026-08-30复核：生产主营“自产被动元器件、自产主动元器件、自产陶瓷材料、国际贸易业务”，行业分类“国防军工/军工电子/军工电子Ⅲ”；归入航空航天与军工电子,20260830_NEW,False
D_确认需修正,主营照明产品研发制造，不应归为新型显示,cn,603679,华体科技,4,国家重点扶持产业,第二梯队：新兴支柱产业,新型显示,主营+行业映射,公司主营业务为照明产品研发制造,照明产品研发制造、工程项目安装、锂矿加工销售、锂电池销售,,电子,光学光电子,LED,2026-08-30复核：生产主营“照明产品研发制造、工程项目安装、锂矿加工销售、锂电池销售”，行业分类“电子/光学光电子/LED”；归入新型显示,20260830_NEW,False
B_行业与主营一致,主营为轨交装备或核心控制/供电系统,cn,603680,今创集团,4,国家重点扶持产业,第二梯队：新兴支柱产业,高端装备,主营+行业映射,公司主营业务为城轨地铁车辆,城轨地铁车辆、动车组车辆、普通客车车辆、特种车辆、电子通信设备,,机械设备,轨交设备,轨交设备Ⅲ,2026-08-30复核：生产主营“城轨地铁车辆、动车组车辆、普通客车车辆、特种车辆、电子通信设备”，行业分类“机械设备/轨交设备/轨交设备Ⅲ”；归入高端装备,20260830_NEW,False
A_主营直接支持,主营/新战略业务直接命中PCB证据,cn,603685,晨丰科技,4,国家重点扶持产业,第一梯队：AI+超级主线,PCB,旧批次规则复核,公司主营业务为LED灯泡散热器,灯头类、LED灯泡散热器、印制电路板、新能源发电、配售电,,电子,光学光电子,LED,Codex复核：披露业务“LED灯泡散热器”明确属于PCB,PREEXISTING,False
A_主营直接支持,主营/新战略业务直接命中高端装备证据,cn,603686,福龙马,4,国家重点扶持产业,第二梯队：新兴支柱产业,高端装备,主营/战略文本,公司主营业务为环境产业生态运营,环境产业生态运营、智能装备,,环保,环境治理,综合环境治理,2026-08-30复核：生产主营业务“环境产业生态运营、智能装备”命中“智能装备”；归入高端装备,20260830_NEW,False
B_行业与主营一致,材料类主营与非金属材料Ⅲ行业一致,cn,603688,石英股份,3,用户常用,第二梯队：新兴支柱产业,新材料,主营+行业映射,公司主营业务为石英管（棒）,石英管（棒）、石英砂、石英坩埚,,基础化工,非金属材料,非金属材料Ⅲ,2026-08-30复核：生产主营“石英管（棒）、石英砂、石英坩埚”，行业分类“基础化工/非金属材料/非金属材料Ⅲ”；归入新材料,20260830_NEW,False
B_行业与主营一致,申万三级行业为半导体设备，未发现直接冲突,cn,603690,至纯科技,3,用户常用,第三梯队：卡脖子底座,集成电路设备,主营+行业映射,公司主营业务为系统集成及材料,系统集成及材料、大宗气站业务、设备业务,,电子,半导体,半导体设备,2026-08-30复核：生产主营“系统集成及材料、大宗气站业务、设备业务”，行业分类“电子/半导体/半导体设备”；归入集成电路设备,20260830_NEW,False
A_主营直接支持,主营/新战略业务直接命中光伏证据,cn,603693,江苏新能,4,国家重点扶持产业,第二梯队：新兴支柱产业,光伏,主营/战略文本,公司主营业务为风力发电,风力发电、光伏发电、生物质发电、供汽供水、储能,,公用事业,电力,风力发电,2026-08-30复核：生产主营业务“风力发电、光伏发电、生物质发电、供汽供水、储能”命中“光伏”；归入光伏,20260830_NEW,False
A_主营直接支持,主营/新战略业务直接命中高端装备证据,cn,603698,航天工程,4,国家重点扶持产业,第二梯队：新兴支柱产业,高端装备,主营/战略文本,公司主营业务为煤炭清洁高效利用业务,煤炭清洁高效利用业务、高端装备制造业务、工业气体运营业务,,机械设备,专用设备,能源及重型设备,2026-08-30复核：生产主营业务“煤炭清洁高效利用业务、高端装备制造业务、工业气体运营业务”命中“高端装备制造”；归入高端装备,20260830_NEW,False
A_主营直接支持,主营/新战略业务直接命中商业航天证据,cn,603703,盛洋科技,4,国家重点扶持产业,第二梯队：新兴支柱产业,商业航天,旧批次规则复核,公司主营业务为显示器件,射频电缆类产品、高频头及相关配件、显示器件、5G通讯基站服务、海上宽带卫星通信终端,,电子,光学光电子,LED,Codex复核：披露业务“显示器件”明确属于商业航天,PREEXISTING,False
A_主营直接支持,主营/新战略业务直接命中生物医药证据,cn,603707,健友股份,4,国家重点扶持产业,第二梯队：新兴支柱产业,生物医药,主营/战略文本,公司主营业务为制剂,标准肝素原料药、制剂,,医药生物,化学制药,化学制剂,2026-08-30复核：生产主营业务“标准肝素原料药、制剂”命中“原料药”；归入生物医药,20260830_NEW,False
B_行业与主营一致,申万三级行业为军工电子Ⅲ，未发现直接冲突,cn,603712,七一二,4,国家重点扶持产业,第二梯队：新兴支柱产业,航空航天与军工电子,主营+行业映射,公司主营业务为专用无线通信终端产品,专用无线通信终端产品、系统集成产品,,国防军工,军工电子,军工电子Ⅲ,2026-08-30复核：生产主营“专用无线通信终端产品、系统集成产品”，行业分类“国防军工/军工电子/军工电子Ⅲ”；归入航空航天与军工电子,20260830_NEW,False
A_主营直接支持,主营/新战略业务直接命中光伏证据,cn,603717,天域生物,4,国家重点扶持产业,第二梯队：新兴支柱产业,光伏,主营/战略文本,公司主营业务为生猪,生猪、园林生态工程、光伏发电、红曲系列产品,,建筑装饰,基础建设,园林工程,2026-08-30复核：生产主营业务“生猪、园林生态工程、光伏发电、红曲系列产品”命中“光伏”；归入光伏,20260830_NEW,False
A_主营直接支持,主营/新战略业务直接命中数字创意证据,cn,603721,中广天择,4,国家重点扶持产业,第二梯队：新兴支柱产业,数字创意,主营+行业映射,公司主营业务为节目销售及制作服务,节目销售及制作服务、电视剧播映权运营、MCN运营、文旅运营、产教融合、演播厅运营、影视剧投资、数字版权保护及服务,,传媒,影视院线,影视动漫制作,2026-08-30复核：生产主营“节目销售及制作服务、电视剧播映权运营、MCN运营、文旅运营、产教融合、演播厅运营、影视剧投资、数字版权保护及服务”，行业分类“传媒/影视院线/影视动漫制作”；归入数字创意,20260830_NEW,False
A_主营直接支持,主营/新战略业务直接命中新材料证据,cn,603726,朗迪集团,4,国家重点扶持产业,第二梯队：新兴支柱产业,新材料,主营/战略文本,公司主营业务为家用空调风叶,家用空调风叶、机械风机、复合材料,,家用电器,家电零部件,家电零部件Ⅲ,2026-08-30复核：生产主营业务“家用空调风叶、机械风机、复合材料”命中“复合材料”；归入新材料,20260830_NEW,False
B_行业与主营一致,申万三级为被动元件，与关键元器件方向一致,cn,603738,泰晶科技,4,国家重点扶持产业,第二梯队：新兴支柱产业,关键电子元器件,主营+行业映射,公司主营业务为晶体元器件,晶体元器件,,电子,元件,被动元件,2026-08-30复核：生产主营“晶体元器件”，行业分类“电子/元件/被动元件”；归入关键电子元器件,20260830_NEW,False
A_主营直接支持,主营/新战略业务直接命中节能环保证据,cn,603759,海天股份,4,国家重点扶持产业,第二梯队：新兴支柱产业,节能环保,主营+行业映射,公司主营业务为污水处理业务,污水处理业务、工程业务、供水业务、垃圾焚烧发电业务,,环保,环境治理,水务及水治理,2026-08-30复核：生产主营“污水处理业务、工程业务、供水业务、垃圾焚烧发电业务”，行业分类“环保/环境治理/水务及水治理”；归入节能环保,20260830_NEW,False
A_主营直接支持,主营/新战略业务直接命中新型显示证据,cn,603773,沃格光电,4,国家重点扶持产业,第二梯队：新兴支柱产业,新型显示,主营+行业映射,公司主营业务为光电显示器件,光电玻璃精加工、光电显示器件,,电子,光学光电子,面板,2026-08-30复核：生产主营“光电玻璃精加工、光电显示器件”，行业分类“电子/光学光电子/面板”；归入新型显示,20260830_NEW,False
A_主营直接支持,主营/新战略业务直接命中氢能证据,cn,603776,永安行,4,国家重点扶持产业,第四梯队：未来产业,氢能,旧批次规则复核,公司主营业务为系统运营服务业务收入,系统销售业务收入、系统运营服务业务收入、共享出行业务收入、智慧生活业务收入、氢能销售及服务收入,,汽车,摩托车及其他,摩托车,Codex复核：披露业务“系统运营服务业务收入”明确属于氢能,PREEXISTING,False
A_主营直接支持,主营/新战略业务直接命中光伏证据,cn,603778,国晟科技,4,国家重点扶持产业,第二梯队：新兴支柱产业,光伏,主营/战略文本,公司主营业务为光伏行业,光伏行业、生态园林,,建筑装饰,基础建设,园林工程,2026-08-30复核：生产主营业务“光伏行业、生态园林”命中“光伏”；归入光伏,20260830_NEW,False
A_主营直接支持,主营/新战略业务直接命中节能环保证据,cn,603797,联泰环保,4,国家重点扶持产业,第二梯队：新兴支柱产业,节能环保,主营+行业映射,公司主营业务为污水处理服务费,污水处理服务费、污泥处理服务费、融资成分利息收入,,环保,环境治理,水务及水治理,2026-08-30复核：生产主营“污水处理服务费、污泥处理服务费、融资成分利息收入”，行业分类“环保/环境治理/水务及水治理”；归入节能环保,20260830_NEW,False
B_行业与主营一致,申万三级行业为通信终端及配件，未发现直接冲突,cn,603803,瑞斯康达,4,国家重点扶持产业,第二梯队：新兴支柱产业,新一代通信,主营+行业映射,公司主营业务为宽网网络类设备,传输类设备、宽网网络类设备、软件产品,,通信,通信设备,通信终端及配件,2026-08-30复核：生产主营“传输类设备、宽网网络类设备、软件产品”，行业分类“通信/通信设备/通信终端及配件”；归入新一代通信,20260830_NEW,False
A_主营直接支持,主营/新战略业务直接命中光伏证据,cn,603806,福斯特,4,国家重点扶持产业,第二梯队：新兴支柱产业,光伏,主营/战略文本,公司主营业务为光伏胶膜,光伏胶膜、光伏背板、感光干膜、铝塑膜、太阳能发电系统,,电力设备,光伏设备,光伏辅材,2026-08-30复核：生产主营业务“光伏胶膜、光伏背板、感光干膜、铝塑膜、太阳能发电系统”命中“光伏”；归入光伏,20260830_NEW,False
A_主营直接支持,主营/新战略业务直接命中航空航天证据,cn,603809,豪能股份,4,国家重点扶持产业,第二梯队：新兴支柱产业,航空航天,主营/战略文本,公司主营业务为同步器,同步器、差速器、航空零部件,,汽车,汽车零部件,底盘与发动机系统,2026-08-30复核：生产主营业务“同步器、差速器、航空零部件”命中“航空零部件”；归入航空航天,20260830_NEW,False
A_主营直接支持,主营/新战略业务直接命中生物医药证据,cn,603811,诚意药业,4,国家重点扶持产业,第二梯队：新兴支柱产业,生物医药,主营/战略文本,公司主营业务为制剂,制剂、原料药、食品、中药,,医药生物,化学制药,化学制剂,2026-08-30复核：生产主营业务“制剂、原料药、食品、中药”命中“原料药”；归入生物医药,20260830_NEW,False
A_主营直接支持,主营/新战略业务直接命中节能环保证据,cn,603817,海峡环保,4,国家重点扶持产业,第二梯队：新兴支柱产业,节能环保,主营+行业映射,公司主营业务为水处理业务,水处理业务、固废业务、综合技术服务,,环保,环境治理,水务及水治理,2026-08-30复核：生产主营“水处理业务、固废业务、综合技术服务”，行业分类“环保/环境治理/水务及水治理”；归入节能环保,20260830_NEW,False
B_行业与主营一致,材料类主营与非金属材料Ⅲ行业一致,cn,603826,坤彩科技,4,国家重点扶持产业,第二梯队：新兴支柱产业,新材料,主营+行业映射,公司主营业务为珠光材料,珠光材料、二氧化钛,,基础化工,非金属材料,非金属材料Ⅲ,2026-08-30复核：生产主营“珠光材料、二氧化钛”，行业分类“基础化工/非金属材料/非金属材料Ⅲ”；归入新材料,20260830_NEW,False
A_主营直接支持,主营/新战略业务直接命中现代中药证据,cn,603858,步长制药,4,国家重点扶持产业,第二梯队：新兴支柱产业,现代中药,主营+行业映射,公司主营业务为中成药,中成药、化学药、医疗器械,,医药生物,中药,中药Ⅲ,2026-08-30复核：生产主营“中成药、化学药、医疗器械”，行业分类“医药生物/中药/中药Ⅲ”；归入现代中药,20260830_NEW,False
B_行业与主营一致,申万三级行业为IT服务Ⅲ，未发现直接冲突,cn,603859,能科科技,4,国家重点扶持产业,第一梯队：AI+超级主线,行业模型,旧批次规则复核,公司主营业务为软件系统与服务,软件系统与服务、云产品与服务、AI算力底座及AI行业应用、工业工程及工业电气产品与服务,,计算机,IT服务,IT服务Ⅲ,Codex复核：披露业务“软件系统与服务”明确属于行业模型,PREEXISTING,False
C_需人工复核,未在主营/新战略业务中找到高端医疗器械直接证据；当前主要依赖医疗耗材,cn,603880,南卫股份,4,国家重点扶持产业,第二梯队：新兴支柱产业,高端医疗器械,主营+行业映射,公司主营业务为创可贴,创可贴、贴膏剂、敷贴、胶布胶带及绷带、急救包、防护用品,,医药生物,医疗器械,医疗耗材,2026-08-30复核：生产主营“创可贴、贴膏剂、敷贴、胶布胶带及绷带、急救包、防护用品”，行业分类“医药生物/医疗器械/医疗耗材”；归入高端医疗器械,20260830_NEW,False
A_主营直接支持,主营/新战略业务直接命中数据中心证据,cn,603881,数据港,3,用户常用,第一梯队：AI+超级主线,数据中心,旧批次规则复核,公司主营业务为IDC服务业,IDC服务业、IDC解决方案、云销售,,通信,通信服务,通信应用增值服务,Codex复核：披露业务“IDC服务业”明确属于数据中心,PREEXISTING,False
B_行业与主营一致,申万三级行业为诊断服务，未发现直接冲突,cn,603882,金域医学,4,国家重点扶持产业,第二梯队：新兴支柱产业,生物医药,主营+行业映射,公司主营业务为医学诊断服务,医学诊断服务,,医药生物,医疗服务,诊断服务,2026-08-30复核：生产主营“医学诊断服务”，行业分类“医药生物/医疗服务/诊断服务”；归入生物医药,20260830_NEW,False
B_行业与主营一致,申万三级行业为IT服务Ⅲ，与软件/信息服务标签一致,cn,603887,城地香江,4,国家重点扶持产业,第二梯队：新兴支柱产业,软件与信息技术服务,主营+行业映射,公司主营业务为IDC业务,IDC业务,,计算机,IT服务,IT服务Ⅲ,2026-08-30复核：生产主营“IDC业务”，行业分类“计算机/IT服务/IT服务Ⅲ”；归入软件与信息技术服务,20260830_NEW,False
C_需人工复核,未在主营/新战略业务中找到关键电子元器件直接证据；当前主要依赖消费电子零部件及组装,cn,603890,春秋电子,4,国家重点扶持产业,第二梯队：新兴支柱产业,关键电子元器件,主营+行业映射,公司主营业务为PC及智能终端结构件,PC及智能终端结构件、模具、通讯电子,,电子,消费电子,消费电子零部件及组装,2026-08-30复核：生产主营“PC及智能终端结构件、模具、通讯电子”，行业分类“电子/消费电子/消费电子零部件及组装”；归入关键电子元器件,20260830_NEW,False
A_主营直接支持,主营/新战略业务直接命中集成电路证据,cn,603893,瑞芯微,3,用户常用,第二梯队：新兴支柱产业,集成电路,主营+行业映射,公司主营业务为智能应用处理器芯片,智能应用处理器芯片、数模混合芯片,,电子,半导体,数字芯片设计,2026-08-30复核：生产主营“智能应用处理器芯片、数模混合芯片”，行业分类“电子/半导体/数字芯片设计”；归入集成电路,20260830_NEW,False
A_主营直接支持,主营/新战略业务直接命中高端装备证据,cn,603895,天永智能,4,国家重点扶持产业,第二梯队：新兴支柱产业,高端装备,主营/战略文本,公司主营业务为锂电智能装备及信息系统集成,发动机智能装备及信息系统集成、焊装智能装备及信息系统集成、锂电智能装备及信息系统集成、新能源汽车智能装备及信息系统集成,,机械设备,专用设备,其他专用设备,2026-08-30复核：生产主营业务“发动机智能装备及信息系统集成、焊装智能装备及信息系统集成、锂电智能装备及信息系统集成、新能源汽车智能装备及信息系统集成”命中“智能装备”；归入高端装备,20260830_NEW,False
B_行业与主营一致,申万三级行业为中药Ⅲ，未发现直接冲突,cn,603896,寿仙谷,4,国家重点扶持产业,第二梯队：新兴支柱产业,现代中药,主营+行业映射,公司主营业务为灵芝孢子粉类产品,灵芝孢子粉类产品、铁皮石斛类产品,,医药生物,中药,中药Ⅲ,2026-08-30复核：生产主营“灵芝孢子粉类产品、铁皮石斛类产品”，行业分类“医药生物/中药/中药Ⅲ”；归入现代中药,20260830_NEW,False
B_行业与主营一致,申万三级行业为水务及水治理，未发现直接冲突,cn,603903,中持股份,4,国家重点扶持产业,第二梯队：新兴支柱产业,节能环保,主营+行业映射,公司主营业务为运营服务,运营服务、环境基础设施建造服务、技术产品销售与技术服务,,环保,环境治理,水务及水治理,2026-08-30复核：生产主营“运营服务、环境基础设施建造服务、技术产品销售与技术服务”，行业分类“环保/环境治理/水务及水治理”；归入节能环保,20260830_NEW,False
B_行业与主营一致,申万三级行业为电池化学品，未发现直接冲突,cn,603906,龙蟠科技,4,国家重点扶持产业,第二梯队：新兴支柱产业,动力电池与新型储能,主营+行业映射,公司主营业务为磷酸铁锂正极材料,磷酸铁锂正极材料、车用环保精细化学品产品,,电力设备,电池,电池化学品,2026-08-30复核：生产主营“磷酸铁锂正极材料、车用环保精细化学品产品”，行业分类“电力设备/电池/电池化学品”；归入动力电池与新型储能,20260830_NEW,False
B_行业与主营一致,申万三级行业为IT服务Ⅲ，与软件/信息服务标签一致,cn,603918,金桥信息,4,国家重点扶持产业,第二梯队：新兴支柱产业,软件与信息技术服务,主营+行业映射,公司主营业务为智慧场景解决方案,智慧场景解决方案、智慧建筑解决方案、大数据及云平台服务,,计算机,IT服务,IT服务Ⅲ,2026-08-30复核：生产主营“智慧场景解决方案、智慧建筑解决方案、大数据及云平台服务”，行业分类“计算机/IT服务/IT服务Ⅲ”；归入软件与信息技术服务,20260830_NEW,False
B_行业与主营一致,申万三级明确为印制电路板,cn,603920,世运电路,3,用户常用,第一梯队：AI+超级主线,PCB,主营+行业映射,公司主营业务为硬板,硬板、软硬结合板,,电子,元件,印制电路板,2026-08-30复核：生产主营“硬板、软硬结合板”，行业分类“电子/元件/印制电路板”；归入PCB,20260830_NEW,False
A_主营直接支持,主营/新战略业务直接命中软件与信息技术服务证据,cn,603927,中科软,4,国家重点扶持产业,第二梯队：新兴支柱产业,软件与信息技术服务,主营+行业映射,公司主营业务为软件开发及服务收入,软件产品收入、软件开发及服务收入、系统集成及其服务收入,,计算机,软件开发,垂直应用软件,2026-08-30复核：生产主营“软件产品收入、软件开发及服务收入、系统集成及其服务收入”，行业分类“计算机/软件开发/垂直应用软件”；归入软件与信息技术服务,20260830_NEW,False
B_行业与主营一致,主营为集成电路制造常用电子材料/化学品,cn,603931,格林达,4,国家重点扶持产业,第三梯队：卡脖子底座,集成电路材料,主营+行业映射,公司主营业务为湿电子化学品,湿电子化学品、副产品,,电子,电子化学品,电子化学品Ⅲ,2026-08-30复核：生产主营“湿电子化学品、副产品”，行业分类“电子/电子化学品/电子化学品Ⅲ”；归入集成电路材料,20260830_NEW,False
A_主营直接支持,主营/新战略业务直接命中PCB证据,cn,603936,博敏电子,4,国家重点扶持产业,第一梯队：AI+超级主线,PCB,旧批次规则复核,公司主营业务为印制电路板,印制电路板、定制化电子电器组件（模组）,,电子,元件,印制电路板,Codex复核：披露业务“印制电路板”明确属于PCB,PREEXISTING,False
A_主营直接支持,主营/新战略业务直接命中高端装备证据,cn,603960,克来机电,4,国家重点扶持产业,第二梯队：新兴支柱产业,高端装备,主营/战略文本,公司主营业务为汽车零部件,智能装备产品、汽车零部件,,机械设备,自动化设备,其他自动化设备,2026-08-30复核：生产主营业务“智能装备产品、汽车零部件”命中“智能装备”；归入高端装备,20260830_NEW,False
C_需人工复核,未在主营/新战略业务中找到高端医疗器械直接证据；当前主要依赖医疗耗材,cn,603976,正川股份,4,国家重点扶持产业,第二梯队：新兴支柱产业,高端医疗器械,主营+行业映射,公司主营业务为硼硅玻璃管制瓶,硼硅玻璃管制瓶、钠钙玻璃管制瓶、瓶盖,,医药生物,医疗器械,医疗耗材,2026-08-30复核：生产主营“硼硅玻璃管制瓶、钠钙玻璃管制瓶、瓶盖”，行业分类“医药生物/医疗器械/医疗耗材”；归入高端医疗器械,20260830_NEW,False
B_行业与主营一致,材料类主营与其他金属新材料行业一致,cn,603978,深圳新星,4,国家重点扶持产业,第二梯队：新兴支柱产业,新材料,主营+行业映射,公司主营业务为铝晶粒细化剂,铝晶粒细化剂、六氟磷酸锂、铝箔坯料铸轧卷,,有色金属,金属新材料,其他金属新材料,2026-08-30复核：生产主营“铝晶粒细化剂、六氟磷酸锂、铝箔坯料铸轧卷”，行业分类“有色金属/金属新材料/其他金属新材料”；归入新材料,20260830_NEW,False
A_主营直接支持,主营/新战略业务直接命中风电证据,cn,603985,恒润股份,4,国家重点扶持产业,第二梯队：新兴支柱产业,风电,主营+行业映射,公司主营业务为辗制环形锻件,辗制环形锻件、锻制法兰、自由锻件、风电轴承、算力产品及服务、复合铜箔及备件,,电力设备,风电设备,风电零部件,2026-08-30复核：生产主营“辗制环形锻件、锻制法兰、自由锻件、风电轴承、算力产品及服务、复合铜箔及备件”，行业分类“电力设备/风电设备/风电零部件”；归入风电,20260830_NEW,False
B_行业与主营一致,申万三级行业为数字芯片设计，未发现直接冲突,cn,603986,兆易创新,1,黄埔线下标的,第三梯队：卡脖子底座,高端芯片,旧批次规则复核,公司主营业务为存储芯片,存储芯片、微控制器、传感器,,电子,半导体,数字芯片设计,Codex复核：披露业务“存储芯片”明确属于高端芯片,PREEXISTING,True
C_需人工复核,未在主营/新战略业务中找到高端医疗器械直接证据；当前主要依赖医疗耗材,cn,603987,康德莱,4,国家重点扶持产业,第二梯队：新兴支柱产业,高端医疗器械,主营+行业映射,公司主营业务为穿刺护理类,标本采集类、穿刺护理类、穿刺介入类、医美类,,医药生物,医疗器械,医疗耗材,2026-08-30复核：生产主营“标本采集类、穿刺护理类、穿刺介入类、医美类”，行业分类“医药生物/医疗器械/医疗耗材”；归入高端医疗器械,20260830_NEW,False
B_行业与主营一致,申万三级为被动元件，与关键元器件方向一致,cn,603989,艾华集团,4,国家重点扶持产业,第二梯队：新兴支柱产业,关键电子元器件,主营+行业映射,公司主营业务为电容器分部,照明类、工控类/新能源、消费电源/电子类、化成箔,,电子,元件,被动元件,2026-08-30复核：生产主营“照明类、工控类/新能源、消费电源/电子类、化成箔”，行业分类“电子/元件/被动元件”；归入关键电子元器件,20260830_NEW,False
A_主营直接支持,主营/新战略业务直接命中光伏证据,cn,603990,麦迪科技,4,国家重点扶持产业,第二梯队：新兴支柱产业,光伏,主营/战略文本,公司主营业务为TOPCon高效单晶电池片,自制软件、整体解决方案、外购软、硬件、运维及技术服务、医疗服务收入、光伏电池片,,计算机,软件开发,垂直应用软件,2026-08-30复核：生产主营业务“自制软件、整体解决方案、外购软、硬件、运维及技术服务、医疗服务收入、光伏电池片”命中“光伏”；归入光伏,20260830_NEW,False
A_主营直接支持,主营/新战略业务直接命中集成电路设备证据,cn,603991,领先股份,4,国家重点扶持产业,第三梯队：卡脖子底座,集成电路设备,旧批次规则复核,公司主营业务为电网系统电力电缆用特种绝缘高分子材料,光通信线缆、光缆用特种环保聚烯烃高分子材料、电气装备线用环保型聚烯烃高分子材料、电网系统电力电缆用特种绝缘高分子材料、半导体专用设备、半导体设备配件及服务,,基础化工,塑料,其他塑料制品,Codex复核：披露业务“电网系统电力电缆用特种绝缘高分子材料”明确属于集成电路设备,PREEXISTING,False
B_行业与主营一致,材料类主营与特钢Ⅲ行业一致,cn,603995,甬金股份,4,国家重点扶持产业,第二梯队：新兴支柱产业,新材料,主营+行业映射,公司主营业务为300系冷轧不锈钢,300系冷轧不锈钢、400系冷轧不锈钢,,钢铁,特钢,特钢Ⅲ,2026-08-30复核：生产主营“300系冷轧不锈钢、400系冷轧不锈钢”，行业分类“钢铁/特钢/特钢Ⅲ”；归入新材料,20260830_NEW,False
A_主营直接支持,主营/新战略业务直接命中生物医药证据,cn,603998,方盛制药,4,国家重点扶持产业,第二梯队：新兴支柱产业,生物医药,主营/战略文本,公司主营业务为医药制造业务,分部间抵销、医药制造业务,,医药生物,中药,中药Ⅲ,2026-08-30复核：生产主营业务“分部间抵销、医药制造业务”命中“医药制造”；归入生物医药,20260830_NEW,False
B_行业与主营一致,主营为轨交装备或核心控制/供电系统,cn,605001,威奥股份,4,国家重点扶持产业,第二梯队：新兴支柱产业,高端装备,主营+行业映射,公司主营业务为动车组车辆配套产品,动车组车辆配套产品、城轨地铁车辆配套产品、检修业务、动车组及城轨地铁设计、检测服务、列车运行控制产品销售、富氧健康舱业务,,机械设备,轨交设备,轨交设备Ⅲ,2026-08-30复核：生产主营“动车组车辆配套产品、城轨地铁车辆配套产品、检修业务、动车组及城轨地铁设计、检测服务、列车运行控制产品销售、富氧健康舱业务”，行业分类“机械设备/轨交设备/轨交设备Ⅲ”；归入高端装备,20260830_NEW,False
A_主营直接支持,主营/新战略业务直接命中新材料证据,cn,605006,山东玻纤,4,国家重点扶持产业,第二梯队：新兴支柱产业,新材料,主营+行业映射,公司主营业务为玻纤产品,玻纤产品、电力及热力产品,,建筑材料,玻璃玻纤,玻纤制造,2026-08-30复核：生产主营“玻纤产品、电力及热力产品”，行业分类“建筑材料/玻璃玻纤/玻纤制造”；归入新材料,20260830_NEW,False
B_行业与主营一致,申万三级明确为印制电路板,cn,605058,澳弘电子,4,国家重点扶持产业,第一梯队：AI+超级主线,PCB,主营+行业映射,公司主营业务为双面多层板,单面板、双面多层板,,电子,元件,印制电路板,2026-08-30复核：生产主营“单面板、双面多层板”，行业分类“电子/元件/印制电路板”；归入PCB,20260830_NEW,False
A_主营直接支持,主营/新战略业务直接命中节能环保证据,cn,605069,正和生态,4,国家重点扶持产业,第二梯队：新兴支柱产业,节能环保,主营+行业映射,公司主营业务为工程施工,产业运营、水环境治理、生态保护、生态修复、生态景观建设、规划设计服务,,环保,环境治理,综合环境治理,2026-08-30复核：生产主营“产业运营、水环境治理、生态保护、生态修复、生态景观建设、规划设计服务”，行业分类“环保/环境治理/综合环境治理”；归入节能环保,20260830_NEW,False
B_行业与主营一致,材料类主营与非金属材料Ⅲ行业一致,cn,605086,龙高股份,4,国家重点扶持产业,第二梯队：新兴支柱产业,新材料,主营+行业映射,公司主营业务为原矿,原矿、综合利用、精矿,,基础化工,非金属材料,非金属材料Ⅲ,2026-08-30复核：生产主营“原矿、综合利用、精矿”，行业分类“基础化工/非金属材料/非金属材料Ⅲ”；归入新材料,20260830_NEW,False
A_主营直接支持,主营/新战略业务直接命中集成电路证据,cn,605111,新洁能,2,S100,第二梯队：新兴支柱产业,集成电路,主营/战略文本,公司主营业务为功率器件,芯片、功率器件,,电子,半导体,分立器件,2026-08-30复核：生产主营业务“芯片、功率器件”命中“芯片、功率器件”；归入集成电路,20260830_NEW,False
A_主营直接支持,主营/新战略业务直接命中生物医药证据,cn,605116,奥锐特,4,国家重点扶持产业,第二梯队：新兴支柱产业,生物医药,主营+行业映射,公司主营业务为自产产品小计,自产产品小计、自产-心血管类、自产-抗肿瘤类、自产-女性健康类、自产-呼吸系统类、自产-神经系统类、自产-抗感染类、贸易产品、制剂,,医药生物,化学制药,原料药,2026-08-30复核：生产主营“自产产品小计、自产-心血管类、自产-抗肿瘤类、自产-女性健康类、自产-呼吸系统类、自产-神经系统类、自产-抗感染类、贸易产品、制剂”，行业分类“医药生物/化学制药/原料药”；归入生物医药,20260830_NEW,False
A_主营直接支持,主营/新战略业务直接命中动力电池与新型储能证据,cn,605117,德业股份,2,S100,第二梯队：新兴支柱产业,动力电池与新型储能,主营/战略文本,公司主营业务为销售商品,逆变器、储能电池包、热交换器、除湿机,,电力设备,光伏设备,逆变器,2026-08-30复核：生产主营业务“逆变器、储能电池包、热交换器、除湿机”命中“储能电池”；归入动力电池与新型储能,20260830_NEW,False
B_行业与主营一致,申万三级行业为安防设备，主营未发现冲突,cn,605118,力鼎光电,4,国家重点扶持产业,第二梯队：新兴支柱产业,先进计算与信息设备,主营+行业映射,公司主营业务为定焦镜头,定焦镜头、变焦镜头,,计算机,计算机设备,安防设备,2026-08-30复核：生产主营“定焦镜头、变焦镜头”，行业分类“计算机/计算机设备/安防设备”；归入先进计算与信息设备,20260830_NEW,False
A_主营直接支持,主营/新战略业务直接命中航空航天证据,cn,605123,派克新材,3,用户常用,第二梯队：新兴支柱产业,航空航天,主营/战略文本,公司主营业务为电力锻件收入,电力锻件收入、石化锻件收入、航空航天锻件收入,,国防军工,航空装备,航空装备Ⅲ,2026-08-30复核：生产主营业务“电力锻件收入、石化锻件收入、航空航天锻件收入”命中“航空航天”；归入航空航天,20260830_NEW,False
B_行业与主营一致,材料类主营与其他金属新材料行业一致,cn,605158,华达新材,4,国家重点扶持产业,第二梯队：新兴支柱产业,新材料,主营+行业映射,公司主营业务为热镀锌板,热镀锌板、彩色涂层板,,有色金属,金属新材料,其他金属新材料,2026-08-30复核：生产主营“热镀锌板、彩色涂层板”，行业分类“有色金属/金属新材料/其他金属新材料”；归入新材料,20260830_NEW,False
B_行业与主营一致,申万三级行业为原料药，未发现直接冲突,cn,605177,东亚药业,4,国家重点扶持产业,第二梯队：新兴支柱产业,生物医药,主营+行业映射,公司主营业务为β-内酰胺类抗菌药,β-内酰胺类抗菌药、抗胆碱和合成解痉药、喹诺酮类抗菌药、皮肤用抗真菌药,,医药生物,化学制药,原料药,2026-08-30复核：生产主营“β-内酰胺类抗菌药、抗胆碱和合成解痉药、喹诺酮类抗菌药、皮肤用抗真菌药”，行业分类“医药生物/化学制药/原料药”；归入生物医药,20260830_NEW,False
A_主营直接支持,主营/新战略业务直接命中新型显示证据,cn,605218,伟时电子,4,国家重点扶持产业,第二梯队：新兴支柱产业,新型显示,主营/战略文本,公司主营业务为背光显示模组,背光显示模组、液晶显示模组、智能显示组件、橡胶件、五金件,,电子,光学光电子,面板,2026-08-30复核：生产主营业务“背光显示模组、液晶显示模组、智能显示组件、橡胶件、五金件”命中“液晶显示模组”；归入新型显示,20260830_NEW,False
A_主营直接支持,主营/新战略业务直接命中PCB证据,cn,605258,协和电子,4,国家重点扶持产业,第一梯队：AI+超级主线,PCB,旧批次规则复核,公司主营业务为印制电路板,印制电路板,,电子,元件,印制电路板,Codex复核：披露业务“印制电路板”明确属于PCB,PREEXISTING,False
C_需人工复核,未在主营/新战略业务中找到关键电子元器件直接证据；当前主要依赖消费电子零部件及组装,cn,605277,新亚电子,4,国家重点扶持产业,第二梯队：新兴支柱产业,关键电子元器件,主营+行业映射,公司主营业务为消费电子及工业控制线材,消费电子及工业控制线材、通信线缆及数据线材、新能源系列线缆及组件、汽车线缆,,电子,消费电子,消费电子零部件及组装,2026-08-30复核：生产主营“消费电子及工业控制线材、通信线缆及数据线材、新能源系列线缆及组件、汽车线缆”，行业分类“电子/消费电子/消费电子零部件及组装”；归入关键电子元器件,20260830_NEW,False
B_行业与主营一致,申万三级行业为工控设备，未发现直接冲突,cn,605288,凯迪股份,4,国家重点扶持产业,第二梯队：新兴支柱产业,智能制造装备,主营+行业映射,公司主营业务为线性驱动产品,线性驱动行业,,机械设备,自动化设备,工控设备,2026-08-30复核：生产主营“线性驱动行业”，行业分类“机械设备/自动化设备/工控设备”；归入智能制造装备,20260830_NEW,False
B_行业与主营一致,主营为轨交装备或核心控制/供电系统,cn,605298,必得科技,4,国家重点扶持产业,第二梯队：新兴支柱产业,高端装备,主营+行业映射,公司主营业务为其他车辆配套产品,城轨地铁车辆配套产品、动车组配套产品,,机械设备,轨交设备,轨交设备Ⅲ,2026-08-30复核：生产主营“城轨地铁车辆配套产品、动车组配套产品”，行业分类“机械设备/轨交设备/轨交设备Ⅲ”；归入高端装备,20260830_NEW,False
A_主营直接支持,主营/新战略业务直接命中集成电路材料证据,cn,605358,立昂微,4,国家重点扶持产业,第三梯队：卡脖子底座,集成电路材料,旧批次规则复核,公司主营业务为半导体硅片,化合物半导体射频芯片、半导体功率器件芯片、半导体硅片,,电子,半导体,半导体材料,Codex复核：披露业务“半导体硅片”明确属于集成电路材料,PREEXISTING,False
C_需人工复核,未在主营/新战略业务中找到高端医疗器械直接证据；当前主要依赖医疗耗材,cn,605369,拱东医疗,4,国家重点扶持产业,第二梯队：新兴支柱产业,高端医疗器械,主营+行业映射,公司主营业务为医疗检测类,医疗检测类、血液收集类、采集类、医用护理类、药品包装类,,医药生物,医疗器械,医疗耗材,2026-08-30复核：生产主营“医疗检测类、血液收集类、采集类、医用护理类、药品包装类”，行业分类“医药生物/医疗器械/医疗耗材”；归入高端医疗器械,20260830_NEW,False
A_主营直接支持,主营/新战略业务直接命中先进电子材料证据,cn,605376,博迁新材,2,S100,第二梯队：新兴支柱产业,先进电子材料,人工复核,公司主营业务为镍基产品,镍基产品、铜基产品、银粉、合金,,有色金属,能源金属,镍,2026-08-30人工复核：主营镍基、铜基和银粉等电子材料；归入先进电子材料,20260830_NEW,False
B_行业与主营一致,申万三级行业为蓄电池及其他电池，未发现直接冲突,cn,605378,野马电池,4,国家重点扶持产业,第二梯队：新兴支柱产业,动力电池与新型储能,主营+行业映射,公司主营业务为碱性电池,碱性电池、碳性电池,,电力设备,电池,蓄电池及其他电池,2026-08-30复核：生产主营“碱性电池、碳性电池”，行业分类“电力设备/电池/蓄电池及其他电池”；归入动力电池与新型储能,20260830_NEW,False
A_主营直接支持,主营/新战略业务直接命中软件与信息技术服务证据,cn,605398,新炬网络,4,国家重点扶持产业,第二梯队：新兴支柱产业,软件与信息技术服务,主营+行业映射,公司主营业务为传统第三方运维服务与工程,传统第三方运维服务与工程、原厂软硬件及服务销售、智慧运维产品及实施运营服务、传统软件产品及开发,,计算机,IT服务,IT服务Ⅲ,2026-08-30复核：生产主营“传统第三方运维服务与工程、原厂软硬件及服务销售、智慧运维产品及实施运营服务、传统软件产品及开发”，行业分类“计算机/IT服务/IT服务Ⅲ”；归入软件与信息技术服务,20260830_NEW,False
A_主营直接支持,主营/新战略业务直接命中新材料证据,cn,605488,福莱新材,4,国家重点扶持产业,第二梯队：新兴支柱产业,新材料,主营+行业映射,公司主营业务为广告喷墨打印材料,广告喷墨打印材料、标签标识印刷材料、电子级功能材料、功能基膜材料,,基础化工,塑料,膜材料,2026-08-30复核：生产主营“广告喷墨打印材料、标签标识印刷材料、电子级功能材料、功能基膜材料”，行业分类“基础化工/塑料/膜材料”；归入新材料,20260830_NEW,False
A_主营直接支持,主营/新战略业务直接命中生物医药证据,cn,605507,国邦医药,4,国家重点扶持产业,第二梯队：新兴支柱产业,生物医药,主营/战略文本,公司主营业务为医药原料药,医药原料药、关键医药中间体、医药制剂、动保原料药、动保添加剂及制剂,,医药生物,化学制药,原料药,2026-08-30复核：生产主营业务“医药原料药、关键医药中间体、医药制剂、动保原料药、动保添加剂及制剂”命中“原料药”；归入生物医药,20260830_NEW,False
A_主营直接支持,主营/新战略业务直接命中光伏证据,cn,605566,福莱蒽特,4,国家重点扶持产业,第二梯队：新兴支柱产业,光伏,主营/战略文本,公司主营业务为高水洗、高日晒牢度染料,高水洗、高日晒牢度染料、环保型染料、常规型染料、滤饼、太阳能光伏胶膜,,基础化工,化学制品,纺织化学制品,2026-08-30复核：生产主营业务“高水洗、高日晒牢度染料、环保型染料、常规型染料、滤饼、太阳能光伏胶膜”命中“光伏”；归入光伏,20260830_NEW,False
A_主营直接支持,主营/新战略业务直接命中集成电路证据,cn,605588,冠石科技,4,国家重点扶持产业,第二梯队：新兴支柱产业,集成电路,旧批次规则复核,公司主营业务为半导体显示器件,半导体显示器件、特种胶粘材料,,电子,光学光电子,光学元件,Codex复核：披露业务“半导体显示器件”明确属于集成电路,PREEXISTING,False
B_行业与主营一致,申万三级行业为军工电子Ⅲ，未发现直接冲突,cn,688002,睿创微纳,4,国家重点扶持产业,第二梯队：新兴支柱产业,航空航天与军工电子,主营+行业映射,公司主营业务为红外热成像业务,红外热成像业务、微波射频业务,,国防军工,军工电子,军工电子Ⅲ,2026-08-30复核：生产主营“红外热成像业务、微波射频业务”，行业分类“国防军工/军工电子/军工电子Ⅲ”；归入航空航天与军工电子,20260830_NEW,False
B_行业与主营一致,申万三级行业为IT服务Ⅲ，与软件/信息服务标签一致,cn,688004,博汇科技,4,国家重点扶持产业,第二梯队：新兴支柱产业,软件与信息技术服务,主营+行业映射,公司主营业务为传媒安全,传媒安全、智慧教育、智能显控,,计算机,IT服务,IT服务Ⅲ,2026-08-30复核：生产主营“传媒安全、智慧教育、智能显控”，行业分类“计算机/IT服务/IT服务Ⅲ”；归入软件与信息技术服务,20260830_NEW,False
B_行业与主营一致,申万三级行业为电池化学品，未发现直接冲突,cn,688005,容百科技,4,国家重点扶持产业,第二梯队：新兴支柱产业,动力电池与新型储能,主营+行业映射,公司主营业务为正极材料,正极材料、前驱体,,电力设备,电池,电池化学品,2026-08-30复核：生产主营“正极材料、前驱体”，行业分类“电力设备/电池/电池化学品”；归入动力电池与新型储能,20260830_NEW,False
B_行业与主营一致,申万三级行业为锂电专用设备，未发现直接冲突,cn,688006,杭可科技,4,国家重点扶持产业,第二梯队：新兴支柱产业,动力电池与新型储能,主营+行业映射,公司主营业务为充放电设备,充放电设备、配件,,电力设备,电池,锂电专用设备,2026-08-30复核：生产主营“充放电设备、配件”，行业分类“电力设备/电池/锂电专用设备”；归入动力电池与新型储能,20260830_NEW,False
B_行业与主营一致,申万三级行业为品牌消费电子，未发现直接冲突,cn,688007,光峰科技,4,国家重点扶持产业,第二梯队：新兴支柱产业,新一代智能终端,主营+行业映射,公司主营业务为核心器件业务,核心器件及整机业务,,电子,消费电子,品牌消费电子,2026-08-30复核：生产主营“核心器件及整机业务”，行业分类“电子/消费电子/品牌消费电子”；归入新一代智能终端,20260830_NEW,False
B_行业与主营一致,申万三级行业为数字芯片设计，未发现直接冲突,cn,688008,澜起科技,2,S100,第三梯队：卡脖子底座,高端芯片,旧批次人工复核,公司主营业务为互连类芯片,互连类芯片、津逮®服务器平台,,电子,半导体,数字芯片设计,Codex复核：结合主营业务将候选结果调整为高端芯片,PREEXISTING,False
B_行业与主营一致,主营为轨交装备或核心控制/供电系统,cn,688009,中国通号,4,国家重点扶持产业,第二梯队：新兴支柱产业,高端装备,主营+行业映射,公司主营业务为轨道交通控制系统,工程总承包、轨道交通控制系统、系统交付服务、设备制造、设计集成,,机械设备,轨交设备,轨交设备Ⅲ,2026-08-30复核：生产主营“工程总承包、轨道交通控制系统、系统交付服务、设备制造、设计集成”，行业分类“机械设备/轨交设备/轨交设备Ⅲ”；归入高端装备,20260830_NEW,False
B_行业与主营一致,申万三级为光学元件，与关键元器件方向一致,cn,688010,福光股份,4,国家重点扶持产业,第二梯队：新兴支柱产业,关键电子元器件,主营+行业映射,公司主营业务为非定制光学镜头,定制产品、非定制光学镜头,,电子,光学光电子,光学元件,2026-08-30复核：生产主营“定制产品、非定制光学镜头”，行业分类“电子/光学光电子/光学元件”；归入关键电子元器件,20260830_NEW,False
B_行业与主营一致,申万三级行业为军工电子Ⅲ，未发现直接冲突,cn,688011,新光光电,4,国家重点扶持产业,第二梯队：新兴支柱产业,航空航天与军工电子,主营+行业映射,公司主营业务为研发产品收入,批产产品收入、研发产品收入、民品产品收入,,国防军工,军工电子,军工电子Ⅲ,2026-08-30复核：生产主营“批产产品收入、研发产品收入、民品产品收入”，行业分类“国防军工/军工电子/军工电子Ⅲ”；归入航空航天与军工电子,20260830_NEW,False
B_人工复核支持,存在人工复核说明，但仍需保留原始公告或招股书链接,cn,688012,中微公司,1,黄埔线下标的,第三梯队：卡脖子底座,集成电路设备,人工复核,公司主营业务为专用设备,专用设备、备品备件,,电子,半导体,半导体设备,2026-08-30人工复核：主营半导体专用设备；归入集成电路设备,20260830_NEW,False
C_需人工复核,未在主营/新战略业务中找到高端医疗器械直接证据；当前主要依赖医疗耗材,cn,688013,天臣医疗,4,国家重点扶持产业,第二梯队：新兴支柱产业,高端医疗器械,主营+行业映射,公司主营业务为腔镜吻合器类,腔镜吻合器类、管型吻合器类、线型切割吻合器类、荷包吻合器类、线型缝合吻合器类,,医药生物,医疗器械,医疗耗材,2026-08-30复核：生产主营“腔镜吻合器类、管型吻合器类、线型切割吻合器类、荷包吻合器类、线型缝合吻合器类”，行业分类“医药生物/医疗器械/医疗耗材”；归入高端医疗器械,20260830_NEW,False
B_行业与主营一致,主营为轨交装备或核心控制/供电系统,cn,688015,交控科技,4,国家重点扶持产业,第二梯队：新兴支柱产业,高端装备,主营+行业映射,公司主营业务为信号系统总承包业务,信号系统总承包业务、零星销售、维保维护服务,,机械设备,轨交设备,轨交设备Ⅲ,2026-08-30复核：生产主营“信号系统总承包业务、零星销售、维保维护服务”，行业分类“机械设备/轨交设备/轨交设备Ⅲ”；归入高端装备,20260830_NEW,False
C_需人工复核,未在主营/新战略业务中找到高端医疗器械直接证据；当前主要依赖医疗耗材,cn,688016,心脉医疗,4,国家重点扶持产业,第二梯队：新兴支柱产业,高端医疗器械,主营+行业映射,公司主营业务为主动脉支架类,主动脉支架类,,医药生物,医疗器械,医疗耗材,2026-08-30复核：生产主营“主动脉支架类”，行业分类“医药生物/医疗器械/医疗耗材”；归入高端医疗器械,20260830_NEW,False
A_主营直接支持,主营/新战略业务直接命中机器人核心部件证据,cn,688017,绿的谐波,1,黄埔线下标的,第三梯队：卡脖子底座,机器人核心部件,人工复核,公司主营业务为谐波减速器及金属部件,谐波减速器及金属件、机电一体化产品、智能自动化装备,,机械设备,自动化设备,机器人,2026-08-30人工复核：主营谐波减速器；归入机器人核心部件,20260830_NEW,False
A_主营直接支持,主营/新战略业务直接命中集成电路证据,cn,688018,乐鑫科技,3,用户常用,第二梯队：新兴支柱产业,集成电路,主营+行业映射,公司主营业务为模组及开发套件,芯片、模组及开发套件,,电子,半导体,数字芯片设计,2026-08-30复核：生产主营“芯片、模组及开发套件”，行业分类“电子/半导体/数字芯片设计”；归入集成电路,20260830_NEW,False
A_主营直接支持,主营/新战略业务直接命中集成电路材料证据,cn,688019,安集科技,2,S100,第三梯队：卡脖子底座,集成电路材料,旧批次规则复核,公司主营业务为化学机械抛光液,化学机械抛光液、功能性湿电子化学品,,电子,电子化学品,电子化学品Ⅲ,Codex复核：披露业务“化学机械抛光液”明确属于集成电路材料,PREEXISTING,False
A_主营直接支持,主营/新战略业务直接命中PCB证据,cn,688020,方邦股份,4,国家重点扶持产业,第一梯队：AI+超级主线,PCB,旧批次规则复核,公司主营业务为电磁屏蔽膜,电磁屏蔽膜、铜箔、覆铜板,,电子,元件,印制电路板,Codex复核：披露业务“电磁屏蔽膜”明确属于PCB,PREEXISTING,False
B_行业与主营一致,申万三级行业为横向通用软件，与软件/信息服务标签一致,cn,688023,安恒信息,4,国家重点扶持产业,第二梯队：新兴支柱产业,软件与信息技术服务,主营+行业映射,公司主营业务为网络信息安全服务,网络信息安全基础产品、网络信息安全平台、网络信息安全服务、第三方硬件产品,,计算机,软件开发,横向通用软件,2026-08-30复核：生产主营“网络信息安全基础产品、网络信息安全平台、网络信息安全服务、第三方硬件产品”，行业分类“计算机/软件开发/横向通用软件”；归入软件与信息技术服务,20260830_NEW,False
A_主营直接支持,主营/新战略业务直接命中高端装备证据,cn,688025,杰普特,2,S100,第二梯队：新兴支柱产业,高端装备,主营/战略文本,公司主营业务为激光器,激光器、激光/光学智能装备、光纤器件,,机械设备,自动化设备,激光设备,2026-08-30复核：生产主营业务“激光器、激光/光学智能装备、光纤器件”命中“智能装备”；归入高端装备,20260830_NEW,False
C_需人工复核,未在主营/新战略业务中找到高端医疗器械直接证据；当前主要依赖医疗耗材,cn,688026,洁特生物,4,国家重点扶持产业,第二梯队：新兴支柱产业,高端医疗器械,主营+行业映射,公司主营业务为液体处理类,生物培养类、液体处理类,,医药生物,医疗器械,医疗耗材,2026-08-30复核：生产主营“生物培养类、液体处理类”，行业分类“医药生物/医疗器械/医疗耗材”；归入高端医疗器械,20260830_NEW,False
A_主营直接支持,主营/新战略业务直接命中量子科技证据,cn,688027,国盾量子,3,用户常用,第四梯队：未来产业,量子科技,旧批次规则复核,公司主营业务为相关技术服务,量子通信产品、量子计算产品、量子精密测量产品、相关技术服务,,通信,通信设备,通信终端及配件,Codex复核：披露业务“相关技术服务”明确属于量子科技,PREEXISTING,False
C_需人工复核,未在主营/新战略业务中找到高端医疗器械直接证据；当前主要依赖医疗耗材,cn,688029,南微医学,4,国家重点扶持产业,第二梯队：新兴支柱产业,高端医疗器械,主营+行业映射,公司主营业务为内镜耗材类,内镜耗材类、肿瘤介入类、可视化类,,医药生物,医疗器械,医疗耗材,2026-08-30复核：生产主营“内镜耗材类、肿瘤介入类、可视化类”，行业分类“医药生物/医疗器械/医疗耗材”；归入高端医疗器械,20260830_NEW,False
B_行业与主营一致,申万三级行业为横向通用软件，与软件/信息服务标签一致,cn,688030,山石网科,4,国家重点扶持产业,第二梯队：新兴支柱产业,软件与信息技术服务,主营+行业映射,公司主营业务为边界安全产品,边界安全产品、云安全产品,,计算机,软件开发,横向通用软件,2026-08-30复核：生产主营“边界安全产品、云安全产品”，行业分类“计算机/软件开发/横向通用软件”；归入软件与信息技术服务,20260830_NEW,False
A_主营直接支持,主营/新战略业务直接命中软件与信息技术服务证据,cn,688031,星环科技,4,国家重点扶持产业,第二梯队：新兴支柱产业,软件与信息技术服务,主营+行业映射,公司主营业务为软件产品与技术服务,软件产品与技术服务、应用与解决方案、软硬一体产品及服务,,计算机,软件开发,横向通用软件,2026-08-30复核：生产主营“软件产品与技术服务、应用与解决方案、软硬一体产品及服务”，行业分类“计算机/软件开发/横向通用软件”；归入软件与信息技术服务,20260830_NEW,False
A_主营直接支持,主营/新战略业务直接命中动力电池与新型储能证据,cn,688032,禾迈股份,4,国家重点扶持产业,第二梯队：新兴支柱产业,动力电池与新型储能,主营/战略文本,公司主营业务为微型逆变器及监控设备,微型逆变器及监控设备、储能系统、光伏发电系统,,电力设备,光伏设备,逆变器,2026-08-30复核：生产主营业务“微型逆变器及监控设备、储能系统、光伏发电系统”命中“储能系统”；归入动力电池与新型储能,20260830_NEW,False
C_需人工复核,未在主营/新战略业务中找到集成电路材料直接证据；当前主要依赖电子化学品Ⅲ,cn,688035,德邦科技,4,国家重点扶持产业,第三梯队：卡脖子底座,集成电路材料,旧批次人工复核,公司主营业务为新能源应用材料,集成电路封装材料、智能终端封装材料、新能源应用材料、高端装备应用材料,,电子,电子化学品,电子化学品Ⅲ,Codex复核：结合主营业务将候选结果调整为集成电路材料,PREEXISTING,False
B_行业与主营一致,申万三级行业为品牌消费电子，未发现直接冲突,cn,688036,传音控股,3,用户常用,第二梯队：新兴支柱产业,新一代智能终端,主营+行业映射,公司主营业务为手机,手机、功能机、智能机,,电子,消费电子,品牌消费电子,2026-08-30复核：生产主营“手机、功能机、智能机”，行业分类“电子/消费电子/品牌消费电子”；归入新一代智能终端,20260830_NEW,False
A_主营直接支持,主营/新战略业务直接命中集成电路设备证据,cn,688037,芯源微,2,S100,第三梯队：卡脖子底座,集成电路设备,主营/战略文本,公司主营业务为光刻工序涂胶显影设备,光刻工序涂胶显影设备、单片式湿法设备、其它设备,,电子,半导体,半导体设备,2026-08-30复核：生产主营业务“光刻工序涂胶显影设备、单片式湿法设备、其它设备”命中“涂胶显影设备”；归入集成电路设备,20260830_NEW,False
A_主营直接支持,主营/新战略业务直接命中软件与信息技术服务证据,cn,688038,中科通达,4,国家重点扶持产业,第二梯队：新兴支柱产业,软件与信息技术服务,主营+行业映射,公司主营业务为信息化系统开发建设,信息化系统开发建设、信息化系统运维、软件开发及销售,,计算机,软件开发,垂直应用软件,2026-08-30复核：生产主营“信息化系统开发建设、信息化系统运维、软件开发及销售”，行业分类“计算机/软件开发/垂直应用软件”；归入软件与信息技术服务,20260830_NEW,False
B_行业与主营一致,申万三级行业为IT服务Ⅲ，与软件/信息服务标签一致,cn,688039,当虹科技,4,国家重点扶持产业,第二梯队：新兴支柱产业,软件与信息技术服务,主营+行业映射,公司主营业务为传媒文化产品及解决方案,传媒文化产品及解决方案、工业与卫星产品及解决方案、车载智能座舱产品,,计算机,IT服务,IT服务Ⅲ,2026-08-30复核：生产主营“传媒文化产品及解决方案、工业与卫星产品及解决方案、车载智能座舱产品”，行业分类“计算机/IT服务/IT服务Ⅲ”；归入软件与信息技术服务,20260830_NEW,False
A_主营直接支持,主营/新战略业务直接命中高端芯片证据,cn,688041,海光信息,2,S100,第三梯队：卡脖子底座,高端芯片,主营/战略文本,公司主营业务为高端处理器,高端处理器、技术服务,,电子,半导体,数字芯片设计,2026-08-30复核：生产主营业务“高端处理器、技术服务”命中“高端处理器”；归入高端芯片,20260830_NEW,False
B_行业与主营一致,申万三级行业为模拟芯片设计，未发现直接冲突,cn,688045,必易微,4,国家重点扶持产业,第二梯队：新兴支柱产业,集成电路,主营+行业映射,公司主营业务为AC-DC,AC-DC、驱动IC、DC-DC,,电子,半导体,模拟芯片设计,2026-08-30复核：生产主营“AC-DC、驱动IC、DC-DC”，行业分类“电子/半导体/模拟芯片设计”；归入集成电路,20260830_NEW,False
B_行业与主营一致,申万三级行业为医疗研发外包，未发现直接冲突,cn,688046,药康生物,4,国家重点扶持产业,第二梯队：新兴支柱产业,生物医药研发服务,主营+行业映射,公司主营业务为商品化小鼠模型销售,商品化小鼠模型销售、功能药效、模型创制、定制繁育,,医药生物,医疗服务,医疗研发外包,2026-08-30复核：生产主营“商品化小鼠模型销售、功能药效、模型创制、定制繁育”，行业分类“医药生物/医疗服务/医疗研发外包”；归入生物医药研发服务,20260830_NEW,False
A_主营直接支持,主营/新战略业务直接命中集成电路证据,cn,688047,龙芯中科,3,用户常用,第二梯队：新兴支柱产业,集成电路,主营+行业映射,公司主营业务为信息化类芯片,工控类芯片、信息化类芯片、解决方案,,电子,半导体,数字芯片设计,2026-08-30复核：生产主营“工控类芯片、信息化类芯片、解决方案”，行业分类“电子/半导体/数字芯片设计”；归入集成电路,20260830_NEW,False
A_主营直接支持,主营/新战略业务直接命中集成电路证据,cn,688048,长光华芯,2,S100,第二梯队：新兴支柱产业,集成电路,旧批次规则复核,公司主营业务为高功率单管系列,高功率单管系列、高功率巴条系列、VCSEL芯片系列,,电子,半导体,分立器件,Codex复核：披露业务“高功率单管系列”明确属于集成电路,PREEXISTING,False
A_主营直接支持,主营/新战略业务直接命中集成电路证据,cn,688049,炬芯科技,4,国家重点扶持产业,第二梯队：新兴支柱产业,集成电路,旧批次规则复核,公司主营业务为智能无线音频SoC芯片系列,智能无线音频SoC芯片系列、便携式音视频SoC芯片系列、端侧AI处理器芯片系列,,电子,半导体,数字芯片设计,Codex复核：披露业务“智能无线音频SoC芯片系列”明确属于集成电路,PREEXISTING,False
C_需人工复核,未在主营/新战略业务中找到高端医疗器械直接证据；当前主要依赖医疗耗材,cn,688050,爱博医疗,4,国家重点扶持产业,第二梯队：新兴支柱产业,高端医疗器械,主营+行业映射,公司主营业务为人工晶状体,人工晶状体、角膜塑形镜、隐形眼镜,,医药生物,医疗器械,医疗耗材,2026-08-30复核：生产主营“人工晶状体、角膜塑形镜、隐形眼镜”，行业分类“医药生物/医疗器械/医疗耗材”；归入高端医疗器械,20260830_NEW,False
B_行业与主营一致,申万三级行业为IT服务Ⅲ，与软件/信息服务标签一致,cn,688051,佳华科技,4,国家重点扶持产业,第二梯队：新兴支柱产业,软件与信息技术服务,主营+行业映射,公司主营业务为智慧环保,感知及平台建设、数据运营服务,,计算机,IT服务,IT服务Ⅲ,2026-08-30复核：生产主营“感知及平台建设、数据运营服务”，行业分类“计算机/IT服务/IT服务Ⅲ”；归入软件与信息技术服务,20260830_NEW,False
B_行业与主营一致,申万三级行业为模拟芯片设计，未发现直接冲突,cn,688052,纳芯微,4,国家重点扶持产业,第二梯队：新兴支柱产业,集成电路,主营+行业映射,公司主营业务为信号链产品,传感器产品、信号链产品、电源管理产品、定制服务,,电子,半导体,模拟芯片设计,2026-08-30复核：生产主营“传感器产品、信号链产品、电源管理产品、定制服务”，行业分类“电子/半导体/模拟芯片设计”；归入集成电路,20260830_NEW,False
A_主营直接支持,主营/新战略业务直接命中新型显示证据,cn,688055,龙腾光电,4,国家重点扶持产业,第二梯队：新兴支柱产业,新型显示,主营+行业映射,公司主营业务为薄膜晶体管液晶显示器,薄膜晶体管液晶显示器,,电子,光学光电子,面板,2026-08-30复核：生产主营“薄膜晶体管液晶显示器”，行业分类“电子/光学光电子/面板”；归入新型显示,20260830_NEW,False
A_主营直接支持,主营/新战略业务直接命中高端仪器证据,cn,688056,莱伯泰科,4,国家重点扶持产业,第三梯队：卡脖子底座,高端仪器,旧批次规则复核,公司主营业务为实验分析仪器,实验分析仪器、洁净环保型实验室解决方案、消耗件与服务,,机械设备,通用设备,仪器仪表,Codex复核：披露业务“实验分析仪器”明确属于高端仪器,PREEXISTING,False
B_行业与主营一致,申万三级行业为水务及水治理，未发现直接冲突,cn,688057,金达莱,4,国家重点扶持产业,第二梯队：新兴支柱产业,节能环保,主营+行业映射,公司主营业务为水污染治理项目运营,水环境整体解决方案、水污染治理装备、水污染治理项目运营,,环保,环境治理,水务及水治理,2026-08-30复核：生产主营“水环境整体解决方案、水污染治理装备、水污染治理项目运营”，行业分类“环保/环境治理/水务及水治理”；归入节能环保,20260830_NEW,False
A_主营直接支持,主营/新战略业务直接命中软件与信息技术服务证据,cn,688058,宝兰德,4,国家重点扶持产业,第二梯队：新兴支柱产业,软件与信息技术服务,主营+行业映射,公司主营业务为基础设施软件销售,基础设施软件销售、智能运维软件销售、基础设施软件服务、智能运维软件服务,,计算机,软件开发,横向通用软件,2026-08-30复核：生产主营“基础设施软件销售、智能运维软件销售、基础设施软件服务、智能运维软件服务”，行业分类“计算机/软件开发/横向通用软件”；归入软件与信息技术服务,20260830_NEW,False
B_行业与主营一致,申万三级行业为其他计算机设备，主营未发现冲突,cn,688060,云涌科技,4,国家重点扶持产业,第二梯队：新兴支柱产业,先进计算与信息设备,主营+行业映射,公司主营业务为工业安全通信网关设备,工业安全通信网关设备、工业安全态势感知设备、信息安全加密产品、智能档案柜及控制类产品、信创产品,,计算机,计算机设备,其他计算机设备,2026-08-30复核：生产主营“工业安全通信网关设备、工业安全态势感知设备、信息安全加密产品、智能档案柜及控制类产品、信创产品”，行业分类“计算机/计算机设备/其他计算机设备”；归入先进计算与信息设备,20260830_NEW,False
A_主营直接支持,主营/新战略业务直接命中集成电路证据,cn,688061,灿瑞科技,4,国家重点扶持产业,第二梯队：新兴支柱产业,集成电路,主营/战略文本,公司主营业务为智能传感器芯片,电源管理芯片、智能传感器芯片、封装测试,,电子,半导体,模拟芯片设计,2026-08-30复核：生产主营业务“电源管理芯片、智能传感器芯片、封装测试”命中“传感器芯片”；归入集成电路,20260830_NEW,False
A_主营直接支持,主营/新战略业务直接命中生物医药证据,cn,688062,迈威生物,4,国家重点扶持产业,第二梯队：新兴支柱产业,生物医药,旧批次规则复核,公司主营业务为抗体药物,抗体药物、技术服务,,医药生物,化学制药,化学制剂,Codex复核：披露业务“抗体药物”明确属于生物医药,PREEXISTING,False
A_主营直接支持,主营/新战略业务直接命中动力电池与新型储能证据,cn,688063,派能科技,4,国家重点扶持产业,第二梯队：新兴支柱产业,动力电池与新型储能,主营+行业映射,公司主营业务为储能产品,储能产品,,电力设备,电池,锂电池,2026-08-30复核：生产主营“储能产品”，行业分类“电力设备/电池/锂电池”；归入动力电池与新型储能,20260830_NEW,False
B_行业与主营一致,申万三级为体外诊断；保留“高端”口径复核要求,cn,688067,爱威科技,4,国家重点扶持产业,第二梯队：新兴支柱产业,高端医疗器械,主营+行业映射,公司主营业务为试剂,仪器、试剂、耗材,,医药生物,医疗器械,体外诊断,2026-08-30复核：生产主营“仪器、试剂、耗材”，行业分类“医药生物/医疗器械/体外诊断”；归入高端医疗器械,20260830_NEW,False
B_行业与主营一致,申万三级行业为体外诊断，未发现直接冲突,cn,688068,热景生物,4,国家重点扶持产业,第二梯队：新兴支柱产业,生物医药,旧批次规则复核,公司主营业务为检测试剂,诊断试剂、诊断仪器、生物原料,,医药生物,医疗器械,体外诊断,Codex复核：披露业务“检测试剂”明确属于生物医药,PREEXISTING,False
B_行业与主营一致,申万三级行业为水务及水治理，未发现直接冲突,cn,688069,德林海,4,国家重点扶持产业,第二梯队：新兴支柱产业,节能环保,主营+行业映射,公司主营业务为蓝藻治理运行维护,技术装备集成、蓝藻治理运行维护、治理服务,,环保,环境治理,水务及水治理,2026-08-30复核：生产主营“技术装备集成、蓝藻治理运行维护、治理服务”，行业分类“环保/环境治理/水务及水治理”；归入节能环保,20260830_NEW,False
A_主营直接支持,主营/新战略业务直接命中低空经济证据,cn,688070,纵横股份,4,国家重点扶持产业,第二梯队：新兴支柱产业,低空经济,旧批次规则复核,公司主营业务为无人机系统,无人机系统、无人机服务、无人机配件,,国防军工,航空装备,航空装备Ⅲ,Codex复核：披露业务“无人机系统”明确属于低空经济,PREEXISTING,False
A_主营直接支持,主营/新战略业务直接命中集成电路设备证据,cn,688072,拓荆科技,2,S100,第三梯队：卡脖子底座,集成电路设备,旧批次规则复核,公司主营业务为薄膜沉积设备,薄膜沉积设备、混合键合设备,,电子,半导体,半导体设备,Codex复核：披露业务“薄膜沉积设备”明确属于集成电路设备,PREEXISTING,False
B_行业与主营一致,申万三级行业为医疗研发外包，未发现直接冲突,cn,688073,毕得医药,4,国家重点扶持产业,第二梯队：新兴支柱产业,生物医药研发服务,主营+行业映射,公司主营业务为分子砌块杂环化合物,分子砌块杂环化合物、分子砌块苯环化合物、分子砌块脂肪族类化合物、催化剂和配体、活性小分子化合物,,医药生物,医疗服务,医疗研发外包,2026-08-30复核：生产主营“分子砌块杂环化合物、分子砌块苯环化合物、分子砌块脂肪族类化合物、催化剂和配体、活性小分子化合物”，行业分类“医药生物/医疗服务/医疗研发外包”；归入生物医药研发服务,20260830_NEW,False
B_行业与主营一致,申万三级行业为体外诊断，未发现直接冲突,cn,688075,安旭生物,4,国家重点扶持产业,第二梯队：新兴支柱产业,生物医药,旧批次规则复核,公司主营业务为快速诊断试剂,快速诊断试剂,,医药生物,医疗器械,体外诊断,Codex复核：披露业务“快速诊断试剂”明确属于生物医药,PREEXISTING,False
B_行业与主营一致,材料类主营与磁性材料行业一致,cn,688077,大地熊,4,国家重点扶持产业,第二梯队：新兴支柱产业,新材料,主营+行业映射,公司主营业务为烧结钕铁硼,烧结钕铁硼、橡胶磁,,有色金属,金属新材料,磁性材料,2026-08-30复核：生产主营“烧结钕铁硼、橡胶磁”，行业分类“有色金属/金属新材料/磁性材料”；归入新材料,20260830_NEW,False
A_主营直接支持,主营/新战略业务直接命中工业软件证据,cn,688078,龙软科技,4,国家重点扶持产业,第三梯队：卡脖子底座,工业软件,旧批次规则复核,公司主营业务为智能矿山工业软件,智能矿山工业软件、LongRuanGIS软件、硬件产品,,计算机,软件开发,垂直应用软件,Codex复核：披露业务“智能矿山工业软件”明确属于工业软件,PREEXISTING,False
A_主营直接支持,主营/新战略业务直接命中集成电路证据,cn,688079,美迪凯,4,国家重点扶持产业,第二梯队：新兴支柱产业,集成电路,旧批次规则复核,公司主营业务为半导体零部件及精密加工服务,精密光学零部件、生物识别零部件及精密加工服务、半导体零部件及精密加工服务、半导体声光学、半导体封测、微纳电子、AR/MR光学零部件精密加工服务,,电子,光学光电子,光学元件,Codex复核：披露业务“半导体零部件及精密加工服务”明确属于集成电路,PREEXISTING,False
B_行业与主营一致,申万三级行业为其他通信设备，未发现直接冲突,cn,688080,映翰通,4,国家重点扶持产业,第二梯队：新兴支柱产业,新一代通信,主营+行业映射,公司主营业务为工业物联网产品,工业物联网产品、企业网络产品、数字配电网产品、智能售货控制系统产品,,通信,通信设备,其他通信设备,2026-08-30复核：生产主营“工业物联网产品、企业网络产品、数字配电网产品、智能售货控制系统产品”，行业分类“通信/通信设备/其他通信设备”；归入新一代通信,20260830_NEW,False
B_行业与主营一致,申万三级行业为军工电子Ⅲ，未发现直接冲突,cn,688081,兴图新科,4,国家重点扶持产业,第二梯队：新兴支柱产业,航空航天与军工电子,主营+行业映射,公司主营业务为智能视频指挥类产品,智能视频指挥类产品、视频智算类产品,,国防军工,军工电子,军工电子Ⅲ,2026-08-30复核：生产主营“智能视频指挥类产品、视频智算类产品”，行业分类“国防军工/军工电子/军工电子Ⅲ”；归入航空航天与军工电子,20260830_NEW,False
B_行业与主营一致,申万三级行业为半导体设备，未发现直接冲突,cn,688082,盛美上海,2,S100,第三梯队：卡脖子底座,集成电路设备,旧批次人工复核,公司主营业务为半导体清洗设备,半导体清洗设备、先进封装湿法设备,,电子,半导体,半导体设备,Codex复核：结合主营业务将候选结果调整为集成电路设备,PREEXISTING,False
A_主营直接支持,主营/新战略业务直接命中软件与信息技术服务证据,cn,688083,中望软件,4,国家重点扶持产业,第二梯队：新兴支柱产业,软件与信息技术服务,主营+行业映射,公司主营业务为标准通用软件,标准通用软件、外购软硬件、定制软件开发、技术服务收入,,计算机,软件开发,垂直应用软件,2026-08-30复核：生产主营“标准通用软件、外购软硬件、定制软件开发、技术服务收入”，行业分类“计算机/软件开发/垂直应用软件”；归入软件与信息技术服务,20260830_NEW,False
A_主营直接支持,主营/新战略业务直接命中航空航天与军工电子证据,cn,688084,晶品特装,4,国家重点扶持产业,第二梯队：新兴支柱产业,航空航天与军工电子,主营+行业映射,公司主营业务为军用机器人,军用机器人、智能感知设备、模拟仿真、技术服务,,国防军工,军工电子,军工电子Ⅲ,2026-08-30复核：生产主营“军用机器人、智能感知设备、模拟仿真、技术服务”，行业分类“国防军工/军工电子/军工电子Ⅲ”；归入航空航天与军工电子,20260830_NEW,False
C_需人工复核,未在主营/新战略业务中找到高端医疗器械直接证据；当前主要依赖医疗耗材,cn,688085,三友医疗,4,国家重点扶持产业,第二梯队：新兴支柱产业,高端医疗器械,主营+行业映射,公司主营业务为脊柱类植入耗材,脊柱类植入耗材、创伤类植入耗材、有源设备,,医药生物,医疗器械,医疗耗材,2026-08-30复核：生产主营“脊柱类植入耗材、创伤类植入耗材、有源设备”，行业分类“医药生物/医疗器械/医疗耗材”；归入高端医疗器械,20260830_NEW,False
B_行业与主营一致,申万三级行业为IT服务Ⅲ，与软件/信息服务标签一致,cn,688088,虹软科技,3,用户常用,第二梯队：新兴支柱产业,软件与信息技术服务,主营+行业映射,公司主营业务为移动智能终端视觉解决方案,移动智能终端视觉解决方案,,计算机,IT服务,IT服务Ⅲ,2026-08-30复核：生产主营“移动智能终端视觉解决方案”，行业分类“计算机/IT服务/IT服务Ⅲ”；归入软件与信息技术服务,20260830_NEW,False
B_行业与主营一致,申万三级行业为机器人，未发现直接冲突,cn,688090,瑞松科技,4,国家重点扶持产业,第二梯队：新兴支柱产业,智能机器人,主营+行业映射,公司主营业务为机器人自动化生产线,机器人自动化生产线、机器人工作站,,机械设备,自动化设备,机器人,2026-08-30复核：生产主营“机器人自动化生产线、机器人工作站”，行业分类“机械设备/自动化设备/机器人”；归入智能机器人,20260830_NEW,False
B_行业与主营一致,申万三级行业为化学制剂，未发现直接冲突,cn,688091,上海谊众,4,国家重点扶持产业,第二梯队：新兴支柱产业,生物医药,主营+行业映射,公司主营业务为注射用紫杉醇聚合物胶束,注射用紫杉醇聚合物胶束,,医药生物,化学制药,化学制剂,2026-08-30复核：生产主营“注射用紫杉醇聚合物胶束”，行业分类“医药生物/化学制药/化学制剂”；归入生物医药,20260830_NEW,False
B_行业与主营一致,申万三级行业为横向通用软件，与软件/信息服务标签一致,cn,688095,福昕软件,4,国家重点扶持产业,第二梯队：新兴支柱产业,软件与信息技术服务,主营+行业映射,公司主营业务为PDF编辑器与阅读器,PDF编辑器与阅读器、开发平台与工具、企业文档处理解决方案、PDF工具及在线服务,,计算机,软件开发,横向通用软件,2026-08-30复核：生产主营“PDF编辑器与阅读器、开发平台与工具、企业文档处理解决方案、PDF工具及在线服务”，行业分类“计算机/软件开发/横向通用软件”；归入软件与信息技术服务,20260830_NEW,False
A_主营直接支持,主营/新战略业务直接命中节能环保证据,cn,688096,京源环保,4,国家重点扶持产业,第二梯队：新兴支柱产业,节能环保,主营+行业映射,公司主营业务为给水处理,工业废水处理、给水处理,,环保,环境治理,水务及水治理,2026-08-30复核：生产主营“工业废水处理、给水处理”，行业分类“环保/环境治理/水务及水治理”；归入节能环保,20260830_NEW,False
B_行业与主营一致,申万三级行业为动物保健Ⅲ，未发现直接冲突,cn,688098,申联生物,4,国家重点扶持产业,第二梯队：新兴支柱产业,生物农业,主营+行业映射,公司主营业务为兽用生物制品,兽用生物制品,,农林牧渔,动物保健,动物保健Ⅲ,2026-08-30复核：生产主营“兽用生物制品”，行业分类“农林牧渔/动物保健/动物保健Ⅲ”；归入生物农业,20260830_NEW,False
A_主营直接支持,主营/新战略业务直接命中集成电路证据,cn,688099,晶晨股份,3,用户常用,第二梯队：新兴支柱产业,集成电路,主营+行业映射,公司主营业务为多媒体智能终端芯片,多媒体智能终端芯片,,电子,半导体,数字芯片设计,2026-08-30复核：生产主营“多媒体智能终端芯片”，行业分类“电子/半导体/数字芯片设计”；归入集成电路,20260830_NEW,False
A_主营直接支持,主营/新战略业务直接命中新一代通信证据,cn,688100,威胜信息,4,国家重点扶持产业,第二梯队：新兴支柱产业,新一代通信,主营+行业映射,公司主营业务为网络层,感知层、电监测终端、水气热传感终端、网络层、通信模块、通信网关、应用层、智慧公用事业管理系统,,通信,通信设备,通信终端及配件,2026-08-30复核：生产主营“感知层、电监测终端、水气热传感终端、网络层、通信模块、通信网关、应用层、智慧公用事业管理系统”，行业分类“通信/通信设备/通信终端及配件”；归入新一代通信,20260830_NEW,False
A_主营直接支持,主营/新战略业务直接命中节能环保证据,cn,688101,三达膜,4,国家重点扶持产业,第二梯队：新兴支柱产业,节能环保,主营+行业映射,公司主营业务为水务投资运营,工业料液分离、膜法水处理、水务投资运营、建造收入,,环保,环境治理,水务及水治理,2026-08-30复核：生产主营“工业料液分离、膜法水处理、水务投资运营、建造收入”，行业分类“环保/环境治理/水务及水治理”；归入节能环保,20260830_NEW,False
B_行业与主营一致,材料类主营与其他金属新材料行业一致,cn,688102,斯瑞新材,3,用户常用,第二梯队：新兴支柱产业,新材料,主营+行业映射,公司主营业务为高强高导铜合金材料及制品,高强高导铜合金材料及制品、中高压电接触材料及制品、高性能金属铬粉、医疗影像零组件,,有色金属,金属新材料,其他金属新材料,2026-08-30复核：生产主营“高强高导铜合金材料及制品、中高压电接触材料及制品、高性能金属铬粉、医疗影像零组件”，行业分类“有色金属/金属新材料/其他金属新材料”；归入新材料,20260830_NEW,False
B_行业与主营一致,申万三级行业为其他生物制品，未发现直接冲突,cn,688105,诺唯赞,4,国家重点扶持产业,第二梯队：新兴支柱产业,生物医药,旧批次规则复核,公司主营业务为生物试剂,生物试剂、诊断试剂、仪器设备、技术服务、耗材等材料,,医药生物,生物制品,其他生物制品,Codex复核：披露业务“生物试剂”明确属于生物医药,PREEXISTING,False
C_需人工复核,未在主营/新战略业务中找到集成电路材料直接证据；当前主要依赖电子化学品Ⅲ,cn,688106,金宏气体,4,国家重点扶持产业,第三梯队：卡脖子底座,集成电路材料,主营+行业映射,公司主营业务为大宗气体,大宗气体、特种气体、现场制气及租金、燃气,,电子,电子化学品,电子化学品Ⅲ,2026-08-30复核：生产主营“大宗气体、特种气体、现场制气及租金、燃气”，行业分类“电子/电子化学品/电子化学品Ⅲ”；归入集成电路材料,20260830_NEW,False
A_主营直接支持,主营/新战略业务直接命中集成电路证据,cn,688107,安路科技,4,国家重点扶持产业,第二梯队：新兴支柱产业,集成电路,旧批次规则复核,公司主营业务为芯片销售收入,芯片销售收入、技术服务收入,,电子,半导体,数字芯片设计,Codex复核：披露业务“芯片销售收入”明确属于集成电路,PREEXISTING,False
C_需人工复核,未在主营/新战略业务中找到高端医疗器械直接证据；当前主要依赖医疗耗材,cn,688108,赛诺医疗,4,国家重点扶持产业,第二梯队：新兴支柱产业,高端医疗器械,主营+行业映射,公司主营业务为支架,支架、球囊,,医药生物,医疗器械,医疗耗材,2026-08-30复核：生产主营“支架、球囊”，行业分类“医药生物/医疗器械/医疗耗材”；归入高端医疗器械,20260830_NEW,False
A_主营直接支持,主营/新战略业务直接命中软件与信息技术服务证据,cn,688109,品茗科技,4,国家重点扶持产业,第二梯队：新兴支柱产业,软件与信息技术服务,主营+行业映射,公司主营业务为建筑信息化软件,建筑信息化软件、智慧工地产品,,计算机,软件开发,垂直应用软件,2026-08-30复核：生产主营“建筑信息化软件、智慧工地产品”，行业分类“计算机/软件开发/垂直应用软件”；归入软件与信息技术服务,20260830_NEW,False
A_主营直接支持,主营/新战略业务直接命中存储芯片证据,cn,688110,东芯股份,2,S100,第三梯队：卡脖子底座,存储芯片,主营/战略文本,公司主营业务为NAND,NAND、NOR、DRAM、MCP、技术服务,,电子,半导体,数字芯片设计,2026-08-30复核：生产主营业务“NAND、NOR、DRAM、MCP、技术服务”命中“NAND”；归入存储芯片,20260830_NEW,False
A_主营直接支持,主营/新战略业务直接命中软件与信息技术服务证据,cn,688111,金山办公,3,用户常用,第二梯队：新兴支柱产业,软件与信息技术服务,主营+行业映射,公司主营业务为WPS个人业务,WPS个人业务、WPS365业务、WPS软件业务,,计算机,软件开发,横向通用软件,2026-08-30复核：生产主营“WPS个人业务、WPS365业务、WPS软件业务”，行业分类“计算机/软件开发/横向通用软件”；归入软件与信息技术服务,20260830_NEW,False
A_主营直接支持,主营/新战略业务直接命中光伏证据,cn,688113,联测科技,4,国家重点扶持产业,第二梯队：新兴支柱产业,光伏,主营/战略文本,公司主营业务为智能测试装备,智能测试装备、测试验证服务、备件及维修、平衡机及相关振动检测设备、伺服驱动系统、分布式光伏发电,,机械设备,专用设备,其他专用设备,2026-08-30复核：生产主营业务“智能测试装备、测试验证服务、备件及维修、平衡机及相关振动检测设备、伺服驱动系统、分布式光伏发电”命中“光伏”；归入光伏,20260830_NEW,False
B_行业与主营一致,申万三级为医疗设备；保留“高端”口径复核要求,cn,688114,华大智造,4,国家重点扶持产业,第二梯队：新兴支柱产业,高端医疗器械,主营+行业映射,公司主营业务为销售仪器设备、试剂及耗材,基因测序仪业务、实验室自动化,,医药生物,医疗器械,医疗设备,2026-08-30复核：生产主营“基因测序仪业务、实验室自动化”，行业分类“医药生物/医疗器械/医疗设备”；归入高端医疗器械,20260830_NEW,False
B_行业与主营一致,申万三级行业为电池化学品，未发现直接冲突,cn,688116,天奈科技,4,国家重点扶持产业,第二梯队：新兴支柱产业,动力电池与新型储能,主营+行业映射,公司主营业务为碳纳米管导电浆料,碳纳米管粉体、碳纳米管导电浆料,,电力设备,电池,电池化学品,2026-08-30复核：生产主营“碳纳米管粉体、碳纳米管导电浆料”，行业分类“电力设备/电池/电池化学品”；归入动力电池与新型储能,20260830_NEW,False
A_主营直接支持,主营/新战略业务直接命中生物医药证据,cn,688117,圣诺生物,4,国家重点扶持产业,第二梯队：新兴支柱产业,生物医药,主营/战略文本,公司主营业务为制剂,制剂、原料药、药学研究、定制生产、受托加工,,医药生物,化学制药,化学制剂,2026-08-30复核：生产主营业务“制剂、原料药、药学研究、定制生产、受托加工”命中“原料药”；归入生物医药,20260830_NEW,False
A_主营直接支持,主营/新战略业务直接命中基础软件证据,cn,688118,普元信息,4,国家重点扶持产业,第三梯队：卡脖子底座,基础软件,旧批次规则复核,公司主营业务为软件基础平台业务,软件基础平台业务、数据中台业务、低代码平台业务、中间件业务、基于软件基础平台的应用开发业务,,计算机,软件开发,垂直应用软件,Codex复核：披露业务“软件基础平台业务”明确属于基础软件,PREEXISTING,False
A_主营直接支持,主营/新战略业务直接命中集成电路设备证据,cn,688120,华海清科,2,S100,第三梯队：卡脖子底座,集成电路设备,主营/战略文本,公司主营业务为CMP设备销售,CMP设备销售,,电子,半导体,半导体设备,2026-08-30复核：生产主营业务“CMP设备销售”命中“CMP设备”；归入集成电路设备,20260830_NEW,False
C_需人工复核,未在主营/新战略业务中找到新材料直接证据；当前主要依赖航空装备Ⅲ,cn,688122,西部超导,3,用户常用,第二梯队：新兴支柱产业,新材料,主营/战略文本,公司主营业务为高端钛合金材料,超导产品、高性能高温合金材料、高端钛合金材料,,国防军工,航空装备,航空装备Ⅲ,2026-08-30复核：生产主营业务“超导产品、高性能高温合金材料、高端钛合金材料”命中“高温合金”；归入新材料,20260830_NEW,False
A_主营直接支持,主营/新战略业务直接命中集成电路证据,cn,688123,聚辰股份,4,国家重点扶持产业,第二梯队：新兴支柱产业,集成电路,旧批次规则复核,公司主营业务为存储类芯片,存储类芯片、音圈马达驱动芯片、智能卡芯片,,电子,半导体,数字芯片设计,Codex复核：披露业务“存储类芯片”明确属于集成电路,PREEXISTING,False
A_主营直接支持,主营/新战略业务直接命中集成电路材料证据,cn,688126,沪硅产业,3,用户常用,第三梯队：卡脖子底座,集成电路材料,旧批次规则复核,公司主营业务为300mm半导体硅片,200mm及以下尺寸半导体硅片、300mm半导体硅片、受托加工服务,,电子,半导体,半导体材料,Codex复核：披露业务“300mm半导体硅片”明确属于集成电路材料,PREEXISTING,False
B_行业与主营一致,申万三级为光学元件，与关键元器件方向一致,cn,688127,蓝特光学,4,国家重点扶持产业,第二梯队：新兴支柱产业,关键电子元器件,主营+行业映射,公司主营业务为光学棱镜,光学棱镜、玻璃非球面透镜、玻璃晶圆,,电子,光学光电子,光学元件,2026-08-30复核：生产主营“光学棱镜、玻璃非球面透镜、玻璃晶圆”，行业分类“电子/光学光电子/光学元件”；归入关键电子元器件,20260830_NEW,False
A_主营直接支持,主营/新战略业务直接命中集成电路证据,cn,688130,晶华微,4,国家重点扶持产业,第二梯队：新兴支柱产业,集成电路,旧批次规则复核,公司主营业务为工业控制及仪表芯片,医疗健康SoC芯片、工业控制及仪表芯片、智能感知SoC芯片,,电子,半导体,模拟芯片设计,Codex复核：披露业务“工业控制及仪表芯片”明确属于集成电路,PREEXISTING,False
A_主营直接支持,主营/新战略业务直接命中生物医药证据,cn,688131,皓元医药,4,国家重点扶持产业,第二梯队：新兴支柱产业,生物医药,主营/战略文本,公司主营业务为分子砌块、工具化合物和生化试剂,分子砌块、工具化合物和生化试剂、分子砌块、工具化合物和生化试剂-产品销售、分子砌块、工具化合物和生化试剂-技术服务、原料药和中间体、制剂、原料药和中间体、制剂-产品销售、原料药和中间体、制剂-技术服务,,医药生物,医疗服务,医疗研发外包,2026-08-30复核：生产主营业务“分子砌块、工具化合物和生化试剂、分子砌块、工具化合物和生化试剂-产品销售、分子砌块、工具化合物和生化试剂-技术服务、原料药和中间体、制剂、原料药和中间体、制剂-产品销售、原料药和中间体、制剂-技术服务”命中“原料药”；归入生物医药,20260830_NEW,False
B_行业与主营一致,申万三级行业为军工电子Ⅲ，未发现直接冲突,cn,688132,邦彦技术,4,国家重点扶持产业,第二梯队：新兴支柱产业,航空航天与军工电子,主营+行业映射,公司主营业务为舰船通信产品,舰船通信产品、融合通信产品、信息安全产品、电力专网产品,,国防军工,军工电子,军工电子Ⅲ,2026-08-30复核：生产主营“舰船通信产品、融合通信产品、信息安全产品、电力专网产品”，行业分类“国防军工/军工电子/军工电子Ⅲ”；归入航空航天与军工电子,20260830_NEW,False
A_主营直接支持,主营/新战略业务直接命中集成电路证据,cn,688135,利扬芯片,4,国家重点扶持产业,第二梯队：新兴支柱产业,集成电路,主营/战略文本,公司主营业务为芯片成品测试,晶圆测试、芯片成品测试、晶圆磨切,,电子,半导体,集成电路封测,2026-08-30复核：生产主营业务“晶圆测试、芯片成品测试、晶圆磨切”命中“晶圆测试”；归入集成电路,20260830_NEW,False
B_行业与主营一致,申万三级行业为其他生物制品，未发现直接冲突,cn,688136,科兴制药,4,国家重点扶持产业,第二梯队：新兴支柱产业,生物医药,主营+行业映射,公司主营业务为依普定,依普定、赛若金、白特喜、常乐康,,医药生物,生物制品,其他生物制品,2026-08-30复核：生产主营“依普定、赛若金、白特喜、常乐康”，行业分类“医药生物/生物制品/其他生物制品”；归入生物医药,20260830_NEW,False
A_主营直接支持,主营/新战略业务直接命中生物医药研发服务证据,cn,688137,近岸蛋白,4,国家重点扶持产业,第二梯队：新兴支柱产业,生物医药研发服务,主营/战略文本,公司主营业务为靶点及因子类蛋白,靶点及因子类蛋白、重组抗体、酶及试剂、CRO服务,,医药生物,生物制品,其他生物制品,2026-08-30复核：生产主营业务“靶点及因子类蛋白、重组抗体、酶及试剂、CRO服务”命中“CRO服务”；归入生物医药研发服务,20260830_NEW,False
A_主营直接支持,主营/新战略业务直接命中集成电路材料证据,cn,688138,清溢光电,4,国家重点扶持产业,第三梯队：卡脖子底座,集成电路材料,主营+行业映射,公司主营业务为石英掩膜版,石英掩膜版、苏打掩膜版,,电子,半导体,半导体材料,2026-08-30复核：生产主营“石英掩膜版、苏打掩膜版”，行业分类“电子/半导体/半导体材料”；归入集成电路材料,20260830_NEW,False
B_行业与主营一致,申万三级为医疗设备；保留“高端”口径复核要求,cn,688139,海尔生物,4,国家重点扶持产业,第二梯队：新兴支柱产业,高端医疗器械,主营+行业映射,公司主营业务为医疗创新,生命科学、医疗创新,,医药生物,医疗器械,医疗设备,2026-08-30复核：生产主营“生命科学、医疗创新”，行业分类“医药生物/医疗器械/医疗设备”；归入高端医疗器械,20260830_NEW,False
A_主营直接支持,主营/新战略业务直接命中集成电路证据,cn,688141,杰华特,4,国家重点扶持产业,第二梯队：新兴支柱产业,集成电路,主营+行业映射,公司主营业务为电源管理芯片,电源管理芯片、AC-DC芯片、DC-DC芯片、线性电源芯片、电池管理芯片、信号链芯片、技术服务费,,电子,半导体,模拟芯片设计,2026-08-30复核：生产主营“电源管理芯片、AC-DC芯片、DC-DC芯片、线性电源芯片、电池管理芯片、信号链芯片、技术服务费”，行业分类“电子/半导体/模拟芯片设计”；归入集成电路,20260830_NEW,False
A_主营直接支持,主营/新战略业务直接命中新一代通信证据,cn,688143,长盈通,4,国家重点扶持产业,第二梯队：新兴支柱产业,新一代通信,主营+行业映射,公司主营业务为光纤环器件,光纤环器件、特种光纤、新型材料,,通信,通信设备,通信线缆及配套,2026-08-30复核：生产主营“光纤环器件、特种光纤、新型材料”，行业分类“通信/通信设备/通信线缆及配套”；归入新一代通信,20260830_NEW,False
B_行业与主营一致,申万三级明确为半导体材料,cn,688146,中船特气,4,国家重点扶持产业,第三梯队：卡脖子底座,集成电路材料,主营+行业映射,公司主营业务为电子特种气体,电子特种气体、三氟甲磺酸系列,,电子,半导体,半导体材料,2026-08-30复核：生产主营“电子特种气体、三氟甲磺酸系列”，行业分类“电子/半导体/半导体材料”；归入集成电路材料,20260830_NEW,False
A_主营直接支持,主营/新战略业务直接命中集成电路设备证据,cn,688147,微导纳米,4,国家重点扶持产业,第三梯队：卡脖子底座,集成电路设备,旧批次规则复核,公司主营业务为光伏设备,光伏设备、半导体设备、配套产品及服务,,电力设备,光伏设备,光伏加工设备,Codex复核：披露业务“光伏设备”明确属于集成电路设备,PREEXISTING,False
B_行业与主营一致,申万三级行业为电池化学品，未发现直接冲突,cn,688148,芳源股份,4,国家重点扶持产业,第二梯队：新兴支柱产业,动力电池与新型储能,主营+行业映射,公司主营业务为前驱体,前驱体、硫酸镍、碳酸锂、硫酸钴、球形氢氧化镍,,电力设备,电池,电池化学品,2026-08-30复核：生产主营“前驱体、硫酸镍、碳酸锂、硫酸钴、球形氢氧化镍”，行业分类“电力设备/电池/电池化学品”；归入动力电池与新型储能,20260830_NEW,False
A_主营直接支持,主营/新战略业务直接命中新型显示证据,cn,688150,莱特光电,4,国家重点扶持产业,第二梯队：新兴支柱产业,新型显示,主营/战略文本,公司主营业务为OLED有机材料,OLED有机材料,,电子,电子化学品,电子化学品Ⅲ,2026-08-30复核：生产主营业务“OLED有机材料”命中“OLED”；归入新型显示,20260830_NEW,False
C_需人工复核,未在主营/新战略业务中找到高端医疗器械直接证据；当前主要依赖医疗耗材,cn,688151,华强科技,4,国家重点扶持产业,第二梯队：新兴支柱产业,高端医疗器械,主营+行业映射,公司主营业务为药用丁基胶塞,个体防护装备、集体防护装备、药用丁基胶塞,,医药生物,医疗器械,医疗耗材,2026-08-30复核：生产主营“个体防护装备、集体防护装备、药用丁基胶塞”，行业分类“医药生物/医疗器械/医疗耗材”；归入高端医疗器械,20260830_NEW,False
A_主营直接支持,主营/新战略业务直接命中基础软件证据,cn,688152,麒麟信安,4,国家重点扶持产业,第三梯队：卡脖子底座,基础软件,旧批次规则复核,公司主营业务为操作系统,操作系统、信息安全、云计算、技术开发服务,,计算机,软件开发,横向通用软件,Codex复核：披露业务“操作系统”明确属于基础软件,PREEXISTING,False
B_行业与主营一致,申万三级行业为模拟芯片设计，未发现直接冲突,cn,688153,唯捷创芯,4,国家重点扶持产业,第二梯队：新兴支柱产业,集成电路,主营+行业映射,公司主营业务为射频功率放大器模组,射频功率放大器模组、接收端模组,,电子,半导体,模拟芯片设计,2026-08-30复核：生产主营“射频功率放大器模组、接收端模组”，行业分类“电子/半导体/模拟芯片设计”；归入集成电路,20260830_NEW,False
A_主营直接支持,主营/新战略业务直接命中动力电池与新型储能证据,cn,688155,先惠技术,4,国家重点扶持产业,第二梯队：新兴支柱产业,动力电池与新型储能,主营/战略文本,公司主营业务为新能源动力电池精密结构件,新能源汽车智能自动化装备、燃油汽车智能自动化装备、工业制造数据系统、新能源动力电池精密结构件,,电力设备,电池,锂电专用设备,2026-08-30复核：生产主营业务“新能源汽车智能自动化装备、燃油汽车智能自动化装备、工业制造数据系统、新能源动力电池精密结构件”命中“动力电池”；归入动力电池与新型储能,20260830_NEW,False
B_行业与主营一致,申万三级行业为水务及水治理，未发现直接冲突,cn,688156,路德科技,4,国家重点扶持产业,第二梯队：新兴支柱产业,节能环保,主营+行业映射,公司主营业务为白酒糟生物发酵饲料产品销售,白酒糟生物发酵饲料产品销售、河湖淤泥处理服务、工程泥浆处理服务,,环保,环境治理,水务及水治理,2026-08-30复核：生产主营“白酒糟生物发酵饲料产品销售、河湖淤泥处理服务、工程泥浆处理服务”，行业分类“环保/环境治理/水务及水治理”；归入节能环保,20260830_NEW,False
B_行业与主营一致,申万三级行业为IT服务Ⅲ，与软件/信息服务标签一致,cn,688158,优刻得,4,国家重点扶持产业,第二梯队：新兴支柱产业,软件与信息技术服务,主营+行业映射,公司主营业务为公有云,公有云、混合云、私有云、边缘云、云通信,,计算机,IT服务,IT服务Ⅲ,2026-08-30复核：生产主营“公有云、混合云、私有云、边缘云、云通信”，行业分类“计算机/IT服务/IT服务Ⅲ”；归入软件与信息技术服务,20260830_NEW,False
A_主营直接支持,主营/新战略业务直接命中新一代通信证据,cn,688159,有方科技,4,国家重点扶持产业,第二梯队：新兴支柱产业,新一代通信,主营+行业映射,公司主营业务为云产品及服务,无线通信模组、无线通信终端、无线通信解决方案、云产品,,通信,通信设备,通信终端及配件,2026-08-30复核：生产主营“无线通信模组、无线通信终端、无线通信解决方案、云产品”，行业分类“通信/通信设备/通信终端及配件”；归入新一代通信,20260830_NEW,False
B_行业与主营一致,申万三级行业为工控设备，未发现直接冲突,cn,688160,步科股份,4,国家重点扶持产业,第二梯队：新兴支柱产业,智能制造装备,主营+行业映射,公司主营业务为驱动系统,控制系统、驱动系统,,机械设备,自动化设备,工控设备,2026-08-30复核：生产主营“控制系统、驱动系统”，行业分类“机械设备/自动化设备/工控设备”；归入智能制造装备,20260830_NEW,False
C_需人工复核,未在主营/新战略业务中找到高端医疗器械直接证据；当前主要依赖医疗耗材,cn,688161,威高骨科,4,国家重点扶持产业,第二梯队：新兴支柱产业,高端医疗器械,主营+行业映射,公司主营业务为关节,脊柱、创伤、关节、运动医学和组织修复,,医药生物,医疗器械,医疗耗材,2026-08-30复核：生产主营“脊柱、创伤、关节、运动医学和组织修复”，行业分类“医药生物/医疗器械/医疗耗材”；归入高端医疗器械,20260830_NEW,False
A_主营直接支持,主营/新战略业务直接命中高端装备证据,cn,688162,巨一科技,4,国家重点扶持产业,第二梯队：新兴支柱产业,高端装备,主营/战略文本,公司主营业务为智能装备,分部间抵销、新能源汽车电机电控零部件、智能装备,,机械设备,专用设备,其他专用设备,2026-08-30复核：生产主营业务“分部间抵销、新能源汽车电机电控零部件、智能装备”命中“智能装备”；归入高端装备,20260830_NEW,False
B_行业与主营一致,申万三级行业为其他生物制品，未发现直接冲突,cn,688163,赛伦生物,4,国家重点扶持产业,第二梯队：新兴支柱产业,生物医药,主营+行业映射,公司主营业务为抗血清抗毒素,抗血清抗毒素,,医药生物,生物制品,其他生物制品,2026-08-30复核：生产主营“抗血清抗毒素”，行业分类“医药生物/生物制品/其他生物制品”；归入生物医药,20260830_NEW,False
B_行业与主营一致,申万三级行业为机器人，未发现直接冲突,cn,688165,埃夫特,4,国家重点扶持产业,第四梯队：未来产业,人形机器人,旧批次规则复核,公司主营业务为机器人整机产品,机器人整机、系统集成,,机械设备,自动化设备,机器人,Codex复核：披露业务“机器人整机产品”明确属于人形机器人,PREEXISTING,False
A_主营直接支持,主营/新战略业务直接命中生物医药证据,cn,688166,博瑞医药,4,国家重点扶持产业,第二梯队：新兴支柱产业,生物医药,主营/战略文本,公司主营业务为原料药-抗真菌类,原料药-抗病毒类、原料药-抗真菌类、原料药-免疫抑制类、制剂类、技术转让或服务、产品权益分成,,医药生物,化学制药,原料药,2026-08-30复核：生产主营业务“原料药-抗病毒类、原料药-抗真菌类、原料药-免疫抑制类、制剂类、技术转让或服务、产品权益分成”命中“原料药”；归入生物医药,20260830_NEW,False
A_主营直接支持,主营/新战略业务直接命中集成电路证据,cn,688167,炬光科技,4,国家重点扶持产业,第二梯队：新兴支柱产业,集成电路,旧批次规则复核,公司主营业务为激光光学产品,半导体激光产品、激光光学产品、汽车应用解决方案产品、泛半导体制程解决方案产品、医疗健康解决方案产品、研发服务及加工服务,,电子,半导体,分立器件,Codex复核：披露业务“激光光学产品”明确属于集成电路,PREEXISTING,False
B_行业与主营一致,申万三级行业为横向通用软件，未发现直接冲突,cn,688168,安博通,4,国家重点扶持产业,第一梯队：AI+超级主线,行业模型,旧批次规则复核,公司主营业务为安全网关,安全网关、安全管理、安全服务、安全人工智能,,计算机,软件开发,横向通用软件,Codex复核：披露业务“安全网关”明确属于行业模型,PREEXISTING,False
A_主营直接支持,主营/新战略业务直接命中高端装备证据,cn,688170,德龙激光,4,国家重点扶持产业,第二梯队：新兴支柱产业,高端装备,主营+行业映射,公司主营业务为精密激光加工设备,精密激光加工设备、激光器、激光设备租赁服务、激光加工服务、零部件销售及维修,,机械设备,自动化设备,激光设备,2026-08-30复核：生产主营“精密激光加工设备、激光器、激光设备租赁服务、激光加工服务、零部件销售及维修”，行业分类“机械设备/自动化设备/激光设备”；归入高端装备,20260830_NEW,False
B_行业与主营一致,申万三级行业为垂直应用软件，与软件/信息服务标签一致,cn,688171,纬德信息,4,国家重点扶持产业,第二梯队：新兴支柱产业,软件与信息技术服务,主营+行业映射,公司主营业务为信息安全云平台,信息安全云平台业务、智能安全设备,,计算机,软件开发,垂直应用软件,2026-08-30复核：生产主营“信息安全云平台业务、智能安全设备”，行业分类“计算机/软件开发/垂直应用软件”；归入软件与信息技术服务,20260830_NEW,False
B_人工复核支持,存在人工复核说明，但仍需保留原始公告或招股书链接,cn,688172,燕东微,2,S100,第二梯队：新兴支柱产业,集成电路,人工复核,公司主营业务为产品与方案,产品与方案、制造与服务,,电子,半导体,分立器件,2026-08-30人工复核：宽表为半导体分立器件，主营制造与服务；归入集成电路,20260830_NEW,False
A_主营直接支持,主营/新战略业务直接命中集成电路证据,cn,688173,希荻微,4,国家重点扶持产业,第二梯队：新兴支柱产业,集成电路,旧批次规则复核,公司主营业务为电源管理芯片,电源管理芯片、端口保护及信号切换芯片、音圈马达驱动芯片、传感器芯片,,电子,半导体,模拟芯片设计,Codex复核：披露业务“电源管理芯片”明确属于集成电路,PREEXISTING,False
B_行业与主营一致,申万三级行业为军工电子Ⅲ，未发现直接冲突,cn,688175,高凌信息,4,国家重点扶持产业,第二梯队：新兴支柱产业,航空航天与军工电子,主营+行业映射,公司主营业务为软硬件产品销售,软硬件产品销售、系统集成、运营维护服务、技术服务,,国防军工,军工电子,军工电子Ⅲ,2026-08-30复核：生产主营“软硬件产品销售、系统集成、运营维护服务、技术服务”，行业分类“国防军工/军工电子/军工电子Ⅲ”；归入航空航天与军工电子,20260830_NEW,False
B_行业与主营一致,申万三级行业为化学制剂，未发现直接冲突,cn,688176,亚虹医药,4,国家重点扶持产业,第二梯队：新兴支柱产业,生物医药,主营+行业映射,公司主营业务为抗肿瘤类产品,抗肿瘤类产品,,医药生物,化学制药,化学制剂,2026-08-30复核：生产主营“抗肿瘤类产品”，行业分类“医药生物/化学制药/化学制剂”；归入生物医药,20260830_NEW,False
B_行业与主营一致,申万三级行业为其他生物制品，未发现直接冲突,cn,688177,百奥泰,4,国家重点扶持产业,第二梯队：新兴支柱产业,生物医药,主营+行业映射,公司主营业务为自身免疫药物,自身免疫药物、抗肿瘤药物,,医药生物,生物制品,其他生物制品,2026-08-30复核：生产主营“自身免疫药物、抗肿瘤药物”，行业分类“医药生物/生物制品/其他生物制品”；归入生物医药,20260830_NEW,False
B_行业与主营一致,申万三级行业为固废治理，未发现直接冲突,cn,688178,万德斯,4,国家重点扶持产业,第二梯队：新兴支柱产业,节能环保,主营+行业映射,公司主营业务为环境整体解决方案,环境整体解决方案、其中：有机垃圾、工业废水、委托运营,,环保,环境治理,固废治理,2026-08-30复核：生产主营“环境整体解决方案、其中：有机垃圾、工业废水、委托运营”，行业分类“环保/环境治理/固废治理”；归入节能环保,20260830_NEW,False
B_行业与主营一致,申万三级行业为其他生物制品，未发现直接冲突,cn,688180,君实生物,4,国家重点扶持产业,第二梯队：新兴支柱产业,生物医药,主营+行业映射,公司主营业务为抗肿瘤类药物,抗肿瘤类药物、技术许可及特许权使用收入,,医药生物,生物制品,其他生物制品,2026-08-30复核：生产主营“抗肿瘤类药物、技术许可及特许权使用收入”，行业分类“医药生物/生物制品/其他生物制品”；归入生物医药,20260830_NEW,False
A_主营直接支持,主营/新战略业务直接命中新型显示证据,cn,688181,八亿时空,4,国家重点扶持产业,第二梯队：新兴支柱产业,新型显示,主营+行业映射,公司主营业务为混合液晶,液晶单体、混合液晶,,电子,光学光电子,面板,2026-08-30复核：生产主营“液晶单体、混合液晶”，行业分类“电子/光学光电子/面板”；归入新型显示,20260830_NEW,False
B_行业与主营一致,申万三级行业为通信网络设备及器件，未发现直接冲突,cn,688182,灿勤科技,4,国家重点扶持产业,第二梯队：新兴支柱产业,新一代通信,主营+行业映射,公司主营业务为滤波器,滤波器、低互调无源组件、HTCC、天线、谐振器,,通信,通信设备,通信网络设备及器件,2026-08-30复核：生产主营“滤波器、低互调无源组件、HTCC、天线、谐振器”，行业分类“通信/通信设备/通信网络设备及器件”；归入新一代通信,20260830_NEW,False
A_主营直接支持,主营/新战略业务直接命中PCB证据,cn,688183,生益电子,2,S100,第一梯队：AI+超级主线,PCB,旧批次规则复核,公司主营业务为印制电路板,印制电路板,,电子,元件,印制电路板,Codex复核：披露业务“印制电路板”明确属于PCB,PREEXISTING,False
A_主营直接支持,主营/新战略业务直接命中生物医药证据,cn,688185,康希诺,4,国家重点扶持产业,第二梯队：新兴支柱产业,生物医药,旧批次规则复核,公司主营业务为疫苗及相关产品销售,疫苗及相关产品销售、药品生产工艺研究开发业务（CDMO）,,医药生物,生物制品,疫苗,Codex复核：披露业务“疫苗及相关产品销售”明确属于生物医药,PREEXISTING,False
B_行业与主营一致,材料类主营与特钢Ⅲ行业一致,cn,688186,广大特材,4,国家重点扶持产业,第二梯队：新兴支柱产业,新材料,主营+行业映射,公司主营业务为铸钢件,齿轮钢、模具钢、特殊合金、特种不锈钢、风电主轴、风电铸件、风电机械精密零部件、齿轮箱零部件、铸钢件,,钢铁,特钢,特钢Ⅲ,2026-08-30复核：生产主营“齿轮钢、模具钢、特殊合金、特种不锈钢、风电主轴、风电铸件、风电机械精密零部件、齿轮箱零部件、铸钢件”，行业分类“钢铁/特钢/特钢Ⅲ”；归入新材料,20260830_NEW,False
B_行业与主营一致,主营为轨交装备或核心控制/供电系统,cn,688187,时代电气,4,国家重点扶持产业,第二梯队：新兴支柱产业,高端装备,主营+行业映射,公司主营业务为轨道交通装备业务,轨道交通装备业务、新兴装备业务,,机械设备,轨交设备,轨交设备Ⅲ,2026-08-30复核：生产主营“轨道交通装备业务、新兴装备业务”，行业分类“机械设备/轨交设备/轨交设备Ⅲ”；归入高端装备,20260830_NEW,False
D_确认需修正,核心为激光切割控制软件与控制系统，当前“先进计算与信息设备”不准确，应归工业软件,cn,688188,柏楚电子,3,用户常用,第二梯队：新兴支柱产业,先进计算与信息设备,主营+行业映射,公司主营业务为平面解决方案,平面解决方案、管材解决方案、三维解决方案,,计算机,计算机设备,其他计算机设备,2026-08-30复核：生产主营“平面解决方案、管材解决方案、三维解决方案”，行业分类“计算机/计算机设备/其他计算机设备”；归入先进计算与信息设备,20260830_NEW,False
B_行业与主营一致,材料类主营与其他金属新材料行业一致,cn,688190,云路股份,4,国家重点扶持产业,第二梯队：新兴支柱产业,新材料,主营+行业映射,公司主营业务为非晶合金薄带及其制品,非晶合金薄带及其制品、纳米晶产品、磁性粉末及其制品,,有色金属,金属新材料,其他金属新材料,2026-08-30复核：生产主营“非晶合金薄带及其制品、纳米晶产品、磁性粉末及其制品”，行业分类“有色金属/金属新材料/其他金属新材料”；归入新材料,20260830_NEW,False
B_行业与主营一致,申万三级行业为化学制剂，未发现直接冲突,cn,688192,迪哲医药,4,国家重点扶持产业,第二梯队：新兴支柱产业,生物医药,主营+行业映射,公司主营业务为舒沃哲,销售药品,,医药生物,化学制药,化学制剂,2026-08-30复核：生产主营“销售药品”，行业分类“医药生物/化学制药/化学制剂”；归入生物医药,20260830_NEW,False
B_行业与主营一致,申万三级为体外诊断；保留“高端”口径复核要求,cn,688193,仁度生物,4,国家重点扶持产业,第二梯队：新兴支柱产业,高端医疗器械,主营+行业映射,公司主营业务为试剂业务,试剂业务、仪器业务、检测业务,,医药生物,医疗器械,体外诊断,2026-08-30复核：生产主营“试剂业务、仪器业务、检测业务”，行业分类“医药生物/医疗器械/体外诊断”；归入高端医疗器械,20260830_NEW,False
B_行业与主营一致,申万三级为光学元件，与关键元器件方向一致,cn,688195,腾景科技,3,用户常用,第二梯队：新兴支柱产业,关键电子元器件,主营+行业映射,公司主营业务为精密光学元组件,精密光学元组件、光纤器件、光测试仪器,,电子,光学光电子,光学元件,2026-08-30复核：生产主营“精密光学元组件、光纤器件、光测试仪器”，行业分类“电子/光学光电子/光学元件”；归入关键电子元器件,20260830_NEW,False
B_行业与主营一致,申万三级行业为化学制剂，未发现直接冲突,cn,688197,首药控股,4,国家重点扶持产业,第二梯队：新兴支柱产业,生物医药,主营+行业映射,公司主营业务为技术开发及服务,技术开发及服务,,医药生物,化学制药,化学制剂,2026-08-30复核：生产主营“技术开发及服务”，行业分类“医药生物/化学制药/化学制剂”；归入生物医药,20260830_NEW,False
A_主营直接支持,主营/新战略业务直接命中高端医疗器械证据,cn,688198,佰仁医疗,4,国家重点扶持产业,第二梯队：新兴支柱产业,高端医疗器械,主营+行业映射,公司主营业务为医疗器械收入,医疗器械收入,,医药生物,医疗器械,医疗耗材,2026-08-30复核：生产主营“医疗器械收入”，行业分类“医药生物/医疗器械/医疗耗材”；归入高端医疗器械,20260830_NEW,False
A_主营直接支持,主营/新战略业务直接命中集成电路材料证据,cn,688199,久日新材,4,国家重点扶持产业,第三梯队：卡脖子底座,集成电路材料,旧批次规则复核,公司主营业务为光引发剂,光引发剂、单体、精细化学品、光刻胶、光敏剂,,基础化工,化学制品,其他化学制品,Codex复核：披露业务“光引发剂”明确属于集成电路材料,PREEXISTING,False
B_人工复核支持,存在人工复核说明，但仍需保留原始公告或招股书链接,cn,688200,华峰测控,2,S100,第三梯队：卡脖子底座,集成电路设备,人工复核,公司主营业务为测试系统,测试系统、测试系统配件,,电子,半导体,半导体设备,2026-08-30人工复核：主营半导体自动测试系统；归入集成电路设备,20260830_NEW,False
B_行业与主营一致,打标说明记录了主营/战略关键词命中,cn,688202,美迪西,4,国家重点扶持产业,第二梯队：新兴支柱产业,生物医药研发服务,主营/战略文本,公司主营业务为临床前研究,药物发现与药学研究、临床前研究,,医药生物,医疗服务,医疗研发外包,2026-08-30复核：生产主营业务“药物发现与药学研究、临床前研究”命中“临床前研究”；归入生物医药研发服务,20260830_NEW,False
B_行业与主营一致,材料类主营与改性塑料行业一致,cn,688203,海正生材,4,国家重点扶持产业,第二梯队：新兴支柱产业,新材料,主营+行业映射,公司主营业务为纯聚乳酸,纯聚乳酸、改性聚乳酸、初级制品等,,基础化工,塑料,改性塑料,2026-08-30复核：生产主营“纯聚乳酸、改性聚乳酸、初级制品等”，行业分类“基础化工/塑料/改性塑料”；归入新材料,20260830_NEW,False
B_行业与主营一致,申万三级行业为通信网络设备及器件，未发现直接冲突,cn,688205,德科立,3,用户常用,第二梯队：新兴支柱产业,新一代通信,主营+行业映射,公司主营业务为传输类,传输类、接入和数据类,,通信,通信设备,通信网络设备及器件,2026-08-30复核：生产主营“传输类、接入和数据类”，行业分类“通信/通信设备/通信网络设备及器件”；归入新一代通信,20260830_NEW,False
B_行业与主营一致,申万三级行业为垂直应用软件，未发现直接冲突,cn,688206,概伦电子,4,国家重点扶持产业,第三梯队：卡脖子底座,EDA,旧批次规则复核,公司主营业务为EDA工具授权,集成电路制造类EDA工具、集成电路设计类EDA工具、半导体器件特性测试系统、技术开发解决方案,,计算机,软件开发,垂直应用软件,Codex复核：披露业务“EDA工具授权”明确属于EDA,PREEXISTING,False
B_行业与主营一致,申万三级行业为IT服务Ⅲ，未发现直接冲突,cn,688207,格灵深瞳,4,国家重点扶持产业,第一梯队：AI+超级主线,行业模型,旧批次规则复核,公司主营业务为人工智能产品,人工智能产品,,计算机,IT服务,IT服务Ⅲ,Codex复核：披露业务“人工智能产品”明确属于行业模型,PREEXISTING,False
B_行业与主营一致,申万三级行业为其他计算机设备，主营未发现冲突,cn,688208,道通科技,4,国家重点扶持产业,第二梯队：新兴支柱产业,先进计算与信息设备,主营+行业映射,公司主营业务为汽车综合诊断产品,汽车综合诊断产品、TPMS产品、软件升级服务、ADAS产品、智能充电网络,,计算机,计算机设备,其他计算机设备,2026-08-30复核：生产主营“汽车综合诊断产品、TPMS产品、软件升级服务、ADAS产品、智能充电网络”，行业分类“计算机/计算机设备/其他计算机设备”；归入先进计算与信息设备,20260830_NEW,False
A_主营直接支持,主营/新战略业务直接命中集成电路证据,cn,688209,英集芯,4,国家重点扶持产业,第二梯队：新兴支柱产业,集成电路,主营+行业映射,公司主营业务为电源管理芯片,电源管理芯片、快充协议芯片,,电子,半导体,模拟芯片设计,2026-08-30复核：生产主营“电源管理芯片、快充协议芯片”，行业分类“电子/半导体/模拟芯片设计”；归入集成电路,20260830_NEW,False
C_需人工复核,未在主营/新战略业务中找到关键电子元器件直接证据；当前主要依赖消费电子零部件及组装,cn,688210,统联精密,4,国家重点扶持产业,第二梯队：新兴支柱产业,关键电子元器件,主营+行业映射,公司主营业务为其他金属工艺制品及塑胶产品,MIM产品、模治具及设备,,电子,消费电子,消费电子零部件及组装,2026-08-30复核：生产主营“MIM产品、模治具及设备”，行业分类“电子/消费电子/消费电子零部件及组装”；归入关键电子元器件,20260830_NEW,False
A_主营直接支持,主营/新战略业务直接命中高端医疗器械证据,cn,688212,澳华内镜,4,国家重点扶持产业,第二梯队：新兴支柱产业,高端医疗器械,主营+行业映射,公司主营业务为内窥镜设备,内窥镜设备、内窥镜诊疗耗材、内窥镜维修服务收入,,医药生物,医疗器械,医疗设备,2026-08-30复核：生产主营“内窥镜设备、内窥镜诊疗耗材、内窥镜维修服务收入”，行业分类“医药生物/医疗器械/医疗设备”；归入高端医疗器械,20260830_NEW,False
B_行业与主营一致,申万三级行业为数字芯片设计，未发现直接冲突,cn,688213,思特威,3,用户常用,第二梯队：新兴支柱产业,集成电路,主营+行业映射,公司主营业务为CMOS图像传感器,CMOS图像传感器,,电子,半导体,数字芯片设计,2026-08-30复核：生产主营“CMOS图像传感器”，行业分类“电子/半导体/数字芯片设计”；归入集成电路,20260830_NEW,False
A_主营直接支持,主营/新战略业务直接命中集成电路证据,cn,688216,气派科技,4,国家重点扶持产业,第二梯队：新兴支柱产业,集成电路,旧批次规则复核,公司主营业务为集成电路封装测试,集成电路封装测试、功率器件封装测试、晶圆测试,,电子,半导体,集成电路封测,Codex复核：披露业务“集成电路封装测试”明确属于集成电路,PREEXISTING,False
B_行业与主营一致,申万三级为体外诊断；保留“高端”口径复核要求,cn,688217,睿昂基因,4,国家重点扶持产业,第二梯队：新兴支柱产业,高端医疗器械,主营+行业映射,公司主营业务为自产试剂,自产试剂、贸易试剂、科研服务、检测服务,,医药生物,医疗器械,体外诊断,2026-08-30复核：生产主营“自产试剂、贸易试剂、科研服务、检测服务”，行业分类“医药生物/医疗器械/体外诊断”；归入高端医疗器械,20260830_NEW,False
A_主营直接支持,主营/新战略业务直接命中智能机器人证据,cn,688218,江苏北人,4,国家重点扶持产业,第二梯队：新兴支柱产业,智能机器人,主营/战略文本,公司主营业务为焊接用工业机器人系统集成,焊接用工业机器人系统集成、非焊接用工业机器人系统集成、定制夹具、储能系统,,机械设备,自动化设备,机器人,2026-08-30复核：生产主营业务“焊接用工业机器人系统集成、非焊接用工业机器人系统集成、定制夹具、储能系统”命中“工业机器人”；归入智能机器人,20260830_NEW,False
A_主营直接支持,主营/新战略业务直接命中新材料证据,cn,688219,会通股份,4,国家重点扶持产业,第二梯队：新兴支柱产业,新材料,主营+行业映射,公司主营业务为改性塑料,改性塑料、聚烯烃系列、聚苯乙烯系列、聚酰胺类,,基础化工,塑料,改性塑料,2026-08-30复核：生产主营“改性塑料、聚烯烃系列、聚苯乙烯系列、聚酰胺类”，行业分类“基础化工/塑料/改性塑料”；归入新材料,20260830_NEW,False
A_主营直接支持,主营/新战略业务直接命中集成电路证据,cn,688220,翱捷科技,4,国家重点扶持产业,第二梯队：新兴支柱产业,集成电路,旧批次规则复核,公司主营业务为芯片产品,芯片产品、芯片定制业务、半导体IP授权,,电子,半导体,模拟芯片设计,Codex复核：披露业务“芯片产品”明确属于集成电路,PREEXISTING,False
B_行业与主营一致,申万三级行业为化学制剂，未发现直接冲突,cn,688221,前沿生物,4,国家重点扶持产业,第二梯队：新兴支柱产业,生物医药,主营+行业映射,公司主营业务为艾可宁®,艾可宁®,,医药生物,化学制药,化学制剂,2026-08-30复核：生产主营“艾可宁®”，行业分类“医药生物/化学制药/化学制剂”；归入生物医药,20260830_NEW,False
B_行业与主营一致,申万三级行业为医疗研发外包，未发现直接冲突,cn,688222,成都先导,4,国家重点扶持产业,第二梯队：新兴支柱产业,生物医药研发服务,主营+行业映射,公司主营业务为新药研发服务,新药研发服务、全时当量服务、客户定制服务,,医药生物,医疗服务,医疗研发外包,2026-08-30复核：生产主营“新药研发服务、全时当量服务、客户定制服务”，行业分类“医药生物/医疗服务/医疗研发外包”；归入生物医药研发服务,20260830_NEW,False
A_主营直接支持,主营/新战略业务直接命中光伏证据,cn,688223,晶科能源,3,用户常用,第二梯队：新兴支柱产业,光伏,主营/战略文本,公司主营业务为光伏组件,硅片、光伏电池片、光伏组件,,电力设备,光伏设备,光伏电池组件,2026-08-30复核：生产主营业务“硅片、光伏电池片、光伏组件”命中“光伏”；归入光伏,20260830_NEW,False
A_主营直接支持,主营/新战略业务直接命中软件与信息技术服务证据,cn,688225,亚信安全,4,国家重点扶持产业,第二梯队：新兴支柱产业,软件与信息技术服务,主营+行业映射,公司主营业务为网络安全产品,网络安全产品、网络安全服务、云网虚拟化软件,,计算机,软件开发,横向通用软件,2026-08-30复核：生产主营“网络安全产品、网络安全服务、云网虚拟化软件”，行业分类“计算机/软件开发/横向通用软件”；归入软件与信息技术服务,20260830_NEW,False
A_主营直接支持,主营/新战略业务直接命中动力电池与新型储能证据,cn,688226,威腾电气,4,国家重点扶持产业,第二梯队：新兴支柱产业,动力电池与新型储能,主营/战略文本,公司主营业务为光伏新材-光伏焊带,配电设备-高低压母线、配电设备-中低压成套设备、配电设备-铜铝制品、光伏新材-光伏焊带、光伏新材-铝边框、储能系统-储能系统,,电力设备,电网设备,线缆部件及其他,2026-08-30复核：生产主营业务“配电设备-高低压母线、配电设备-中低压成套设备、配电设备-铜铝制品、光伏新材-光伏焊带、光伏新材-铝边框、储能系统-储能系统”命中“储能系统”；归入动力电池与新型储能,20260830_NEW,False
B_行业与主营一致,申万三级行业为IT服务Ⅲ，与软件/信息服务标签一致,cn,688227,品高股份,4,国家重点扶持产业,第二梯队：新兴支柱产业,软件与信息技术服务,主营+行业映射,公司主营业务为云计算业务,云计算业务、行业信息化业务,,计算机,IT服务,IT服务Ⅲ,2026-08-30复核：生产主营“云计算业务、行业信息化业务”，行业分类“计算机/IT服务/IT服务Ⅲ”；归入软件与信息技术服务,20260830_NEW,False
A_主营直接支持,主营/新战略业务直接命中大模型证据,cn,688228,开普云,4,国家重点扶持产业,第一梯队：AI+超级主线,大模型,旧批次规则复核,公司主营业务为数智能源,AI大模型与算力、AI内容安全、数智能源,,计算机,IT服务,IT服务Ⅲ,Codex复核：披露业务“数智能源”明确属于大模型,PREEXISTING,False
A_主营直接支持,主营/新战略业务直接命中软件与信息技术服务证据,cn,688229,博睿数据,4,国家重点扶持产业,第二梯队：新兴支柱产业,软件与信息技术服务,主营+行业映射,公司主营业务为监测服务收入,监测服务收入、软件销售及技术开发服务收入、系统集成收入,,计算机,IT服务,IT服务Ⅲ,2026-08-30复核：生产主营“监测服务收入、软件销售及技术开发服务收入、系统集成收入”，行业分类“计算机/IT服务/IT服务Ⅲ”；归入软件与信息技术服务,20260830_NEW,False
A_主营直接支持,主营/新战略业务直接命中集成电路证据,cn,688230,芯导科技,4,国家重点扶持产业,第二梯队：新兴支柱产业,集成电路,主营/战略文本,公司主营业务为功率器件,功率器件、TVS、MOSFET、肖特基、功率IC,,电子,半导体,分立器件,2026-08-30复核：生产主营业务“功率器件、TVS、MOSFET、肖特基、功率IC”命中“功率器件”；归入集成电路,20260830_NEW,False
B_行业与主营一致,材料类主营与其他金属新材料行业一致,cn,688231,隆达股份,4,国家重点扶持产业,第二梯队：新兴支柱产业,新材料,主营+行业映射,公司主营业务为高温耐蚀合金,合金管材、高温耐蚀合金,,有色金属,金属新材料,其他金属新材料,2026-08-30复核：生产主营“合金管材、高温耐蚀合金”，行业分类“有色金属/金属新材料/其他金属新材料”；归入新材料,20260830_NEW,False
B_行业与主营一致,申万三级行业为垂直应用软件，与软件/信息服务标签一致,cn,688232,新点软件,4,国家重点扶持产业,第二梯队：新兴支柱产业,软件与信息技术服务,主营+行业映射,公司主营业务为智慧招采,智慧招采、智慧政务、数字建筑,,计算机,软件开发,垂直应用软件,2026-08-30复核：生产主营“智慧招采、智慧政务、数字建筑”，行业分类“计算机/软件开发/垂直应用软件”；归入软件与信息技术服务,20260830_NEW,False
A_主营直接支持,主营/新战略业务直接命中集成电路证据,cn,688233,神工股份,4,国家重点扶持产业,第二梯队：新兴支柱产业,集成电路,旧批次规则复核,公司主营业务为大直径硅材料,大直径硅材料、16英寸以下、16英寸以上、硅零部件、半导体大尺寸硅片、停工损失,,电子,半导体,半导体材料,Codex复核：披露业务“大直径硅材料”明确属于集成电路,PREEXISTING,False
A_主营直接支持,主营/新战略业务直接命中集成电路材料证据,cn,688234,天岳先进,4,国家重点扶持产业,第三梯队：卡脖子底座,集成电路材料,旧批次规则复核,公司主营业务为碳化硅半导体材料,碳化硅半导体材料,,电子,半导体,半导体材料,Codex复核：披露业务“碳化硅半导体材料”明确属于集成电路材料,PREEXISTING,False
B_行业与主营一致,申万三级行业为化学制剂，未发现直接冲突,cn,688235,百济神州,3,用户常用,第二梯队：新兴支柱产业,生物医药,主营+行业映射,公司主营业务为药品销售收入,药品销售收入,,医药生物,化学制药,化学制剂,2026-08-30复核：生产主营“药品销售收入”，行业分类“医药生物/化学制药/化学制剂”；归入生物医药,20260830_NEW,False
A_主营直接支持,主营/新战略业务直接命中高端医疗器械证据,cn,688236,春立医疗,4,国家重点扶持产业,第二梯队：新兴支柱产业,高端医疗器械,主营+行业映射,公司主营业务为医疗器械产品,医疗器械产品,,医药生物,医疗器械,医疗耗材,2026-08-30复核：生产主营“医疗器械产品”，行业分类“医药生物/医疗器械/医疗耗材”；归入高端医疗器械,20260830_NEW,False
A_主营直接支持,主营/新战略业务直接命中航空航天证据,cn,688237,超卓航科,4,国家重点扶持产业,第二梯队：新兴支柱产业,航空航天,旧批次规则复核,公司主营业务为航空航天零部件及耗材增材制造,航空航天零部件及耗材增材制造、机载设备维修、板带成型加工精密设备及零件制造、新能源汽车零部件制造,,国防军工,航空装备,航空装备Ⅲ,Codex复核：披露业务“航空航天零部件及耗材增材制造”明确属于航空航天,PREEXISTING,False
A_主营直接支持,主营/新战略业务直接命中生物医药证据,cn,688238,和元生物,4,国家重点扶持产业,第二梯队：新兴支柱产业,生物医药,旧批次规则复核,公司主营业务为细胞和基因治疗CDMO业务,细胞和基因治疗CRO业务、细胞和基因治疗CDMO业务、再生医学服务业务,,医药生物,医疗服务,医疗研发外包,Codex复核：披露业务“细胞和基因治疗CDMO业务”明确属于生物医药,PREEXISTING,False
A_主营直接支持,主营/新战略业务直接命中航空航天证据,cn,688239,航宇科技,4,国家重点扶持产业,第二梯队：新兴支柱产业,航空航天,主营+行业映射,公司主营业务为航空锻件,航空锻件、航天锻件、燃气轮机锻件,,国防军工,航空装备,航空装备Ⅲ,2026-08-30复核：生产主营“航空锻件、航天锻件、燃气轮机锻件”，行业分类“国防军工/航空装备/航空装备Ⅲ”；归入航空航天,20260830_NEW,False
B_行业与主营一致,申万三级行业为横向通用软件，与软件/信息服务标签一致,cn,688244,永信至诚,4,国家重点扶持产业,第二梯队：新兴支柱产业,软件与信息技术服务,主营+行业映射,公司主营业务为网络靶场及运营,数字风洞测试评估、网络靶场及运营、安全防护与管控,,计算机,软件开发,横向通用软件,2026-08-30复核：生产主营“数字风洞测试评估、网络靶场及运营、安全防护与管控”，行业分类“计算机/软件开发/横向通用软件”；归入软件与信息技术服务,20260830_NEW,False
A_主营直接支持,主营/新战略业务直接命中软件与信息技术服务证据,cn,688246,嘉和美康,4,国家重点扶持产业,第二梯队：新兴支柱产业,软件与信息技术服务,主营+行业映射,公司主营业务为自制软件产品销售,自制软件销售、软件开发及技术支持服务、外采软硬件销售、预计负债售后成本,,计算机,软件开发,垂直应用软件,2026-08-30复核：生产主营“自制软件销售、软件开发及技术支持服务、外采软硬件销售、预计负债售后成本”，行业分类“计算机/软件开发/垂直应用软件”；归入软件与信息技术服务,20260830_NEW,False
B_行业与主营一致,申万三级行业为化学制剂，未发现直接冲突,cn,688247,宣泰医药,4,国家重点扶持产业,第二梯队：新兴支柱产业,生物医药,主营+行业映射,公司主营业务为产品销售收入,产品销售、CRO/CMO、权益分成、研发技术成果转化,,医药生物,化学制药,化学制剂,2026-08-30复核：生产主营“产品销售、CRO/CMO、权益分成、研发技术成果转化”，行业分类“医药生物/化学制药/化学制剂”；归入生物医药,20260830_NEW,False
A_主营直接支持,主营/新战略业务直接命中动力电池与新型储能证据,cn,688248,南网科技,4,国家重点扶持产业,第二梯队：新兴支柱产业,动力电池与新型储能,主营/战略文本,公司主营业务为试验检测及调试服务,储能系统技术服务、试验检测及调试服务、智能配用电设备、智能监测设备、机器人及无人机,,电力设备,电网设备,电网自动化设备,2026-08-30复核：生产主营业务“储能系统技术服务、试验检测及调试服务、智能配用电设备、智能监测设备、机器人及无人机”命中“储能系统”；归入动力电池与新型储能,20260830_NEW,False
A_主营直接支持,主营/新战略业务直接命中集成电路证据,cn,688249,晶合集成,4,国家重点扶持产业,第二梯队：新兴支柱产业,集成电路,旧批次规则复核,公司主营业务为集成电路晶圆制造代工,集成电路晶圆制造代工,,电子,半导体,集成电路制造,Codex复核：披露业务“集成电路晶圆制造代工”明确属于集成电路,PREEXISTING,False
B_行业与主营一致,申万三级行业为IT服务Ⅲ，与软件/信息服务标签一致,cn,688251,井松智能,4,国家重点扶持产业,第二梯队：新兴支柱产业,软件与信息技术服务,主营+行业映射,公司主营业务为智能物流系统,智能物流系统、智能物流设备,,计算机,IT服务,IT服务Ⅲ,2026-08-30复核：生产主营“智能物流系统、智能物流设备”，行业分类“计算机/IT服务/IT服务Ⅲ”；归入软件与信息技术服务,20260830_NEW,False
A_主营直接支持,主营/新战略业务直接命中集成电路证据,cn,688252,天德钰,4,国家重点扶持产业,第二梯队：新兴支柱产业,集成电路,旧批次规则复核,公司主营业务为移动智能终端显示驱动芯片,移动智能终端显示驱动芯片、电子价签、摄像头音圈及快充协议芯片,,电子,半导体,数字芯片设计,Codex复核：披露业务“移动智能终端显示驱动芯片”明确属于集成电路,PREEXISTING,False
B_行业与主营一致,申万三级为体外诊断；保留“高端”口径复核要求,cn,688253,英诺特,4,国家重点扶持产业,第二梯队：新兴支柱产业,高端医疗器械,主营+行业映射,公司主营业务为呼吸道系列-非新冠产品,优生优育系列、呼吸道系列-新冠产品、呼吸道系列-非新冠产品,,医药生物,医疗器械,体外诊断,2026-08-30复核：生产主营“优生优育系列、呼吸道系列-新冠产品、呼吸道系列-非新冠产品”，行业分类“医药生物/医疗器械/体外诊断”；归入高端医疗器械,20260830_NEW,False
A_主营直接支持,主营/新战略业务直接命中智能机器人证据,cn,688255,凯尔达,4,国家重点扶持产业,第二梯队：新兴支柱产业,智能机器人,主营/战略文本,公司主营业务为工业机器人,工业机器人、工业焊接设备,,机械设备,自动化设备,机器人,2026-08-30复核：生产主营业务“工业机器人、工业焊接设备”命中“工业机器人”；归入智能机器人,20260830_NEW,False
A_主营直接支持,主营/新战略业务直接命中国产算力芯片证据,cn,688256,寒武纪,1,黄埔线下标的,第一梯队：AI+超级主线,国产算力芯片,人工复核,公司主营业务为云端产品线,云端产品线、边缘产品线、IP授权及软件,,电子,半导体,数字芯片设计,2026-08-30人工复核：主营云边端人工智能芯片；归入国产算力芯片,20260830_NEW,False
A_主营直接支持,主营/新战略业务直接命中软件与信息技术服务证据,cn,688258,卓易信息,4,国家重点扶持产业,第二梯队：新兴支柱产业,软件与信息技术服务,主营+行业映射,公司主营业务为云计算设备核心固件业务,PB业务、云服务业务、政企云服务、物联网云服务、云计算设备核心固件业务,,计算机,IT服务,IT服务Ⅲ,2026-08-30复核：生产主营“PB业务、云服务业务、政企云服务、物联网云服务、云计算设备核心固件业务”，行业分类“计算机/IT服务/IT服务Ⅲ”；归入软件与信息技术服务,20260830_NEW,False
A_主营直接支持,主营/新战略业务直接命中集成电路证据,cn,688259,创耀科技,4,国家重点扶持产业,第二梯队：新兴支柱产业,集成电路,主营+行业映射,公司主营业务为通信芯片与解决方案业务,通信芯片与解决方案业务,,电子,半导体,数字芯片设计,2026-08-30复核：生产主营“通信芯片与解决方案业务”，行业分类“电子/半导体/数字芯片设计”；归入集成电路,20260830_NEW,False
C_需人工复核,未在主营/新战略业务中找到关键电子元器件直接证据；当前主要依赖消费电子零部件及组装,cn,688260,昀冢科技,4,国家重点扶持产业,第二梯队：新兴支柱产业,关键电子元器件,主营+行业映射,公司主营业务为CMI件,CMI件,,电子,消费电子,消费电子零部件及组装,2026-08-30复核：生产主营“CMI件”，行业分类“电子/消费电子/消费电子零部件及组装”；归入关键电子元器件,20260830_NEW,False
A_主营直接支持,主营/新战略业务直接命中集成电路证据,cn,688261,东微半导,4,国家重点扶持产业,第二梯队：新兴支柱产业,集成电路,旧批次规则复核,公司主营业务为功率半导体产品,功率半导体产品、晶圆,,电子,半导体,分立器件,Codex复核：披露业务“功率半导体产品”明确属于集成电路,PREEXISTING,False
A_主营直接支持,主营/新战略业务直接命中集成电路证据,cn,688262,国芯科技,4,国家重点扶持产业,第二梯队：新兴支柱产业,集成电路,主营+行业映射,公司主营业务为芯片定制服务,自主芯片及模组产品、芯片定制服务、定制服务、量产服务,,电子,半导体,数字芯片设计,2026-08-30复核：生产主营“自主芯片及模组产品、芯片定制服务、定制服务、量产服务”，行业分类“电子/半导体/数字芯片设计”；归入集成电路,20260830_NEW,False
B_行业与主营一致,申万三级行业为医疗研发外包，未发现直接冲突,cn,688265,南模生物,4,国家重点扶持产业,第二梯队：新兴支柱产业,生物医药研发服务,主营+行业映射,公司主营业务为标准化模型,定制化模型、标准化模型、模型繁育、模型技术服务,,医药生物,医疗服务,医疗研发外包,2026-08-30复核：生产主营“定制化模型、标准化模型、模型繁育、模型技术服务”，行业分类“医药生物/医疗服务/医疗研发外包”；归入生物医药研发服务,20260830_NEW,False
B_行业与主营一致,申万三级行业为化学制剂，未发现直接冲突,cn,688266,泽璟制药,4,国家重点扶持产业,第二梯队：新兴支柱产业,生物医药,主营+行业映射,公司主营业务为药品,药品,,医药生物,化学制药,化学制剂,2026-08-30复核：生产主营“药品”，行业分类“医药生物/化学制药/化学制剂”；归入生物医药,20260830_NEW,False
C_需人工复核,未在主营/新战略业务中找到集成电路材料直接证据；当前主要依赖电子化学品Ⅲ,cn,688268,华特气体,4,国家重点扶持产业,第三梯队：卡脖子底座,集成电路材料,主营+行业映射,公司主营业务为光刻及其他混合气体,普通工业气体、氟碳类、氢化物、氮氧化合物、碳氧化合物,,电子,电子化学品,电子化学品Ⅲ,2026-08-30复核：生产主营“普通工业气体、氟碳类、氢化物、氮氧化合物、碳氧化合物”，行业分类“电子/电子化学品/电子化学品Ⅲ”；归入集成电路材料,20260830_NEW,False
A_主营直接支持,主营/新战略业务直接命中高端医疗器械证据,cn,688271,联影医疗,3,用户常用,第二梯队：新兴支柱产业,高端医疗器械,主营+行业映射,公司主营业务为销售医学影像诊断设备及放射治疗设备,销售医学影像诊断设备及放射治疗设备、提供维修收入、软件收入,,医药生物,医疗器械,医疗设备,2026-08-30复核：生产主营“销售医学影像诊断设备及放射治疗设备、提供维修收入、软件收入”，行业分类“医药生物/医疗器械/医疗设备”；归入高端医疗器械,20260830_NEW,False
B_行业与主营一致,申万三级行业为军工电子Ⅲ，未发现直接冲突,cn,688272,富吉瑞,4,国家重点扶持产业,第二梯队：新兴支柱产业,航空航天与军工电子,主营+行业映射,公司主营业务为机芯,光电系统、委托研制、机芯、热像仪,,国防军工,军工电子,军工电子Ⅲ,2026-08-30复核：生产主营“光电系统、委托研制、机芯、热像仪”，行业分类“国防军工/军工电子/军工电子Ⅲ”；归入航空航天与军工电子,20260830_NEW,False
B_行业与主营一致,申万三级为医疗设备；保留“高端”口径复核要求,cn,688273,麦澜德,4,国家重点扶持产业,第二梯队：新兴支柱产业,高端医疗器械,主营+行业映射,公司主营业务为盆底康复,盆底康复、生殖康复、运动康复、耗材及配件,,医药生物,医疗器械,医疗设备,2026-08-30复核：生产主营“盆底康复、生殖康复、运动康复、耗材及配件”，行业分类“医药生物/医疗器械/医疗设备”；归入高端医疗器械,20260830_NEW,False
B_行业与主营一致,申万三级行业为电池化学品，未发现直接冲突,cn,688275,万润新能,4,国家重点扶持产业,第二梯队：新兴支柱产业,动力电池与新型储能,主营+行业映射,公司主营业务为磷酸铁锂,磷酸铁锂,,电力设备,电池,电池化学品,2026-08-30复核：生产主营“磷酸铁锂”，行业分类“电力设备/电池/电池化学品”；归入动力电池与新型储能,20260830_NEW,False
A_主营直接支持,主营/新战略业务直接命中生物医药证据,cn,688276,百克生物,4,国家重点扶持产业,第二梯队：新兴支柱产业,生物医药,旧批次规则复核,公司主营业务为水痘疫苗,水痘疫苗、鼻喷流感疫苗、带状疱疹疫苗,,医药生物,生物制品,疫苗,Codex复核：披露业务“水痘疫苗”明确属于生物医药,PREEXISTING,False
B_行业与主营一致,申万三级为医疗设备；保留“高端”口径复核要求,cn,688277,天智航,4,国家重点扶持产业,第二梯队：新兴支柱产业,高端医疗器械,主营+行业映射,公司主营业务为配套设备及耗材,骨科手术导航定位机器人、配套设备及耗材、技术服务,,医药生物,医疗器械,医疗设备,2026-08-30复核：生产主营“骨科手术导航定位机器人、配套设备及耗材、技术服务”，行业分类“医药生物/医疗器械/医疗设备”；归入高端医疗器械,20260830_NEW,False
B_行业与主营一致,申万三级行业为其他生物制品，未发现直接冲突,cn,688278,特宝生物,3,用户常用,第二梯队：新兴支柱产业,生物医药,主营+行业映射,公司主营业务为抗病毒用药,抗病毒用药、血液/肿瘤用药,,医药生物,生物制品,其他生物制品,2026-08-30复核：生产主营“抗病毒用药、血液/肿瘤用药”，行业分类“医药生物/生物制品/其他生物制品”；归入生物医药,20260830_NEW,False
A_主营直接支持,主营/新战略业务直接命中集成电路证据,cn,688279,峰岹科技,4,国家重点扶持产业,第二梯队：新兴支柱产业,集成电路,旧批次规则复核,公司主营业务为电机主控芯片MCU,电机主控芯片MCU、电机驱动芯片HVIC、电机主控芯片ASIC、智能功率模块IPM、功率器件MOSFET,,电子,半导体,数字芯片设计,Codex复核：披露业务“电机主控芯片MCU”明确属于集成电路,PREEXISTING,False
B_行业与主营一致,申万三级行业为航空装备Ⅲ，未发现直接冲突,cn,688281,华秦科技,4,国家重点扶持产业,第二梯队：新兴支柱产业,航空航天,主营+行业映射,公司主营业务为产品销售,产品销售、技术服务收入、零部件加工制造,,国防军工,航空装备,航空装备Ⅲ,2026-08-30复核：生产主营“产品销售、技术服务收入、零部件加工制造”，行业分类“国防军工/航空装备/航空装备Ⅲ”；归入航空航天,20260830_NEW,False
B_行业与主营一致,申万三级行业为其他通信设备，未发现直接冲突,cn,688283,坤恒顺维,4,国家重点扶持产业,第二梯队：新兴支柱产业,新一代通信,主营+行业映射,公司主营业务为无线电测试仿真仪器及系统方案,无线电测试仿真仪器及系统方案、HBI模块化组件,,通信,通信设备,其他通信设备,2026-08-30复核：生产主营“无线电测试仿真仪器及系统方案、HBI模块化组件”，行业分类“通信/通信设备/其他通信设备”；归入新一代通信,20260830_NEW,False
B_行业与主营一致,主营为轨交装备或核心控制/供电系统,cn,688285,高铁电气,4,国家重点扶持产业,第二梯队：新兴支柱产业,高端装备,主营+行业映射,公司主营业务为电气化铁路接触网产品,电气化铁路接触网产品、城市轨道交通供电设备、轨外产品,,机械设备,轨交设备,轨交设备Ⅲ,2026-08-30复核：生产主营“电气化铁路接触网产品、城市轨道交通供电设备、轨外产品”，行业分类“机械设备/轨交设备/轨交设备Ⅲ”；归入高端装备,20260830_NEW,False
B_行业与主营一致,申万三级行业为模拟芯片设计，未发现直接冲突,cn,688286,敏芯股份,4,国家重点扶持产业,第二梯队：新兴支柱产业,集成电路,主营+行业映射,公司主营业务为MEMS声学传感器,MEMS声学传感器、MEMS压力传感器、MEMS惯性传感器,,电子,半导体,模拟芯片设计,2026-08-30复核：生产主营“MEMS声学传感器、MEMS压力传感器、MEMS惯性传感器”，行业分类“电子/半导体/模拟芯片设计”；归入集成电路,20260830_NEW,False
B_行业与主营一致,申万三级行业为其他计算机设备，主营未发现冲突,cn,688288,鸿泉技术,4,国家重点扶持产业,第二梯队：新兴支柱产业,先进计算与信息设备,主营+行业映射,公司主营业务为智能网联,智能网联、软件平台开发、控制器、智能座舱,,计算机,计算机设备,其他计算机设备,2026-08-30复核：生产主营“智能网联、软件平台开发、控制器、智能座舱”，行业分类“计算机/计算机设备/其他计算机设备”；归入先进计算与信息设备,20260830_NEW,False
B_行业与主营一致,申万三级行业为体外诊断，未发现直接冲突,cn,688289,圣湘生物,4,国家重点扶持产业,第二梯队：新兴支柱产业,生物医药,旧批次规则复核,公司主营业务为诊断试剂,诊断试剂、诊断仪器、检测服务,,医药生物,医疗器械,体外诊断,Codex复核：披露业务“诊断试剂”明确属于生物医药,PREEXISTING,False
A_主营直接支持,主营/新战略业务直接命中高端装备证据,cn,688290,景业智能,4,国家重点扶持产业,第二梯队：新兴支柱产业,高端装备,主营/战略文本,公司主营业务为核工业智能装备系统,核工业智能装备系统、非核专用智能装备系统、特种机器人,,机械设备,自动化设备,机器人,2026-08-30复核：生产主营业务“核工业智能装备系统、非核专用智能装备系统、特种机器人”命中“智能装备”；归入高端装备,20260830_NEW,False
A_主营直接支持,主营/新战略业务直接命中软件与信息技术服务证据,cn,688291,金橙子,4,国家重点扶持产业,第二梯队：新兴支柱产业,软件与信息技术服务,主营+行业映射,公司主营业务为激光加工控制系统,激光加工控制系统、激光系统集成硬件、激光精密加工设备,,计算机,软件开发,垂直应用软件,2026-08-30复核：生产主营“激光加工控制系统、激光系统集成硬件、激光精密加工设备”，行业分类“计算机/软件开发/垂直应用软件”；归入软件与信息技术服务,20260830_NEW,False
B_行业与主营一致,申万三级行业为其他计算机设备，主营未发现冲突,cn,688292,浩瀚深度,4,国家重点扶持产业,第二梯队：新兴支柱产业,先进计算与信息设备,主营+行业映射,公司主营业务为网络可视化解决方案,网络可视化解决方案、信息安全防护解决方案、大数据解决方案,,计算机,计算机设备,其他计算机设备,2026-08-30复核：生产主营“网络可视化解决方案、信息安全防护解决方案、大数据解决方案”，行业分类“计算机/计算机设备/其他计算机设备”；归入先进计算与信息设备,20260830_NEW,False
B_行业与主营一致,申万三级行业为其他生物制品，未发现直接冲突,cn,688293,奥浦迈,4,国家重点扶持产业,第二梯队：新兴支柱产业,生物医药,主营+行业映射,公司主营业务为CHO培养基,CHO培养基、293培养基、服务,,医药生物,生物制品,其他生物制品,2026-08-30复核：生产主营“CHO培养基、293培养基、服务”，行业分类“医药生物/生物制品/其他生物制品”；归入生物医药,20260830_NEW,False
A_主营直接支持,主营/新战略业务直接命中新材料证据,cn,688295,中复神鹰,4,国家重点扶持产业,第二梯队：新兴支柱产业,新材料,主营/战略文本,公司主营业务为碳纤维,碳纤维,,基础化工,化学纤维,其他化学纤维,2026-08-30复核：生产主营业务“碳纤维”命中“碳纤维”；归入新材料,20260830_NEW,False
B_行业与主营一致,申万三级行业为垂直应用软件，与软件/信息服务标签一致,cn,688296,和达科技,4,国家重点扶持产业,第二梯队：新兴支柱产业,软件与信息技术服务,主营+行业映射,公司主营业务为智能感传终端,整体解决方案、智能感传终端、水务管理系统、技术服务,,计算机,软件开发,垂直应用软件,2026-08-30复核：生产主营“整体解决方案、智能感传终端、水务管理系统、技术服务”，行业分类“计算机/软件开发/垂直应用软件”；归入软件与信息技术服务,20260830_NEW,False
A_主营直接支持,主营/新战略业务直接命中低空经济证据,cn,688297,中无人机,4,国家重点扶持产业,第二梯队：新兴支柱产业,低空经济,旧批次规则复核,公司主营业务为无人机系统产品及服务,无人机系统产品及服务,,国防军工,航空装备,航空装备Ⅲ,Codex复核：披露业务“无人机系统产品及服务”明确属于低空经济,PREEXISTING,False
B_行业与主营一致,申万三级行业为体外诊断，未发现直接冲突,cn,688298,东方生物,4,国家重点扶持产业,第二梯队：新兴支柱产业,生物医药,旧批次规则复核,公司主营业务为体外诊断试剂,体外诊断试剂,,医药生物,医疗器械,体外诊断,Codex复核：披露业务“体外诊断试剂”明确属于生物医药,PREEXISTING,False
A_主营直接支持,主营/新战略业务直接命中新型显示证据,cn,688299,长阳科技,4,国家重点扶持产业,第二梯队：新兴支柱产业,新型显示,主营+行业映射,公司主营业务为反射膜,反射膜、光学基膜,,电子,光学光电子,面板,2026-08-30复核：生产主营“反射膜、光学基膜”，行业分类“电子/光学光电子/面板”；归入新型显示,20260830_NEW,False
B_行业与主营一致,材料类主营与非金属材料Ⅲ行业一致,cn,688300,联瑞新材,4,国家重点扶持产业,第二梯队：新兴支柱产业,新材料,主营+行业映射,公司主营业务为球形无机粉体,角形无机粉体、球形无机粉体,,基础化工,非金属材料,非金属材料Ⅲ,2026-08-30复核：生产主营“角形无机粉体、球形无机粉体”，行业分类“基础化工/非金属材料/非金属材料Ⅲ”；归入新材料,20260830_NEW,False
A_主营直接支持,主营/新战略业务直接命中高端医疗器械证据,cn,688301,奕瑞科技,2,S100,第二梯队：新兴支柱产业,高端医疗器械,人工复核,公司主营业务为探测器销售,探测器销售、解决方案/技术服务收入,,医药生物,医疗器械,医疗设备,2026-08-30人工复核：主营数字化X线探测器；归入高端医疗器械,20260830_NEW,False
B_行业与主营一致,申万三级行业为化学制剂，未发现直接冲突,cn,688302,海创药业,4,国家重点扶持产业,第二梯队：新兴支柱产业,生物医药,主营+行业映射,,提供技术服务、让渡资产使用权、销售商品,,医药生物,化学制药,化学制剂,2026-08-30复核：生产主营“提供技术服务、让渡资产使用权、销售商品”，行业分类“医药生物/化学制药/化学制剂”；归入生物医药,20260830_NEW,False
B_行业与主营一致,申万三级行业为硅料硅片，未发现直接冲突,cn,688303,大全能源,4,国家重点扶持产业,第二梯队：新兴支柱产业,光伏,主营+行业映射,公司主营业务为高纯多晶硅,高纯多晶硅,,电力设备,光伏设备,硅料硅片,2026-08-30复核：生产主营“高纯多晶硅”，行业分类“电力设备/光伏设备/硅料硅片”；归入光伏,20260830_NEW,False
A_主营直接支持,主营/新战略业务直接命中工业母机证据,cn,688305,科德数控,4,国家重点扶持产业,第三梯队：卡脖子底座,工业母机,旧批次规则复核,公司主营业务为数控机床,数控机床、数控系统、功能部件,,机械设备,通用设备,机床工具,Codex复核：披露业务“数控机床”明确属于工业母机,PREEXISTING,False
C_需人工复核,未在主营/新战略业务中找到高端装备直接证据；当前主要依赖其他自动化设备,cn,688306,均普智能,4,国家重点扶持产业,第二梯队：新兴支柱产业,高端装备,主营/战略文本,公司主营业务为智能制造装备产品,智能制造装备产品,,机械设备,自动化设备,其他自动化设备,2026-08-30复核：生产主营业务“智能制造装备产品”命中“智能制造装备”；归入高端装备,20260830_NEW,False
B_行业与主营一致,申万三级行业为安防设备，主营未发现冲突,cn,688307,中润光学,4,国家重点扶持产业,第二梯队：新兴支柱产业,先进计算与信息设备,主营+行业映射,公司主营业务为智慧监控及感知,智慧监控及感知、智能检测及识别、视频通讯及交互、高清拍摄及显示、技术开发业务,,计算机,计算机设备,安防设备,2026-08-30复核：生产主营“智慧监控及感知、智能检测及识别、视频通讯及交互、高清拍摄及显示、技术开发业务”，行业分类“计算机/计算机设备/安防设备”；归入先进计算与信息设备,20260830_NEW,False
B_行业与主营一致,申万三级行业为环保设备Ⅲ，未发现直接冲突,cn,688309,恒誉科技,4,国家重点扶持产业,第二梯队：新兴支柱产业,节能环保,主营+行业映射,公司主营业务为污油泥裂解生产线,污油泥裂解生产线、废轮胎裂解生产线、废塑料裂解生产线,,环保,环保设备,环保设备Ⅲ,2026-08-30复核：生产主营“污油泥裂解生产线、废轮胎裂解生产线、废塑料裂解生产线”，行业分类“环保/环保设备/环保设备Ⅲ”；归入节能环保,20260830_NEW,False
A_主营直接支持,主营/新战略业务直接命中商业航天证据,cn,688311,盟升电子,4,国家重点扶持产业,第二梯队：新兴支柱产业,商业航天,旧批次规则复核,公司主营业务为卫星通信,卫星导航、卫星通信,,国防军工,军工电子,军工电子Ⅲ,Codex复核：披露业务“卫星通信”明确属于商业航天,PREEXISTING,False
A_主营直接支持,主营/新战略业务直接命中光芯片证据,cn,688313,仕佳光子,2,S100,第一梯队：AI+超级主线,光芯片,旧批次规则复核,公司主营业务为光芯片及器件,光芯片及器件、室内光缆、线缆高分子材料,,通信,通信设备,通信网络设备及器件,Codex复核：披露业务“光芯片及器件”明确属于光芯片,PREEXISTING,False
C_需人工复核,未在主营/新战略业务中找到高端医疗器械直接证据；当前主要依赖医疗耗材,cn,688314,康拓医疗,4,国家重点扶持产业,第二梯队：新兴支柱产业,高端医疗器械,主营+行业映射,公司主营业务为PEEK材料神经外科产品,PEEK材料神经外科产品、钛材料神经外科产品,,医药生物,医疗器械,医疗耗材,2026-08-30复核：生产主营“PEEK材料神经外科产品、钛材料神经外科产品”，行业分类“医药生物/医疗器械/医疗耗材”；归入高端医疗器械,20260830_NEW,False
A_主营直接支持,主营/新战略业务直接命中软件与信息技术服务证据,cn,688316,青云科技,4,国家重点扶持产业,第二梯队：新兴支柱产业,软件与信息技术服务,主营+行业映射,公司主营业务为云服务,云产品、云服务,,计算机,IT服务,IT服务Ⅲ,2026-08-30复核：生产主营“云产品、云服务”，行业分类“计算机/IT服务/IT服务Ⅲ”；归入软件与信息技术服务,20260830_NEW,False
B_行业与主营一致,申万三级为体外诊断；保留“高端”口径复核要求,cn,688317,之江生物,4,国家重点扶持产业,第二梯队：新兴支柱产业,高端医疗器械,主营+行业映射,公司主营业务为核酸检测试剂盒,核酸检测试剂盒、分子诊断仪器、其它,,医药生物,医疗器械,体外诊断,2026-08-30复核：生产主营“核酸检测试剂盒、分子诊断仪器、其它”，行业分类“医药生物/医疗器械/体外诊断”；归入高端医疗器械,20260830_NEW,False
A_主营直接支持,主营/新战略业务直接命中软件与信息技术服务证据,cn,688318,财富趋势,4,国家重点扶持产业,第二梯队：新兴支柱产业,软件与信息技术服务,主营+行业映射,公司主营业务为软件服务收入,软件销售收入、软件服务收入、证券信息服务收入,,计算机,软件开发,垂直应用软件,2026-08-30复核：生产主营“软件销售收入、软件服务收入、证券信息服务收入”，行业分类“计算机/软件开发/垂直应用软件”；归入软件与信息技术服务,20260830_NEW,False
A_主营直接支持,主营/新战略业务直接命中生物医药证据,cn,688319,欧林生物,4,国家重点扶持产业,第二梯队：新兴支柱产业,生物医药,旧批次规则复核,公司主营业务为吸附破伤风疫苗,吸附破伤风疫苗、b型流感嗜血杆菌结合疫苗、A群C群脑膜炎球菌多糖结合疫苗、精制破伤风类毒素原液,,医药生物,生物制品,疫苗,Codex复核：披露业务“吸附破伤风疫苗”明确属于生物医药,PREEXISTING,False
A_主营直接支持,主营/新战略业务直接命中智能制造装备证据,cn,688320,禾川科技,4,国家重点扶持产业,第二梯队：新兴支柱产业,智能制造装备,主营+行业映射,公司主营业务为工控产品,工控产品、机床,,机械设备,自动化设备,工控设备,2026-08-30复核：生产主营“工控产品、机床”，行业分类“机械设备/自动化设备/工控设备”；归入智能制造装备,20260830_NEW,False
B_行业与主营一致,申万三级行业为化学制剂，未发现直接冲突,cn,688321,微芯生物,4,国家重点扶持产业,第二梯队：新兴支柱产业,生物医药,主营+行业映射,公司主营业务为商品销售,商品销售、技术授权收入,,医药生物,化学制药,化学制剂,2026-08-30复核：生产主营“商品销售、技术授权收入”，行业分类“医药生物/化学制药/化学制剂”；归入生物医药,20260830_NEW,False
A_主营直接支持,主营/新战略业务直接命中关键电子元器件证据,cn,688322,奥比中光,2,S100,第二梯队：新兴支柱产业,关键电子元器件,人工复核,公司主营业务为消费级应用设备,消费级应用设备、3D视觉传感器、工业级应用设备,,电子,光学光电子,光学元件,2026-08-30人工复核：主营3D视觉传感器；归入关键电子元器件,20260830_NEW,False
B_行业与主营一致,材料类主营与膜材料行业一致,cn,688323,瑞华泰,4,国家重点扶持产业,第二梯队：新兴支柱产业,新材料,主营+行业映射,公司主营业务为高性能PI薄膜,高性能PI薄膜,,基础化工,塑料,膜材料,2026-08-30复核：生产主营“高性能PI薄膜”，行业分类“基础化工/塑料/膜材料”；归入新材料,20260830_NEW,False
A_主营直接支持,主营/新战略业务直接命中集成电路证据,cn,688325,赛微微电,4,国家重点扶持产业,第二梯队：新兴支柱产业,集成电路,主营+行业映射,公司主营业务为电池安全芯片,电池安全芯片、电池计量芯片,,电子,半导体,模拟芯片设计,2026-08-30复核：生产主营“电池安全芯片、电池计量芯片”，行业分类“电子/半导体/模拟芯片设计”；归入集成电路,20260830_NEW,False
B_行业与主营一致,申万三级行业为垂直应用软件，与软件/信息服务标签一致,cn,688326,经纬恒润,4,国家重点扶持产业,第二梯队：新兴支柱产业,软件与信息技术服务,主营+行业映射,公司主营业务为电子产品业务,电子产品业务、研发服务及解决方案业务、高级别智能驾驶整体解决方案业务,,计算机,软件开发,垂直应用软件,2026-08-30复核：生产主营“电子产品业务、研发服务及解决方案业务、高级别智能驾驶整体解决方案业务”，行业分类“计算机/软件开发/垂直应用软件”；归入软件与信息技术服务,20260830_NEW,False
A_主营直接支持,主营/新战略业务直接命中行业模型证据,cn,688327,云从科技,4,国家重点扶持产业,第一梯队：AI+超级主线,行业模型,旧批次规则复核,公司主营业务为人工智能解决方案,人工智能解决方案、人机协同操作系统,,计算机,IT服务,IT服务Ⅲ,Codex复核：披露业务“人工智能解决方案”明确属于行业模型,PREEXISTING,False
A_主营直接支持,主营/新战略业务直接命中集成电路设备证据,cn,688328,深科达,4,国家重点扶持产业,第三梯队：卡脖子底座,集成电路设备,旧批次规则复核,公司主营业务为半导体设备,平板显示模组类设备、半导体设备、核心零部件,,机械设备,专用设备,其他专用设备,Codex复核：披露业务“半导体设备”明确属于集成电路设备,PREEXISTING,False
B_行业与主营一致,申万三级行业为其他生物制品，未发现直接冲突,cn,688331,荣昌生物,3,用户常用,第二梯队：新兴支柱产业,生物医药,主营+行业映射,公司主营业务为生物药,生物药、技术服务,,医药生物,生物制品,其他生物制品,2026-08-30复核：生产主营“生物药、技术服务”，行业分类“医药生物/生物制品/其他生物制品”；归入生物医药,20260830_NEW,False
A_主营直接支持,主营/新战略业务直接命中集成电路证据,cn,688332,中科蓝讯,2,S100,第二梯队：新兴支柱产业,集成电路,主营/战略文本,公司主营业务为蓝牙耳机芯片,蓝牙耳机芯片、蓝牙音箱芯片、数字音频芯片、智能穿戴芯片、无线麦克风芯片,,电子,半导体,数字芯片设计,2026-08-30复核：生产主营业务“蓝牙耳机芯片、蓝牙音箱芯片、数字音频芯片、智能穿戴芯片、无线麦克风芯片”命中“蓝牙耳机芯片”；归入集成电路,20260830_NEW,False
A_主营直接支持,主营/新战略业务直接命中增材制造证据,cn,688333,铂力特,1,黄埔线下标的,第二梯队：新兴支柱产业,增材制造,人工复核,公司主营业务为3D打印定制化产品及技术服务,3D打印定制化产品及技术服务,,机械设备,通用设备,其他通用设备,2026-08-30人工复核：主营金属3D打印；归入增材制造,20260830_NEW,False
A_主营直接支持,主营/新战略业务直接命中节能环保证据,cn,688335,复洁科技,4,国家重点扶持产业,第二梯队：新兴支柱产业,节能环保,主营+行业映射,公司主营业务为高端固液分离装备,高端固液分离装备、废气净化技术装备、运营服务、双碳综合服务、节能降碳技术装备销售及服务,,环保,环境治理,水务及水治理,2026-08-30复核：生产主营“高端固液分离装备、废气净化技术装备、运营服务、双碳综合服务、节能降碳技术装备销售及服务”，行业分类“环保/环境治理/水务及水治理”；归入节能环保,20260830_NEW,False
A_主营直接支持,主营/新战略业务直接命中生物医药证据,cn,688336,三生国健,4,国家重点扶持产业,第二梯队：新兴支柱产业,生物医药,主营/战略文本,公司主营业务为医药制造,医药制造、CDMO业务、授权许可,,医药生物,生物制品,其他生物制品,2026-08-30复核：生产主营业务“医药制造、CDMO业务、授权许可”命中“医药制造”；归入生物医药,20260830_NEW,False
B_行业与主营一致,申万三级为体外诊断；保留“高端”口径复核要求,cn,688338,赛科希德,4,国家重点扶持产业,第二梯队：新兴支柱产业,高端医疗器械,主营+行业映射,公司主营业务为试剂,试剂、耗材、仪器,,医药生物,医疗器械,体外诊断,2026-08-30复核：生产主营“试剂、耗材、仪器”，行业分类“医药生物/医疗器械/体外诊断”；归入高端医疗器械,20260830_NEW,False
A_主营直接支持,主营/新战略业务直接命中氢能证据,cn,688339,亿华通,4,国家重点扶持产业,第四梯队：未来产业,氢能,旧批次规则复核,公司主营业务为燃料电池系统,燃料电池系统、零部件、技术开发及服务,,电力设备,电池,燃料电池,Codex复核：披露业务“燃料电池系统”明确属于氢能,PREEXISTING,False
A_主营直接支持,主营/新战略业务直接命中国产算力芯片证据,cn,688343,云天励飞,3,用户常用,第一梯队：AI+超级主线,国产算力芯片,旧批次规则复核,公司主营业务为数字城市运营管理AI产品及整体解决方案,数字城市运营管理AI产品及整体解决方案、人居生活智慧化升级AI产品及整体解决方案、AI芯片销售及IP授权,,计算机,IT服务,IT服务Ⅲ,Codex复核：披露业务“数字城市运营管理AI产品及整体解决方案”明确属于国产算力芯片,PREEXISTING,False
A_主营直接支持,主营/新战略业务直接命中动力电池与新型储能证据,cn,688345,博力威,4,国家重点扶持产业,第二梯队：新兴支柱产业,动力电池与新型储能,主营/战略文本,公司主营业务为轻型车用锂离子电池,轻型车用锂离子电池、消费电子类电池、储能电池、锂电芯,,电力设备,电池,锂电池,2026-08-30复核：生产主营业务“轻型车用锂离子电池、消费电子类电池、储能电池、锂电芯”命中“储能电池”；归入动力电池与新型储能,20260830_NEW,False
A_主营直接支持,主营/新战略业务直接命中集成电路证据,cn,688347,华虹宏力,2,S100,第二梯队：新兴支柱产业,集成电路,旧批次规则复核,公司主营业务为集成电路晶圆代工,集成电路晶圆代工、租赁,,电子,半导体,集成电路制造,Codex复核：披露业务“集成电路晶圆代工”明确属于集成电路,PREEXISTING,False
A_主营直接支持,主营/新战略业务直接命中动力电池与新型储能证据,cn,688348,昱能科技,4,国家重点扶持产业,第二梯队：新兴支柱产业,动力电池与新型储能,主营/战略文本,公司主营业务为微逆及能量通信产品,微逆及能量通信产品、工商业储能系统及服务、智控关断器、户用储能产品,,电力设备,光伏设备,逆变器,2026-08-30复核：生产主营业务“微逆及能量通信产品、工商业储能系统及服务、智控关断器、户用储能产品”命中“储能系统”；归入动力电池与新型储能,20260830_NEW,False
A_主营直接支持,主营/新战略业务直接命中风电证据,cn,688349,三一重能,4,国家重点扶持产业,第二梯队：新兴支柱产业,风电,主营/战略文本,公司主营业务为风力发电机组制造,发电收入、风力发电机组制造、风电服务,,电力设备,风电设备,风电整机,2026-08-30复核：生产主营业务“发电收入、风力发电机组制造、风电服务”命中“风力发电”；归入风电,20260830_NEW,False
C_需人工复核,未在主营/新战略业务中找到高端医疗器械直接证据；当前主要依赖医疗耗材,cn,688351,微电生理,4,国家重点扶持产业,第二梯队：新兴支柱产业,高端医疗器械,主营+行业映射,公司主营业务为导管类产品,导管类产品、设备类产品,,医药生物,医疗器械,医疗耗材,2026-08-30复核：生产主营“导管类产品、设备类产品”，行业分类“医药生物/医疗器械/医疗耗材”；归入高端医疗器械,20260830_NEW,False
A_主营直接支持,主营/新战略业务直接命中集成电路证据,cn,688352,颀中科技,4,国家重点扶持产业,第二梯队：新兴支柱产业,集成电路,旧批次规则复核,公司主营业务为显示驱动芯片封测,显示驱动芯片封测、非显示驱动芯片封测,,电子,半导体,集成电路封测,Codex复核：披露业务“显示驱动芯片封测”明确属于集成电路,PREEXISTING,False
B_行业与主营一致,申万三级行业为电池化学品，未发现直接冲突,cn,688353,华盛锂电,4,国家重点扶持产业,第二梯队：新兴支柱产业,动力电池与新型储能,主营+行业映射,公司主营业务为VC,VC、FEC,,电力设备,电池,电池化学品,2026-08-30复核：生产主营“VC、FEC”，行业分类“电力设备/电池/电池化学品”；归入动力电池与新型储能,20260830_NEW,False
B_行业与主营一致,申万三级行业为原料药，未发现直接冲突,cn,688356,键凯科技,4,国家重点扶持产业,第二梯队：新兴支柱产业,生物医药,主营+行业映射,公司主营业务为销售产品,销售产品、技术使用费、运输服务,,医药生物,化学制药,原料药,2026-08-30复核：生产主营“销售产品、技术使用费、运输服务”，行业分类“医药生物/化学制药/原料药”；归入生物医药,20260830_NEW,False
A_主营直接支持,主营/新战略业务直接命中高端医疗器械证据,cn,688358,祥生医疗,4,国家重点扶持产业,第二梯队：新兴支柱产业,高端医疗器械,主营/战略文本,公司主营业务为超声医学影像设备,超声医学影像设备、技术服务费,,医药生物,医疗器械,医疗设备,2026-08-30复核：生产主营业务“超声医学影像设备、技术服务费”命中“医学影像设备”；归入高端医疗器械,20260830_NEW,False
D_确认需修正,主营PCB电镀化学品，当前“集成电路材料”口径过窄且不准确,cn,688359,三孚新科,4,国家重点扶持产业,第三梯队：卡脖子底座,集成电路材料,主营+行业映射,公司主营业务为电子化学品,电子化学品、通用电镀化学品、设备及设备构件,,电子,电子化学品,电子化学品Ⅲ,2026-08-30复核：生产主营“电子化学品、通用电镀化学品、设备及设备构件”，行业分类“电子/电子化学品/电子化学品Ⅲ”；归入集成电路材料,20260830_NEW,False
A_主营直接支持,主营/新战略业务直接命中集成电路设备证据,cn,688361,中科飞测,2,S100,第三梯队：卡脖子底座,集成电路设备,主营/战略文本,公司主营业务为检测设备,检测设备、量测设备,,电子,半导体,半导体设备,2026-08-30复核：生产主营业务“检测设备、量测设备”命中“量测设备”；归入集成电路设备,20260830_NEW,False
A_主营直接支持,主营/新战略业务直接命中集成电路证据,cn,688362,甬矽电子,4,国家重点扶持产业,第二梯队：新兴支柱产业,集成电路,主营+行业映射,公司主营业务为系统级封装产品,系统级封装产品、扁平无引脚封装产品、高密度细间距凸点倒装产品、晶圆级封测产品,,电子,半导体,集成电路封测,2026-08-30复核：生产主营“系统级封装产品、扁平无引脚封装产品、高密度细间距凸点倒装产品、晶圆级封测产品”，行业分类“电子/半导体/集成电路封测”；归入集成电路,20260830_NEW,False
B_行业与主营一致,申万三级行业为IT服务Ⅲ，与软件/信息服务标签一致,cn,688365,光云科技,4,国家重点扶持产业,第二梯队：新兴支柱产业,软件与信息技术服务,主营+行业映射,公司主营业务为SaaS产品,运营服务、CRM短信、配套硬件、SaaS产品,,计算机,IT服务,IT服务Ⅲ,2026-08-30复核：生产主营“运营服务、CRM短信、配套硬件、SaaS产品”，行业分类“计算机/IT服务/IT服务Ⅲ”；归入软件与信息技术服务,20260830_NEW,False
C_需人工复核,未在主营/新战略业务中找到高端医疗器械直接证据；当前主要依赖医疗耗材,cn,688366,昊海生科,4,国家重点扶持产业,第二梯队：新兴支柱产业,高端医疗器械,主营+行业映射,公司主营业务为医疗美容与创面护理产品,医疗美容与创面护理产品、眼科产品、骨科产品、防粘连及止血产品,,医药生物,医疗器械,医疗耗材,2026-08-30复核：生产主营“医疗美容与创面护理产品、眼科产品、骨科产品、防粘连及止血产品”，行业分类“医药生物/医疗器械/医疗耗材”；归入高端医疗器械,20260830_NEW,False
B_行业与主营一致,主营为轨交装备或核心控制/供电系统,cn,688367,工大高科,4,国家重点扶持产业,第二梯队：新兴支柱产业,高端装备,主营+行业映射,公司主营业务为地面工业铁路信号控制与智能调度产品,地面工业铁路信号控制与智能调度产品、矿井井下信号控制与智能调度产品、信息系统集成及技术服务,,机械设备,轨交设备,轨交设备Ⅲ,2026-08-30复核：生产主营“地面工业铁路信号控制与智能调度产品、矿井井下信号控制与智能调度产品、信息系统集成及技术服务”，行业分类“机械设备/轨交设备/轨交设备Ⅲ”；归入高端装备,20260830_NEW,False
A_主营直接支持,主营/新战略业务直接命中集成电路证据,cn,688368,晶丰明源,4,国家重点扶持产业,第二梯队：新兴支柱产业,集成电路,旧批次规则复核,公司主营业务为LED照明驱动芯片,LED照明驱动芯片、AC/DC电源芯片、电机控制驱动芯片、高性能计算电源芯片,,电子,半导体,模拟芯片设计,Codex复核：披露业务“LED照明驱动芯片”明确属于集成电路,PREEXISTING,False
A_主营直接支持,主营/新战略业务直接命中软件与信息技术服务证据,cn,688369,致远互联,4,国家重点扶持产业,第二梯队：新兴支柱产业,软件与信息技术服务,主营+行业映射,公司主营业务为协同管理软件产品,协同管理软件产品、技术服务,,计算机,软件开发,横向通用软件,2026-08-30复核：生产主营“协同管理软件产品、技术服务”，行业分类“计算机/软件开发/横向通用软件”；归入软件与信息技术服务,20260830_NEW,False
B_行业与主营一致,申万三级行业为固废治理，未发现直接冲突,cn,688370,丛麟科技,4,国家重点扶持产业,第二梯队：新兴支柱产业,节能环保,主营+行业映射,公司主营业务为无害化处置,无害化处置、资源化利用,,环保,环境治理,固废治理,2026-08-30复核：生产主营“无害化处置、资源化利用”，行业分类“环保/环境治理/固废治理”；归入节能环保,20260830_NEW,False
C_需人工复核,未在主营/新战略业务中找到集成电路材料直接证据；当前主要依赖电子化学品Ⅲ,cn,688371,菲沃泰,4,国家重点扶持产业,第三梯队：卡脖子底座,集成电路材料,主营+行业映射,公司主营业务为纳米薄膜产品,纳米薄膜产品,,电子,电子化学品,电子化学品Ⅲ,2026-08-30复核：生产主营“纳米薄膜产品”，行业分类“电子/电子化学品/电子化学品Ⅲ”；归入集成电路材料,20260830_NEW,False
A_主营直接支持,主营/新战略业务直接命中集成电路证据,cn,688372,伟测科技,2,S100,第二梯队：新兴支柱产业,集成电路,主营/战略文本,公司主营业务为晶圆测试,晶圆测试、芯片成品测试,,电子,半导体,集成电路封测,2026-08-30复核：生产主营业务“晶圆测试、芯片成品测试”命中“晶圆测试”；归入集成电路,20260830_NEW,False
B_行业与主营一致,申万三级行业为化学制剂，未发现直接冲突,cn,688373,盟科药业,4,国家重点扶持产业,第二梯队：新兴支柱产业,生物医药,主营+行业映射,公司主营业务为康替唑胺片,康替唑胺片,,医药生物,化学制药,化学制剂,2026-08-30复核：生产主营“康替唑胺片”，行业分类“医药生物/化学制药/化学制剂”；归入生物医药,20260830_NEW,False
A_主营直接支持,主营/新战略业务直接命中集成电路证据,cn,688375,国博电子,4,国家重点扶持产业,第二梯队：新兴支柱产业,集成电路,主营/战略文本,公司主营业务为T/R组件和射频模块,T/R组件和射频模块、射频芯片,,国防军工,军工电子,军工电子Ⅲ,2026-08-30复核：生产主营业务“T/R组件和射频模块、射频芯片”命中“射频芯片”；归入集成电路,20260830_NEW,False
B_行业与主营一致,申万三级行业为环保设备Ⅲ，未发现直接冲突,cn,688376,美埃科技,4,国家重点扶持产业,第二梯队：新兴支柱产业,节能环保,主营+行业映射,公司主营业务为风机过滤单元及过滤器产品,风机过滤单元及过滤器产品,,环保,环保设备,环保设备Ⅲ,2026-08-30复核：生产主营“风机过滤单元及过滤器产品”，行业分类“环保/环保设备/环保设备Ⅲ”；归入节能环保,20260830_NEW,False
B_行业与主营一致,申万三级为光学元件，与关键元器件方向一致,cn,688378,奥来德,4,国家重点扶持产业,第二梯队：新兴支柱产业,关键电子元器件,主营+行业映射,公司主营业务为有机发光材料,有机发光材料、蒸发源设备,,电子,光学光电子,光学元件,2026-08-30复核：生产主营“有机发光材料、蒸发源设备”，行业分类“电子/光学光电子/光学元件”；归入关键电子元器件,20260830_NEW,False
A_主营直接支持,主营/新战略业务直接命中集成电路证据,cn,688380,中微半导,3,用户常用,第二梯队：新兴支柱产业,集成电路,主营+行业映射,公司主营业务为消费电子芯片,消费电子芯片、小家电控制芯片、大家电和工业控制芯片、汽车电子芯片,,电子,半导体,数字芯片设计,2026-08-30复核：生产主营“消费电子芯片、小家电控制芯片、大家电和工业控制芯片、汽车电子芯片”，行业分类“电子/半导体/数字芯片设计”；归入集成电路,20260830_NEW,False
B_行业与主营一致,申万三级行业为模拟芯片设计，未发现直接冲突,cn,688381,帝奥微,4,国家重点扶持产业,第二梯队：新兴支柱产业,集成电路,主营+行业映射,公司主营业务为信号链,电源管理、信号链,,电子,半导体,模拟芯片设计,2026-08-30复核：生产主营“电源管理、信号链”，行业分类“电子/半导体/模拟芯片设计”；归入集成电路,20260830_NEW,False
B_行业与主营一致,申万三级行业为化学制剂，未发现直接冲突,cn,688382,益方生物,4,国家重点扶持产业,第二梯队：新兴支柱产业,生物医药,主营+行业映射,公司主营业务为技术授权和技术合作收入,技术授权和技术合作收入,,医药生物,化学制药,化学制剂,2026-08-30复核：生产主营“技术授权和技术合作收入”，行业分类“医药生物/化学制药/化学制剂”；归入生物医药,20260830_NEW,False
A_主营直接支持,主营/新战略业务直接命中集成电路证据,cn,688385,复旦微电,4,国家重点扶持产业,第二梯队：新兴支柱产业,集成电路,旧批次规则复核,公司主营业务为非挥发性存储器,安全与识别芯片、非挥发性存储器、智能电表芯片、集成电路测试服务,,电子,半导体,数字芯片设计,Codex复核：披露业务“非挥发性存储器”明确属于集成电路,PREEXISTING,False
B_行业与主营一致,材料类主营与膜材料行业一致,cn,688386,泛亚微透,4,国家重点扶持产业,第二梯队：新兴支柱产业,新材料,主营+行业映射,公司主营业务为ePTFE微透产品,挡水膜、密封件、吸隔声产品、ePTFE微透产品、气凝胶、CMD、气体管理产品,,基础化工,塑料,膜材料,2026-08-30复核：生产主营“挡水膜、密封件、吸隔声产品、ePTFE微透产品、气凝胶、CMD、气体管理产品”，行业分类“基础化工/塑料/膜材料”；归入新材料,20260830_NEW,False
A_主营直接支持,主营/新战略业务直接命中新一代通信证据,cn,688387,信科移动,4,国家重点扶持产业,第二梯队：新兴支柱产业,新一代通信,主营+行业映射,公司主营业务为移动通信一体化服务,系统设备、天馈设备、室分设备、移动通信一体化服务、移动通信网络运维服务,,通信,通信设备,通信网络设备及器件,2026-08-30复核：生产主营“系统设备、天馈设备、室分设备、移动通信一体化服务、移动通信网络运维服务”，行业分类“通信/通信设备/通信网络设备及器件”；归入新一代通信,20260830_NEW,False
C_需人工复核,未在主营/新战略业务中找到新材料直接证据；当前主要依赖锂电池,cn,688388,嘉元科技,4,国家重点扶持产业,第二梯队：新兴支柱产业,新材料,主营/战略文本,公司主营业务为锂电铜箔,锂电铜箔、标准铜箔,,电力设备,电池,锂电池,2026-08-30复核：生产主营业务“锂电铜箔、标准铜箔”命中“锂电铜箔”；归入新材料,20260830_NEW,False
B_行业与主营一致,申万三级行业为体外诊断，未发现直接冲突,cn,688389,普门科技,4,国家重点扶持产业,第二梯队：新兴支柱产业,生物医药,旧批次规则复核,公司主营业务为体外诊断类,治疗与康复类、医用产品、家用产品、体外诊断类、检验设备、检验试剂,,医药生物,医疗器械,体外诊断,Codex复核：披露业务“体外诊断类”明确属于生物医药,PREEXISTING,False
A_主营直接支持,主营/新战略业务直接命中动力电池与新型储能证据,cn,688390,固德威,4,国家重点扶持产业,第二梯队：新兴支柱产业,动力电池与新型储能,主营/战略文本,公司主营业务为光伏并网逆变器,光伏并网逆变器、户用系统、光伏储能逆变器、储能电池,,电力设备,光伏设备,逆变器,2026-08-30复核：生产主营业务“光伏并网逆变器、户用系统、光伏储能逆变器、储能电池”命中“储能电池”；归入动力电池与新型储能,20260830_NEW,False
A_主营直接支持,主营/新战略业务直接命中集成电路证据,cn,688391,钜泉科技,4,国家重点扶持产业,第二梯队：新兴支柱产业,集成电路,主营+行业映射,公司主营业务为智能电表芯片,智能电表芯片,,电子,半导体,模拟芯片设计,2026-08-30复核：生产主营“智能电表芯片”，行业分类“电子/半导体/模拟芯片设计”；归入集成电路,20260830_NEW,False
A_主营直接支持,主营/新战略业务直接命中集成电路证据,cn,688392,骄成超声,4,国家重点扶持产业,第二梯队：新兴支柱产业,集成电路,旧批次规则复核,公司主营业务为配件,新能源电池超声波设备、线束连接器超声波设备、半导体超声波设备、非金属超声波设备、配件,,电力设备,电池,锂电专用设备,Codex复核：披露业务“配件”明确属于集成电路,PREEXISTING,False
B_行业与主营一致,申万三级为体外诊断；保留“高端”口径复核要求,cn,688393,安必平,4,国家重点扶持产业,第二梯队：新兴支柱产业,高端医疗器械,主营+行业映射,公司主营业务为自产产品,自产产品、外购产品、服务收入,,医药生物,医疗器械,体外诊断,2026-08-30复核：生产主营“自产产品、外购产品、服务收入”，行业分类“医药生物/医疗器械/体外诊断”；归入高端医疗器械,20260830_NEW,False
A_主营直接支持,主营/新战略业务直接命中机器人核心部件证据,cn,688395,正弦电气,4,国家重点扶持产业,第三梯队：卡脖子底座,机器人核心部件,主营/战略文本,公司主营业务为通用变频器,通用变频器、一体化专机、伺服系统,,机械设备,自动化设备,工控设备,2026-08-30复核：生产主营业务“通用变频器、一体化专机、伺服系统”命中“伺服系统”；归入机器人核心部件,20260830_NEW,False
B_行业与主营一致,申万三级行业为集成电路制造，未发现直接冲突,cn,688396,华润微,3,用户常用,第二梯队：新兴支柱产业,集成电路,主营+行业映射,公司主营业务为产品与方案,产品与方案、制造与服务,,电子,半导体,集成电路制造,2026-08-30复核：生产主营“产品与方案、制造与服务”，行业分类“电子/半导体/集成电路制造”；归入集成电路,20260830_NEW,False
B_行业与主营一致,申万三级行业为体外诊断，未发现直接冲突,cn,688399,硕世生物,4,国家重点扶持产业,第二梯队：新兴支柱产业,生物医药,旧批次规则复核,公司主营业务为诊断试剂,诊断试剂、诊断仪器、检测服务,,医药生物,医疗器械,体外诊断,Codex复核：披露业务“诊断试剂”明确属于生物医药,PREEXISTING,False
A_主营直接支持,主营/新战略业务直接命中集成电路材料证据,cn,688401,路维光电,4,国家重点扶持产业,第三梯队：卡脖子底座,集成电路材料,主营+行业映射,公司主营业务为石英掩膜版,石英掩膜版、苏打掩膜版,,电子,半导体,半导体材料,2026-08-30复核：生产主营“石英掩膜版、苏打掩膜版”，行业分类“电子/半导体/半导体材料”；归入集成电路材料,20260830_NEW,False
A_主营直接支持,主营/新战略业务直接命中集成电路证据,cn,688403,汇成股份,4,国家重点扶持产业,第二梯队：新兴支柱产业,集成电路,旧批次规则复核,公司主营业务为集成电路封装测试,集成电路封装测试,,电子,半导体,集成电路封测,Codex复核：披露业务“集成电路封装测试”明确属于集成电路,PREEXISTING,False
B_行业与主营一致,申万三级行业为光伏辅材，未发现直接冲突,cn,688408,中信博,4,国家重点扶持产业,第二梯队：新兴支柱产业,光伏,主营+行业映射,公司主营业务为跟踪支架,固定支架、跟踪支架,,电力设备,光伏设备,光伏辅材,2026-08-30复核：生产主营“固定支架、跟踪支架”，行业分类“电力设备/光伏设备/光伏辅材”；归入光伏,20260830_NEW,False
B_行业与主营一致,申万三级行业为半导体设备，未发现直接冲突,cn,688409,富创精密,4,国家重点扶持产业,第三梯队：卡脖子底座,集成电路设备,主营+行业映射,公司主营业务为模组产品,机械及机电零组件、气体传输系统,,电子,半导体,半导体设备,2026-08-30复核：生产主营“机械及机电零组件、气体传输系统”，行业分类“电子/半导体/半导体设备”；归入集成电路设备,20260830_NEW,False
B_行业与主营一致,申万三级为医疗设备；保留“高端”口径复核要求,cn,688410,山外山,4,国家重点扶持产业,第二梯队：新兴支柱产业,高端医疗器械,主营+行业映射,公司主营业务为血液净化设备,血液净化设备、血液净化耗材、医疗服务、产品质量保证,,医药生物,医疗器械,医疗设备,2026-08-30复核：生产主营“血液净化设备、血液净化耗材、医疗服务、产品质量保证”，行业分类“医药生物/医疗器械/医疗设备”；归入高端医疗器械,20260830_NEW,False
A_主营直接支持,主营/新战略业务直接命中动力电池与新型储能证据,cn,688411,海博思创,3,用户常用,第二梯队：新兴支柱产业,动力电池与新型储能,主营/战略文本,公司主营业务为储能系统,储能系统、电源侧、电网侧、动力电池系统产品、动力电池系统、电池管理系统、远程监控终端、技术服务、新能源车租赁,,电力设备,其他电源设备,其他电源设备Ⅲ,2026-08-30复核：生产主营业务“储能系统、电源侧、电网侧、动力电池系统产品、动力电池系统、电池管理系统、远程监控终端、技术服务、新能源车租赁”命中“储能系统”；归入动力电池与新型储能,20260830_NEW,False
B_行业与主营一致,申万三级行业为数字芯片设计，未发现直接冲突,cn,688416,恒烁股份,4,国家重点扶持产业,第三梯队：卡脖子底座,高端芯片,旧批次规则复核,公司主营业务为存储芯片,存储芯片,,电子,半导体,数字芯片设计,Codex复核：披露业务“存储芯片”明确属于高端芯片,PREEXISTING,False
B_行业与主营一致,申万三级行业为其他通信设备，未发现直接冲突,cn,688418,震有科技,4,国家重点扶持产业,第二梯队：新兴支柱产业,新一代通信,主营+行业映射,公司主营业务为数智网络及智慧应急系统,数智网络及智慧应急系统、光网络及接入系统、核心网系统、技术与维保服务,,通信,通信设备,其他通信设备,2026-08-30复核：生产主营“数智网络及智慧应急系统、光网络及接入系统、核心网系统、技术与维保服务”，行业分类“通信/通信设备/其他通信设备”；归入新一代通信,20260830_NEW,False
A_主营直接支持,主营/新战略业务直接命中集成电路证据,cn,688419,耐科装备,4,国家重点扶持产业,第二梯队：新兴支柱产业,集成电路,旧批次规则复核,公司主营业务为塑料挤出成型模具,半导体封装设备、半导体封装模具、塑料挤出成型模具、挤出成型装置及下游设备,,电子,半导体,半导体设备,Codex复核：披露业务“塑料挤出成型模具”明确属于集成电路,PREEXISTING,False
A_主营直接支持,主营/新战略业务直接命中高端装备证据,cn,688420,美腾科技,4,国家重点扶持产业,第二梯队：新兴支柱产业,高端装备,主营/战略文本,公司主营业务为智能装备,智能装备、智能系统与仪器,,机械设备,专用设备,能源及重型设备,2026-08-30复核：生产主营业务“智能装备、智能系统与仪器”命中“智能装备”；归入高端装备,20260830_NEW,False
B_行业与主营一致,申万三级为体外诊断；保留“高端”口径复核要求,cn,688426,康为世纪,4,国家重点扶持产业,第二梯队：新兴支柱产业,高端医疗器械,主营+行业映射,公司主营业务为商品销售,商品销售、分子检测服务,,医药生物,医疗器械,体外诊断,2026-08-30复核：生产主营“商品销售、分子检测服务”，行业分类“医药生物/医疗器械/体外诊断”；归入高端医疗器械,20260830_NEW,False
B_行业与主营一致,申万三级行业为化学制剂，未发现直接冲突,cn,688428,诺诚健华,4,国家重点扶持产业,第二梯队：新兴支柱产业,生物医药,主营+行业映射,公司主营业务为药品销售,药品销售、研发服务,,医药生物,化学制药,化学制剂,2026-08-30复核：生产主营“药品销售、研发服务”，行业分类“医药生物/化学制药/化学制剂”；归入生物医药,20260830_NEW,False
A_主营直接支持,主营/新战略业务直接命中光伏证据,cn,688429,时创能源,4,国家重点扶持产业,第二梯队：新兴支柱产业,光伏,主营/战略文本,公司主营业务为光伏湿制程辅助品,光伏湿制程辅助品、光伏设备、光伏电池,,电力设备,光伏设备,光伏电池组件,2026-08-30复核：生产主营业务“光伏湿制程辅助品、光伏设备、光伏电池”命中“光伏”；归入光伏,20260830_NEW,False
A_主营直接支持,主营/新战略业务直接命中集成电路证据,cn,688432,有研硅,4,国家重点扶持产业,第二梯队：新兴支柱产业,集成电路,旧批次规则复核,公司主营业务为半导体硅抛光片,半导体硅抛光片、刻蚀设备用硅材料,,电子,半导体,半导体材料,Codex复核：披露业务“半导体硅抛光片”明确属于集成电路,PREEXISTING,False
A_主营直接支持,主营/新战略业务直接命中增材制造证据,cn,688433,华曙高科,2,S100,第二梯队：新兴支柱产业,增材制造,主营/战略文本,公司主营业务为3D打印设备,3D打印设备、3D打印原材料,,机械设备,通用设备,其他通用设备,2026-08-30复核：生产主营业务“3D打印设备、3D打印原材料”命中“3D打印”；归入增材制造,20260830_NEW,False
A_主营直接支持,主营/新战略业务直接命中软件与信息技术服务证据,cn,688435,英方软件,4,国家重点扶持产业,第二梯队：新兴支柱产业,软件与信息技术服务,主营+行业映射,公司主营业务为软件产品,软件产品、软硬件一体机产品、软件相关服务,,计算机,软件开发,横向通用软件,2026-08-30复核：生产主营“软件产品、软硬件一体机产品、软件相关服务”，行业分类“计算机/软件开发/横向通用软件”；归入软件与信息技术服务,20260830_NEW,False
A_主营直接支持,主营/新战略业务直接命中集成电路证据,cn,688439,振华风光,4,国家重点扶持产业,第二梯队：新兴支柱产业,集成电路,旧批次规则复核,公司主营业务为集成电路,集成电路,,国防军工,军工电子,军工电子Ⅲ,Codex复核：披露业务“集成电路”明确属于集成电路,PREEXISTING,False
A_主营直接支持,主营/新战略业务直接命中集成电路证据,cn,688449,联芸科技,4,国家重点扶持产业,第二梯队：新兴支柱产业,集成电路,旧批次规则复核,公司主营业务为数据存储主控芯片产品,数据存储主控芯片产品、AIoT信号处理及传输芯片产品,,电子,半导体,数字芯片设计,Codex复核：披露业务“数据存储主控芯片产品”明确属于集成电路,PREEXISTING,False
A_主营直接支持,主营/新战略业务直接命中增材制造证据,cn,688456,有研粉材,4,国家重点扶持产业,第二梯队：新兴支柱产业,增材制造,主营/战略文本,公司主营业务为铜基金属粉体材料,微电子锡基焊粉材料、铜基金属粉体材料、3D打印粉体材料、电子浆料,,有色金属,金属新材料,其他金属新材料,2026-08-30复核：生产主营业务“微电子锡基焊粉材料、铜基金属粉体材料、3D打印粉体材料、电子浆料”命中“3D打印”；归入增材制造,20260830_NEW,False
A_主营直接支持,主营/新战略业务直接命中集成电路证据,cn,688458,美芯晟,4,国家重点扶持产业,第二梯队：新兴支柱产业,集成电路,主营+行业映射,公司主营业务为模拟电源芯片,模拟电源芯片、无线充芯片、信号链芯片,,电子,半导体,模拟芯片设计,2026-08-30复核：生产主营“模拟电源芯片、无线充芯片、信号链芯片”，行业分类“电子/半导体/模拟芯片设计”；归入集成电路,20260830_NEW,False
A_主营直接支持,主营/新战略业务直接命中高端装备证据,cn,688459,哈铁科技,4,国家重点扶持产业,第二梯队：新兴支柱产业,高端装备,主营/战略文本,公司主营业务为轨道交通安全监测检测类产品,轨道交通安全监测检测类产品、智能装备类产品、铁路专业信息化产品、轨道交通专业技术服务,,机械设备,轨交设备,轨交设备Ⅲ,2026-08-30复核：生产主营业务“轨道交通安全监测检测类产品、智能装备类产品、铁路专业信息化产品、轨道交通专业技术服务”命中“智能装备”；归入高端装备,20260830_NEW,False
A_主营直接支持,主营/新战略业务直接命中节能环保证据,cn,688466,金科环境,4,国家重点扶持产业,第二梯队：新兴支柱产业,节能环保,主营+行业映射,公司主营业务为水处理技术解决方案,水处理技术解决方案、污废水资源化产品生产与销售、运维技术服务,,环保,环境治理,水务及水治理,2026-08-30复核：生产主营“水处理技术解决方案、污废水资源化产品生产与销售、运维技术服务”，行业分类“环保/环境治理/水务及水治理”；归入节能环保,20260830_NEW,False
B_行业与主营一致,申万三级为体外诊断；保留“高端”口径复核要求,cn,688468,科美诊断,4,国家重点扶持产业,第二梯队：新兴支柱产业,高端医疗器械,主营+行业映射,公司主营业务为LiCA®系列产品,LiCA®系列产品、CC系列产品,,医药生物,医疗器械,体外诊断,2026-08-30复核：生产主营“LiCA®系列产品、CC系列产品”，行业分类“医药生物/医疗器械/体外诊断”；归入高端医疗器械,20260830_NEW,False
A_主营直接支持,主营/新战略业务直接命中集成电路证据,cn,688469,芯联集成,4,国家重点扶持产业,第二梯队：新兴支柱产业,集成电路,旧批次规则复核,公司主营业务为集成电路晶圆制造代工,集成电路晶圆制造代工、封装测试、研发服务,,电子,半导体,集成电路制造,Codex复核：披露业务“集成电路晶圆制造代工”明确属于集成电路,PREEXISTING,False
A_主营直接支持,主营/新战略业务直接命中动力电池与新型储能证据,cn,688472,阿特斯,4,国家重点扶持产业,第二梯队：新兴支柱产业,动力电池与新型储能,主营/战略文本,公司主营业务为光伏组件产品收入,光伏组件产品收入、光伏系统产品收入、光伏储能系统产品收入、建造合同收入,,电力设备,光伏设备,光伏电池组件,2026-08-30复核：生产主营业务“光伏组件产品收入、光伏系统产品收入、光伏储能系统产品收入、建造合同收入”命中“储能系统”；归入动力电池与新型储能,20260830_NEW,False
A_主营直接支持,主营/新战略业务直接命中智能机器人证据,cn,688475,萤石网络,4,国家重点扶持产业,第二梯队：新兴支柱产业,智能机器人,主营/战略文本,公司主营业务为智能家居摄像机,智能家居摄像机、智能入户、智能服务机器人、配件产品、云平台服务,,计算机,计算机设备,安防设备,2026-08-30复核：生产主营业务“智能家居摄像机、智能入户、智能服务机器人、配件产品、云平台服务”命中“服务机器人”；归入智能机器人,20260830_NEW,False
B_行业与主营一致,申万三级行业为半导体设备，未发现直接冲突,cn,688478,晶升股份,4,国家重点扶持产业,第三梯队：卡脖子底座,集成电路设备,主营+行业映射,公司主营业务为晶体生长设备,晶体生长设备、技术服务及辅材,,电子,半导体,半导体设备,2026-08-30复核：生产主营“晶体生长设备、技术服务及辅材”，行业分类“电子/半导体/半导体设备”；归入集成电路设备,20260830_NEW,False
A_主营直接支持,主营/新战略业务直接命中软件与信息技术服务证据,cn,688479,友车科技,4,国家重点扶持产业,第二梯队：新兴支柱产业,软件与信息技术服务,主营+行业映射,公司主营业务为软件开发与服务,软件开发与服务、系统运维服务、智能设备销售,,计算机,软件开发,垂直应用软件,2026-08-30复核：生产主营“软件开发与服务、系统运维服务、智能设备销售”，行业分类“计算机/软件开发/垂直应用软件”；归入软件与信息技术服务,20260830_NEW,False
B_行业与主营一致,申万三级行业为综合环境治理，未发现直接冲突,cn,688480,赛恩斯,4,国家重点扶持产业,第二梯队：新兴支柱产业,节能环保,主营+行业映射,公司主营业务为运营服务,重金属污染防治综合解决方案、产品销售、运营服务,,环保,环境治理,综合环境治理,2026-08-30复核：生产主营“重金属污染防治综合解决方案、产品销售、运营服务”，行业分类“环保/环境治理/综合环境治理”；归入节能环保,20260830_NEW,False
B_行业与主营一致,申万三级行业为模拟芯片设计，未发现直接冲突,cn,688484,南芯科技,4,国家重点扶持产业,第二梯队：新兴支柱产业,集成电路,主营+行业映射,公司主营业务为移动设备电源,移动设备电源,,电子,半导体,模拟芯片设计,2026-08-30复核：生产主营“移动设备电源”，行业分类“电子/半导体/模拟芯片设计”；归入集成电路,20260830_NEW,False
B_行业与主营一致,主营为轨交装备或核心控制/供电系统,cn,688485,九州一轨,4,国家重点扶持产业,第二梯队：新兴支柱产业,高端装备,主营+行业映射,公司主营业务为钢弹簧浮置道床减振系统,钢弹簧浮置道床减振系统、预制式钢弹簧浮置板、声屏障、隔离式高弹性减振垫,,机械设备,轨交设备,轨交设备Ⅲ,2026-08-30复核：生产主营“钢弹簧浮置道床减振系统、预制式钢弹簧浮置板、声屏障、隔离式高弹性减振垫”，行业分类“机械设备/轨交设备/轨交设备Ⅲ”；归入高端装备,20260830_NEW,False
A_主营直接支持,主营/新战略业务直接命中集成电路证据,cn,688486,龙迅股份,4,国家重点扶持产业,第二梯队：新兴支柱产业,集成电路,主营+行业映射,公司主营业务为高清视频桥接及处理芯片,高清视频桥接及处理芯片、高速信号传输芯片,,电子,半导体,数字芯片设计,2026-08-30复核：生产主营“高清视频桥接及处理芯片、高速信号传输芯片”，行业分类“电子/半导体/数字芯片设计”；归入集成电路,20260830_NEW,False
B_行业与主营一致,申万三级行业为其他生物制品，未发现直接冲突,cn,688488,艾迪药业,4,国家重点扶持产业,第二梯队：新兴支柱产业,生物医药,旧批次规则复核,公司主营业务为新药,尿激酶粗品、乌司他丁粗品、HIV新药(艾诺韦林片)、HIV新药(艾诺米替片)、番泻叶颗粒、蜡样芽孢杆菌片、HIV诊断试剂、药品（尿激酶针剂）,,医药生物,生物制品,其他生物制品,Codex复核：披露业务“新药”明确属于生物医药,PREEXISTING,False
B_行业与主营一致,申万三级行业为安防设备，主营未发现冲突,cn,688489,三未信安,4,国家重点扶持产业,第二梯队：新兴支柱产业,先进计算与信息设备,主营+行业映射,公司主营业务为密码整机,安全系统及网络安全产品、密码整机、密码模组、密码系统、密码芯片,,计算机,计算机设备,安防设备,2026-08-30复核：生产主营“安全系统及网络安全产品、密码整机、密码模组、密码系统、密码芯片”，行业分类“计算机/计算机设备/安防设备”；归入先进计算与信息设备,20260830_NEW,False
B_人工复核支持,存在人工复核说明，但仍需保留原始公告或招股书链接,cn,688498,源杰科技,1,黄埔线下标的,第一梯队：AI+超级主线,光芯片,人工复核,公司主营业务为电信市场类,电信市场类,,电子,半导体,分立器件,2026-08-30人工复核：主营高速光芯片；归入光芯片,20260830_NEW,False
A_主营直接支持,主营/新战略业务直接命中动力电池与新型储能证据,cn,688499,利元亨,4,国家重点扶持产业,第二梯队：新兴支柱产业,动力电池与新型储能,主营+行业映射,公司主营业务为锂电池制造设备,锂电池制造设备、智能仓储、汽车零部件制造设备、配件增值及服务,,电力设备,电池,锂电专用设备,2026-08-30复核：生产主营“锂电池制造设备、智能仓储、汽车零部件制造设备、配件增值及服务”，行业分类“电力设备/电池/锂电专用设备”；归入动力电池与新型储能,20260830_NEW,False
B_行业与主营一致,申万三级行业为IT服务Ⅲ，与软件/信息服务标签一致,cn,688500,慧辰股份,4,国家重点扶持产业,第二梯队：新兴支柱产业,软件与信息技术服务,主营+行业映射,公司主营业务为数据产品,数据产品、解决方案,,计算机,IT服务,IT服务Ⅲ,2026-08-30复核：生产主营“数据产品、解决方案”，行业分类“计算机/IT服务/IT服务Ⅲ”；归入软件与信息技术服务,20260830_NEW,False
B_行业与主营一致,申万三级行业为环保设备Ⅲ，未发现直接冲突,cn,688501,青达环保,4,国家重点扶持产业,第二梯队：新兴支柱产业,节能环保,主营+行业映射,公司主营业务为低温烟气余热深度回收系统,干式除渣系统、湿式除渣系统、全负荷脱硝工程、低温烟气余热深度回收系统、脱硫废水零排放系统、钢渣处理系统,,环保,环保设备,环保设备Ⅲ,2026-08-30复核：生产主营“干式除渣系统、湿式除渣系统、全负荷脱硝工程、低温烟气余热深度回收系统、脱硫废水零排放系统、钢渣处理系统”，行业分类“环保/环保设备/环保设备Ⅲ”；归入节能环保,20260830_NEW,False
B_行业与主营一致,申万三级为光学元件，与关键元器件方向一致,cn,688502,茂莱光学,3,用户常用,第二梯队：新兴支柱产业,关键电子元器件,主营+行业映射,公司主营业务为光学器件,光学器件、光学镜头、光学系统、服务,,电子,光学光电子,光学元件,2026-08-30复核：生产主营“光学器件、光学镜头、光学系统、服务”，行业分类“电子/光学光电子/光学元件”；归入关键电子元器件,20260830_NEW,False
A_主营直接支持,主营/新战略业务直接命中光伏证据,cn,688503,聚和材料,4,国家重点扶持产业,第二梯队：新兴支柱产业,光伏,主营/战略文本,公司主营业务为光伏导电浆料,光伏导电浆料,,电力设备,光伏设备,光伏辅材,2026-08-30复核：生产主营业务“光伏导电浆料”命中“光伏”；归入光伏,20260830_NEW,False
B_行业与主营一致,申万三级行业为化学制剂，未发现直接冲突,cn,688505,复旦张江,4,国家重点扶持产业,第二梯队：新兴支柱产业,生物医药,主营+行业映射,公司主营业务为皮肤科产品,皮肤科产品、抗肿瘤产品,,医药生物,化学制药,化学制剂,2026-08-30复核：生产主营“皮肤科产品、抗肿瘤产品”，行业分类“医药生物/化学制药/化学制剂”；归入生物医药,20260830_NEW,False
A_主营直接支持,主营/新战略业务直接命中生物医药证据,cn,688506,百利天恒,3,用户常用,第二梯队：新兴支柱产业,生物医药,主营+行业映射,公司主营业务为知识产权授权收入,知识产权授权收入、化药制剂、中成药制剂,,医药生物,化学制药,化学制剂,2026-08-30复核：生产主营“知识产权授权收入、化药制剂、中成药制剂”，行业分类“医药生物/化学制药/化学制剂”；归入生物医药,20260830_NEW,False
A_主营直接支持,主营/新战略业务直接命中工业软件证据,cn,688507,索辰科技,4,国家重点扶持产业,第三梯队：卡脖子底座,工业软件,主营/战略文本,公司主营业务为工程仿真软件,工程仿真软件、仿真产品开发、技术服务、机加工服务,,计算机,软件开发,垂直应用软件,2026-08-30复核：生产主营业务“工程仿真软件、仿真产品开发、技术服务、机加工服务”命中“仿真软件”；归入工业软件,20260830_NEW,False
A_主营直接支持,主营/新战略业务直接命中集成电路证据,cn,688508,芯朋微,4,国家重点扶持产业,第二梯队：新兴支柱产业,集成电路,主营+行业映射,公司主营业务为家用电器类芯片,家用电器类芯片、标准电源类芯片、工控功率类芯片,,电子,半导体,模拟芯片设计,2026-08-30复核：生产主营“家用电器类芯片、标准电源类芯片、工控功率类芯片”，行业分类“电子/半导体/模拟芯片设计”；归入集成电路,20260830_NEW,False
B_行业与主营一致,申万三级行业为IT服务Ⅲ，与软件/信息服务标签一致,cn,688509,正元地信,4,国家重点扶持产业,第二梯队：新兴支柱产业,软件与信息技术服务,主营+行业映射,公司主营业务为管线运维服务,测绘地理信息、管线运维服务、智慧城市,,计算机,IT服务,IT服务Ⅲ,2026-08-30复核：生产主营“测绘地理信息、管线运维服务、智慧城市”，行业分类“计算机/IT服务/IT服务Ⅲ”；归入软件与信息技术服务,20260830_NEW,False
A_主营直接支持,主营/新战略业务直接命中航空航天证据,cn,688510,航亚科技,4,国家重点扶持产业,第二梯队：新兴支柱产业,航空航天,旧批次规则复核,公司主营业务为航空产品,航空产品、医疗产品,,国防军工,航空装备,航空装备Ⅲ,Codex复核：披露业务“航空产品”明确属于航空航天,PREEXISTING,False
B_行业与主营一致,申万三级行业为军工电子Ⅲ，未发现直接冲突,cn,688511,天微电子,4,国家重点扶持产业,第二梯队：新兴支柱产业,航空航天与军工电子,主营+行业映射,公司主营业务为销售商品收入,产品类、委托研制项目,,国防军工,军工电子,军工电子Ⅲ,2026-08-30复核：生产主营“产品类、委托研制项目”，行业分类“国防军工/军工电子/军工电子Ⅲ”；归入航空航天与军工电子,20260830_NEW,False
B_行业与主营一致,申万三级行业为模拟芯片设计，未发现直接冲突,cn,688512,慧智微,4,国家重点扶持产业,第二梯队：新兴支柱产业,集成电路,主营+行业映射,公司主营业务为5G模组,4G模组、5G模组,,电子,半导体,模拟芯片设计,2026-08-30复核：生产主营“4G模组、5G模组”，行业分类“电子/半导体/模拟芯片设计”；归入集成电路,20260830_NEW,False
A_主营直接支持,主营/新战略业务直接命中生物医药证据,cn,688513,苑东生物,4,国家重点扶持产业,第二梯队：新兴支柱产业,生物医药,主营/战略文本,公司主营业务为制剂销售,制剂销售、原料药销售、技术服务及转让、CMO/CDMO,,医药生物,化学制药,化学制剂,2026-08-30复核：生产主营业务“制剂销售、原料药销售、技术服务及转让、CMO/CDMO”命中“原料药”；归入生物医药,20260830_NEW,False
A_主营直接支持,主营/新战略业务直接命中集成电路证据,cn,688515,裕太微,4,国家重点扶持产业,第二梯队：新兴支柱产业,集成电路,主营+行业映射,公司主营业务为芯片商品销售收入,芯片商品销售收入、技术服务费,,电子,半导体,模拟芯片设计,2026-08-30复核：生产主营“芯片商品销售收入、技术服务费”，行业分类“电子/半导体/模拟芯片设计”；归入集成电路,20260830_NEW,False
A_主营直接支持,主营/新战略业务直接命中集成电路证据,cn,688516,奥特维,3,用户常用,第二梯队：新兴支柱产业,集成电路,旧批次规则复核,公司主营业务为光伏设备,光伏设备、锂电设备、半导体,,电力设备,光伏设备,光伏加工设备,Codex复核：披露业务“光伏设备”明确属于集成电路,PREEXISTING,False
B_行业与主营一致,主营为激光设备/装备，与高端装备方向一致,cn,688518,联赢激光,4,国家重点扶持产业,第二梯队：新兴支柱产业,高端装备,主营+行业映射,公司主营业务为激光焊接自动化成套设备,激光焊接自动化成套设备、激光器及激光焊接机、工作台,,机械设备,自动化设备,激光设备,2026-08-30复核：生产主营“激光焊接自动化成套设备、激光器及激光焊接机、工作台”，行业分类“机械设备/自动化设备/激光设备”；归入高端装备,20260830_NEW,False
A_主营直接支持,主营/新战略业务直接命中PCB证据,cn,688519,南亚新材,2,S100,第一梯队：AI+超级主线,PCB,旧批次规则复核,公司主营业务为覆铜板,覆铜板、粘结片,,电子,元件,印制电路板,Codex复核：披露业务“覆铜板”明确属于PCB,PREEXISTING,False
B_行业与主营一致,申万三级行业为其他生物制品，未发现直接冲突,cn,688520,神州细胞,4,国家重点扶持产业,第二梯队：新兴支柱产业,生物医药,主营+行业映射,公司主营业务为销售商品,销售商品,,医药生物,生物制品,其他生物制品,2026-08-30复核：生产主营“销售商品”，行业分类“医药生物/生物制品/其他生物制品”；归入生物医药,20260830_NEW,False
A_主营直接支持,主营/新战略业务直接命中集成电路证据,cn,688521,芯原股份,3,用户常用,第二梯队：新兴支柱产业,集成电路,旧批次规则复核,公司主营业务为芯片量产业务收入,特许权使用费收入、知识产权授权使用费收入、芯片设计业务收入、芯片量产业务收入,,电子,半导体,数字芯片设计,Codex复核：披露业务“芯片量产业务收入”明确属于集成电路,PREEXISTING,False
A_主营直接支持,主营/新战略业务直接命中航空航天与军工电子证据,cn,688522,纳睿雷达,4,国家重点扶持产业,第二梯队：新兴支柱产业,航空航天与军工电子,主营+行业映射,公司主营业务为雷达精细化探测系统,雷达精细化探测系统,,国防军工,军工电子,军工电子Ⅲ,2026-08-30复核：生产主营“雷达精细化探测系统”，行业分类“国防军工/军工电子/军工电子Ⅲ”；归入航空航天与军工电子,20260830_NEW,False
A_主营直接支持,主营/新战略业务直接命中航空航天证据,cn,688523,航天环宇,4,国家重点扶持产业,第二梯队：新兴支柱产业,航空航天,旧批次规则复核,公司主营业务为航空航天工艺装备,宇航及通信产品、航空产品、航空航天工艺装备,,国防军工,航天装备,航天装备Ⅲ,Codex复核：披露业务“航空航天工艺装备”明确属于航空航天,PREEXISTING,False
B_行业与主营一致,申万三级行业为数字芯片设计，未发现直接冲突,cn,688525,佰维存储,3,用户常用,第二梯队：新兴支柱产业,集成电路,主营+行业映射,公司主营业务为存储产品,嵌入式存储、PC存储、工车规存储、先进封测服务,,电子,半导体,数字芯片设计,2026-08-30复核：生产主营“嵌入式存储、PC存储、工车规存储、先进封测服务”，行业分类“电子/半导体/数字芯片设计”；归入集成电路,20260830_NEW,False
A_主营直接支持,主营/新战略业务直接命中生物医药证据,cn,688526,科前生物,4,国家重点扶持产业,第二梯队：新兴支柱产业,生物医药,旧批次规则复核,公司主营业务为猪用疫苗,猪用疫苗、禽用疫苗,,农林牧渔,动物保健,动物保健Ⅲ,Codex复核：披露业务“猪用疫苗”明确属于生物医药,PREEXISTING,False
A_主营直接支持,主营/新战略业务直接命中氢能证据,cn,688529,豪森智能,4,国家重点扶持产业,第四梯队：未来产业,氢能,旧批次规则复核,公司主营业务为发动机智能装配线,驱动电机智能生产线、混合动力总成智能装备线、动力锂电池智能生产线、氢燃料电池智能生产线、发动机智能装配线、变速箱智能装配线,,机械设备,专用设备,其他专用设备,Codex复核：披露业务“发动机智能装配线”明确属于氢能,PREEXISTING,False
A_主营直接支持,主营/新战略业务直接命中集成电路材料证据,cn,688530,欧莱新材,4,国家重点扶持产业,第三梯队：卡脖子底座,集成电路材料,主营+行业映射,公司主营业务为靶材,靶材、残靶、加工服务,,电子,半导体,半导体材料,2026-08-30复核：生产主营“靶材、残靶、加工服务”，行业分类“电子/半导体/半导体材料”；归入集成电路材料,20260830_NEW,False
A_主营直接支持,主营/新战略业务直接命中集成电路证据,cn,688531,日联科技,4,国家重点扶持产业,第二梯队：新兴支柱产业,集成电路,旧批次规则复核,公司主营业务为X射线智能检测设备,X射线智能检测设备、新能源电池检测、铸件焊件及材料检测、集成电路及电子制造,,机械设备,专用设备,其他专用设备,Codex复核：披露业务“X射线智能检测设备”明确属于集成电路,PREEXISTING,False
B_行业与主营一致,申万三级明确为半导体材料,cn,688535,华海诚科,4,国家重点扶持产业,第三梯队：卡脖子底座,集成电路材料,主营+行业映射,公司主营业务为环氧塑封材料,环氧塑封材料、胶黏剂,,电子,半导体,半导体材料,2026-08-30复核：生产主营“环氧塑封材料、胶黏剂”，行业分类“电子/半导体/半导体材料”；归入集成电路材料,20260830_NEW,False
A_主营直接支持,主营/新战略业务直接命中集成电路证据,cn,688536,思瑞浦,4,国家重点扶持产业,第二梯队：新兴支柱产业,集成电路,旧批次规则复核,公司主营业务为信号链类模拟芯片,信号链类模拟芯片、电源类模拟芯片,,电子,半导体,模拟芯片设计,Codex复核：披露业务“信号链类模拟芯片”明确属于集成电路,PREEXISTING,False
A_主营直接支持,主营/新战略业务直接命中集成电路证据,cn,688538,和辉光电,4,国家重点扶持产业,第二梯队：新兴支柱产业,集成电路,旧批次规则复核,公司主营业务为AMOLED半导体显示面板,AMOLED半导体显示面板,,电子,光学光电子,面板,Codex复核：披露业务“AMOLED半导体显示面板”明确属于集成电路,PREEXISTING,False
A_主营直接支持,主营/新战略业务直接命中关键电子元器件证据,cn,688539,高华科技,4,国家重点扶持产业,第二梯队：新兴支柱产业,关键电子元器件,主营+行业映射,公司主营业务为高可靠性传感器,高可靠性传感器、传感器网络系统,,电子,元件,被动元件,2026-08-30复核：生产主营“高可靠性传感器、传感器网络系统”，行业分类“电子/元件/被动元件”；归入关键电子元器件,20260830_NEW,False
B_行业与主营一致,主营为集成电路制造常用电子材料/化学品,cn,688545,兴福电子,4,国家重点扶持产业,第三梯队：卡脖子底座,集成电路材料,主营+行业映射,公司主营业务为通用湿电子化学品,通用湿电子化学品、功能湿电子化学品、湿电子化学品回收综合利用业务、食品添加剂磷酸、代工业务,,电子,电子化学品,电子化学品Ⅲ,2026-08-30复核：生产主营“通用湿电子化学品、功能湿电子化学品、湿电子化学品回收综合利用业务、食品添加剂磷酸、代工业务”，行业分类“电子/电子化学品/电子化学品Ⅲ”；归入集成电路材料,20260830_NEW,False
B_行业与主营一致,主营为集成电路制造常用电子材料/化学品,cn,688548,广钢气体,2,S100,第三梯队：卡脖子底座,集成电路材料,主营/战略文本,公司主营业务为电子大宗气体,电子大宗气体、通用工业气体,,电子,电子化学品,电子化学品Ⅲ,2026-08-30复核：生产主营业务“电子大宗气体、通用工业气体”命中“电子大宗气体”；归入集成电路材料,20260830_NEW,False
B_行业与主营一致,主营为集成电路制造常用电子材料/化学品,cn,688549,中巨芯,4,国家重点扶持产业,第三梯队：卡脖子底座,集成电路材料,主营+行业映射,公司主营业务为电子湿化学品,电子湿化学品、电子特种气体及前驱体,,电子,电子化学品,电子化学品Ⅲ,2026-08-30复核：生产主营“电子湿化学品、电子特种气体及前驱体”，行业分类“电子/电子化学品/电子化学品Ⅲ”；归入集成电路材料,20260830_NEW,False
D_确认需修正,主营显示材料和医药中间体，不是集成电路材料,cn,688550,瑞联新材,4,国家重点扶持产业,第三梯队：卡脖子底座,集成电路材料,主营+行业映射,公司主营业务为显示材料,显示材料、医药中间体,,电子,电子化学品,电子化学品Ⅲ,2026-08-30复核：生产主营“显示材料、医药中间体”，行业分类“电子/电子化学品/电子化学品Ⅲ”；归入集成电路材料,20260830_NEW,False
A_主营直接支持,主营/新战略业务直接命中氢能证据,cn,688551,科威尔,4,国家重点扶持产业,第四梯队：未来产业,氢能,旧批次规则复核,公司主营业务为测试电源,测试电源、氢能测试及智能制造装备、功率半导体测试装备,,电力设备,其他电源设备,其他电源设备Ⅲ,Codex复核：披露业务“测试电源”明确属于氢能,PREEXISTING,False
A_主营直接支持,主营/新战略业务直接命中航空航天与军工电子证据,cn,688552,航天南湖,4,国家重点扶持产业,第二梯队：新兴支柱产业,航空航天与军工电子,主营+行业映射,公司主营业务为雷达零部件,雷达及配套装备、雷达零部件,,国防军工,军工电子,军工电子Ⅲ,2026-08-30复核：生产主营“雷达及配套装备、雷达零部件”，行业分类“国防军工/军工电子/军工电子Ⅲ”；归入航空航天与军工电子,20260830_NEW,False
B_行业与主营一致,申万三级行业为化学制剂，未发现直接冲突,cn,688553,汇宇制药,4,国家重点扶持产业,第二梯队：新兴支柱产业,生物医药,主营+行业映射,公司主营业务为药品销售,药品销售、技术服务,,医药生物,化学制药,化学制剂,2026-08-30复核：生产主营“药品销售、技术服务”，行业分类“医药生物/化学制药/化学制剂”；归入生物医药,20260830_NEW,False
A_主营直接支持,主营/新战略业务直接命中光伏证据,cn,688556,高测股份,4,国家重点扶持产业,第二梯队：新兴支柱产业,光伏,主营/战略文本,公司主营业务为光伏切割设备,光伏切割设备、光伏切割耗材、硅片切割加工服务,,电力设备,光伏设备,光伏加工设备,2026-08-30复核：生产主营业务“光伏切割设备、光伏切割耗材、硅片切割加工服务”命中“光伏”；归入光伏,20260830_NEW,False
A_主营直接支持,主营/新战略业务直接命中工业母机证据,cn,688558,国盛智科,4,国家重点扶持产业,第三梯队：卡脖子底座,工业母机,旧批次规则复核,公司主营业务为数控机床-高档,数控机床-高档、数控机床-中档、智能自动化生产线、装备部件,,机械设备,通用设备,机床工具,Codex复核：披露业务“数控机床-高档”明确属于工业母机,PREEXISTING,False
C_需人工复核,未在主营/新战略业务中找到新型显示直接证据；当前主要依赖激光设备,cn,688559,海目星,4,国家重点扶持产业,第二梯队：新兴支柱产业,新型显示,主营/战略文本,公司主营业务为动力电池激光及自动化设备,动力电池激光及自动化设备、3C消费类电子激光及自动化设备、钣金激光切割设备、光伏行业激光及自动化设备、新型显示行业激光及自动化设备,,机械设备,自动化设备,激光设备,2026-08-30复核：生产主营业务“动力电池激光及自动化设备、3C消费类电子激光及自动化设备、钣金激光切割设备、光伏行业激光及自动化设备、新型显示行业激光及自动化设备”命中“新型显示”；归入新型显示,20260830_NEW,False
A_主营直接支持,主营/新战略业务直接命中光伏证据,cn,688560,明冠新材,4,国家重点扶持产业,第二梯队：新兴支柱产业,光伏,主营/战略文本,公司主营业务为太阳能电池封装胶膜,太阳能电池背板、太阳能电池封装胶膜、铝塑膜,,电力设备,光伏设备,光伏辅材,2026-08-30复核：生产主营业务“太阳能电池背板、太阳能电池封装胶膜、铝塑膜”命中“太阳能电池”；归入光伏,20260830_NEW,False
B_行业与主营一致,申万三级行业为横向通用软件，与软件/信息服务标签一致,cn,688561,奇安信,4,国家重点扶持产业,第二梯队：新兴支柱产业,软件与信息技术服务,主营+行业映射,公司主营业务为安全产品,安全产品、安全服务,,计算机,软件开发,横向通用软件,2026-08-30复核：生产主营“安全产品、安全服务”，行业分类“计算机/软件开发/横向通用软件”；归入软件与信息技术服务,20260830_NEW,False
A_主营直接支持,主营/新战略业务直接命中软件与信息技术服务证据,cn,688562,航天软件,4,国家重点扶持产业,第二梯队：新兴支柱产业,软件与信息技术服务,主营+行业映射,公司主营业务为信息系统集成,自主软件产品、信息技术服务、信息系统集成,,计算机,IT服务,IT服务Ⅲ,2026-08-30复核：生产主营“自主软件产品、信息技术服务、信息系统集成”，行业分类“计算机/IT服务/IT服务Ⅲ”；归入软件与信息技术服务,20260830_NEW,False
A_主营直接支持,主营/新战略业务直接命中航空航天证据,cn,688563,航材股份,4,国家重点扶持产业,第二梯队：新兴支柱产业,航空航天,主营+行业映射,公司主营业务为航空成品件,基础材料、航空成品件、非航空成品件、加工服务,,国防军工,航空装备,航空装备Ⅲ,2026-08-30复核：生产主营“基础材料、航空成品件、非航空成品件、加工服务”，行业分类“国防军工/航空装备/航空装备Ⅲ”；归入航空航天,20260830_NEW,False
A_主营直接支持,主营/新战略业务直接命中氢能证据,cn,688565,力源科技,4,国家重点扶持产业,第四梯队：未来产业,氢能,旧批次规则复核,公司主营业务为污水处理系统设备,凝结水精处理系统设备、除盐水处理（含海水淡化）系统设备、污水处理系统设备、智能电站设备、引水工程系统、氢燃料电池发动机系统,,环保,环境治理,水务及水治理,Codex复核：披露业务“污水处理系统设备”明确属于氢能,PREEXISTING,False
B_行业与主营一致,申万三级行业为化学制剂，未发现直接冲突,cn,688566,吉贝尔,4,国家重点扶持产业,第二梯队：新兴支柱产业,生物医药,主营+行业映射,公司主营业务为利可君片,利可君片、尼群洛尔片、玉屏风胶囊、醋氯芬酸肠溶片,,医药生物,化学制药,化学制剂,2026-08-30复核：生产主营“利可君片、尼群洛尔片、玉屏风胶囊、醋氯芬酸肠溶片”，行业分类“医药生物/化学制药/化学制剂”；归入生物医药,20260830_NEW,False
B_行业与主营一致,所属行业直接支持动力电池与新型储能,cn,688567,孚能科技,4,国家重点扶持产业,第二梯队：新兴支柱产业,动力电池与新型储能,主营/战略文本,公司主营业务为动力电池系统,电芯、模组、电池包,,电力设备,电池,锂电池,2026-08-30复核：生产所属行业“公司主营业务为动力电池系统”命中“动力电池”；归入动力电池与新型储能,20260830_NEW,False
A_主营直接支持,主营/新战略业务直接命中软件与信息技术服务证据,cn,688568,中科星图,3,用户常用,第二梯队：新兴支柱产业,软件与信息技术服务,主营+行业映射,公司主营业务为GEOVIS技术开发与服务,GEOVIS技术开发与服务、GEOVIS软件销售与数据服务、专用设备及系统集成,,计算机,IT服务,IT服务Ⅲ,2026-08-30复核：生产主营“GEOVIS技术开发与服务、GEOVIS软件销售与数据服务、专用设备及系统集成”，行业分类“计算机/IT服务/IT服务Ⅲ”；归入软件与信息技术服务,20260830_NEW,False
C_需人工复核,未在主营/新战略业务中找到高端装备直接证据；当前主要依赖轨交设备Ⅲ,cn,688569,铁科轨道,4,国家重点扶持产业,第二梯队：新兴支柱产业,高端装备,主营+行业映射,公司主营业务为轨道扣件,轨道扣件、预应力钢丝及锚固板、铁路桥梁支座、工程材料、轨道部件加工服务,,机械设备,轨交设备,轨交设备Ⅲ,2026-08-30复核：生产主营“轨道扣件、预应力钢丝及锚固板、铁路桥梁支座、工程材料、轨道部件加工服务”，行业分类“机械设备/轨交设备/轨交设备Ⅲ”；归入高端装备,20260830_NEW,False
A_主营直接支持,主营/新战略业务直接命中智能制造装备证据,cn,688570,天玛智控,4,国家重点扶持产业,第二梯队：新兴支柱产业,智能制造装备,主营+行业映射,公司主营业务为无人化智能开采控制系统解决方案,无人化智能开采控制系统解决方案、备件、智能制造,,机械设备,自动化设备,工控设备,2026-08-30复核：生产主营“无人化智能开采控制系统解决方案、备件、智能制造”，行业分类“机械设备/自动化设备/工控设备”；归入智能制造装备,20260830_NEW,False
A_主营直接支持,主营/新战略业务直接命中动力电池与新型储能证据,cn,688573,信宇人,4,国家重点扶持产业,第二梯队：新兴支柱产业,动力电池与新型储能,主营+行业映射,公司主营业务为锂电池干燥设备,锂电池干燥设备、锂电池涂布设备、锂电池辊压、分切设备、自动化设备,,电力设备,电池,锂电专用设备,2026-08-30复核：生产主营“锂电池干燥设备、锂电池涂布设备、锂电池辊压、分切设备、自动化设备”，行业分类“电力设备/电池/锂电专用设备”；归入动力电池与新型储能,20260830_NEW,False
B_行业与主营一致,申万三级为体外诊断；保留“高端”口径复核要求,cn,688575,亚辉龙,4,国家重点扶持产业,第二梯队：新兴支柱产业,高端医疗器械,主营+行业映射,公司主营业务为自产,自产、自产试剂（非新冠产品）、自产仪器（非新冠产品）、自产耗材（非新冠产品）、自产新冠产品、软件服务、代理、代理试剂、代理仪器、代理耗材,,医药生物,医疗器械,体外诊断,2026-08-30复核：生产主营“自产、自产试剂（非新冠产品）、自产仪器（非新冠产品）、自产耗材（非新冠产品）、自产新冠产品、软件服务、代理、代理试剂、代理仪器、代理耗材”，行业分类“医药生物/医疗器械/体外诊断”；归入高端医疗器械,20260830_NEW,False
C_需人工复核,未在主营/新战略业务中找到高端医疗器械直接证据；当前主要依赖医疗耗材,cn,688576,西山科技,4,国家重点扶持产业,第二梯队：新兴支柱产业,高端医疗器械,主营+行业映射,公司主营业务为手术动力装置,手术动力装置、其中：整机、耗材、配件,,医药生物,医疗器械,医疗耗材,2026-08-30复核：生产主营“手术动力装置、其中：整机、耗材、配件”，行业分类“医药生物/医疗器械/医疗耗材”；归入高端医疗器械,20260830_NEW,False
A_主营直接支持,主营/新战略业务直接命中工业母机证据,cn,688577,浙海德曼,4,国家重点扶持产业,第三梯队：卡脖子底座,工业母机,主营/战略文本,公司主营业务为高端型数控车床,普及型数控车床、高端型数控车床、自动化生产线、并行复合加工中心,,机械设备,通用设备,机床工具,2026-08-30复核：生产主营业务“普及型数控车床、高端型数控车床、自动化生产线、并行复合加工中心”命中“加工中心”；归入工业母机,20260830_NEW,False
B_行业与主营一致,申万三级行业为化学制剂，未发现直接冲突,cn,688578,艾力斯,3,用户常用,第二梯队：新兴支柱产业,生物医药,主营+行业映射,公司主营业务为抗肿瘤类产品的销售,抗肿瘤类产品的销售、技术授权及服务收入,,医药生物,化学制药,化学制剂,2026-08-30复核：生产主营“抗肿瘤类产品的销售、技术授权及服务收入”，行业分类“医药生物/化学制药/化学制剂”；归入生物医药,20260830_NEW,False
A_主营直接支持,主营/新战略业务直接命中软件与信息技术服务证据,cn,688579,地纬智能,4,国家重点扶持产业,第二梯队：新兴支柱产业,软件与信息技术服务,主营+行业映射,公司主营业务为软件开发,软件开发、产品化软件、运维及技术服务、硬件及系统集成,,计算机,软件开发,垂直应用软件,2026-08-30复核：生产主营“软件开发、产品化软件、运维及技术服务、硬件及系统集成”，行业分类“计算机/软件开发/垂直应用软件”；归入软件与信息技术服务,20260830_NEW,False
B_行业与主营一致,申万三级为医疗设备；保留“高端”口径复核要求,cn,688580,伟思医疗,4,国家重点扶持产业,第二梯队：新兴支柱产业,高端医疗器械,主营+行业映射,公司主营业务为磁刺激类,激光射频类、电刺激类、电生理类、磁刺激类、耗材及配件,,医药生物,医疗器械,医疗设备,2026-08-30复核：生产主营“激光射频类、电刺激类、电生理类、磁刺激类、耗材及配件”，行业分类“医药生物/医疗器械/医疗设备”；归入高端医疗器械,20260830_NEW,False
C_需人工复核,未在主营/新战略业务中找到高端医疗器械直接证据；当前主要依赖医疗耗材,cn,688581,安杰思,4,国家重点扶持产业,第二梯队：新兴支柱产业,高端医疗器械,主营+行业映射,公司主营业务为GI类,GI类、EMR/ESD类、ERCP类、仪器类,,医药生物,医疗器械,医疗耗材,2026-08-30复核：生产主营“GI类、EMR/ESD类、ERCP类、仪器类”，行业分类“医药生物/医疗器械/医疗耗材”；归入高端医疗器械,20260830_NEW,False
B_行业与主营一致,申万三级行业为模拟芯片设计，未发现直接冲突,cn,688582,芯动联科,3,用户常用,第二梯队：新兴支柱产业,集成电路,主营+行业映射,公司主营业务为MEMS陀螺仪,MEMS陀螺仪、MEMS加速度计、惯性测量单元、技术服务,,电子,半导体,模拟芯片设计,2026-08-30复核：生产主营“MEMS陀螺仪、MEMS加速度计、惯性测量单元、技术服务”，行业分类“电子/半导体/模拟芯片设计”；归入集成电路,20260830_NEW,False
B_行业与主营一致,申万三级明确为半导体材料,cn,688584,上海合晶,4,国家重点扶持产业,第三梯队：卡脖子底座,集成电路材料,主营+行业映射,公司主营业务为硅外延片,硅外延片、硅材料,,电子,半导体,半导体材料,2026-08-30复核：生产主营“硅外延片、硅材料”，行业分类“电子/半导体/半导体材料”；归入集成电路材料,20260830_NEW,False
A_主营直接支持,主营/新战略业务直接命中先进材料证据,cn,688585,上纬新材,1,黄埔线下标的,第三梯队：卡脖子底座,先进材料,旧批次规则复核,公司主营业务为环保高性能耐腐蚀材料,环保高性能耐腐蚀材料、风电叶片用材料、新型复合材料、循环经济材料,,基础化工,塑料,合成树脂,Codex复核：披露业务“环保高性能耐腐蚀材料”明确属于先进材料,PREEXISTING,False
A_主营直接支持,主营/新战略业务直接命中航空航天证据,cn,688586,江航装备,4,国家重点扶持产业,第二梯队：新兴支柱产业,航空航天,旧批次规则复核,公司主营业务为航空产品,航空产品、特种制冷设备,,国防军工,航空装备,航空装备Ⅲ,Codex复核：披露业务“航空产品”明确属于航空航天,PREEXISTING,False
A_主营直接支持,主营/新战略业务直接命中软件与信息技术服务证据,cn,688588,凌志软件,4,国家重点扶持产业,第二梯队：新兴支柱产业,软件与信息技术服务,主营+行业映射,公司主营业务为对日软件开发服务,对日软件开发服务、国内行业应用软件解决方案,,计算机,软件开发,垂直应用软件,2026-08-30复核：生产主营“对日软件开发服务、国内行业应用软件解决方案”，行业分类“计算机/软件开发/垂直应用软件”；归入软件与信息技术服务,20260830_NEW,False
A_主营直接支持,主营/新战略业务直接命中集成电路证据,cn,688589,力合微,4,国家重点扶持产业,第二梯队：新兴支柱产业,集成电路,主营+行业映射,公司主营业务为基于自研芯片及核心技术的产品,自主芯片、基于自研芯片及核心技术的产品,,电子,半导体,数字芯片设计,2026-08-30复核：生产主营“自主芯片、基于自研芯片及核心技术的产品”，行业分类“电子/半导体/数字芯片设计”；归入集成电路,20260830_NEW,False
A_主营直接支持,主营/新战略业务直接命中软件与信息技术服务证据,cn,688590,新致软件,4,国家重点扶持产业,第二梯队：新兴支柱产业,软件与信息技术服务,主营+行业映射,公司主营业务为IT解决方案,IT解决方案、软件开发分包、创新业务、IT产品销售及增值服务,,计算机,软件开发,垂直应用软件,2026-08-30复核：生产主营“IT解决方案、软件开发分包、创新业务、IT产品销售及增值服务”，行业分类“计算机/软件开发/垂直应用软件”；归入软件与信息技术服务,20260830_NEW,False
A_主营直接支持,主营/新战略业务直接命中集成电路证据,cn,688591,泰凌微,4,国家重点扶持产业,第二梯队：新兴支柱产业,集成电路,主营+行业映射,公司主营业务为IOT芯片,IOT芯片、音频芯片,,电子,半导体,数字芯片设计,2026-08-30复核：生产主营“IOT芯片、音频芯片”，行业分类“电子/半导体/数字芯片设计”；归入集成电路,20260830_NEW,False
B_行业与主营一致,申万三级行业为通信终端及配件，未发现直接冲突,cn,688592,司南导航,4,国家重点扶持产业,第二梯队：新兴支柱产业,新一代通信,主营+行业映射,公司主营业务为数据采集设备,高精度GNSS板卡/模块、数据采集设备、农机自动导航驾驶系统、数据应用及系统解决方案,,通信,通信设备,通信终端及配件,2026-08-30复核：生产主营“高精度GNSS板卡/模块、数据采集设备、农机自动导航驾驶系统、数据应用及系统解决方案”，行业分类“通信/通信设备/通信终端及配件”；归入新一代通信,20260830_NEW,False
B_行业与主营一致,申万三级行业为数字芯片设计，未发现直接冲突,cn,688593,新相微,4,国家重点扶持产业,第二梯队：新兴支柱产业,集成电路,主营+行业映射,公司主营业务为整合型显示IC,整合型显示IC、分离型显示IC、显示屏电源管理IC,,电子,半导体,数字芯片设计,2026-08-30复核：生产主营“整合型显示IC、分离型显示IC、显示屏电源管理IC”，行业分类“电子/半导体/数字芯片设计”；归入集成电路,20260830_NEW,False
A_主营直接支持,主营/新战略业务直接命中集成电路证据,cn,688595,芯海科技,4,国家重点扶持产业,第二梯队：新兴支柱产业,集成电路,旧批次规则复核,公司主营业务为MCU芯片,模拟信号链芯片、MCU芯片、AIoT芯片,,电子,半导体,数字芯片设计,Codex复核：披露业务“MCU芯片”明确属于集成电路,PREEXISTING,False
B_行业与主营一致,申万三级行业为其他专用设备，未发现直接冲突,cn,688596,正帆科技,4,国家重点扶持产业,第三梯队：卡脖子底座,集成电路设备,旧批次规则复核,公司主营业务为电子工艺设备,电子工艺设备、生物制药设备、气体和先进材料、MRO,,机械设备,专用设备,其他专用设备,Codex复核：披露业务“电子工艺设备”明确属于集成电路设备,PREEXISTING,False
A_主营直接支持,主营/新战略业务直接命中集成电路证据,cn,688598,金博股份,4,国家重点扶持产业,第二梯队：新兴支柱产业,集成电路,旧批次规则复核,公司主营业务为光伏领域产品,光伏领域产品、半导体领域产品、交通领域产品、锂电领域产品,,电力设备,光伏设备,光伏辅材,Codex复核：披露业务“光伏领域产品”明确属于集成电路,PREEXISTING,False
A_主营直接支持,主营/新战略业务直接命中光伏证据,cn,688599,天合光能,4,国家重点扶持产业,第二梯队：新兴支柱产业,光伏,主营/战略文本,公司主营业务为光伏组件,光伏产品、储能业务、系统解决方案、数字能源服务,,电力设备,光伏设备,光伏电池组件,2026-08-30复核：生产主营业务“光伏产品、储能业务、系统解决方案、数字能源服务”命中“光伏”；归入光伏,20260830_NEW,False
A_主营直接支持,主营/新战略业务直接命中高端仪器证据,cn,688600,皖仪科技,4,国家重点扶持产业,第三梯队：卡脖子底座,高端仪器,旧批次规则复核,公司主营业务为工业检测仪器及解决方案,工业检测仪器及解决方案、在线监测仪器及解决方案、实验室分析仪器及解决方案,,环保,环保设备,环保设备Ⅲ,Codex复核：披露业务“工业检测仪器及解决方案”明确属于高端仪器,PREEXISTING,False
A_主营直接支持,主营/新战略业务直接命中集成电路证据,cn,688601,力芯微,4,国家重点扶持产业,第二梯队：新兴支柱产业,集成电路,旧批次规则复核,公司主营业务为电源转换芯片,电源防护芯片、电源转换芯片、显示驱动芯片、智能组网延时管理单元、信号链芯片,,电子,半导体,模拟芯片设计,Codex复核：披露业务“电源转换芯片”明确属于集成电路,PREEXISTING,False
A_主营直接支持,主营/新战略业务直接命中先进材料证据,cn,688602,康鹏科技,4,国家重点扶持产业,第三梯队：卡脖子底座,先进材料,旧批次规则复核,公司主营业务为新材料,新材料、医药农药定制化学品,,医药生物,化学制药,化学制剂,Codex复核：披露业务“新材料”明确属于先进材料,PREEXISTING,False
D_确认需修正,主营PCB沉铜/电镀化学品，不是集成电路材料,cn,688603,天承科技,4,国家重点扶持产业,第三梯队：卡脖子底座,集成电路材料,主营+行业映射,公司主营业务为沉铜电镀专用化学品,沉铜电镀专用化学品、垂直沉铜专用化学品、水平沉铜专用化学品、电镀专用化学品、铜面处理专用化学品,,电子,电子化学品,电子化学品Ⅲ,2026-08-30复核：生产主营“沉铜电镀专用化学品、垂直沉铜专用化学品、水平沉铜专用化学品、电镀专用化学品、铜面处理专用化学品”，行业分类“电子/电子化学品/电子化学品Ⅲ”；归入集成电路材料,20260830_NEW,False
B_行业与主营一致,申万三级行业为半导体设备，未发现直接冲突,cn,688605,先锋精科,4,国家重点扶持产业,第三梯队：卡脖子底座,集成电路设备,主营+行业映射,公司主营业务为精密零部件小计,精密零部件小计,,电子,半导体,半导体设备,2026-08-30复核：生产主营“精密零部件小计”，行业分类“电子/半导体/半导体设备”；归入集成电路设备,20260830_NEW,False
B_行业与主营一致,申万三级为体外诊断；保留“高端”口径复核要求,cn,688606,奥泰生物,4,国家重点扶持产业,第二梯队：新兴支柱产业,高端医疗器械,主营+行业映射,公司主营业务为传染病类,新冠检测类、传染病类、毒品及药物滥用类、妇女健康类、肿瘤类、心肌类,,医药生物,医疗器械,体外诊断,2026-08-30复核：生产主营“新冠检测类、传染病类、毒品及药物滥用类、妇女健康类、肿瘤类、心肌类”，行业分类“医药生物/医疗器械/体外诊断”；归入高端医疗器械,20260830_NEW,False
A_主营直接支持,主营/新战略业务直接命中高端医疗器械证据,cn,688607,康众医疗,4,国家重点扶持产业,第二梯队：新兴支柱产业,高端医疗器械,主营+行业映射,公司主营业务为平板探测器销售,平板探测器销售,,医药生物,医疗器械,医疗设备,2026-08-30复核：生产主营“平板探测器销售”，行业分类“医药生物/医疗器械/医疗设备”；归入高端医疗器械,20260830_NEW,False
A_主营直接支持,主营/新战略业务直接命中集成电路证据,cn,688608,恒玄科技,3,用户常用,第二梯队：新兴支柱产业,集成电路,旧批次规则复核,公司主营业务为芯片销售收入,芯片销售收入,,电子,半导体,数字芯片设计,Codex复核：披露业务“芯片销售收入”明确属于集成电路,PREEXISTING,False
A_主营直接支持,主营/新战略业务直接命中动力电池与新型储能证据,cn,688611,杭州柯林,4,国家重点扶持产业,第二梯队：新兴支柱产业,动力电池与新型储能,主营/战略文本,公司主营业务为储能系统,电网数字化智能感知产品、储能系统、电力相关技术服务、电站运营,,电力设备,电网设备,电网自动化设备,2026-08-30复核：生产主营业务“电网数字化智能感知产品、储能系统、电力相关技术服务、电站运营”命中“储能系统”；归入动力电池与新型储能,20260830_NEW,False
C_需人工复核,未在主营/新战略业务中找到高端医疗器械直接证据；当前主要依赖医疗耗材,cn,688613,奥精医疗,4,国家重点扶持产业,第二梯队：新兴支柱产业,高端医疗器械,主营+行业映射,公司主营业务为骼金,骼金、颅瑞、齿贝、BonGold、口腔种植体,,医药生物,医疗器械,医疗耗材,2026-08-30复核：生产主营“骼金、颅瑞、齿贝、BonGold、口腔种植体”，行业分类“医药生物/医疗器械/医疗耗材”；归入高端医疗器械,20260830_NEW,False
B_行业与主营一致,申万三级行业为垂直应用软件，与软件/信息服务标签一致,cn,688615,合合信息,4,国家重点扶持产业,第二梯队：新兴支柱产业,软件与信息技术服务,主营+行业映射,公司主营业务为智能文字识别-C端产品,商业大数据-B端产品及服务、商业大数据-C端产品、智能文字识别-B端产品及服务、智能文字识别-C端产品,,计算机,软件开发,垂直应用软件,2026-08-30复核：生产主营“商业大数据-B端产品及服务、商业大数据-C端产品、智能文字识别-B端产品及服务、智能文字识别-C端产品”，行业分类“计算机/软件开发/垂直应用软件”；归入软件与信息技术服务,20260830_NEW,False
C_需人工复核,未在主营/新战略业务中找到高端医疗器械直接证据；当前主要依赖医疗耗材,cn,688617,惠泰医疗,4,国家重点扶持产业,第二梯队：新兴支柱产业,高端医疗器械,主营+行业映射,公司主营业务为冠脉通路类,电生理、冠脉通路类、外周介入类、非血管介入类、OEM,,医药生物,医疗器械,医疗耗材,2026-08-30复核：生产主营“电生理、冠脉通路类、外周介入类、非血管介入类、OEM”，行业分类“医药生物/医疗器械/医疗耗材”；归入高端医疗器械,20260830_NEW,False
B_行业与主营一致,申万三级行业为通信网络设备及器件，未发现直接冲突,cn,688618,三旺通信,4,国家重点扶持产业,第二梯队：新兴支柱产业,新一代通信,主营+行业映射,公司主营业务为工业交换产品,工业交换产品、工业网关及无线产品、解决方案产品,,通信,通信设备,通信网络设备及器件,2026-08-30复核：生产主营“工业交换产品、工业网关及无线产品、解决方案产品”，行业分类“通信/通信设备/通信网络设备及器件”；归入新一代通信,20260830_NEW,False
B_行业与主营一致,申万三级行业为安防设备，主营未发现冲突,cn,688619,罗普特,4,国家重点扶持产业,第二梯队：新兴支柱产业,先进计算与信息设备,主营+行业映射,公司主营业务为社会安全系统解决方案,社会安全系统解决方案、安防视频监控产品销售,,计算机,计算机设备,安防设备,2026-08-30复核：生产主营“社会安全系统解决方案、安防视频监控产品销售”，行业分类“计算机/计算机设备/安防设备”；归入先进计算与信息设备,20260830_NEW,False
A_主营直接支持,主营/新战略业务直接命中集成电路证据,cn,688620,安凯微,4,国家重点扶持产业,第二梯队：新兴支柱产业,集成电路,主营+行业映射,公司主营业务为物联网摄像机芯片,物联网摄像机芯片、物联网应用处理器芯片,,电子,半导体,数字芯片设计,2026-08-30复核：生产主营“物联网摄像机芯片、物联网应用处理器芯片”，行业分类“电子/半导体/数字芯片设计”；归入集成电路,20260830_NEW,False
B_行业与主营一致,申万三级行业为医疗研发外包，未发现直接冲突,cn,688621,阳光诺和,4,国家重点扶持产业,第二梯队：新兴支柱产业,生物医药研发服务,主营+行业映射,公司主营业务为药学研究服务,药学研究服务、临床试验及生物分析服务、权益分成,,医药生物,医疗服务,医疗研发外包,2026-08-30复核：生产主营“药学研究服务、临床试验及生物分析服务、权益分成”，行业分类“医药生物/医疗服务/医疗研发外包”；归入生物医药研发服务,20260830_NEW,False
B_行业与主营一致,申万三级为医疗设备；保留“高端”口径复核要求,cn,688626,翔宇医疗,4,国家重点扶持产业,第二梯队：新兴支柱产业,高端医疗器械,主营+行业映射,公司主营业务为康复理疗设备类,康复理疗设备类、康复训练设备类、康复评定设备类、经营及配件产品,,医药生物,医疗器械,医疗设备,2026-08-30复核：生产主营“康复理疗设备类、康复训练设备类、康复评定设备类、经营及配件产品”，行业分类“医药生物/医疗器械/医疗设备”；归入高端医疗器械,20260830_NEW,False
A_主营直接支持,主营/新战略业务直接命中集成电路证据,cn,688627,精智达,2,S100,第二梯队：新兴支柱产业,集成电路,旧批次规则复核,公司主营业务为光学检测及校正修复系统,光学检测及校正修复系统、老化系统、触控检测系统、信号发生器、检测系统配件、半导体存储器件测试,,机械设备,通用设备,仪器仪表,Codex复核：披露业务“光学检测及校正修复系统”明确属于集成电路,PREEXISTING,False
B_行业与主营一致,申万三级行业为军工电子Ⅲ，未发现直接冲突,cn,688629,华丰科技,3,用户常用,第二梯队：新兴支柱产业,航空航天与军工电子,主营+行业映射,公司主营业务为连接器,连接器、系统互连产品、组件,,国防军工,军工电子,军工电子Ⅲ,2026-08-30复核：生产主营“连接器、系统互连产品、组件”，行业分类“国防军工/军工电子/军工电子Ⅲ”；归入航空航天与军工电子,20260830_NEW,False
A_主营直接支持,主营/新战略业务直接命中PCB证据,cn,688630,芯碁微装,2,S100,第一梯队：AI+超级主线,PCB,旧批次规则复核,公司主营业务为PCB系列,PCB系列、泛半导体系列,,机械设备,专用设备,其他专用设备,Codex复核：披露业务“PCB系列”明确属于PCB,PREEXISTING,False
B_行业与主营一致,申万三级行业为垂直应用软件，与软件/信息服务标签一致,cn,688631,莱斯信息,4,国家重点扶持产业,第二梯队：新兴支柱产业,软件与信息技术服务,主营+行业映射,公司主营业务为信息化系统开发建设,信息化系统开发建设、运维和技术服务、商品销售,,计算机,软件开发,垂直应用软件,2026-08-30复核：生产主营“信息化系统开发建设、运维和技术服务、商品销售”，行业分类“计算机/软件开发/垂直应用软件”；归入软件与信息技术服务,20260830_NEW,False
B_行业与主营一致,申万三级行业为军工电子Ⅲ，未发现直接冲突,cn,688636,智明达,4,国家重点扶持产业,第二梯队：新兴支柱产业,航空航天,旧批次人工复核,公司主营业务为机载嵌入式计算机,机载嵌入式计算机、弹载嵌入式计算机、无人机嵌入式计算机、星载嵌入式计算机,,国防军工,军工电子,军工电子Ⅲ,Codex复核：结合主营业务将候选结果调整为航空航天,PREEXISTING,False
A_主营直接支持,主营/新战略业务直接命中动力电池与新型储能证据,cn,688638,誉辰智能,4,国家重点扶持产业,第二梯队：新兴支柱产业,动力电池与新型储能,主营+行业映射,公司主营业务为锂电池制造设备,锂电池制造设备、配件、增值及服务,,电力设备,电池,锂电专用设备,2026-08-30复核：生产主营“锂电池制造设备、配件、增值及服务”，行业分类“电力设备/电池/锂电专用设备”；归入动力电池与新型储能,20260830_NEW,False
B_行业与主营一致,主营为激光设备/装备，与高端装备方向一致,cn,688646,逸飞激光,4,国家重点扶持产业,第二梯队：新兴支柱产业,高端装备,主营/战略文本,公司主营业务为精密激光加工智能装备,自动化产线、智能化专机、改造与增值服务、智慧物流装备与系统,,机械设备,自动化设备,激光设备,2026-08-30复核：生产所属行业“公司主营业务为精密激光加工智能装备”命中“智能装备”；归入高端装备,20260830_NEW,False
A_主营直接支持,主营/新战略业务直接命中软件与信息技术服务证据,cn,688651,盛邦安全,4,国家重点扶持产业,第二梯队：新兴支柱产业,软件与信息技术服务,主营+行业映射,公司主营业务为网络安全基础产品,网络空间地图、业务场景安全、网络安全基础产品、网络安全服务,,计算机,软件开发,横向通用软件,2026-08-30复核：生产主营“网络空间地图、业务场景安全、网络安全基础产品、网络安全服务”，行业分类“计算机/软件开发/横向通用软件”；归入软件与信息技术服务,20260830_NEW,False
A_主营直接支持,主营/新战略业务直接命中集成电路证据,cn,688652,京仪装备,4,国家重点扶持产业,第二梯队：新兴支柱产业,集成电路,旧批次规则复核,公司主营业务为半导体专用温控设备,半导体专用温控设备、半导体专用工艺废气处理设备、晶圆传片设备、零配件及支持性设备、维护、维修等服务,,电子,半导体,半导体设备,Codex复核：披露业务“半导体专用温控设备”明确属于集成电路,PREEXISTING,False
B_行业与主营一致,申万三级行业为模拟芯片设计，未发现直接冲突,cn,688653,康希通信,4,国家重点扶持产业,第二梯队：新兴支柱产业,集成电路,主营+行业映射,公司主营业务为Wi-Fi射频前端模组,WiFiFEM、IOTFEM、音频IOT模组,,电子,半导体,模拟芯片设计,2026-08-30复核：生产主营“WiFiFEM、IOTFEM、音频IOT模组”，行业分类“电子/半导体/模拟芯片设计”；归入集成电路,20260830_NEW,False
A_主营直接支持,主营/新战略业务直接命中PCB证据,cn,688655,迅捷兴,4,国家重点扶持产业,第一梯队：AI+超级主线,PCB,旧批次规则复核,公司主营业务为印制电路板,印制电路板,,电子,元件,印制电路板,Codex复核：披露业务“印制电路板”明确属于PCB,PREEXISTING,False
B_行业与主营一致,申万三级为体外诊断；保留“高端”口径复核要求,cn,688656,浩欧博,4,国家重点扶持产业,第二梯队：新兴支柱产业,高端医疗器械,主营+行业映射,公司主营业务为过敏试剂产品,过敏试剂产品、自免试剂产品、仪器销售,,医药生物,医疗器械,体外诊断,2026-08-30复核：生产主营“过敏试剂产品、自免试剂产品、仪器销售”，行业分类“医药生物/医疗器械/体外诊断”；归入高端医疗器械,20260830_NEW,False
A_主营直接支持,主营/新战略业务直接命中工业软件证据,cn,688657,浩辰软件,4,国家重点扶持产业,第三梯队：卡脖子底座,工业软件,旧批次规则复核,公司主营业务为CAD软件业务,CAD软件业务、CAD云化业务、互联网广告推广业务,,计算机,软件开发,垂直应用软件,Codex复核：披露业务“CAD软件业务”明确属于工业软件,PREEXISTING,False
A_主营直接支持,主营/新战略业务直接命中生物医药证据,cn,688658,悦康药业,4,国家重点扶持产业,第二梯队：新兴支柱产业,生物医药,主营/战略文本,公司主营业务为心脑血管类,抗感染、心脑血管类、消化系统类、降糖类、原料药、技术服务,,医药生物,化学制药,化学制剂,2026-08-30复核：生产主营业务“抗感染、心脑血管类、消化系统类、降糖类、原料药、技术服务”命中“原料药”；归入生物医药,20260830_NEW,False
A_主营直接支持,主营/新战略业务直接命中风电证据,cn,688660,电气风电,4,国家重点扶持产业,第二梯队：新兴支柱产业,风电,主营+行业映射,公司主营业务为风机及零部件销售,风机及零部件销售、提供服务、风电场发电,,电力设备,风电设备,风电整机,2026-08-30复核：生产主营“风机及零部件销售、提供服务、风电场发电”，行业分类“电力设备/风电设备/风电整机”；归入风电,20260830_NEW,False
A_主营直接支持,主营/新战略业务直接命中集成电路证据,cn,688661,和林微纳,2,S100,第二梯队：新兴支柱产业,集成电路,旧批次规则复核,公司主营业务为精密结构件,精微屏蔽罩、精密结构件、精微连接器及零组件、半导体芯片测试探针、其它,,电子,半导体,半导体材料,Codex复核：披露业务“精密结构件”明确属于集成电路,PREEXISTING,False
A_主营直接支持,主营/新战略业务直接命中集成电路证据,cn,688662,富信科技,4,国家重点扶持产业,第二梯队：新兴支柱产业,集成电路,旧批次规则复核,公司主营业务为热电整机应用,热电整机应用、半导体热电系统、半导体热电器件,,电子,其他电子,其他电子Ⅲ,Codex复核：披露业务“热电整机应用”明确属于集成电路,PREEXISTING,False
A_主营直接支持,主营/新战略业务直接命中动力电池与新型储能证据,cn,688663,新风光,4,国家重点扶持产业,第二梯队：新兴支柱产业,动力电池与新型储能,主营/战略文本,公司主营业务为电能质量检测与治理类,电机驱动与控制类、电能质量检测与治理类、高端变流器类、煤矿智能控制设备、储能系统,,电力设备,电网设备,电网自动化设备,2026-08-30复核：生产主营业务“电机驱动与控制类、电能质量检测与治理类、高端变流器类、煤矿智能控制设备、储能系统”命中“储能系统”；归入动力电池与新型储能,20260830_NEW,False
A_主营直接支持,主营/新战略业务直接命中高端仪器证据,cn,688665,四方光电,4,国家重点扶持产业,第三梯队：卡脖子底座,高端仪器,旧批次规则复核,公司主营业务为气体传感器,气体传感器、气体分析仪器,,机械设备,通用设备,仪器仪表,Codex复核：披露业务“气体传感器”明确属于高端仪器,PREEXISTING,False
A_主营直接支持,主营/新战略业务直接命中关键电子元器件证据,cn,688668,鼎通科技,2,S100,第二梯队：新兴支柱产业,关键电子元器件,人工复核,公司主营业务为通讯连接器组件（合并）,通讯连接器组件（合并）、通讯连接器壳体CAGE、通讯连接器精密结构件、汽车连接器组件、精密模具、模具零件,,通信,通信设备,通信网络设备及器件,2026-08-30人工复核：主营通信与汽车连接器组件；归入关键电子元器件,20260830_NEW,False
A_主营直接支持,主营/新战略业务直接命中新材料证据,cn,688669,聚石化学,4,国家重点扶持产业,第二梯队：新兴支柱产业,新材料,主营+行业映射,公司主营业务为改性塑料制品,改性塑料制品、改性塑料粒子、液化石油气产品、磷化工、贸易原材料、循环业务,,基础化工,塑料,改性塑料,2026-08-30复核：生产主营“改性塑料制品、改性塑料粒子、液化石油气产品、磷化工、贸易原材料、循环业务”，行业分类“基础化工/塑料/改性塑料”；归入新材料,20260830_NEW,False
A_主营直接支持,主营/新战略业务直接命中生物医药证据,cn,688670,金迪克,4,国家重点扶持产业,第二梯队：新兴支柱产业,生物医药,旧批次规则复核,公司主营业务为四价流感病毒裂解疫苗,四价流感病毒裂解疫苗,,医药生物,生物制品,疫苗,Codex复核：披露业务“四价流感病毒裂解疫苗”明确属于生物医药,PREEXISTING,False
B_行业与主营一致,申万三级行业为环保设备Ⅲ，未发现直接冲突,cn,688671,碧兴物联,4,国家重点扶持产业,第二梯队：新兴支柱产业,节能环保,主营+行业映射,公司主营业务为数字生态（环境监测运营服务）,数字生态（环境监测仪器及系统）、数字生态（环境监测运营服务）、数字生态（环境监测大数据系统）、数字农业、数字水利/水务、数字公安（移动接入网数据采集分析系统）,,环保,环保设备,环保设备Ⅲ,2026-08-30复核：生产主营“数字生态（环境监测仪器及系统）、数字生态（环境监测运营服务）、数字生态（环境监测大数据系统）、数字农业、数字水利/水务、数字公安（移动接入网数据采集分析系统）”，行业分类“环保/环保设备/环保设备Ⅲ”；归入节能环保,20260830_NEW,False
A_主营直接支持,主营/新战略业务直接命中光伏证据,cn,688676,金盘科技,3,用户常用,第二梯队：新兴支柱产业,光伏,主营/战略文本,公司主营业务为变压器系列,变压器系列、成套系列、数字化整体解决方案、安装工程业务、储能系列、光伏电站业务,,电力设备,电网设备,输变电设备,2026-08-30复核：生产主营业务“变压器系列、成套系列、数字化整体解决方案、安装工程业务、储能系列、光伏电站业务”命中“光伏”；归入光伏,20260830_NEW,False
A_主营直接支持,主营/新战略业务直接命中高端医疗器械证据,cn,688677,海泰新光,4,国家重点扶持产业,第二梯队：新兴支柱产业,高端医疗器械,主营+行业映射,公司主营业务为医用内窥镜器械,医用内窥镜器械、光学产品、维修服务,,医药生物,医疗器械,医疗设备,2026-08-30复核：生产主营“医用内窥镜器械、光学产品、维修服务”，行业分类“医药生物/医疗器械/医疗设备”；归入高端医疗器械,20260830_NEW,False
C_需人工复核,未在主营/新战略业务中找到关键电子元器件直接证据；当前主要依赖消费电子零部件及组装,cn,688678,福立旺,4,国家重点扶持产业,第二梯队：新兴支柱产业,关键电子元器件,主营+行业映射,公司主营业务为3C精密零部件,3C精密零部件、汽车精密零部件、电动工具零部件、金刚线母线及黄铜丝、一般精密零部件,,电子,消费电子,消费电子零部件及组装,2026-08-30复核：生产主营“3C精密零部件、汽车精密零部件、电动工具零部件、金刚线母线及黄铜丝、一般精密零部件”，行业分类“电子/消费电子/消费电子零部件及组装”；归入关键电子元器件,20260830_NEW,False
A_主营直接支持,主营/新战略业务直接命中光伏证据,cn,688679,通源环境,4,国家重点扶持产业,第二梯队：新兴支柱产业,光伏,主营/战略文本,公司主营业务为水环境修复,固废污染阻隔修复、水环境修复、固废处理处置、运营服务、光伏业务,,环保,环境治理,固废治理,2026-08-30复核：生产主营业务“固废污染阻隔修复、水环境修复、固废处理处置、运营服务、光伏业务”命中“光伏”；归入光伏,20260830_NEW,False
A_主营直接支持,主营/新战略业务直接命中光伏证据,cn,688680,海优新材,4,国家重点扶持产业,第二梯队：新兴支柱产业,光伏,主营/战略文本,公司主营业务为光伏胶膜,光伏胶膜、非光伏胶膜,,电力设备,光伏设备,光伏辅材,2026-08-30复核：生产主营业务“光伏胶膜、非光伏胶膜”命中“光伏”；归入光伏,20260830_NEW,False
A_主营直接支持,主营/新战略业务直接命中动力电池与新型储能证据,cn,688681,科汇股份,4,国家重点扶持产业,第二梯队：新兴支柱产业,动力电池与新型储能,主营/战略文本,公司主营业务为磁阻电机驱动系统,输电线路故障行波测距产品、电力系统同步时钟、配电网自动化产品、电力电缆故障探测与定位装置、储能系统及光储一体化电站、磁阻电机驱动系统,,电力设备,电网设备,电网自动化设备,2026-08-30复核：生产主营业务“输电线路故障行波测距产品、电力系统同步时钟、配电网自动化产品、电力电缆故障探测与定位装置、储能系统及光储一体化电站、磁阻电机驱动系统”命中“储能系统”；归入动力电池与新型储能,20260830_NEW,False
B_行业与主营一致,申万三级行业为军工电子Ⅲ，未发现直接冲突,cn,688682,霍莱沃,4,国家重点扶持产业,第二梯队：新兴支柱产业,航空航天与军工电子,主营+行业映射,公司主营业务为电磁测量系统业务,电磁测量系统业务、电磁场仿真分析验证业务、通用测试业务,,国防军工,军工电子,军工电子Ⅲ,2026-08-30复核：生产主营“电磁测量系统业务、电磁场仿真分析验证业务、通用测试业务”，行业分类“国防军工/军工电子/军工电子Ⅲ”；归入航空航天与军工电子,20260830_NEW,False
D_确认需修正,主营功能胶膜及电池箔，缺少集成电路材料主营证据,cn,688683,莱尔科技,4,国家重点扶持产业,第三梯队：卡脖子底座,集成电路材料,主营+行业映射,公司主营业务为功能胶膜类材料,功能胶膜类材料、功能胶膜类应用产品、电池箔,,电子,电子化学品,电子化学品Ⅲ,2026-08-30复核：生产主营“功能胶膜类材料、功能胶膜类应用产品、电池箔”，行业分类“电子/电子化学品/电子化学品Ⅲ”；归入集成电路材料,20260830_NEW,False
B_行业与主营一致,申万三级行业为航空装备Ⅲ，未发现直接冲突,cn,688685,迈信林,4,国家重点扶持产业,第二梯队：新兴支柱产业,航空航天,主营+行业映射,公司主营业务为整体结构件及装备,整体结构件及装备、高精度壳体、管路系统连接件、专用标准件及组件、电子连接器件、精密结构件,,国防军工,航空装备,航空装备Ⅲ,2026-08-30复核：生产主营“整体结构件及装备、高精度壳体、管路系统连接件、专用标准件及组件、电子连接器件、精密结构件”，行业分类“国防军工/航空装备/航空装备Ⅲ”；归入航空航天,20260830_NEW,False
B_行业与主营一致,申万三级行业为其他生物制品，未发现直接冲突,cn,688687,凯因科技,4,国家重点扶持产业,第二梯队：新兴支柱产业,生物医药,主营+行业映射,公司主营业务为化学药品,生物药品、化学药品,,医药生物,生物制品,其他生物制品,2026-08-30复核：生产主营“生物药品、化学药品”，行业分类“医药生物/生物制品/其他生物制品”；归入生物医药,20260830_NEW,False
A_主营直接支持,主营/新战略业务直接命中集成电路证据,cn,688689,银河微电,4,国家重点扶持产业,第二梯队：新兴支柱产业,集成电路,主营/战略文本,公司主营业务为功率器件,小信号器件、功率器件、光电器件,,电子,半导体,分立器件,2026-08-30复核：生产主营业务“小信号器件、功率器件、光电器件”命中“功率器件”；归入集成电路,20260830_NEW,False
C_需人工复核,未在主营/新战略业务中找到先进材料直接证据；当前主要依赖原料药,cn,688690,纳微科技,4,国家重点扶持产业,第三梯队：卡脖子底座,先进材料,旧批次人工复核,公司主营业务为色谱填料和层析介质产品,色谱填料和层析介质产品、色谱分析仪器及配件、蛋白层析系统及配件、液相色谱柱及样品前处理产品、IVD用核心微球产品、光电领域用微球产品、分离纯化技术服务,,医药生物,化学制药,原料药,Codex复核：结合主营业务将候选结果调整为先进材料,PREEXISTING,False
A_主营直接支持,主营/新战略业务直接命中集成电路证据,cn,688691,灿芯股份,4,国家重点扶持产业,第二梯队：新兴支柱产业,集成电路,旧批次规则复核,公司主营业务为芯片量产业务,芯片量产业务、芯片设计业务,,电子,半导体,集成电路制造,Codex复核：披露业务“芯片量产业务”明确属于集成电路,PREEXISTING,False
A_主营直接支持,主营/新战略业务直接命中软件与信息技术服务证据,cn,688692,达梦数据,3,用户常用,第二梯队：新兴支柱产业,软件与信息技术服务,主营+行业映射,公司主营业务为软件产品使用授权,软件产品使用授权、数据及行业解决方案、运维服务、数据库一体机销售,,计算机,软件开发,垂直应用软件,2026-08-30复核：生产主营“软件产品使用授权、数据及行业解决方案、运维服务、数据库一体机销售”，行业分类“计算机/软件开发/垂直应用软件”；归入软件与信息技术服务,20260830_NEW,False
A_主营直接支持,主营/新战略业务直接命中集成电路证据,cn,688693,锴威特,4,国家重点扶持产业,第二梯队：新兴支柱产业,集成电路,主营/战略文本,公司主营业务为功率器件,功率器件、功率IC、技术服务,,电子,半导体,分立器件,2026-08-30复核：生产主营业务“功率器件、功率IC、技术服务”命中“功率器件”；归入集成电路,20260830_NEW,False
A_主营直接支持,主营/新战略业务直接命中基础软件证据,cn,688695,中创股份,4,国家重点扶持产业,第三梯队：卡脖子底座,基础软件,旧批次规则复核,公司主营业务为中间件软件销售,中间件软件销售、中间件定制化开发、中间件运维服务,,计算机,软件开发,横向通用软件,Codex复核：披露业务“中间件软件销售”明确属于基础软件,PREEXISTING,False
A_主营直接支持,主营/新战略业务直接命中工业母机证据,cn,688697,纽威数控,4,国家重点扶持产业,第三梯队：卡脖子底座,工业母机,旧批次规则复核,公司主营业务为大型加工中心,大型加工中心、立式数控机床、卧式数控机床,,机械设备,通用设备,机床工具,Codex复核：披露业务“大型加工中心”明确属于工业母机,PREEXISTING,False
A_主营直接支持,主营/新战略业务直接命中机器人核心部件证据,cn,688698,伟创电气,4,国家重点扶持产业,第三梯队：卡脖子底座,机器人核心部件,主营/战略文本,公司主营业务为变频器,变频器、伺服系统及控制系统、数字能源,,机械设备,自动化设备,工控设备,2026-08-30复核：生产主营业务“变频器、伺服系统及控制系统、数字能源”命中“伺服系统”；归入机器人核心部件,20260830_NEW,False
B_行业与主营一致,申万三级行业为模拟芯片设计，未发现直接冲突,cn,688699,明微电子,4,国家重点扶持产业,第二梯队：新兴支柱产业,集成电路,主营+行业映射,公司主营业务为显示驱动,显示驱动、线性电源、电源管理,,电子,半导体,模拟芯片设计,2026-08-30复核：生产主营“显示驱动、线性电源、电源管理”，行业分类“电子/半导体/模拟芯片设计”；归入集成电路,20260830_NEW,False
A_主营直接支持,主营/新战略业务直接命中节能环保证据,cn,688701,卓锦股份,4,国家重点扶持产业,第二梯队：新兴支柱产业,节能环保,主营+行业映射,公司主营业务为环保综合治理服务,环保综合治理服务、产品销售与服务,,环保,环境治理,综合环境治理,2026-08-30复核：生产主营“环保综合治理服务、产品销售与服务”，行业分类“环保/环境治理/综合环境治理”；归入节能环保,20260830_NEW,False
A_主营直接支持,主营/新战略业务直接命中高端芯片证据,cn,688702,盛科通信,2,S100,第三梯队：卡脖子底座,高端芯片,主营/战略文本,公司主营业务为以太网交换芯片,以太网交换芯片、以太网交换芯片模组、以太网交换机、授权许可,,电子,半导体,数字芯片设计,2026-08-30复核：生产主营业务“以太网交换芯片、以太网交换芯片模组、以太网交换机、授权许可”命中“以太网交换芯片”；归入高端芯片,20260830_NEW,False
B_行业与主营一致,申万三级行业为电池化学品，未发现直接冲突,cn,688707,振华新材,4,国家重点扶持产业,第二梯队：新兴支柱产业,动力电池与新型储能,主营+行业映射,公司主营业务为正极材料,正极材料,,电力设备,电池,电池化学品,2026-08-30复核：生产主营“正极材料”，行业分类“电力设备/电池/电池化学品”；归入动力电池与新型储能,20260830_NEW,False
B_行业与主营一致,申万三级行业为航空装备Ⅲ，未发现直接冲突,cn,688708,佳驰科技,4,国家重点扶持产业,第二梯队：新兴支柱产业,航空航天,主营+行业映射,公司主营业务为隐身功能涂层材料,隐身功能涂层材料、隐身功能结构件、电磁兼容材料、技术服务,,国防军工,航空装备,航空装备Ⅲ,2026-08-30复核：生产主营“隐身功能涂层材料、隐身功能结构件、电磁兼容材料、技术服务”，行业分类“国防军工/航空装备/航空装备Ⅲ”；归入航空航天,20260830_NEW,False
A_主营直接支持,主营/新战略业务直接命中集成电路证据,cn,688709,成都华微,4,国家重点扶持产业,第二梯队：新兴支柱产业,集成电路,旧批次规则复核,公司主营业务为数字集成电路,数字集成电路、模拟集成电路、技术服务,,电子,半导体,数字芯片设计,Codex复核：披露业务“数字集成电路”明确属于集成电路,PREEXISTING,False
A_主营直接支持,主营/新战略业务直接命中生物医药研发服务证据,cn,688710,益诺思,4,国家重点扶持产业,第二梯队：新兴支柱产业,生物医药研发服务,主营+行业映射,公司主营业务为非临床,非临床CRO、临床CRO,,医药生物,医疗服务,医疗研发外包,2026-08-30复核：生产主营“非临床CRO、临床CRO”，行业分类“医药生物/医疗服务/医疗研发外包”；归入生物医药研发服务,20260830_NEW,False
A_主营直接支持,主营/新战略业务直接命中集成电路证据,cn,688711,宏微科技,4,国家重点扶持产业,第二梯队：新兴支柱产业,集成电路,主营+行业映射,公司主营业务为模块（封装）,模块（封装）、单管（封装）、芯片、受托加工业务,,电子,半导体,分立器件,2026-08-30复核：生产主营“模块（封装）、单管（封装）、芯片、受托加工业务”，行业分类“电子/半导体/分立器件”；归入集成电路,20260830_NEW,False
A_主营直接支持,主营/新战略业务直接命中动力电池与新型储能证据,cn,688717,艾罗能源,4,国家重点扶持产业,第二梯队：新兴支柱产业,动力电池与新型储能,主营/战略文本,公司主营业务为储能电池,并网逆变器、储能逆变器、储能电池,,电力设备,光伏设备,逆变器,2026-08-30复核：生产主营业务“并网逆变器、储能逆变器、储能电池”命中“储能电池”；归入动力电池与新型储能,20260830_NEW,False
A_主营直接支持,主营/新战略业务直接命中先进材料证据,cn,688718,唯赛勃,4,国家重点扶持产业,第三梯队：卡脖子底座,先进材料,旧批次人工复核,公司主营业务为复合材料压力罐,复合材料压力罐、反渗透及纳滤膜片、反渗透及纳滤膜元件、膜元件压力容器,,基础化工,塑料,膜材料,Codex复核：结合主营业务将候选结果调整为先进材料,PREEXISTING,False
A_主营直接支持,主营/新战略业务直接命中集成电路材料证据,cn,688720,艾森股份,4,国家重点扶持产业,第三梯队：卡脖子底座,集成电路材料,旧批次规则复核,公司主营业务为电镀液及配套试剂,电镀液及配套试剂、光刻胶及配套试剂、电镀配套材料,,电子,半导体,半导体材料,Codex复核：披露业务“电镀液及配套试剂”明确属于集成电路材料,PREEXISTING,False
B_行业与主营一致,申万三级明确为半导体材料,cn,688721,龙图光罩,4,国家重点扶持产业,第三梯队：卡脖子底座,集成电路材料,主营+行业映射,公司主营业务为石英掩模版,石英掩模版、苏打掩模版,,电子,半导体,半导体材料,2026-08-30复核：生产主营“石英掩模版、苏打掩模版”，行业分类“电子/半导体/半导体材料”；归入集成电路材料,20260830_NEW,False
A_主营直接支持,主营/新战略业务直接命中先进材料证据,cn,688722,同益中,4,国家重点扶持产业,第三梯队：卡脖子底座,先进材料,旧批次规则复核,公司主营业务为UHMWPE纤维,UHMWPE纤维、复合材料,,基础化工,化学纤维,其他化学纤维,Codex复核：披露业务“UHMWPE纤维”明确属于先进材料,PREEXISTING,False
A_主营直接支持,主营/新战略业务直接命中集成电路证据,cn,688726,拉普拉斯,4,国家重点扶持产业,第二梯队：新兴支柱产业,集成电路,旧批次规则复核,公司主营业务为光伏领域设备,光伏领域设备、半导体领域设备、配套产品及服务,,电力设备,光伏设备,光伏加工设备,Codex复核：披露业务“光伏领域设备”明确属于集成电路,PREEXISTING,False
A_主营直接支持,主营/新战略业务直接命中集成电路证据,cn,688728,格科微,4,国家重点扶持产业,第二梯队：新兴支柱产业,集成电路,旧批次规则复核,公司主营业务为CMOS图像传感器,CMOS图像传感器、显示驱动芯片,,电子,半导体,数字芯片设计,Codex复核：披露业务“CMOS图像传感器”明确属于集成电路,PREEXISTING,False
B_行业与主营一致,申万三级行业为电池化学品，未发现直接冲突,cn,688733,壹石通,4,国家重点扶持产业,第二梯队：新兴支柱产业,动力电池与新型储能,主营+行业映射,公司主营业务为无机功能粉体材料,无机功能粉体材料、聚合物材料,,电力设备,电池,电池化学品,2026-08-30复核：生产主营“无机功能粉体材料、聚合物材料”，行业分类“电力设备/电池/电池化学品”；归入动力电池与新型储能,20260830_NEW,False
A_主营直接支持,主营/新战略业务直接命中氢能证据,cn,688737,中自科技,4,国家重点扶持产业,第四梯队：未来产业,氢能,旧批次规则复核,公司主营业务为内燃机尾气净化催化剂,内燃机尾气净化催化剂、工业催化剂、储能与储能+、氢能,,汽车,汽车零部件,其他汽车零部件,Codex复核：披露业务“内燃机尾气净化催化剂”明确属于氢能,PREEXISTING,False
A_主营直接支持,主营/新战略业务直接命中生物医药证据,cn,688739,成大生物,4,国家重点扶持产业,第二梯队：新兴支柱产业,生物医药,旧批次规则复核,公司主营业务为人用狂犬病疫苗,人用乙脑灭活疫苗、人用狂犬病疫苗,,医药生物,生物制品,疫苗,Codex复核：披露业务“人用狂犬病疫苗”明确属于生物医药,PREEXISTING,False
B_行业与主营一致,申万三级行业为数字芯片设计，未发现直接冲突,cn,688766,普冉股份,2,S100,第三梯队：卡脖子底座,高端芯片,旧批次规则复核,公司主营业务为存储芯片,存储芯片,,电子,半导体,数字芯片设计,Codex复核：披露业务“存储芯片”明确属于高端芯片,PREEXISTING,False
B_行业与主营一致,申万三级行业为体外诊断，未发现直接冲突,cn,688767,博拓生物,4,国家重点扶持产业,第二梯队：新兴支柱产业,生物医药,旧批次规则复核,公司主营业务为诊断试剂产品,诊断试剂产品,,医药生物,医疗器械,体外诊断,Codex复核：披露业务“诊断试剂产品”明确属于生物医药,PREEXISTING,False
A_主营直接支持,主营/新战略业务直接命中动力电池与新型储能证据,cn,688772,珠海冠宇,4,国家重点扶持产业,第二梯队：新兴支柱产业,动力电池与新型储能,主营+行业映射,公司主营业务为消费类,消费类、动力及储能类,,电力设备,电池,锂电池,2026-08-30复核：生产主营“消费类、动力及储能类”，行业分类“电力设备/电池/锂电池”；归入动力电池与新型储能,20260830_NEW,False
B_行业与主营一致,申万三级行业为军工电子Ⅲ，未发现直接冲突,cn,688776,国光电气,4,国家重点扶持产业,第二梯队：新兴支柱产业,航空航天与军工电子,主营+行业映射,公司主营业务为微波器件,微波器件、核工业设备及部件,,国防军工,军工电子,军工电子Ⅲ,2026-08-30复核：生产主营“微波器件、核工业设备及部件”，行业分类“国防军工/军工电子/军工电子Ⅲ”；归入航空航天与军工电子,20260830_NEW,False
A_主营直接支持,主营/新战略业务直接命中工业软件证据,cn,688777,中控技术,3,用户常用,第三梯队：卡脖子底座,工业软件,旧批次规则复核,公司主营业务为工业自动化及智能制造解决方案,工业自动化及智能制造解决方案、控制系统、控制系统+仪表、仪器仪表、工业软件、运维服务、S2B业务,,机械设备,自动化设备,工控设备,Codex复核：披露业务“工业自动化及智能制造解决方案”明确属于工业软件,PREEXISTING,False
A_主营直接支持,主营/新战略业务直接命中氢能证据,cn,688778,厦钨新能,4,国家重点扶持产业,第四梯队：未来产业,氢能,旧批次规则复核,公司主营业务为钴酸锂,钴酸锂、三元材料、氢能材料,,电力设备,电池,电池化学品,Codex复核：披露业务“钴酸锂”明确属于氢能,PREEXISTING,False
A_主营直接支持,主营/新战略业务直接命中动力电池与新型储能证据,cn,688779,五矿新能,4,国家重点扶持产业,第二梯队：新兴支柱产业,动力电池与新型储能,主营+行业映射,公司主营业务为电池材料,电池材料,,电力设备,电池,电池化学品,2026-08-30复核：生产主营“电池材料”，行业分类“电力设备/电池/电池化学品”；归入动力电池与新型储能,20260830_NEW,False
B_行业与主营一致,材料类主营与磁性材料行业一致,cn,688786,悦安新材,4,国家重点扶持产业,第二梯队：新兴支柱产业,新材料,主营+行业映射,公司主营业务为软磁粉,合金粉、软磁粉、羰基铁粉、注射成型喂料粉、吸波材料、气体,,有色金属,金属新材料,磁性材料,2026-08-30复核：生产主营“合金粉、软磁粉、羰基铁粉、注射成型喂料粉、吸波材料、气体”，行业分类“有色金属/金属新材料/磁性材料”；归入新材料,20260830_NEW,False
B_行业与主营一致,申万三级行业为IT服务Ⅲ，与软件/信息服务标签一致,cn,688787,海天瑞声,4,国家重点扶持产业,第二梯队：新兴支柱产业,软件与信息技术服务,主营+行业映射,公司主营业务为智能语音,智能语音、计算机视觉、自然语言、应用服务,,计算机,IT服务,IT服务Ⅲ,2026-08-30复核：生产主营“智能语音、计算机视觉、自然语言、应用服务”，行业分类“计算机/IT服务/IT服务Ⅲ”；归入软件与信息技术服务,20260830_NEW,False
A_主营直接支持,主营/新战略业务直接命中航空航天与军工电子证据,cn,688788,科思科技,4,国家重点扶持产业,第二梯队：新兴支柱产业,航空航天与军工电子,主营+行业映射,公司主营业务为指挥控制信息处理设备,指挥控制信息处理设备、软件雷达信息处理设备、专用车辆改装业务、便携式无线指挥终端,,国防军工,军工电子,军工电子Ⅲ,2026-08-30复核：生产主营“指挥控制信息处理设备、软件雷达信息处理设备、专用车辆改装业务、便携式无线指挥终端”，行业分类“国防军工/军工电子/军工电子Ⅲ”；归入航空航天与军工电子,20260830_NEW,False
B_官方披露支持,生产主营字段缺失，但已由交易所招股书/年报或同一发行人A/H资料复核,cn,688795,摩尔线程,1,黄埔线下标的,第一梯队：AI+超级主线,国产算力芯片,人工复核,,,,,,,2026-08-30人工复核：上交所招股书披露主营全功能GPU；归入国产算力芯片,20260830_NEW,False
A_主营直接支持,主营/新战略业务直接命中集成电路证据,cn,688798,艾为电子,4,国家重点扶持产业,第二梯队：新兴支柱产业,集成电路,主营+行业映射,公司主营业务为高性能数模混合芯片,高性能数模混合芯片、电源管理芯片、信号链芯片,,电子,半导体,模拟芯片设计,2026-08-30复核：生产主营“高性能数模混合芯片、电源管理芯片、信号链芯片”，行业分类“电子/半导体/模拟芯片设计”；归入集成电路,20260830_NEW,False
A_主营直接支持,主营/新战略业务直接命中生物医药证据,cn,688799,华纳药厂,4,国家重点扶持产业,第二梯队：新兴支柱产业,生物医药,主营/战略文本,公司主营业务为制剂,制剂、原料药及中间体、植物提取物及食品,,医药生物,化学制药,化学制剂,2026-08-30复核：生产主营业务“制剂、原料药及中间体、植物提取物及食品”命中“原料药”；归入生物医药,20260830_NEW,False
B_官方披露支持,生产主营字段缺失，但已由交易所招股书/年报或同一发行人A/H资料复核,cn,688802,沐曦股份,1,黄埔线下标的,第一梯队：AI+超级主线,国产算力芯片,人工复核,,,,,,,2026-08-30人工复核：上交所招股书披露主营GPU及AI计算平台；归入国产算力芯片,20260830_NEW,False
A_主营直接支持,主营/新战略业务直接命中动力电池与新型储能证据,cn,688819,天能股份,4,国家重点扶持产业,第二梯队：新兴支柱产业,动力电池与新型储能,主营+行业映射,公司主营业务为铅酸电池,铅酸电池、锂电池,,电力设备,电池,蓄电池及其他电池,2026-08-30复核：生产主营“铅酸电池、锂电池”，行业分类“电力设备/电池/蓄电池及其他电池”；归入动力电池与新型储能,20260830_NEW,False
B_官方披露支持,生产主营字段缺失，但已由交易所招股书/年报或同一发行人A/H资料复核,cn,688825,长鑫科技,1,黄埔线下标的,第三梯队：卡脖子底座,存储芯片,人工复核,,,,,,,2026-08-30人工复核：上交所招股书披露主营DRAM；归入存储芯片,20260830_NEW,False
A_主营直接支持,主营/新战略业务直接命中集成电路证据,cn,688981,中芯国际,3,用户常用,第二梯队：新兴支柱产业,集成电路,旧批次规则复核,公司主营业务为集成电路晶圆制造代工,集成电路晶圆制造代工,,电子,半导体,集成电路制造,Codex复核：披露业务“集成电路晶圆制造代工”明确属于集成电路,PREEXISTING,False
A_主营直接支持,主营/新战略业务直接命中软件与信息技术服务证据,cn,920116,星图测控,4,国家重点扶持产业,第二梯队：新兴支柱产业,软件与信息技术服务,主营+行业映射,公司主营业务为技术开发与服务,技术开发与服务、软件销售、测控地面系统建设、系统集成,卫星应用服务,计算机,IT服务,IT服务Ⅲ,2026-08-30复核：生产主营“技术开发与服务、软件销售、测控地面系统建设、系统集成”，行业分类“计算机/IT服务/IT服务Ⅲ”；归入软件与信息技术服务,20260830_NEW,False
B_行业与主营一致,申万三级行业为垂直应用软件，与软件/信息服务标签一致,cn,920799,艾融软件,4,国家重点扶持产业,第二梯队：新兴支柱产业,软件与信息技术服务,主营+行业映射,公司主营业务为技术开发,技术开发、技术服务,云计算服务,计算机,软件开发,垂直应用软件,2026-08-30复核：生产主营“技术开发、技术服务”，行业分类“计算机/软件开发/垂直应用软件”；归入软件与信息技术服务,20260830_NEW,False
A_主营直接支持,主营/新战略业务直接命中光伏证据,hk,00377,中国华君,4,国家重点扶持产业,第二梯队：新兴支柱产业,光伏,主营/战略文本,公司主营业务为貿易及物流,印刷、貿易及物流、物業開發及投資、太陽能光伏、金融服務,,,,,2026-08-30复核：生产主营业务“印刷、貿易及物流、物業開發及投資、太陽能光伏、金融服務”命中“光伏”；归入光伏,20260830_NEW,False
A_主营直接支持,主营/新战略业务直接命中PCB证据,hk,00515,中华银科技,4,国家重点扶持产业,第一梯队：AI+超级主线,PCB,旧批次规则复核,公司主营业务为雙面PCB,單面PCB、雙面PCB、多層PCB,,,,,Codex复核：披露业务“雙面PCB”明确属于PCB,PREEXISTING,False
A_主营直接支持,主营/新战略业务直接命中工业母机证据,hk,00558,力劲科技,4,国家重点扶持产业,第三梯队：卡脖子底座,工业母机,主营/战略文本,公司主营业务为壓鑄機,壓鑄機、注塑機、CNC加工中心,,,,,2026-08-30复核：生产主营业务“壓鑄機、注塑機、CNC加工中心”命中“加工中心”；归入工业母机,20260830_NEW,False
A_主营直接支持,主营/新战略业务直接命中光伏证据,hk,00579,京能清洁能源,4,国家重点扶持产业,第二梯队：新兴支柱产业,光伏,主营/战略文本,公司主营业务为售電,燃氣發電及供熱、風力發電、光伏發電、水力發電、售電、熱力銷售、租賃,,,,,2026-08-30复核：生产主营业务“燃氣發電及供熱、風力發電、光伏發電、水力發電、售電、熱力銷售、租賃”命中“光伏”；归入光伏,20260830_NEW,False
A_主营直接支持,主营/新战略业务直接命中光伏证据,hk,00611,中国核能科技,4,国家重点扶持产业,第二梯队：新兴支柱产业,光伏,主营/战略文本,公司主营业务为發電,EPC及諮詢及整體建設、發電、融資、建造光伏電站、整體建設、融資租賃之利息收入、貸款利息收入、手續費收入、電力銷售、服務收入,,,,,2026-08-30复核：生产主营业务“EPC及諮詢及整體建設、發電、融資、建造光伏電站、整體建設、融資租賃之利息收入、貸款利息收入、手續費收入、電力銷售、服務收入”命中“光伏”；归入光伏,20260830_NEW,False
B_人工复核支持,存在人工复核说明，但仍需保留原始公告或招股书链接,hk,00700,腾讯控股,1,黄埔线下标的,第一梯队：AI+超级主线,大模型与智能体,人工复核,公司主营业务为增值服務,增值服務、網絡廣告、金融科技及企業服務,,,,,2026-08-30人工复核：混元大模型及智能体为重点战略业务；归入大模型与智能体,20260830_NEW,False
A_主营直接支持,主营/新战略业务直接命中光伏证据,hk,00712,卡姆丹克太阳能,4,国家重点扶持产业,第二梯队：新兴支柱产业,光伏,主营/战略文本,公司主营业务为物流服務,太陽能及儲電、物流服務、銷售儲電產品、有關光伏發電站的安裝服務、發電、物流服務,,,,,2026-08-30复核：生产主营业务“太陽能及儲電、物流服務、銷售儲電產品、有關光伏發電站的安裝服務、發電、物流服務”命中“光伏”；归入光伏,20260830_NEW,False
A_主营直接支持,主营/新战略业务直接命中光伏证据,hk,00757,阳光能源,4,国家重点扶持产业,第二梯队：新兴支柱产业,光伏,主营/战略文本,公司主营业务为銷售工業商品,銷售工業商品、代工服務、興建服務、提供服務、光伏組件、光伏電站、半導體╱太陽能單晶硅電池╱相關產品,,,,,2026-08-30复核：生产主营业务“銷售工業商品、代工服務、興建服務、提供服務、光伏組件、光伏電站、半導體╱太陽能單晶硅電池╱相關產品”命中“光伏”；归入光伏,20260830_NEW,False
A_主营直接支持,主营/新战略业务直接命中光伏证据,hk,00916,龙源电力,4,国家重点扶持产业,第二梯队：新兴支柱产业,光伏,主营/战略文本,公司主营业务为銷售電力,風電、火電、光伏發電、銷售電力、銷售蒸汽、銷售煤炭,,,,,2026-08-30复核：生产主营业务“風電、火電、光伏發電、銷售電力、銷售蒸汽、銷售煤炭”命中“光伏”；归入光伏,20260830_NEW,True
A_主营直接支持,主营/新战略业务直接命中光伏证据,hk,00956,新天绿色能源,4,国家重点扶持产业,第二梯队：新兴支柱产业,光伏,主营/战略文本,公司主营业务为天然氣,天然氣、風電和光伏發電,,,,,2026-08-30复核：生产主营业务“天然氣、風電和光伏發電”命中“光伏”；归入光伏,20260830_NEW,False
A_主营直接支持,主营/新战略业务直接命中光伏证据,hk,01070,TCL电子,4,国家重点扶持产业,第二梯队：新兴支柱产业,光伏,主营/战略文本,公司主营业务为銷售貨物,智屏、智能移動、連接設備及服務、互聯網業務、全品類營銷、光伏業務、銷售貨物、建設服務、視頻點播服務,,,,,2026-08-30复核：生产主营业务“智屏、智能移動、連接設備及服務、互聯網業務、全品類營銷、光伏業務、銷售貨物、建設服務、視頻點播服務”命中“光伏”；归入光伏,20260830_NEW,False
A_主营直接支持,主营/新战略业务直接命中光伏证据,hk,01121,金阳新能源,4,国家重点扶持产业,第二梯队：新兴支柱产业,光伏,主营/战略文本,公司主营业务为OEM,寶人牌產品、石墨烯產品、OEM、光伏產品,,,,,2026-08-30复核：生产主营业务“寶人牌產品、石墨烯產品、OEM、光伏產品”命中“光伏”；归入光伏,20260830_NEW,False
A_主营直接支持,主营/新战略业务直接命中光伏证据,hk,01250,山高新能源,4,国家重点扶持产业,第二梯队：新兴支柱产业,光伏,主营/战略文本,公司主营业务为光伏發電業務,建造相關業務、經營清潔能源項目、光伏發電業務、風電業務、建造及相關服務、委託經營服務、提供清潔供暖服務,,,,,2026-08-30复核：生产主营业务“建造相關業務、經營清潔能源項目、光伏發電業務、風電業務、建造及相關服務、委託經營服務、提供清潔供暖服務”命中“光伏”；归入光伏,20260830_NEW,False
A_主营直接支持,主营/新战略业务直接命中光伏证据,hk,01257,中国光大绿色环保,4,国家重点扶持产业,第二梯队：新兴支柱产业,光伏,主营/战略文本,公司主营业务为生物質綜合利用項目建造及運營,生物質綜合利用項目建造及運營、危廢及固廢處置項目建造及運營、環境修復項目運營、光伏發電及風電項目運營,,,,,2026-08-30复核：生产主营业务“生物質綜合利用項目建造及運營、危廢及固廢處置項目建造及運營、環境修復項目運營、光伏發電及風電項目運營”命中“光伏”；归入光伏,20260830_NEW,False
A_主营直接支持,主营/新战略业务直接命中光伏证据,hk,01335,顺泰控股,4,国家重点扶持产业,第二梯队：新兴支柱产业,光伏,主营/战略文本,公司主营业务为光伏發電,銷售加工香煙薄膜、銷售半導體、物業發展及相關服務、光伏發電,,,,,2026-08-30复核：生产主营业务“銷售加工香煙薄膜、銷售半導體、物業發展及相關服務、光伏發電”命中“光伏”；归入光伏,20260830_NEW,False
B_官方披露支持,生产主营字段缺失，但已由交易所招股书/年报或同一发行人A/H资料复核,hk,01347,华虹宏力,2,S100,第二梯队：新兴支柱产业,集成电路,人工复核,,,,,,,2026-08-30人工复核：华虹宏力主营晶圆代工；归入集成电路,20260830_NEW,False
A_主营直接支持,主营/新战略业务直接命中海洋工程装备证据,hk,01623,海隆控股,4,国家重点扶持产业,第二梯队：新兴支柱产业,海洋工程装备,主营/战略文本,公司主营业务为油田裝備製造與服務,油田裝備製造與服務、管道技術與服務、油田服務、海洋工程服務,,,,,2026-08-30复核：生产主营业务“油田裝備製造與服務、管道技術與服務、油田服務、海洋工程服務”命中“海洋工程”；归入海洋工程装备,20260830_NEW,False
A_主营直接支持,主营/新战略业务直接命中光伏证据,hk,01671,天保能源,4,国家重点扶持产业,第二梯队：新兴支柱产业,光伏,主营/战略文本,公司主营业务为能源生產及供應,配售電、能源生產及供應、光伏發電及銷售,,,,,2026-08-30复核：生产主营业务“配售電、能源生產及供應、光伏發電及銷售”命中“光伏”；归入光伏,20260830_NEW,False
A_主营直接支持,主营/新战略业务直接命中海洋工程装备证据,hk,02039,中集集团,4,国家重点扶持产业,第二梯队：新兴支柱产业,海洋工程装备,主营/战略文本,公司主营业务为集裝箱製造,集裝箱製造、道路運輸車輛、能源、化工及液態食品裝備、海洋工程、空港與物流裝備、消防與救援設備、物流服務、金融及資產管理、循環載具,,,,,2026-08-30复核：生产主营业务“集裝箱製造、道路運輸車輛、能源、化工及液態食品裝備、海洋工程、空港與物流裝備、消防與救援設備、物流服務、金融及資產管理、循環載具”命中“海洋工程”；归入海洋工程装备,20260830_NEW,False
A_主营直接支持,主营/新战略业务直接命中生物医药证据,hk,02197,三叶草生物-B,4,国家重点扶持产业,第二梯队：新兴支柱产业,生物医药,旧批次规则复核,公司主营业务为疫苗,疫苗、佐劑,,,,,Codex复核：披露业务“疫苗”明确属于生物医药,PREEXISTING,False
B_人工复核支持,存在人工复核说明，但仍需保留原始公告或招股书链接,hk,02359,药明康德,1,黄埔线下标的,第二梯队：新兴支柱产业,生物医药研发服务,人工复核,公司主营业务为WuXiChemistry,WuXiChemistry、WuXiTesting、WuXiBiology、WuxiATU、WuxiDDSU、終止經營業務,,,,,2026-08-30人工复核：主营药物研发服务；归入生物医药研发服务,20260830_NEW,False
A_主营直接支持,主营/新战略业务直接命中光伏证据,hk,02380,中国电力,4,国家重点扶持产业,第二梯队：新兴支柱产业,光伏,主营/战略文本,公司主营业务为售電,火力發電、水力發電、 風力發電、 光伏發電、 儲能、售電、提供代發電、儲能收入,,,,,2026-08-30复核：生产主营业务“火力發電、水力發電、 風力發電、 光伏發電、 儲能、售電、提供代發電、儲能收入”命中“光伏”；归入光伏,20260830_NEW,False
B_官方披露支持,生产主营字段缺失，但已由交易所招股书/年报或同一发行人A/H资料复核,hk,02513,智谱,1,黄埔线下标的,第一梯队：AI+超级主线,大模型与智能体,人工复核,,,,,,,2026-08-30人工复核：主营人工智能大模型研发与服务；归入大模型与智能体,20260830_NEW,False
A_主营直接支持,主营/新战略业务直接命中新型显示证据,hk,02878,晶门半导体,4,国家重点扶持产业,第二梯队：新兴支柱产业,新型显示,主营/战略文本,公司主营业务为新型顯示ICs,新型顯示ICs、OLED顯示ICs、移動顯示及移動觸控ICs、大型顯示ICs,,,,,2026-08-30复核：生产主营业务“新型顯示ICs、OLED顯示ICs、移動顯示及移動觸控ICs、大型顯示ICs”命中“OLED”；归入新型显示,20260830_NEW,False
A_主营直接支持,主营/新战略业务直接命中低空经济证据,hk,02885,彼岸控股,4,国家重点扶持产业,第二梯队：新兴支柱产业,低空经济,旧批次规则复核,公司主营业务为通用航空產品及服務,熱成像產品及服務、自穩定成像產品及服務、通用航空產品及服務,,,,,Codex复核：披露业务“通用航空產品及服務”明确属于低空经济,PREEXISTING,False
B_官方披露支持,生产主营字段缺失，但已由交易所招股书/年报或同一发行人A/H资料复核,hk,03750,宁德时代,1,黄埔线下标的,第二梯队：新兴支柱产业,动力电池与新型储能,人工复核,,,,,,,2026-08-30人工复核：宁德时代H股；归入动力电池与新型储能,20260830_NEW,False
A_主营直接支持,主营/新战略业务直接命中光伏证据,hk,03800,协鑫科技,4,国家重点扶持产业,第二梯队：新兴支柱产业,光伏,主营/战略文本,公司主营业务为光伏材料業務,光伏材料業務、光伏電站業務、新能源業務,,,,,2026-08-30复核：生产主营业务“光伏材料業務、光伏電站業務、新能源業務”命中“光伏”；归入光伏,20260830_NEW,False
B_官方披露支持,生产主营字段缺失，但已由交易所招股书/年报或同一发行人A/H资料复核,hk,03986,兆易创新,1,黄埔线下标的,第三梯队：卡脖子底座,存储芯片,人工复核,,,,,,,2026-08-30人工复核：兆易创新H股，主营存储芯片；归入存储芯片,20260830_NEW,True
A_主营直接支持,主营/新战略业务直接命中生物医药证据,hk,06185,康希诺生物,4,国家重点扶持产业,第二梯队：新兴支柱产业,生物医药,旧批次规则复核,公司主营业务为流腦疫苗產品,COVID-19疫苗產品、CDMO、流腦疫苗產品,,,,,Codex复核：披露业务“流腦疫苗產品”明确属于生物医药,PREEXISTING,False
A_主营直接支持,主营/新战略业务直接命中光伏证据,hk,06188,迪信通,4,国家重点扶持产业,第二梯队：新兴支柱产业,光伏,主营/战略文本,公司主营业务为移動通訊設備及配件銷售,移動通訊設備及配件銷售、來自移動運營商的服務收入、來自提供線上線下銷售及營銷服務的收入、銷售汽車、光伏設備銷售、租金收入,,,,,2026-08-30复核：生产主营业务“移動通訊設備及配件銷售、來自移動運營商的服務收入、來自提供線上線下銷售及營銷服務的收入、銷售汽車、光伏設備銷售、租金收入”命中“光伏”；归入光伏,20260830_NEW,False
A_主营直接支持,主营/新战略业务直接命中生物医药证据,hk,06660,艾美疫苗,4,国家重点扶持产业,第二梯队：新兴支柱产业,生物医药,旧批次规则复核,公司主营业务为疫苗銷售,疫苗銷售、研發服務、一類疫苗銷售收入、二類疫苗銷售收入、研發服務收入,,,,,Codex复核：披露业务“疫苗銷售”明确属于生物医药,PREEXISTING,False
A_主营直接支持,主营/新战略业务直接命中光伏证据,hk,06865,福莱特玻璃,4,国家重点扶持产业,第二梯队：新兴支柱产业,光伏,主营/战略文本,公司主营业务为光伏玻璃,光伏玻璃、家居玻璃、工程玻璃、浮法玻璃、發電收入、採礦產品,,,,,2026-08-30复核：生产主营业务“光伏玻璃、家居玻璃、工程玻璃、浮法玻璃、發電收入、採礦產品”命中“光伏”；归入光伏,20260830_NEW,False
B_人工复核支持,存在人工复核说明，但仍需保留原始公告或招股书链接,hk,06869,长飞光纤光缆,2,S100,第二梯队：新兴支柱产业,新一代通信,人工复核,公司主营业务为光傳輸產品,光傳輸產品、光互聯組件,,,,,2026-08-30人工复核：长飞光纤光缆H股；归入新一代通信,20260830_NEW,False
A_主营直接支持,主营/新战略业务直接命中光伏证据,hk,08326,同景新能源,4,国家重点扶持产业,第二梯队：新兴支柱产业,光伏,主营/战略文本,公司主营业务为中國大陸,為光伏電站提供一站式增值解決方案、銷售具有專利技術的光伏跟蹤固定支架系統、銷售電力,,,,,2026-08-30复核：生产主营业务“為光伏電站提供一站式增值解決方案、銷售具有專利技術的光伏跟蹤固定支架系統、銷售電力”命中“光伏”；归入光伏,20260830_NEW,False
A_主营直接支持,主营/新战略业务直接命中光伏证据,hk,08328,信义储电,4,国家重点扶持产业,第二梯队：新兴支柱产业,光伏,主营/战略文本,公司主营业务为EPC服務,儲電業務、EPC服務、光伏膠膜、汽車玻璃維修及更換服務,,,,,2026-08-30复核：生产主营业务“儲電業務、EPC服務、光伏膠膜、汽車玻璃維修及更換服務”命中“光伏”；归入光伏,20260830_NEW,False
C_需人工复核,未在主营/新战略业务中找到集成电路材料直接证据；当前主要依赖旧批次人工复核,hk,08490,骏码半导体,4,国家重点扶持产业,第三梯队：卡脖子底座,集成电路材料,旧批次人工复核,公司主营业务为鍵合線,鍵合線、封裝膠,,,,,Codex复核：结合主营业务将候选结果调整为集成电路材料,PREEXISTING,False
A_主营直接支持,主营/新战略业务直接命中光伏证据,hk,09639,荣利营造,4,国家重点扶持产业,第二梯队：新兴支柱产业,光伏,主营/战略文本,公司主营业务为土木工程,土木工程、電纜工程、太陽能光伏系統,,,,,2026-08-30复核：生产主营业务“土木工程、電纜工程、太陽能光伏系統”命中“光伏”；归入光伏,20260830_NEW,False
