audit_status,audit_reason,market,stock_code,company_name,priority_level,level1_tag,level2_tag,level3_tag,evidence_method,sector,main_business,strategic_business,industry_level_1,industry_level_2,industry_level_3,policy_review_note,tag_batch,ah_conflict
C_需人工复核,未在主营/新战略业务中找到高端装备直接证据；当前主要依赖轨交设备Ⅲ,cn,000008,神州高铁,4,国家重点扶持产业,第二梯队：新兴支柱产业,高端装备,主营+行业映射,公司主营业务为轨道交通运营检修装备,轨道交通运营检修装备、轨道交通运营维保服务,,机械设备,轨交设备,轨交设备Ⅲ,2026-08-30复核：生产主营“轨道交通运营检修装备、轨道交通运营维保服务”，行业分类“机械设备/轨交设备/轨交设备Ⅲ”；归入高端装备,20260830_NEW,False
D_明显误标,主营为显示器整机和注塑件，不等同于新型显示核心产业,cn,000020,深华发A,4,国家重点扶持产业,第二梯队：新兴支柱产业,新型显示,主营+行业映射,公司主营业务为显示器,显示器、注塑件,,电子,光学光电子,面板,2026-08-30复核：生产主营“显示器、注塑件”，行业分类“电子/光学光电子/面板”；归入新型显示,20260830_NEW,False
C_需人工复核,未在主营/新战略业务中找到先进计算与信息设备直接证据；当前主要依赖其他计算机设备,cn,000066,中国长城,3,用户常用,第二梯队：新兴支柱产业,先进计算与信息设备,主营+行业映射,公司主营业务为计算产业,系统装备、计算产业,,计算机,计算机设备,其他计算机设备,2026-08-30复核：生产主营“系统装备、计算产业”，行业分类“计算机/计算机设备/其他计算机设备”；归入先进计算与信息设备,20260830_NEW,False
C_需人工复核,未在主营/新战略业务中找到软件与信息技术服务直接证据；当前主要依赖垂直应用软件,cn,000503,国新健康,4,国家重点扶持产业,第二梯队：新兴支柱产业,软件与信息技术服务,主营+行业映射,公司主营业务为数字医保,数字医保、数字医疗、数字医药、健康服务,,计算机,软件开发,垂直应用软件,2026-08-30复核：生产主营“数字医保、数字医疗、数字医药、健康服务”，行业分类“计算机/软件开发/垂直应用软件”；归入软件与信息技术服务,20260830_NEW,False
D_明显误标,主营仅披露电子产品，缺少新型显示产品或技术证据,cn,000509,华塑控股,4,国家重点扶持产业,第二梯队：新兴支柱产业,新型显示,主营+行业映射,公司主营业务为电子产品,电子产品,,电子,光学光电子,面板,2026-08-30复核：生产主营“电子产品”，行业分类“电子/光学光电子/面板”；归入新型显示,20260830_NEW,False
C_需人工复核,未在主营/新战略业务中找到新材料直接证据；当前主要依赖其他生物制品,cn,000534,万泽股份,4,国家重点扶持产业,第二梯队：新兴支柱产业,新材料,主营/战略文本,公司主营业务为金双歧,金属检测及加工服务、高温合金材料销售、金双歧、定君生、微生态大健康产品,,医药生物,生物制品,其他生物制品,2026-08-30复核：生产主营业务“金属检测及加工服务、高温合金材料销售、金双歧、定君生、微生态大健康产品”命中“高温合金”；归入新材料,20260830_NEW,False
C_需人工复核,未在主营/新战略业务中找到新材料直接证据；当前主要依赖其他金属新材料,cn,000633,合金投资,4,国家重点扶持产业,第二梯队：新兴支柱产业,新材料,主营+行业映射,公司主营业务为合金棒材,合金线材、合金棒材、运输服务,,有色金属,金属新材料,其他金属新材料,2026-08-30复核：生产主营“合金线材、合金棒材、运输服务”，行业分类“有色金属/金属新材料/其他金属新材料”；归入新材料,20260830_NEW,False
C_需人工复核,未在主营/新战略业务中找到新材料直接证据；当前主要依赖特钢Ⅲ,cn,000708,中信特钢,4,国家重点扶持产业,第二梯队：新兴支柱产业,新材料,主营+行业映射,公司主营业务为特殊钢棒材,特殊钢棒材、特殊钢线材、特种钢板、特种无缝钢管,,钢铁,特钢,特钢Ⅲ,2026-08-30复核：生产主营“特殊钢棒材、特殊钢线材、特种钢板、特种无缝钢管”，行业分类“钢铁/特钢/特钢Ⅲ”；归入新材料,20260830_NEW,False
D_明显误标,主营为显示器和电视终端，不能仅因申万面板分类认定为新型显示核心产业,cn,000727,冠捷科技,4,国家重点扶持产业,第二梯队：新兴支柱产业,新型显示,主营+行业映射,公司主营业务为显示器产品,显示器产品、电视产品,,电子,光学光电子,面板,2026-08-30复核：生产主营“显示器产品、电视产品”，行业分类“电子/光学光电子/面板”；归入新型显示,20260830_NEW,False
C_需人工复核,未在主营/新战略业务中找到新材料直接证据；当前主要依赖磁性材料,cn,000795,英洛华,4,国家重点扶持产业,第二梯队：新兴支柱产业,新材料,主营+行业映射,公司主营业务为钕铁硼,钕铁硼、电机系列、电动轮椅及代步车、音响扬声器类,,有色金属,金属新材料,磁性材料,2026-08-30复核：生产主营“钕铁硼、电机系列、电动轮椅及代步车、音响扬声器类”，行业分类“有色金属/金属新材料/磁性材料”；归入新材料,20260830_NEW,False
C_需人工复核,未在主营/新战略业务中找到新材料直接证据；当前主要依赖特钢Ⅲ,cn,000825,太钢不锈,4,国家重点扶持产业,第二梯队：新兴支柱产业,新材料,主营+行业映射,公司主营业务为不锈钢材,不锈钢材、普通钢材、普碳钢坯,,钢铁,特钢,特钢Ⅲ,2026-08-30复核：生产主营“不锈钢材、普通钢材、普碳钢坯”，行业分类“钢铁/特钢/特钢Ⅲ”；归入新材料,20260830_NEW,False
C_需人工复核,未在主营/新战略业务中找到新材料直接证据；当前主要依赖膜材料,cn,000920,沃顿科技,4,国家重点扶持产业,第二梯队：新兴支柱产业,新材料,主营+行业映射,公司主营业务为膜产品,膜产品、植物纤维制品、膜分离工程、中水回用,,基础化工,塑料,膜材料,2026-08-30复核：生产主营“膜产品、植物纤维制品、膜分离工程、中水回用”，行业分类“基础化工/塑料/膜材料”；归入新材料,20260830_NEW,False
C_需人工复核,未在主营/新战略业务中找到高端装备直接证据；当前主要依赖轨交设备Ⅲ,cn,000925,众合科技,4,国家重点扶持产业,第二梯队：新兴支柱产业,高端装备,主营+行业映射,公司主营业务为轨道交通信号系统,轨道交通信号系统、自动售检票系统、单晶硅及其制品、数智产品,,机械设备,轨交设备,轨交设备Ⅲ,2026-08-30复核：生产主营“轨道交通信号系统、自动售检票系统、单晶硅及其制品、数智产品”，行业分类“机械设备/轨交设备/轨交设备Ⅲ”；归入高端装备,20260830_NEW,False
C_需人工复核,未在主营/新战略业务中找到高端装备直接证据；当前主要依赖轨交设备Ⅲ,cn,000927,中国铁物,4,国家重点扶持产业,第二梯队：新兴支柱产业,高端装备,主营+行业映射,公司主营业务为铁路产业综合服务,铁路产业综合服务、工程及生产物资供应链集成服务、铁路综合物流及危险品物流服务,,机械设备,轨交设备,轨交设备Ⅲ,2026-08-30复核：生产主营“铁路产业综合服务、工程及生产物资供应链集成服务、铁路综合物流及危险品物流服务”，行业分类“机械设备/轨交设备/轨交设备Ⅲ”；归入高端装备,20260830_NEW,False
C_需人工复核,未在主营/新战略业务中找到软件与信息技术服务直接证据；当前主要依赖IT服务Ⅲ,cn,000938,紫光股份,3,用户常用,第二梯队：新兴支柱产业,软件与信息技术服务,主营+行业映射,公司主营业务为ICT基础设施及服务,ICT基础设施及服务、IT产品分销与供应链服务、合并抵消,,计算机,IT服务,IT服务Ⅲ,2026-08-30复核：生产主营“ICT基础设施及服务、IT产品分销与供应链服务、合并抵消”，行业分类“计算机/IT服务/IT服务Ⅲ”；归入软件与信息技术服务,20260830_NEW,False
C_需人工复核,未在主营/新战略业务中找到新材料直接证据；当前主要依赖磁性材料,cn,000970,中科三环,4,国家重点扶持产业,第二梯队：新兴支柱产业,新材料,主营+行业映射,公司主营业务为磁材产品销售,磁材产品销售,,有色金属,金属新材料,磁性材料,2026-08-30复核：生产主营“磁材产品销售”，行业分类“有色金属/金属新材料/磁性材料”；归入新材料,20260830_NEW,False
C_需人工复核,未在主营/新战略业务中找到新材料直接证据；当前主要依赖膜材料,cn,000973,佛塑科技,4,国家重点扶持产业,第二梯队：新兴支柱产业,新材料,主营+行业映射,公司主营业务为双向拉伸薄膜,光学薄膜、双向拉伸薄膜、渗析防护材料、塑编阻隔材料,,基础化工,塑料,膜材料,2026-08-30复核：生产主营“光学薄膜、双向拉伸薄膜、渗析防护材料、塑编阻隔材料”，行业分类“基础化工/塑料/膜材料”；归入新材料,20260830_NEW,False
C_需人工复核,未在主营/新战略业务中找到高端装备直接证据；当前主要依赖激光设备,cn,000988,华工科技,3,用户常用,第二梯队：新兴支柱产业,高端装备,主营+行业映射,公司主营业务为光电器件系列产品,激光加工装备及智能制造产线、激光全息膜类系列产品、光电器件系列产品、敏感元器件,,机械设备,自动化设备,激光设备,2026-08-30复核：生产主营“激光加工装备及智能制造产线、激光全息膜类系列产品、光电器件系列产品、敏感元器件”，行业分类“机械设备/自动化设备/激光设备”；归入高端装备,20260830_NEW,False
C_需人工复核,未在主营/新战略业务中找到先进计算与信息设备直接证据；当前主要依赖其他计算机设备,cn,000997,新大陆,3,用户常用,第二梯队：新兴支柱产业,先进计算与信息设备,主营+行业映射,公司主营业务为电子支付产品及信息识读产品,商户运营及增值服务、电子支付产品及信息识读产品、行业应用与软件开发及服务,,计算机,计算机设备,其他计算机设备,2026-08-30复核：生产主营“商户运营及增值服务、电子支付产品及信息识读产品、行业应用与软件开发及服务”，行业分类“计算机/计算机设备/其他计算机设备”；归入先进计算与信息设备,20260830_NEW,False
C_需人工复核,未在主营/新战略业务中找到先进计算与信息设备直接证据；当前主要依赖其他计算机设备,cn,001229,魅视科技,4,国家重点扶持产业,第二梯队：新兴支柱产业,先进计算与信息设备,主营+行业映射,公司主营业务为分布式系统,分布式系统、中控系统、矩阵拼接类产品,,计算机,计算机设备,其他计算机设备,2026-08-30复核：生产主营“分布式系统、中控系统、矩阵拼接类产品”，行业分类“计算机/计算机设备/其他计算机设备”；归入先进计算与信息设备,20260830_NEW,False
C_需人工复核,未在主营/新战略业务中找到新材料直接证据；当前主要依赖非金属材料Ⅲ,cn,001296,长江材料,4,国家重点扶持产业,第二梯队：新兴支柱产业,新材料,主营+行业映射,公司主营业务为铸造材料,铸造材料、压裂支撑剂,,基础化工,非金属材料,非金属材料Ⅲ,2026-08-30复核：生产主营“铸造材料、压裂支撑剂”，行业分类“基础化工/非金属材料/非金属材料Ⅲ”；归入新材料,20260830_NEW,False
D_明显误标,仅为显示终端、照明或泛电子产品，缺少新型显示核心产品证据,cn,001308,康冠科技,4,国家重点扶持产业,第二梯队：新兴支柱产业,新型显示,主营+行业映射,公司主营业务为智能电视,智能交互显示产品、创新类显示产品、智能电视、部品销售业务,,电子,光学光电子,面板,2026-08-30复核：生产主营“智能交互显示产品、创新类显示产品、智能电视、部品销售业务”，行业分类“电子/光学光电子/面板”；归入新型显示,20260830_NEW,False
C_需人工复核,未在主营/新战略业务中找到关键电子元器件直接证据；当前主要依赖消费电子零部件及组装,cn,001314,亿道信息,4,国家重点扶持产业,第二梯队：新兴支柱产业,关键电子元器件,主营+行业映射,公司主营业务为智能硬件产品,智能硬件产品、加固智能行业终端、XR及AIoT产品,,电子,消费电子,消费电子零部件及组装,2026-08-30复核：生产主营“智能硬件产品、加固智能行业终端、XR及AIoT产品”，行业分类“电子/消费电子/消费电子零部件及组装”；归入关键电子元器件,20260830_NEW,False
C_需人工复核,未在主营/新战略业务中找到高端装备直接证据；当前主要依赖轨交设备Ⅲ,cn,001324,长青科技,4,国家重点扶持产业,第二梯队：新兴支柱产业,高端装备,主营+行业映射,公司主营业务为轨交车辆内饰业务,轨交车辆内饰业务、建筑装饰业务、检修业务及备品备件、车载乘客信息系统、邮轮内饰业务,,机械设备,轨交设备,轨交设备Ⅲ,2026-08-30复核：生产主营“轨交车辆内饰业务、建筑装饰业务、检修业务及备品备件、车载乘客信息系统、邮轮内饰业务”，行业分类“机械设备/轨交设备/轨交设备Ⅲ”；归入高端装备,20260830_NEW,False
C_需人工复核,未在主营/新战略业务中找到先进计算与信息设备直接证据；当前主要依赖其他计算机设备,cn,001339,智微智能,4,国家重点扶持产业,第二梯队：新兴支柱产业,先进计算与信息设备,主营+行业映射,公司主营业务为行业终端,行业终端、ICT基础设施、工业物联网,,计算机,计算机设备,其他计算机设备,2026-08-30复核：生产主营“行业终端、ICT基础设施、工业物联网”，行业分类“计算机/计算机设备/其他计算机设备”；归入先进计算与信息设备,20260830_NEW,False
C_需人工复核,未在主营/新战略业务中找到关键电子元器件直接证据；当前主要依赖光学元件,cn,001373,翔腾新材,4,国家重点扶持产业,第二梯队：新兴支柱产业,关键电子元器件,主营+行业映射,公司主营业务为光学膜片,偏光片、光学膜片、功能性胶粘类产品,,电子,光学光电子,光学元件,2026-08-30复核：生产主营“偏光片、光学膜片、功能性胶粘类产品”，行业分类“电子/光学光电子/光学元件”；归入关键电子元器件,20260830_NEW,False
C_需人工复核,未在主营/新战略业务中找到新材料直接证据；当前主要依赖膜材料,cn,001378,德冠新材,4,国家重点扶持产业,第二梯队：新兴支柱产业,新材料,主营+行业映射,公司主营业务为功能薄膜,功能薄膜、功能母料,,基础化工,塑料,膜材料,2026-08-30复核：生产主营“功能薄膜、功能母料”，行业分类“基础化工/塑料/膜材料”；归入新材料,20260830_NEW,False
C_需人工复核,未在主营/新战略业务中找到高端医疗器械直接证据；当前主要依赖体外诊断,cn,002022,科华生物,4,国家重点扶持产业,第二梯队：新兴支柱产业,高端医疗器械,主营+行业映射,公司主营业务为自产产品,自产产品、代理产品,,医药生物,医疗器械,体外诊断,2026-08-30复核：生产主营“自产产品、代理产品”，行业分类“医药生物/医疗器械/体外诊断”；归入高端医疗器械,20260830_NEW,False
C_需人工复核,未在主营/新战略业务中找到高端医疗器械直接证据；当前主要依赖体外诊断,cn,002030,达安基因,4,国家重点扶持产业,第二梯队：新兴支柱产业,高端医疗器械,主营+行业映射,公司主营业务为销售商品,销售商品、提供劳务、金融服务,,医药生物,医疗器械,体外诊断,2026-08-30复核：生产主营“销售商品、提供劳务、金融服务”，行业分类“医药生物/医疗器械/体外诊断”；归入高端医疗器械,20260830_NEW,False
C_需人工复核,未在主营/新战略业务中找到关键电子元器件直接证据；当前主要依赖光学元件,cn,002036,联创电子,4,国家重点扶持产业,第二梯队：新兴支柱产业,关键电子元器件,主营+行业映射,公司主营业务为光学产品,光学产品、触控显示产品、应用终端,,电子,光学光电子,光学元件,2026-08-30复核：生产主营“光学产品、触控显示产品、应用终端”，行业分类“电子/光学光电子/光学元件”；归入关键电子元器件,20260830_NEW,False
C_需人工复核,未在主营/新战略业务中找到软件与信息技术服务直接证据；当前主要依赖垂直应用软件,cn,002063,远光软件,4,国家重点扶持产业,第二梯队：新兴支柱产业,软件与信息技术服务,主营+行业映射,公司主营业务为数字企业,数字企业、智慧能源、人工智能、数据资源整合及服务,,计算机,软件开发,垂直应用软件,2026-08-30复核：生产主营“数字企业、智慧能源、人工智能、数据资源整合及服务”，行业分类“计算机/软件开发/垂直应用软件”；归入软件与信息技术服务,20260830_NEW,False
C_需人工复核,未在主营/新战略业务中找到新材料直接证据；当前主要依赖特钢Ⅲ,cn,002075,沙钢股份,4,国家重点扶持产业,第二梯队：新兴支柱产业,新材料,主营+行业映射,公司主营业务为优质钢,弹簧钢、管坯钢、优质钢、海洋用钢、耐磨钢、汽车及工程机械用钢、钢坯、其它,,钢铁,特钢,特钢Ⅲ,2026-08-30复核：生产主营“弹簧钢、管坯钢、优质钢、海洋用钢、耐磨钢、汽车及工程机械用钢、钢坯、其它”，行业分类“钢铁/特钢/特钢Ⅲ”；归入新材料,20260830_NEW,False
C_需人工复核,未在主营/新战略业务中找到集成电路材料直接证据；当前主要依赖半导体材料,cn,002119,康强电子,4,国家重点扶持产业,第三梯队：卡脖子底座,集成电路材料,主营+行业映射,公司主营业务为引线框架产品,引线框架产品、键合丝产品、电极丝产品、模具及备件,,电子,半导体,半导体材料,2026-08-30复核：生产主营“引线框架产品、键合丝产品、电极丝产品、模具及备件”，行业分类“电子/半导体/半导体材料”；归入集成电路材料,20260830_NEW,False
D_明显误标,主营为智能终端和智能硬件制造，缺少新型显示主营证据,cn,002137,实益达,4,国家重点扶持产业,第二梯队：新兴支柱产业,新型显示,主营+行业映射,公司主营业务为智能终端产品,智能终端产品、智能硬件制造,,电子,光学光电子,LED,2026-08-30复核：生产主营“智能终端产品、智能硬件制造”，行业分类“电子/光学光电子/LED”；归入新型显示,20260830_NEW,False
C_需人工复核,未在主营/新战略业务中找到关键电子元器件直接证据；当前主要依赖被动元件,cn,002138,顺络电子,4,国家重点扶持产业,第二梯队：新兴支柱产业,关键电子元器件,主营+行业映射,公司主营业务为片式电子元件,片式电子元件,,电子,元件,被动元件,2026-08-30复核：生产主营“片式电子元件”，行业分类“电子/元件/被动元件”；归入关键电子元器件,20260830_NEW,False
C_需人工复核,未在主营/新战略业务中找到关键电子元器件直接证据；当前主要依赖消费电子零部件及组装,cn,002139,拓邦股份,3,用户常用,第二梯队：新兴支柱产业,关键电子元器件,主营+行业映射,公司主营业务为工具和家电,工具和家电、数字能源和智能汽车、机器人,,电子,消费电子,消费电子零部件及组装,2026-08-30复核：生产主营“工具和家电、数字能源和智能汽车、机器人”，行业分类“电子/消费电子/消费电子零部件及组装”；归入关键电子元器件,20260830_NEW,False
C_需人工复核,未在主营/新战略业务中找到先进计算与信息设备直接证据；当前主要依赖其他计算机设备,cn,002152,广电运通,4,国家重点扶持产业,第二梯队：新兴支柱产业,先进计算与信息设备,主营+行业映射,公司主营业务为智能设备,智能设备、软件开发及服务,,计算机,计算机设备,其他计算机设备,2026-08-30复核：生产主营“智能设备、软件开发及服务”，行业分类“计算机/计算机设备/其他计算机设备”；归入先进计算与信息设备,20260830_NEW,False
C_需人工复核,未在主营/新战略业务中找到软件与信息技术服务直接证据；当前主要依赖垂直应用软件,cn,002153,石基信息,4,国家重点扶持产业,第二梯队：新兴支柱产业,软件与信息技术服务,主营+行业映射,公司主营业务为酒店信息管理系统业务,酒店信息管理系统业务、社会餐饮信息管理系统业务、支付系统业务、零售信息管理系统业务、旅游休闲系统业务、第三方硬件配套业务、自有智能商用设备,,计算机,软件开发,垂直应用软件,2026-08-30复核：生产主营“酒店信息管理系统业务、社会餐饮信息管理系统业务、支付系统业务、零售信息管理系统业务、旅游休闲系统业务、第三方硬件配套业务、自有智能商用设备”，行业分类“计算机/软件开发/垂直应用软件”；归入软件与信息技术服务,20260830_NEW,False
C_需人工复核,未在主营/新战略业务中找到先进计算与信息设备直接证据；当前主要依赖其他计算机设备,cn,002177,御银股份,4,国家重点扶持产业,第二梯队：新兴支柱产业,先进计算与信息设备,主营+行业映射,公司主营业务为经营租赁,ATM合作运营、ATM技术、金融服务、经营租赁,,计算机,计算机设备,其他计算机设备,2026-08-30复核：生产主营“ATM合作运营、ATM技术、金融服务、经营租赁”，行业分类“计算机/计算机设备/其他计算机设备”；归入先进计算与信息设备,20260830_NEW,False
C_需人工复核,未在主营/新战略业务中找到软件与信息技术服务直接证据；当前主要依赖垂直应用软件,cn,002178,延华智能,4,国家重点扶持产业,第二梯队：新兴支柱产业,软件与信息技术服务,主营+行业映射,公司主营业务为智慧医疗与大健康,智慧医疗与大健康、智慧城市顶层设计与咨询、智能产品销售、绿色双碳与数字能源,,计算机,软件开发,垂直应用软件,2026-08-30复核：生产主营“智慧医疗与大健康、智慧城市顶层设计与咨询、智能产品销售、绿色双碳与数字能源”，行业分类“计算机/软件开发/垂直应用软件”；归入软件与信息技术服务,20260830_NEW,False
C_需人工复核,未在主营/新战略业务中找到先进计算与信息设备直接证据；当前主要依赖其他计算机设备,cn,002180,奔图科技,4,国家重点扶持产业,第二梯队：新兴支柱产业,先进计算与信息设备,主营+行业映射,公司主营业务为原装打印机及耗材,原装打印机及耗材、芯片、通用耗材及配件,,计算机,计算机设备,其他计算机设备,2026-08-30复核：生产主营“原装打印机及耗材、芯片、通用耗材及配件”，行业分类“计算机/计算机设备/其他计算机设备”；归入先进计算与信息设备,20260830_NEW,False
C_需人工复核,未在主营/新战略业务中找到新材料直接证据；当前主要依赖玻纤制造,cn,002201,九鼎新材,4,国家重点扶持产业,第二梯队：新兴支柱产业,新材料,主营/战略文本,公司主营业务为玻璃纤维及制品,玻璃纤维及制品、玻璃钢制品,,建筑材料,玻璃玻纤,玻纤制造,2026-08-30复核：生产主营业务“玻璃纤维及制品、玻璃钢制品”命中“玻璃纤维及制品”；归入新材料,20260830_NEW,False
C_需人工复核,未在主营/新战略业务中找到软件与信息技术服务直接证据；当前主要依赖横向通用软件,cn,002230,科大讯飞,3,用户常用,第二梯队：新兴支柱产业,软件与信息技术服务,主营+行业映射,公司主营业务为开放平台及消费者业务,开放平台及消费者业务、开放平台、智能硬件、移动互联网产品及服务、智慧医疗、智慧教育、智慧城市、信息工程、数字政府行业应用、智慧政法行业应用、企业AI解决方案、智慧汽车、运营商,,计算机,软件开发,横向通用软件,2026-08-30复核：生产主营“开放平台及消费者业务、开放平台、智能硬件、移动互联网产品及服务、智慧医疗、智慧教育、智慧城市、信息工程、数字政府行业应用、智慧政法行业应用、企业AI解决方案、智慧汽车、运营商”，行业分类“计算机/软件开发/横向通用软件”；归入软件与信息技术服务,20260830_NEW,False
C_需人工复核,未在主营/新战略业务中找到先进计算与信息设备直接证据；当前主要依赖安防设备,cn,002236,大华股份,3,用户常用,第二梯队：新兴支柱产业,先进计算与信息设备,主营+行业映射,公司主营业务为智慧物联产品及方案,智慧物联产品及方案、软件业务、创新业务,,计算机,计算机设备,安防设备,2026-08-30复核：生产主营“智慧物联产品及方案、软件业务、创新业务”，行业分类“计算机/计算机设备/安防设备”；归入先进计算与信息设备,20260830_NEW,False
C_需人工复核,未在主营/新战略业务中找到关键电子元器件直接证据；当前主要依赖消费电子零部件及组装,cn,002241,歌尔股份,3,用户常用,第二梯队：新兴支柱产业,关键电子元器件,主营+行业映射,公司主营业务为智能硬件,精密零组件、智能声学整机、智能硬件,,电子,消费电子,消费电子零部件及组装,2026-08-30复核：生产主营“精密零组件、智能声学整机、智能硬件”，行业分类“电子/消费电子/消费电子零部件及组装”；归入关键电子元器件,20260830_NEW,False
C_需人工复核,未在主营/新战略业务中找到软件与信息技术服务直接证据；当前主要依赖垂直应用软件,cn,002253,川大智胜,4,国家重点扶持产业,第二梯队：新兴支柱产业,软件与信息技术服务,主营+行业映射,公司主营业务为航空及空管产品与服务,航空及空管产品与服务,,计算机,软件开发,垂直应用软件,2026-08-30复核：生产主营“航空及空管产品与服务”，行业分类“计算机/软件开发/垂直应用软件”；归入软件与信息技术服务,20260830_NEW,False
C_需人工复核,未在主营/新战略业务中找到新材料直接证据；当前主要依赖膜材料,cn,002263,大东南,4,国家重点扶持产业,第二梯队：新兴支柱产业,新材料,主营+行业映射,公司主营业务为BOPP(电容膜）,BOPP(电容膜）、CPP膜、BOPET膜、光学膜,,基础化工,塑料,膜材料,2026-08-30复核：生产主营“BOPP(电容膜）、CPP膜、BOPET膜、光学膜”，行业分类“基础化工/塑料/膜材料”；归入新材料,20260830_NEW,False
C_需人工复核,未在主营/新战略业务中找到先进计算与信息设备直接证据；当前主要依赖其他计算机设备,cn,002268,电科网安,4,国家重点扶持产业,第二梯队：新兴支柱产业,先进计算与信息设备,主营+行业映射,公司主营业务为网络安全,密码、网络安全、数据安全,,计算机,计算机设备,其他计算机设备,2026-08-30复核：生产主营“密码、网络安全、数据安全”，行业分类“计算机/计算机设备/其他计算机设备”；归入先进计算与信息设备,20260830_NEW,False
C_需人工复核,未在主营/新战略业务中找到软件与信息技术服务直接证据；当前主要依赖垂直应用软件,cn,002298,中电鑫龙,4,国家重点扶持产业,第二梯队：新兴支柱产业,软件与信息技术服务,主营+行业映射,公司主营业务为智能输配电设备、新能源、元器件、自动化及电力设计,自主可控智慧城市解决方案及运营服务、智能输配电设备、新能源、元器件、自动化及电力设计,,计算机,软件开发,垂直应用软件,2026-08-30复核：生产主营“自主可控智慧城市解决方案及运营服务、智能输配电设备、新能源、元器件、自动化及电力设计”，行业分类“计算机/软件开发/垂直应用软件”；归入软件与信息技术服务,20260830_NEW,False
C_需人工复核,未在主营/新战略业务中找到新材料直接证据；当前主要依赖特钢Ⅲ,cn,002318,久立特材,4,国家重点扶持产业,第二梯队：新兴支柱产业,新材料,主营+行业映射,公司主营业务为无缝管,无缝管、焊接管、复合管、管件、合金材料,,钢铁,特钢,特钢Ⅲ,2026-08-30复核：生产主营“无缝管、焊接管、复合管、管件、合金材料”，行业分类“钢铁/特钢/特钢Ⅲ”；归入新材料,20260830_NEW,False
C_需人工复核,未在主营/新战略业务中找到新材料直接证据；当前主要依赖改性塑料,cn,002324,普利特,4,国家重点扶持产业,第二梯队：新兴支柱产业,新材料,主营+行业映射,公司主营业务为通用改性材料类,通用改性材料类、工程改性材料类、三元圆柱锂离子电池、磷酸铁锂锂离子电池、聚合物软包锂离子电池、镍系电池,,基础化工,塑料,改性塑料,2026-08-30复核：生产主营“通用改性材料类、工程改性材料类、三元圆柱锂离子电池、磷酸铁锂锂离子电池、聚合物软包锂离子电池、镍系电池”，行业分类“基础化工/塑料/改性塑料”；归入新材料,20260830_NEW,False
C_需人工复核,未在主营/新战略业务中找到软件与信息技术服务直接证据；当前主要依赖垂直应用软件,cn,002362,汉王科技,4,国家重点扶持产业,第二梯队：新兴支柱产业,软件与信息技术服务,主营+行业映射,公司主营业务为笔智能交互,笔智能交互、多模态大数据业务、AI终端,,计算机,软件开发,垂直应用软件,2026-08-30复核：生产主营“笔智能交互、多模态大数据业务、AI终端”，行业分类“计算机/软件开发/垂直应用软件”；归入软件与信息技术服务,20260830_NEW,False
C_需人工复核,未在主营/新战略业务中找到关键电子元器件直接证据；当前主要依赖消费电子零部件及组装,cn,002369,卓翼科技,4,国家重点扶持产业,第二梯队：新兴支柱产业,关键电子元器件,主营+行业映射,公司主营业务为网络通讯终端类,网络通讯终端类、便携式消费电子类,,电子,消费电子,消费电子零部件及组装,2026-08-30复核：生产主营“网络通讯终端类、便携式消费电子类”，行业分类“电子/消费电子/消费电子零部件及组装”；归入关键电子元器件,20260830_NEW,False
C_需人工复核,未在主营/新战略业务中找到先进计算与信息设备直接证据；当前主要依赖其他计算机设备,cn,002376,新北洋,4,国家重点扶持产业,第二梯队：新兴支柱产业,先进计算与信息设备,主营+行业映射,公司主营业务为智慧金融设备,打印扫描产品、智能自助终端产品、智慧金融设备、智能物流装备、服务运营业务、关键基础零部件,,计算机,计算机设备,其他计算机设备,2026-08-30复核：生产主营“打印扫描产品、智能自助终端产品、智慧金融设备、智能物流装备、服务运营业务、关键基础零部件”，行业分类“计算机/计算机设备/其他计算机设备”；归入先进计算与信息设备,20260830_NEW,False
C_需人工复核,未在主营/新战略业务中找到高端医疗器械直接证据；当前主要依赖医疗耗材,cn,002382,蓝帆医疗,4,国家重点扶持产业,第二梯队：新兴支柱产业,高端医疗器械,主营+行业映射,公司主营业务为健康防护产品,心脑血管产品、健康防护产品、应急救护产品,,医药生物,医疗器械,医疗耗材,2026-08-30复核：生产主营“心脑血管产品、健康防护产品、应急救护产品”，行业分类“医药生物/医疗器械/医疗耗材”；归入高端医疗器械,20260830_NEW,False
C_需人工复核,未在主营/新战略业务中找到软件与信息技术服务直接证据；当前主要依赖IT服务Ⅲ,cn,002401,中远海科,4,国家重点扶持产业,第二梯队：新兴支柱产业,软件与信息技术服务,主营+行业映射,公司主营业务为数字城市与交通,数字航运与供应链、数字城市与交通,,计算机,IT服务,IT服务Ⅲ,2026-08-30复核：生产主营“数字航运与供应链、数字城市与交通”，行业分类“计算机/IT服务/IT服务Ⅲ”；归入软件与信息技术服务,20260830_NEW,False
C_需人工复核,未在主营/新战略业务中找到软件与信息技术服务直接证据；当前主要依赖垂直应用软件,cn,002405,四维图新,3,用户常用,第二梯队：新兴支柱产业,软件与信息技术服务,主营+行业映射,公司主营业务为智云,智云、智舱、智芯、智驾,,计算机,软件开发,垂直应用软件,2026-08-30复核：生产主营“智云、智舱、智芯、智驾”，行业分类“计算机/软件开发/垂直应用软件”；归入软件与信息技术服务,20260830_NEW,False
C_需人工复核,未在主营/新战略业务中找到软件与信息技术服务直接证据；当前主要依赖垂直应用软件,cn,002410,广联达,4,国家重点扶持产业,第二梯队：新兴支柱产业,软件与信息技术服务,主营+行业映射,公司主营业务为数字成本业务,数字成本业务、数字施工业务、数字设计业务、海外业务,,计算机,软件开发,垂直应用软件,2026-08-30复核：生产主营“数字成本业务、数字施工业务、数字设计业务、海外业务”，行业分类“计算机/软件开发/垂直应用软件”；归入软件与信息技术服务,20260830_NEW,False
C_需人工复核,未在主营/新战略业务中找到先进计算与信息设备直接证据；当前主要依赖安防设备,cn,002415,海康威视,3,用户常用,第二梯队：新兴支柱产业,先进计算与信息设备,主营+行业映射,公司主营业务为主业产品及服务,主业产品及服务、主业建造工程、创新业务、机器人业务、存储业务、智能家居业务、汽车电子业务、热成像业务,,计算机,计算机设备,安防设备,2026-08-30复核：生产主营“主业产品及服务、主业建造工程、创新业务、机器人业务、存储业务、智能家居业务、汽车电子业务、热成像业务”，行业分类“计算机/计算机设备/安防设备”；归入先进计算与信息设备,20260830_NEW,False
C_需人工复核,未在主营/新战略业务中找到软件与信息技术服务直接证据；当前主要依赖IT服务Ⅲ,cn,002421,达实智能,4,国家重点扶持产业,第二梯队：新兴支柱产业,软件与信息技术服务,主营+行业映射,公司主营业务为智慧空间整体解决方案业务,智慧空间整体解决方案业务、智慧空间产品及技术服务业务,,计算机,IT服务,IT服务Ⅲ,2026-08-30复核：生产主营“智慧空间整体解决方案业务、智慧空间产品及技术服务业务”，行业分类“计算机/IT服务/IT服务Ⅲ”；归入软件与信息技术服务,20260830_NEW,False
C_需人工复核,未在主营/新战略业务中找到关键电子元器件直接证据；当前主要依赖消费电子零部件及组装,cn,002426,胜利精密,4,国家重点扶持产业,第二梯队：新兴支柱产业,关键电子元器件,主营+行业映射,公司主营业务为消费电子,消费电子、汽车零部件,,电子,消费电子,消费电子零部件及组装,2026-08-30复核：生产主营“消费电子、汽车零部件”，行业分类“电子/消费电子/消费电子零部件及组装”；归入关键电子元器件,20260830_NEW,False
C_需人工复核,未在主营/新战略业务中找到高端医疗器械直接证据；当前主要依赖体外诊断,cn,002432,九安医疗,3,用户常用,第二梯队：新兴支柱产业,高端医疗器械,主营+行业映射,公司主营业务为iHealth系列产品,iHealth系列产品、ODM/OEM产品、互联网医疗产品及服务、传统硬件产品、新零售业务,,医药生物,医疗器械,体外诊断,2026-08-30复核：生产主营“iHealth系列产品、ODM/OEM产品、互联网医疗产品及服务、传统硬件产品、新零售业务”，行业分类“医药生物/医疗器械/体外诊断”；归入高端医疗器械,20260830_NEW,False
C_需人工复核,未在主营/新战略业务中找到软件与信息技术服务直接证据；当前主要依赖横向通用软件,cn,002439,启明星辰,3,用户常用,第二梯队：新兴支柱产业,软件与信息技术服务,主营+行业映射,公司主营业务为安全产品,安全产品、安全运营与服务,,计算机,软件开发,横向通用软件,2026-08-30复核：生产主营“安全产品、安全运营与服务”，行业分类“计算机/软件开发/横向通用软件”；归入软件与信息技术服务,20260830_NEW,False
C_需人工复核,未在主营/新战略业务中找到新材料直接证据；当前主要依赖特钢Ⅲ,cn,002443,金洲管道,4,国家重点扶持产业,第二梯队：新兴支柱产业,新材料,主营+行业映射,公司主营业务为民用钢管类,民用钢管类、工业用钢管类,,钢铁,特钢,特钢Ⅲ,2026-08-30复核：生产主营“民用钢管类、工业用钢管类”，行业分类“钢铁/特钢/特钢Ⅲ”；归入新材料,20260830_NEW,False
C_需人工复核,未在主营/新战略业务中找到关键电子元器件直接证据；当前主要依赖光学元件,cn,002456,欧菲光,3,用户常用,第二梯队：新兴支柱产业,关键电子元器件,主营+行业映射,公司主营业务为智能手机产品,智能手机产品、智能汽车产品、新领域产品,,电子,光学光电子,光学元件,2026-08-30复核：生产主营“智能手机产品、智能汽车产品、新领域产品”，行业分类“电子/光学光电子/光学元件”；归入关键电子元器件,20260830_NEW,False
C_需人工复核,未在主营/新战略业务中找到PCB直接证据；当前主要依赖印制电路板,cn,002463,沪电股份,2,S100,第一梯队：AI+超级主线,PCB,主营/战略文本,公司主营业务为企业通讯市场板,企业通讯市场板、办公及工业设备板、汽车板,,电子,元件,印制电路板,2026-08-30复核：生产主营业务“企业通讯市场板、办公及工业设备板、汽车板”命中“企业通讯市场板”；归入PCB,20260830_NEW,False
C_需人工复核,未在主营/新战略业务中找到新材料直接证据；当前主要依赖特钢Ⅲ,cn,002478,常宝股份,4,国家重点扶持产业,第二梯队：新兴支柱产业,新材料,主营+行业映射,公司主营业务为锅炉管,油套管、锅炉管、品种管,,钢铁,特钢,特钢Ⅲ,2026-08-30复核：生产主营“油套管、锅炉管、品种管”，行业分类“钢铁/特钢/特钢Ⅲ”；归入新材料,20260830_NEW,False
C_需人工复核,未在主营/新战略业务中找到新材料直接证据；当前主要依赖膜材料,cn,002522,浙江众成,4,国家重点扶持产业,第二梯队：新兴支柱产业,新材料,主营+行业映射,公司主营业务为热塑性弹性体,POF普通型膜、POF交联膜、POF印刷膜等、热塑性弹性体,,基础化工,塑料,膜材料,2026-08-30复核：生产主营“POF普通型膜、POF交联膜、POF印刷膜等、热塑性弹性体”，行业分类“基础化工/塑料/膜材料”；归入新材料,20260830_NEW,False
C_需人工复核,未在主营/新战略业务中找到高端医疗器械直接证据；当前主要依赖医疗耗材,cn,002551,尚荣医疗,4,国家重点扶持产业,第二梯队：新兴支柱产业,高端医疗器械,主营+行业映射,公司主营业务为医疗产品生产销售收入,医疗服务收入、医疗产品生产销售收入、健康产业运营收入,,医药生物,医疗器械,医疗耗材,2026-08-30复核：生产主营“医疗服务收入、医疗产品生产销售收入、健康产业运营收入”，行业分类“医药生物/医疗器械/医疗耗材”；归入高端医疗器械,20260830_NEW,False
C_需人工复核,未在主营/新战略业务中找到新材料直接证据；当前主要依赖膜材料,cn,002585,双星新材,4,国家重点扶持产业,第二梯队：新兴支柱产业,新材料,主营+行业映射,公司主营业务为光学材料,光学材料、可变信息材料、新能源材料、热缩材料、聚酯功能,,基础化工,塑料,膜材料,2026-08-30复核：生产主营“光学材料、可变信息材料、新能源材料、热缩材料、聚酯功能”，行业分类“基础化工/塑料/膜材料”；归入新材料,20260830_NEW,False
C_需人工复核,未在主营/新战略业务中找到新型显示直接证据；当前主要依赖LED,cn,002587,奥拓电子,4,国家重点扶持产业,第二梯队：新兴支柱产业,新型显示,主营+行业映射,公司主营业务为LED视频显示系统,LED视频显示系统、网点智能化集成与设备、智能景观亮化工程、服务及其它、软件及内容,,电子,光学光电子,LED,2026-08-30复核：生产主营“LED视频显示系统、网点智能化集成与设备、智能景观亮化工程、服务及其它、软件及内容”，行业分类“电子/光学光电子/LED”；归入新型显示,20260830_NEW,False
C_需人工复核,未在主营/新战略业务中找到关键电子元器件直接证据；当前主要依赖消费电子零部件及组装,cn,002635,安洁科技,4,国家重点扶持产业,第二梯队：新兴支柱产业,关键电子元器件,主营+行业映射,公司主营业务为智能终端功能件和精密结构件以及模组类产品,智能终端功能件和精密结构件以及模组类产品、新能源汽车类产品、信息存储类产品,,电子,消费电子,消费电子零部件及组装,2026-08-30复核：生产主营“智能终端功能件和精密结构件以及模组类产品、新能源汽车类产品、信息存储类产品”，行业分类“电子/消费电子/消费电子零部件及组装”；归入关键电子元器件,20260830_NEW,False
C_需人工复核,未在主营/新战略业务中找到集成电路材料直接证据；当前主要依赖电子化学品Ⅲ,cn,002643,万润股份,4,国家重点扶持产业,第三梯队：卡脖子底座,集成电路材料,主营+行业映射,公司主营业务为功能性材料类,功能性材料类、生命科学与医药类,,电子,电子化学品,电子化学品Ⅲ,2026-08-30复核：生产主营“功能性材料类、生命科学与医药类”，行业分类“电子/电子化学品/电子化学品Ⅲ”；归入集成电路材料,20260830_NEW,False
C_需人工复核,未在主营/新战略业务中找到软件与信息技术服务直接证据；当前主要依赖IT服务Ⅲ,cn,002649,博彦科技,4,国家重点扶持产业,第二梯队：新兴支柱产业,软件与信息技术服务,主营+行业映射,公司主营业务为研发工程,产品及解决方案、研发工程、IT运营维护,,计算机,IT服务,IT服务Ⅲ,2026-08-30复核：生产主营“产品及解决方案、研发工程、IT运营维护”，行业分类“计算机/IT服务/IT服务Ⅲ”；归入软件与信息技术服务,20260830_NEW,False
C_需人工复核,未在主营/新战略业务中找到关键电子元器件直接证据；当前主要依赖消费电子零部件及组装,cn,002681,奋达科技,4,国家重点扶持产业,第二梯队：新兴支柱产业,关键电子元器件,主营+行业映射,公司主营业务为电声产品,电声产品、健康电器、智能可穿戴产品、智能门锁,,电子,消费电子,消费电子零部件及组装,2026-08-30复核：生产主营“电声产品、健康电器、智能可穿戴产品、智能门锁”，行业分类“电子/消费电子/消费电子零部件及组装”；归入关键电子元器件,20260830_NEW,False
C_需人工复核,未在主营/新战略业务中找到高端装备直接证据；当前主要依赖机器人,cn,002698,博实股份,4,国家重点扶持产业,第二梯队：新兴支柱产业,高端装备,主营/战略文本,公司主营业务为固体物料后处理智能制造装备,固体物料后处理智能制造装备、智能物流与仓储系统、机器人+、橡胶后处理智能制造装备、环保工艺技术及成套装备、补充类工业服务及其它、运维、售后类工业服务,,机械设备,自动化设备,机器人,2026-08-30复核：生产主营业务“固体物料后处理智能制造装备、智能物流与仓储系统、机器人+、橡胶后处理智能制造装备、环保工艺技术及成套装备、补充类工业服务及其它、运维、售后类工业服务”命中“智能制造装备”；归入高端装备,20260830_NEW,False
C_需人工复核,未在主营/新战略业务中找到PCB直接证据；当前主要依赖底盘与发动机系统,cn,002708,光洋股份,4,国家重点扶持产业,第一梯队：AI+超级主线,PCB,主营/战略文本,公司主营业务为轴承产品,轴承产品、同步器行星排产品、毛坯加工、线路板业务,,汽车,汽车零部件,底盘与发动机系统,2026-08-30复核：生产主营业务“轴承产品、同步器行星排产品、毛坯加工、线路板业务”命中“线路板”；归入PCB,20260830_NEW,False
D_明显误标,主营披露无法证明新型显示，主要品牌业务偏LED照明,cn,002745,木林森,4,国家重点扶持产业,第二梯队：新兴支柱产业,新型显示,主营+行业映射,公司主营业务为朗德万斯,朗德万斯、木林森,,电子,光学光电子,LED,2026-08-30复核：生产主营“朗德万斯、木林森”，行业分类“电子/光学光电子/LED”；归入新型显示,20260830_NEW,False
C_需人工复核,未在主营/新战略业务中找到PCB直接证据；当前主要依赖印制电路板,cn,002815,崇达技术,4,国家重点扶持产业,第一梯队：AI+超级主线,PCB,主营/战略文本,公司主营业务为印制线路板,印制线路板,,电子,元件,印制电路板,2026-08-30复核：生产主营业务“印制线路板”命中“线路板”；归入PCB,20260830_NEW,False
C_需人工复核,未在主营/新战略业务中找到先进计算与信息设备直接证据；当前主要依赖安防设备,cn,002835,同为股份,4,国家重点扶持产业,第二梯队：新兴支柱产业,先进计算与信息设备,主营+行业映射,公司主营业务为前端视频监控产品,前端视频监控产品、后端视频监控产品,,计算机,计算机设备,安防设备,2026-08-30复核：生产主营“前端视频监控产品、后端视频监控产品”，行业分类“计算机/计算机设备/安防设备”；归入先进计算与信息设备,20260830_NEW,False
C_需人工复核,未在主营/新战略业务中找到关键电子元器件直接证据；当前主要依赖消费电子零部件及组装,cn,002855,捷荣技术,4,国家重点扶持产业,第二梯队：新兴支柱产业,关键电子元器件,主营+行业映射,公司主营业务为精密结构件,精密结构件、精密模具、手机电脑配件分销（代理）,,电子,消费电子,消费电子零部件及组装,2026-08-30复核：生产主营“精密结构件、精密模具、手机电脑配件分销（代理）”，行业分类“电子/消费电子/消费电子零部件及组装”；归入关键电子元器件,20260830_NEW,False
C_需人工复核,未在主营/新战略业务中找到关键电子元器件直接证据；当前主要依赖消费电子零部件及组装,cn,002861,瀛通通讯,4,国家重点扶持产业,第二梯队：新兴支柱产业,关键电子元器件,主营+行业映射,公司主营业务为声学产品及精密零组件,声学产品及精密零组件、电源、数据传输产品及精密零组件,,电子,消费电子,消费电子零部件及组装,2026-08-30复核：生产主营“声学产品及精密零组件、电源、数据传输产品及精密零组件”，行业分类“电子/消费电子/消费电子零部件及组装”；归入关键电子元器件,20260830_NEW,False
C_需人工复核,未在主营/新战略业务中找到关键电子元器件直接证据；当前主要依赖消费电子零部件及组装,cn,002866,传艺科技,4,国家重点扶持产业,第二梯队：新兴支柱产业,关键电子元器件,主营+行业映射,公司主营业务为笔记本及台式机电脑键盘等输入设备及配件,,,电子,消费电子,消费电子零部件及组装,2026-08-30复核：生产主营“公司主营业务为笔记本及台式机电脑键盘等输入设备及配件”，行业分类“电子/消费电子/消费电子零部件及组装”；归入关键电子元器件,20260830_NEW,False
C_需人工复核,未在主营/新战略业务中找到先进计算与信息设备直接证据；当前主要依赖其他计算机设备,cn,002869,金溢科技,4,国家重点扶持产业,第二梯队：新兴支柱产业,先进计算与信息设备,主营+行业映射,公司主营业务为智慧高速,智慧高速、智慧城市、汽车电子,,计算机,计算机设备,其他计算机设备,2026-08-30复核：生产主营“智慧高速、智慧城市、汽车电子”，行业分类“计算机/计算机设备/其他计算机设备”；归入先进计算与信息设备,20260830_NEW,False
C_需人工复核,未在主营/新战略业务中找到新材料直接证据；当前主要依赖改性塑料,cn,002886,沃特股份,4,国家重点扶持产业,第二梯队：新兴支柱产业,新材料,主营+行业映射,公司主营业务为特种高分子材料,特种高分子材料、工程塑料合金、改性通用塑料,,基础化工,塑料,改性塑料,2026-08-30复核：生产主营“特种高分子材料、工程塑料合金、改性通用塑料”，行业分类“基础化工/塑料/改性塑料”；归入新材料,20260830_NEW,False
C_需人工复核,未在主营/新战略业务中找到高端医疗器械直接证据；当前主要依赖医疗耗材,cn,002901,大博医疗,4,国家重点扶持产业,第二梯队：新兴支柱产业,高端医疗器械,主营+行业映射,公司主营业务为创伤类产品,创伤类产品、脊柱类产品、微创外科类产品、关节类产品、神经外科类产品、手术器械类产品、齿科类产品,,医药生物,医疗器械,医疗耗材,2026-08-30复核：生产主营“创伤类产品、脊柱类产品、微创外科类产品、关节类产品、神经外科类产品、手术器械类产品、齿科类产品”，行业分类“医药生物/医疗器械/医疗耗材”；归入高端医疗器械,20260830_NEW,False
C_需人工复核,未在主营/新战略业务中找到先进计算与信息设备直接证据；当前主要依赖其他计算机设备,cn,002912,中新赛克,4,国家重点扶持产业,第二梯队：新兴支柱产业,先进计算与信息设备,主营+行业映射,公司主营业务为宽带网产品,宽带网产品、移动网产品、网络内容安全产品、数据运营产品、数据与网络安全产品,,计算机,计算机设备,其他计算机设备,2026-08-30复核：生产主营“宽带网产品、移动网产品、网络内容安全产品、数据运营产品、数据与网络安全产品”，行业分类“计算机/计算机设备/其他计算机设备”；归入先进计算与信息设备,20260830_NEW,False
C_需人工复核,未在主营/新战略业务中找到PCB直接证据；当前主要依赖印制电路板,cn,002913,奥士康,4,国家重点扶持产业,第一梯队：AI+超级主线,PCB,主营+行业映射,公司主营业务为四层板及以上板,单/双面板、四层板及以上板,,电子,元件,印制电路板,2026-08-30复核：生产主营“单/双面板、四层板及以上板”，行业分类“电子/元件/印制电路板”；归入PCB,20260830_NEW,False
C_需人工复核,未在主营/新战略业务中找到软件与信息技术服务直接证据；当前主要依赖垂直应用软件,cn,002920,德赛西威,3,用户常用,第二梯队：新兴支柱产业,软件与信息技术服务,主营+行业映射,公司主营业务为智能座舱,智能座舱、智能驾驶,,计算机,软件开发,垂直应用软件,2026-08-30复核：生产主营“智能座舱、智能驾驶”，行业分类“计算机/软件开发/垂直应用软件”；归入软件与信息技术服务,20260830_NEW,False
C_需人工复核,未在主营/新战略业务中找到关键电子元器件直接证据；当前主要依赖消费电子零部件及组装,cn,002925,盈趣科技,4,国家重点扶持产业,第二梯队：新兴支柱产业,关键电子元器件,主营+行业映射,公司主营业务为智能控制部件,智能控制部件、创新消费电子产品、汽车电子产品、健康环境产品、技术研发服务,,电子,消费电子,消费电子零部件及组装,2026-08-30复核：生产主营“智能控制部件、创新消费电子产品、汽车电子产品、健康环境产品、技术研发服务”，行业分类“电子/消费电子/消费电子零部件及组装”；归入关键电子元器件,20260830_NEW,False
C_需人工复核,未在主营/新战略业务中找到PCB直接证据；当前主要依赖印制电路板,cn,002938,鹏鼎控股,2,S100,第一梯队：AI+超级主线,PCB,主营/战略文本,公司主营业务为通讯用板,通讯用板、消费电子及计算机用板,,电子,元件,印制电路板,2026-08-30复核：生产主营业务“通讯用板、消费电子及计算机用板”命中“通讯用板”；归入PCB,20260830_NEW,False
C_需人工复核,未在主营/新战略业务中找到关键电子元器件直接证据；当前主要依赖消费电子零部件及组装,cn,002947,恒铭达,4,国家重点扶持产业,第二梯队：新兴支柱产业,关键电子元器件,主营+行业映射,公司主营业务为精密柔性结构件,精密柔性结构件、精密金属结构件,,电子,消费电子,消费电子零部件及组装,2026-08-30复核：生产主营“精密柔性结构件、精密金属结构件”，行业分类“电子/消费电子/消费电子零部件及组装”；归入关键电子元器件,20260830_NEW,False
C_需人工复核,未在主营/新战略业务中找到高端医疗器械直接证据；当前主要依赖医疗耗材,cn,002950,奥美医疗,4,国家重点扶持产业,第二梯队：新兴支柱产业,高端医疗器械,主营+行业映射,公司主营业务为外科与伤口护理,外科与伤口护理、卫生护理、感染防护、高级敷料,,医药生物,医疗器械,医疗耗材,2026-08-30复核：生产主营“外科与伤口护理、卫生护理、感染防护、高级敷料”，行业分类“医药生物/医疗器械/医疗耗材”；归入高端医疗器械,20260830_NEW,False
D_明显误标,仅为显示终端、照明或泛电子产品，缺少新型显示核心产品证据,cn,002955,鸿合科技,4,国家重点扶持产业,第二梯队：新兴支柱产业,新型显示,主营+行业映射,公司主营业务为IWB产品,IWB产品、智能视听解决方案,,电子,光学光电子,面板,2026-08-30复核：生产主营“IWB产品、智能视听解决方案”，行业分类“电子/光学光电子/面板”；归入新型显示,20260830_NEW,False
C_需人工复核,未在主营/新战略业务中找到关键电子元器件直接证据；当前主要依赖光学元件,cn,002962,五方光电,4,国家重点扶持产业,第二梯队：新兴支柱产业,关键电子元器件,主营+行业映射,公司主营业务为红外截止滤光片,红外截止滤光片、生物识别滤光片,,电子,光学光电子,光学元件,2026-08-30复核：生产主营“红外截止滤光片、生物识别滤光片”，行业分类“电子/光学光电子/光学元件”；归入关键电子元器件,20260830_NEW,False
C_需人工复核,未在主营/新战略业务中找到先进计算与信息设备直接证据；当前主要依赖其他计算机设备,cn,002970,锐明技术,4,国家重点扶持产业,第二梯队：新兴支柱产业,先进计算与信息设备,主营+行业映射,公司主营业务为商用车行业信息化产品,商用车行业信息化产品、商用车通用监控产品,,计算机,计算机设备,其他计算机设备,2026-08-30复核：生产主营“商用车行业信息化产品、商用车通用监控产品”，行业分类“计算机/计算机设备/其他计算机设备”；归入先进计算与信息设备,20260830_NEW,False
C_需人工复核,未在主营/新战略业务中找到高端装备直接证据；当前主要依赖轨交设备Ⅲ,cn,002972,科安达,4,国家重点扶持产业,第二梯队：新兴支柱产业,高端装备,主营+行业映射,公司主营业务为轨道交通信号控制系统,轨道交通信号控制系统、防雷及智能诊断、道岔融雪、系统集成,,机械设备,轨交设备,轨交设备Ⅲ,2026-08-30复核：生产主营“轨道交通信号控制系统、防雷及智能诊断、道岔融雪、系统集成”，行业分类“机械设备/轨交设备/轨交设备Ⅲ”；归入高端装备,20260830_NEW,False
C_需人工复核,未在主营/新战略业务中找到关键电子元器件直接证据；当前主要依赖消费电子零部件及组装,cn,002981,朝阳科技,4,国家重点扶持产业,第二梯队：新兴支柱产业,关键电子元器件,主营+行业映射,公司主营业务为耳机成品,耳机成品、音响类,,电子,消费电子,消费电子零部件及组装,2026-08-30复核：生产主营“耳机成品、音响类”，行业分类“电子/消费电子/消费电子零部件及组装”；归入关键电子元器件,20260830_NEW,False
C_需人工复核,未在主营/新战略业务中找到新型显示直接证据；当前主要依赖LED,cn,002983,芯瑞达,4,国家重点扶持产业,第二梯队：新兴支柱产业,新型显示,主营+行业映射,公司主营业务为显示模组,显示模组、显示终端、健康智能光源,,电子,光学光电子,LED,2026-08-30复核：生产主营“显示模组、显示终端、健康智能光源”，行业分类“电子/光学光电子/LED”；归入新型显示,20260830_NEW,False
C_需人工复核,未在主营/新战略业务中找到先进计算与信息设备直接证据；当前主要依赖其他计算机设备,cn,002990,盛视科技,4,国家重点扶持产业,第二梯队：新兴支柱产业,先进计算与信息设备,主营+行业映射,公司主营业务为智慧口岸查验系统解决方案,智慧口岸查验系统解决方案,,计算机,计算机设备,其他计算机设备,2026-08-30复核：生产主营“智慧口岸查验系统解决方案”，行业分类“计算机/计算机设备/其他计算机设备”；归入先进计算与信息设备,20260830_NEW,False
C_需人工复核,未在主营/新战略业务中找到新型显示直接证据；当前主要依赖LED,cn,002992,宝明科技,4,国家重点扶持产业,第二梯队：新兴支柱产业,新型显示,主营+行业映射,公司主营业务为LED背光源,LED背光源、液晶面板深加工、锂电复合铜箔,,电子,光学光电子,LED,2026-08-30复核：生产主营“LED背光源、液晶面板深加工、锂电复合铜箔”，行业分类“电子/光学光电子/LED”；归入新型显示,20260830_NEW,False
C_需人工复核,未在主营/新战略业务中找到关键电子元器件直接证据；当前主要依赖消费电子零部件及组装,cn,002993,奥海科技,4,国家重点扶持产业,第二梯队：新兴支柱产业,关键电子元器件,主营+行业映射,公司主营业务为充电器及适配器,充电器及适配器、新能源汽车电控与电源系统解决方案,,电子,消费电子,消费电子零部件及组装,2026-08-30复核：生产主营“充电器及适配器、新能源汽车电控与电源系统解决方案”，行业分类“电子/消费电子/消费电子零部件及组装”；归入关键电子元器件,20260830_NEW,False
C_需人工复核,未在主营/新战略业务中找到先进计算与信息设备直接证据；当前主要依赖安防设备,cn,003004,声迅股份,4,国家重点扶持产业,第二梯队：新兴支柱产业,先进计算与信息设备,主营+行业映射,公司主营业务为智慧安检系统,智能监控报警系统、监控报警运营服务、智慧安检系统、安检运营服务,,计算机,计算机设备,安防设备,2026-08-30复核：生产主营“智能监控报警系统、监控报警运营服务、智慧安检系统、安检运营服务”，行业分类“计算机/计算机设备/安防设备”；归入先进计算与信息设备,20260830_NEW,False
C_需人工复核,未在主营/新战略业务中找到软件与信息技术服务直接证据；当前主要依赖IT服务Ⅲ,cn,003005,竞业达,4,国家重点扶持产业,第二梯队：新兴支柱产业,软件与信息技术服务,主营+行业映射,公司主营业务为销售收入,方案收入、销售收入,,计算机,IT服务,IT服务Ⅲ,2026-08-30复核：生产主营“方案收入、销售收入”，行业分类“计算机/IT服务/IT服务Ⅲ”；归入软件与信息技术服务,20260830_NEW,False
C_需人工复核,未在主营/新战略业务中找到关键电子元器件直接证据；当前主要依赖光学元件,cn,003015,日久光电,4,国家重点扶持产业,第二梯队：新兴支柱产业,关键电子元器件,主营+行业映射,公司主营业务为导电膜产品,导电膜产品、光学膜、OCA光学胶,,电子,光学光电子,光学元件,2026-08-30复核：生产主营“导电膜产品、光学膜、OCA光学胶”，行业分类“电子/光学光电子/光学元件”；归入关键电子元器件,20260830_NEW,False
C_需人工复核,未在主营/新战略业务中找到高端装备直接证据；当前主要依赖轨交设备Ⅲ,cn,300011,鼎汉技术,4,国家重点扶持产业,第二梯队：新兴支柱产业,高端装备,主营+行业映射,公司主营业务为车辆电气装备,智慧化解决方案、地面电气装备、车辆电气装备,,机械设备,轨交设备,轨交设备Ⅲ,2026-08-30复核：生产主营“智慧化解决方案、地面电气装备、车辆电气装备”，行业分类“机械设备/轨交设备/轨交设备Ⅲ”；归入高端装备,20260830_NEW,False
C_需人工复核,未在主营/新战略业务中找到高端医疗器械直接证据；当前主要依赖医疗设备,cn,300030,阳普医疗,4,国家重点扶持产业,第二梯队：新兴支柱产业,高端医疗器械,主营+行业映射,公司主营业务为真空采血系统,仪器、口罩、微生物转运系统、检验服务、真空采血系统、试剂、软件产品及服务,,医药生物,医疗器械,医疗设备,2026-08-30复核：生产主营“仪器、口罩、微生物转运系统、检验服务、真空采血系统、试剂、软件产品及服务”，行业分类“医药生物/医疗器械/医疗设备”；归入高端医疗器械,20260830_NEW,False
C_需人工复核,未在主营/新战略业务中找到关键电子元器件直接证据；当前主要依赖消费电子零部件及组装,cn,300032,金龙机电,4,国家重点扶持产业,第二梯队：新兴支柱产业,关键电子元器件,主营+行业映射,公司主营业务为结构件,马达、触控显示模组、结构件、电子雾化器及相关配件,,电子,消费电子,消费电子零部件及组装,2026-08-30复核：生产主营“马达、触控显示模组、结构件、电子雾化器及相关配件”，行业分类“电子/消费电子/消费电子零部件及组装”；归入关键电子元器件,20260830_NEW,False
C_需人工复核,未在主营/新战略业务中找到先进计算与信息设备直接证据；当前主要依赖其他计算机设备,cn,300042,朗科科技,4,国家重点扶持产业,第二梯队：新兴支柱产业,先进计算与信息设备,主营+行业映射,公司主营业务为闪存应用产品,专利授权许可收入、闪存应用产品、移动存储产品、房屋租赁、其它,,计算机,计算机设备,其他计算机设备,2026-08-30复核：生产主营“专利授权许可收入、闪存应用产品、移动存储产品、房屋租赁、其它”，行业分类“计算机/计算机设备/其他计算机设备”；归入先进计算与信息设备,20260830_NEW,False
C_需人工复核,未在主营/新战略业务中找到高端医疗器械直接证据；当前主要依赖医疗设备,cn,300049,福瑞医科,4,国家重点扶持产业,第二梯队：新兴支柱产业,高端医疗器械,主营+行业映射,公司主营业务为设备及技术,设备及技术、药品,,医药生物,医疗器械,医疗设备,2026-08-30复核：生产主营“设备及技术、药品”，行业分类“医药生物/医疗器械/医疗设备”；归入高端医疗器械,20260830_NEW,False
C_需人工复核,未在主营/新战略业务中找到软件与信息技术服务直接证据；当前主要依赖垂直应用软件,cn,300074,华平股份,4,国家重点扶持产业,第二梯队：新兴支柱产业,软件与信息技术服务,主营+行业映射,公司主营业务为智慧城市,智慧城市、应急指挥、视频通讯、医疗医保信息产品及服务,,计算机,软件开发,垂直应用软件,2026-08-30复核：生产主营“智慧城市、应急指挥、视频通讯、医疗医保信息产品及服务”，行业分类“计算机/软件开发/垂直应用软件”；归入软件与信息技术服务,20260830_NEW,False
C_需人工复核,未在主营/新战略业务中找到软件与信息技术服务直接证据；当前主要依赖IT服务Ⅲ,cn,300078,思创智联,4,国家重点扶持产业,第二梯队：新兴支柱产业,软件与信息技术服务,主营+行业映射,公司主营业务为商业智能,商业智能、智慧医疗、出售房产,,计算机,IT服务,IT服务Ⅲ,2026-08-30复核：生产主营“商业智能、智慧医疗、出售房产”，行业分类“计算机/IT服务/IT服务Ⅲ”；归入软件与信息技术服务,20260830_NEW,False
C_需人工复核,未在主营/新战略业务中找到新材料直接证据；当前主要依赖磁性材料,cn,300127,银河磁体,4,国家重点扶持产业,第二梯队：新兴支柱产业,新材料,主营+行业映射,公司主营业务为粘结磁体,粘结磁体、热压磁体、钐钴磁体,,有色金属,金属新材料,磁性材料,2026-08-30复核：生产主营“粘结磁体、热压磁体、钐钴磁体”，行业分类“有色金属/金属新材料/磁性材料”；归入新材料,20260830_NEW,False
C_需人工复核,未在主营/新战略业务中找到先进计算与信息设备直接证据；当前主要依赖其他计算机设备,cn,300130,新国都,4,国家重点扶持产业,第二梯队：新兴支柱产业,先进计算与信息设备,主营+行业映射,公司主营业务为收单及增值服务,电子支付产品、收单及增值服务、审核服务、技术服务,,计算机,计算机设备,其他计算机设备,2026-08-30复核：生产主营“电子支付产品、收单及增值服务、审核服务、技术服务”，行业分类“计算机/计算机设备/其他计算机设备”；归入先进计算与信息设备,20260830_NEW,False
C_需人工复核,未在主营/新战略业务中找到软件与信息技术服务直接证据；当前主要依赖IT服务Ⅲ,cn,300150,世纪瑞尔,4,国家重点扶持产业,第二梯队：新兴支柱产业,软件与信息技术服务,主营+行业映射,公司主营业务为城市轨道交通乘客信息系统,铁路行车安全监控系统、铁路综合信息化业务、城市轨道交通乘客信息系统,,计算机,IT服务,IT服务Ⅲ,2026-08-30复核：生产主营“铁路行车安全监控系统、铁路综合信息化业务、城市轨道交通乘客信息系统”，行业分类“计算机/IT服务/IT服务Ⅲ”；归入软件与信息技术服务,20260830_NEW,False
C_需人工复核,未在主营/新战略业务中找到先进计算与信息设备直接证据；当前主要依赖安防设备,cn,300155,安居宝,4,国家重点扶持产业,第二梯队：新兴支柱产业,先进计算与信息设备,主营+行业映射,公司主营业务为楼宇对讲系统,楼宇对讲系统、智能家居系统、停车场系统及道闸广告业务、监控及系统集成,,计算机,计算机设备,安防设备,2026-08-30复核：生产主营“楼宇对讲系统、智能家居系统、停车场系统及道闸广告业务、监控及系统集成”，行业分类“计算机/计算机设备/安防设备”；归入先进计算与信息设备,20260830_NEW,False
C_需人工复核,未在主营/新战略业务中找到软件与信息技术服务直接证据；当前主要依赖IT服务Ⅲ,cn,300170,汉得信息,3,用户常用,第二梯队：新兴支柱产业,软件与信息技术服务,主营+行业映射,公司主营业务为泛ERP,财务数字化-GMC、产业数字化-C2M、泛ERP、IT外包-ITO,,计算机,IT服务,IT服务Ⅲ,2026-08-30复核：生产主营“财务数字化-GMC、产业数字化-C2M、泛ERP、IT外包-ITO”，行业分类“计算机/IT服务/IT服务Ⅲ”；归入软件与信息技术服务,20260830_NEW,False
C_需人工复核,未在主营/新战略业务中找到高端医疗器械直接证据；当前主要依赖医疗设备,cn,300171,东富龙,4,国家重点扶持产业,第二梯队：新兴支柱产业,高端医疗器械,主营+行业映射,公司主营业务为制剂事业部,制剂事业部、生物工艺事业部、工程事业部、食品事业部、售后服务与配件,,医药生物,医疗器械,医疗设备,2026-08-30复核：生产主营“制剂事业部、生物工艺事业部、工程事业部、食品事业部、售后服务与配件”，行业分类“医药生物/医疗器械/医疗设备”；归入高端医疗器械,20260830_NEW,False
C_需人工复核,未在主营/新战略业务中找到软件与信息技术服务直接证据；当前主要依赖垂直应用软件,cn,300188,国投智能,4,国家重点扶持产业,第二梯队：新兴支柱产业,软件与信息技术服务,主营+行业映射,公司主营业务为电子数据取证,公共安全大数据、电子数据取证、数字政务与企业数字化、新网络空间安全,,计算机,软件开发,垂直应用软件,2026-08-30复核：生产主营“公共安全大数据、电子数据取证、数字政务与企业数字化、新网络空间安全”，行业分类“计算机/软件开发/垂直应用软件”；归入软件与信息技术服务,20260830_NEW,False
C_需人工复核,未在主营/新战略业务中找到新材料直接证据；当前主要依赖玻纤制造,cn,300196,长海股份,4,国家重点扶持产业,第二梯队：新兴支柱产业,新材料,主营/战略文本,公司主营业务为玻璃纤维及制品,玻璃纤维及制品、化工制品、玻璃钢制品,,建筑材料,玻璃玻纤,玻纤制造,2026-08-30复核：生产主营业务“玻璃纤维及制品、化工制品、玻璃钢制品”命中“玻璃纤维及制品”；归入新材料,20260830_NEW,False
D_明显误标,仅为显示终端、照明或泛电子产品，缺少新型显示核心产品证据,cn,300219,鸿利智汇,4,国家重点扶持产业,第二梯队：新兴支柱产业,新型显示,主营+行业映射,公司主营业务为LED封装产品,LED封装产品、汽车照明产品,,电子,光学光电子,LED,2026-08-30复核：生产主营“LED封装产品、汽车照明产品”，行业分类“电子/光学光电子/LED”；归入新型显示,20260830_NEW,False
C_需人工复核,未在主营/新战略业务中找到新材料直接证据；当前主要依赖磁性材料,cn,300224,正海磁材,4,国家重点扶持产业,第二梯队：新兴支柱产业,新材料,主营+行业映射,公司主营业务为钕铁硼永磁材料及组件,钕铁硼永磁材料及组件、新能源汽车电机驱动系统,,有色金属,金属新材料,磁性材料,2026-08-30复核：生产主营“钕铁硼永磁材料及组件、新能源汽车电机驱动系统”，行业分类“有色金属/金属新材料/磁性材料”；归入新材料,20260830_NEW,False
C_需人工复核,未在主营/新战略业务中找到软件与信息技术服务直接证据；当前主要依赖垂直应用软件,cn,300226,上海钢联,4,国家重点扶持产业,第二梯队：新兴支柱产业,软件与信息技术服务,主营+行业映射,公司主营业务为供应链服务业务,数据订阅服务、商务推广服务、会务培训服务、研究咨询服务、寄售服务业务、供应链服务业务,,计算机,软件开发,垂直应用软件,2026-08-30复核：生产主营“数据订阅服务、商务推广服务、会务培训服务、研究咨询服务、寄售服务业务、供应链服务业务”，行业分类“计算机/软件开发/垂直应用软件”；归入软件与信息技术服务,20260830_NEW,False
C_需人工复核,未在主营/新战略业务中找到新型显示直接证据；当前主要依赖LED,cn,300232,洲明科技,4,国家重点扶持产业,第二梯队：新兴支柱产业,新型显示,主营+行业映射,公司主营业务为智慧显示,智慧显示、智能照明、文创灯光,,电子,光学光电子,LED,2026-08-30复核：生产主营“智慧显示、智能照明、文创灯光”，行业分类“电子/光学光电子/LED”；归入新型显示,20260830_NEW,False
C_需人工复核,未在主营/新战略业务中找到高端医疗器械直接证据；当前主要依赖医疗耗材,cn,300238,冠昊生物,4,国家重点扶持产业,第二梯队：新兴支柱产业,高端医疗器械,主营+行业映射,公司主营业务为代理品,生物型硬脑（脊）膜补片、胸普外科修补膜、无菌生物护创膜、B型硬脑（脊）膜补片、乳房补片、代理品、细胞技术服务、本维莫德,,医药生物,医疗器械,医疗耗材,2026-08-30复核：生产主营“生物型硬脑（脊）膜补片、胸普外科修补膜、无菌生物护创膜、B型硬脑（脊）膜补片、乳房补片、代理品、细胞技术服务、本维莫德”，行业分类“医药生物/医疗器械/医疗耗材”；归入高端医疗器械,20260830_NEW,False
C_需人工复核,未在主营/新战略业务中找到先进计算与信息设备直接证据；当前主要依赖其他计算机设备,cn,300248,新开普,4,国家重点扶持产业,第二梯队：新兴支柱产业,先进计算与信息设备,主营+行业映射,公司主营业务为智慧校园应用解决方案,智慧校园应用解决方案、智慧校园云平台解决方案、智慧政企应用解决方案、运维服务,,计算机,计算机设备,其他计算机设备,2026-08-30复核：生产主营“智慧校园应用解决方案、智慧校园云平台解决方案、智慧政企应用解决方案、运维服务”，行业分类“计算机/计算机设备/其他计算机设备”；归入先进计算与信息设备,20260830_NEW,False
C_需人工复核,未在主营/新战略业务中找到先进计算与信息设备直接证据；当前主要依赖其他计算机设备,cn,300249,依米康,4,国家重点扶持产业,第二梯队：新兴支柱产业,先进计算与信息设备,主营+行业映射,公司主营业务为ICT领域产品,ICT领域产品,,计算机,计算机设备,其他计算机设备,2026-08-30复核：生产主营“ICT领域产品”，行业分类“计算机/计算机设备/其他计算机设备”；归入先进计算与信息设备,20260830_NEW,False
C_需人工复核,未在主营/新战略业务中找到软件与信息技术服务直接证据；当前主要依赖IT服务Ⅲ,cn,300250,初灵信息,4,国家重点扶持产业,第二梯队：新兴支柱产业,软件与信息技术服务,主营+行业映射,公司主营业务为边缘智能连接,边缘智能连接、边缘数据感知、边缘AI应用开发及服务,,计算机,IT服务,IT服务Ⅲ,2026-08-30复核：生产主营“边缘智能连接、边缘数据感知、边缘AI应用开发及服务”，行业分类“计算机/IT服务/IT服务Ⅲ”；归入软件与信息技术服务,20260830_NEW,False
C_需人工复核,未在主营/新战略业务中找到关键电子元器件直接证据；当前主要依赖消费电子零部件及组装,cn,300256,星星科技,4,国家重点扶持产业,第二梯队：新兴支柱产业,关键电子元器件,主营+行业映射,公司主营业务为触控显示类,触控显示类、视窗防护屏类、结构件类、电动自行车、电动摩托车、电动车配件,,电子,消费电子,消费电子零部件及组装,2026-08-30复核：生产主营“触控显示类、视窗防护屏类、结构件类、电动自行车、电动摩托车、电动车配件”，行业分类“电子/消费电子/消费电子零部件及组装”；归入关键电子元器件,20260830_NEW,False
D_明显误标,主营仅披露数字设备，缺少新型显示产品或技术证据,cn,300269,联建光电,4,国家重点扶持产业,第二梯队：新兴支柱产业,新型显示,主营+行业映射,公司主营业务为数字设备,数字设备,,电子,光学光电子,LED,2026-08-30复核：生产主营“数字设备”，行业分类“电子/光学光电子/LED”；归入新型显示,20260830_NEW,False
C_需人工复核,未在主营/新战略业务中找到先进计算与信息设备直接证据；当前主要依赖安防设备,cn,300270,中威电子,4,国家重点扶持产业,第二梯队：新兴支柱产业,先进计算与信息设备,主营+行业映射,公司主营业务为系统集成,系统集成、产品销售、运维服务,,计算机,计算机设备,安防设备,2026-08-30复核：生产主营“系统集成、产品销售、运维服务”，行业分类“计算机/计算机设备/安防设备”；归入先进计算与信息设备,20260830_NEW,False
C_需人工复核,未在主营/新战略业务中找到先进计算与信息设备直接证据；当前主要依赖安防设备,cn,300275,梅安森,4,国家重点扶持产业,第二梯队：新兴支柱产业,先进计算与信息设备,主营+行业映射,公司主营业务为矿山产品,矿山产品、非矿山产品,,计算机,计算机设备,安防设备,2026-08-30复核：生产主营“矿山产品、非矿山产品”，行业分类“计算机/计算机设备/安防设备”；归入先进计算与信息设备,20260830_NEW,False
C_需人工复核,未在主营/新战略业务中找到软件与信息技术服务直接证据；当前主要依赖IT服务Ⅲ,cn,300288,朗玛信息,4,国家重点扶持产业,第二梯队：新兴支柱产业,软件与信息技术服务,主营+行业映射,公司主营业务为医疗服务,IPTV业务及电话对对碰业务、移动转售业务、医疗信息服务、医疗服务,,计算机,IT服务,IT服务Ⅲ,2026-08-30复核：生产主营“IPTV业务及电话对对碰业务、移动转售业务、医疗信息服务、医疗服务”，行业分类“计算机/IT服务/IT服务Ⅲ”；归入软件与信息技术服务,20260830_NEW,False
C_需人工复核,未在主营/新战略业务中找到新型显示直接证据；当前主要依赖LED,cn,300296,利亚德,4,国家重点扶持产业,第二梯队：新兴支柱产业,新型显示,主营+行业映射,公司主营业务为智能显示,智能显示、文旅夜游、AI与空间计算,,电子,光学光电子,LED,2026-08-30复核：生产主营“智能显示、文旅夜游、AI与空间计算”，行业分类“电子/光学光电子/LED”；归入新型显示,20260830_NEW,False
C_需人工复核,未在主营/新战略业务中找到高端医疗器械直接证据；当前主要依赖医疗设备,cn,300298,三诺生物,4,国家重点扶持产业,第二梯队：新兴支柱产业,高端医疗器械,主营+行业映射,公司主营业务为血糖监测系统,血糖监测系统、糖尿病营养、护理等辅助产品、血脂检测系统、iPOCT监测系统、糖化血红蛋白检测系统、血压计、经营品,,医药生物,医疗器械,医疗设备,2026-08-30复核：生产主营“血糖监测系统、糖尿病营养、护理等辅助产品、血脂检测系统、iPOCT监测系统、糖化血红蛋白检测系统、血压计、经营品”，行业分类“医药生物/医疗器械/医疗设备”；归入高端医疗器械,20260830_NEW,False
C_需人工复核,未在主营/新战略业务中找到先进计算与信息设备直接证据；当前主要依赖其他计算机设备,cn,300302,同有科技,4,国家重点扶持产业,第二梯队：新兴支柱产业,先进计算与信息设备,主营+行业映射,公司主营业务为存储系统,存储系统、固态存储,,计算机,计算机设备,其他计算机设备,2026-08-30复核：生产主营“存储系统、固态存储”，行业分类“计算机/计算机设备/其他计算机设备”；归入先进计算与信息设备,20260830_NEW,False
C_需人工复核,未在主营/新战略业务中找到新型显示直接证据；当前主要依赖LED,cn,300303,聚飞光电,4,国家重点扶持产业,第二梯队：新兴支柱产业,新型显示,主营+行业映射,公司主营业务为LED产品,LED产品,,电子,光学光电子,LED,2026-08-30复核：生产主营“LED产品”，行业分类“电子/光学光电子/LED”；归入新型显示,20260830_NEW,False
C_需人工复核,未在主营/新战略业务中找到高端医疗器械直接证据；当前主要依赖医疗设备,cn,300314,戴维医疗,4,国家重点扶持产业,第二梯队：新兴支柱产业,高端医疗器械,主营+行业映射,公司主营业务为儿产科保育设备,儿产科保育设备、微创外科手术器械,,医药生物,医疗器械,医疗设备,2026-08-30复核：生产主营“儿产科保育设备、微创外科手术器械”，行业分类“医药生物/医疗器械/医疗设备”；归入高端医疗器械,20260830_NEW,False
C_需人工复核,未在主营/新战略业务中找到先进计算与信息设备直接证据；当前主要依赖其他计算机设备,cn,300324,旋极信息,4,国家重点扶持产业,第二梯队：新兴支柱产业,先进计算与信息设备,主营+行业映射,公司主营业务为行业数字化,行业数字化、安全可信、行业数据智能,,计算机,计算机设备,其他计算机设备,2026-08-30复核：生产主营“行业数字化、安全可信、行业数据智能”，行业分类“计算机/计算机设备/其他计算机设备”；归入先进计算与信息设备,20260830_NEW,False
C_需人工复核,未在主营/新战略业务中找到关键电子元器件直接证据；当前主要依赖光学元件,cn,300331,苏大维格,4,国家重点扶持产业,第二梯队：新兴支柱产业,关键电子元器件,主营+行业映射,公司主营业务为微纳光学产品及设备,微纳光学产品及设备、反光材料,,电子,光学光电子,光学元件,2026-08-30复核：生产主营“微纳光学产品及设备、反光材料”，行业分类“电子/光学光电子/光学元件”；归入关键电子元器件,20260830_NEW,False
C_需人工复核,未在主营/新战略业务中找到先进计算与信息设备直接证据；当前主要依赖其他计算机设备,cn,300333,兆日科技,4,国家重点扶持产业,第二梯队：新兴支柱产业,先进计算与信息设备,主营+行业映射,公司主营业务为电子支付密码器系统,电子支付密码器系统、纸纹防伪系统、银企通系统,,计算机,计算机设备,其他计算机设备,2026-08-30复核：生产主营“电子支付密码器系统、纸纹防伪系统、银企通系统”，行业分类“计算机/计算机设备/其他计算机设备”；归入先进计算与信息设备,20260830_NEW,False
C_需人工复核,未在主营/新战略业务中找到软件与信息技术服务直接证据；当前主要依赖IT服务Ⅲ,cn,300339,润和软件,3,用户常用,第二梯队：新兴支柱产业,软件与信息技术服务,主营+行业映射,公司主营业务为金融科技业务,金融科技业务、智能物联业务、智慧能源信息化、智能供应链信息化,,计算机,IT服务,IT服务Ⅲ,2026-08-30复核：生产主营“金融科技业务、智能物联业务、智慧能源信息化、智能供应链信息化”，行业分类“计算机/IT服务/IT服务Ⅲ”；归入软件与信息技术服务,20260830_NEW,False
C_需人工复核,未在主营/新战略业务中找到高端医疗器械直接证据；当前主要依赖医疗设备,cn,300341,麦克奥迪,4,国家重点扶持产业,第二梯队：新兴支柱产业,高端医疗器械,主营+行业映射,公司主营业务为电气产品,电气产品、显微镜产品、医疗产品及服务,,医药生物,医疗器械,医疗设备,2026-08-30复核：生产主营“电气产品、显微镜产品、医疗产品及服务”，行业分类“医药生物/医疗器械/医疗设备”；归入高端医疗器械,20260830_NEW,False
C_需人工复核,未在主营/新战略业务中找到集成电路材料直接证据；当前主要依赖电子化学品Ⅲ,cn,300346,南大光电,3,用户常用,第三梯队：卡脖子底座,集成电路材料,主营+行业映射,公司主营业务为特气产品,前驱体材料（含MO源）、特气产品,,电子,电子化学品,电子化学品Ⅲ,2026-08-30复核：生产主营“前驱体材料（含MO源）、特气产品”，行业分类“电子/电子化学品/电子化学品Ⅲ”；归入集成电路材料,20260830_NEW,False
C_需人工复核,未在主营/新战略业务中找到软件与信息技术服务直接证据；当前主要依赖垂直应用软件,cn,300348,长亮科技,4,国家重点扶持产业,第二梯队：新兴支柱产业,软件与信息技术服务,主营+行业映射,公司主营业务为数字金融业务解决方案,数字金融业务解决方案、大数据应用系统解决方案、全财务价值链业务管理解决方案,,计算机,软件开发,垂直应用软件,2026-08-30复核：生产主营“数字金融业务解决方案、大数据应用系统解决方案、全财务价值链业务管理解决方案”，行业分类“计算机/软件开发/垂直应用软件”；归入软件与信息技术服务,20260830_NEW,False
C_需人工复核,未在主营/新战略业务中找到高端装备直接证据；当前主要依赖轨交设备Ⅲ,cn,300351,永贵电器,4,国家重点扶持产业,第二梯队：新兴支柱产业,高端装备,主营+行业映射,公司主营业务为车载与能源信息板块,车载与能源信息板块、轨道交通与工业板块,,机械设备,轨交设备,轨交设备Ⅲ,2026-08-30复核：生产主营“车载与能源信息板块、轨道交通与工业板块”，行业分类“机械设备/轨交设备/轨交设备Ⅲ”；归入高端装备,20260830_NEW,False
C_需人工复核,未在主营/新战略业务中找到高端医疗器械直接证据；当前主要依赖医疗设备,cn,300358,楚天科技,4,国家重点扶持产业,第二梯队：新兴支柱产业,高端医疗器械,主营+行业映射,公司主营业务为检测包装解决方案及单机,无菌制剂解决方案及单机、检测包装解决方案及单机、生物工程解决方案及单机、制药用水装备及工程系统集成、配件及售后服务、EPC工程设计、固体制剂解决方案及单机,,医药生物,医疗器械,医疗设备,2026-08-30复核：生产主营“无菌制剂解决方案及单机、检测包装解决方案及单机、生物工程解决方案及单机、制药用水装备及工程系统集成、配件及售后服务、EPC工程设计、固体制剂解决方案及单机”，行业分类“医药生物/医疗器械/医疗设备”；归入高端医疗器械,20260830_NEW,False
C_需人工复核,未在主营/新战略业务中找到软件与信息技术服务直接证据；当前主要依赖横向通用软件,cn,300369,绿盟科技,4,国家重点扶持产业,第二梯队：新兴支柱产业,软件与信息技术服务,主营+行业映射,公司主营业务为安全产品,安全产品、安全服务、第三方产品和服务,,计算机,软件开发,横向通用软件,2026-08-30复核：生产主营“安全产品、安全服务、第三方产品和服务”，行业分类“计算机/软件开发/横向通用软件”；归入软件与信息技术服务,20260830_NEW,False
C_需人工复核,未在主营/新战略业务中找到软件与信息技术服务直接证据；当前主要依赖垂直应用软件,cn,300380,安硕信息,4,国家重点扶持产业,第二梯队：新兴支柱产业,软件与信息技术服务,主营+行业映射,公司主营业务为信贷管理类系统,信贷管理类系统、风险管理类系统、数据仓库和商业智能类系统,,计算机,软件开发,垂直应用软件,2026-08-30复核：生产主营“信贷管理类系统、风险管理类系统、数据仓库和商业智能类系统”，行业分类“计算机/软件开发/垂直应用软件”；归入软件与信息技术服务,20260830_NEW,False
C_需人工复核,未在主营/新战略业务中找到先进计算与信息设备直接证据；当前主要依赖其他计算机设备,cn,300386,飞天诚信,4,国家重点扶持产业,第二梯队：新兴支柱产业,先进计算与信息设备,主营+行业映射,公司主营业务为身份认证产品,身份认证产品、智能终端、安全芯片,,计算机,计算机设备,其他计算机设备,2026-08-30复核：生产主营“身份认证产品、智能终端、安全芯片”，行业分类“计算机/计算机设备/其他计算机设备”；归入先进计算与信息设备,20260830_NEW,False
C_需人工复核,未在主营/新战略业务中找到软件与信息技术服务直接证据；当前主要依赖IT服务Ⅲ,cn,300399,天利科技,4,国家重点扶持产业,第二梯队：新兴支柱产业,软件与信息技术服务,主营+行业映射,公司主营业务为保险产品服务,移动信息服务、保险产品服务、贸易业务,,计算机,IT服务,IT服务Ⅲ,2026-08-30复核：生产主营“移动信息服务、保险产品服务、贸易业务”，行业分类“计算机/IT服务/IT服务Ⅲ”；归入软件与信息技术服务,20260830_NEW,False
C_需人工复核,未在主营/新战略业务中找到软件与信息技术服务直接证据；当前主要依赖IT服务Ⅲ,cn,300440,运达科技,4,国家重点扶持产业,第二梯队：新兴支柱产业,软件与信息技术服务,主营+行业映射,公司主营业务为智慧培训,智慧培训、智能运维、智慧车辆段、智能牵引供电、智能货运、维保服务,,计算机,IT服务,IT服务Ⅲ,2026-08-30复核：生产主营“智慧培训、智能运维、智慧车辆段、智能牵引供电、智能货运、维保服务”，行业分类“计算机/IT服务/IT服务Ⅲ”；归入软件与信息技术服务,20260830_NEW,False
C_需人工复核,未在主营/新战略业务中找到先进计算与信息设备直接证据；当前主要依赖安防设备,cn,300449,汉邦高科,4,国家重点扶持产业,第二梯队：新兴支柱产业,先进计算与信息设备,主营+行业映射,公司主营业务为解决方案,解决方案、智能安防解决方案、音视频解决方案、智算服务解决方案、音视频产品、数字水印业务,,计算机,计算机设备,安防设备,2026-08-30复核：生产主营“解决方案、智能安防解决方案、音视频解决方案、智算服务解决方案、音视频产品、数字水印业务”，行业分类“计算机/计算机设备/安防设备”；归入先进计算与信息设备,20260830_NEW,False
C_需人工复核,未在主营/新战略业务中找到高端医疗器械直接证据；当前主要依赖医疗耗材,cn,300453,三鑫医疗,4,国家重点扶持产业,第二梯队：新兴支柱产业,高端医疗器械,主营+行业映射,公司主营业务为血液净化类,血液净化类、给药器具类、心胸外科类,,医药生物,医疗器械,医疗耗材,2026-08-30复核：生产主营“血液净化类、给药器具类、心胸外科类”，行业分类“医药生物/医疗器械/医疗耗材”；归入高端医疗器械,20260830_NEW,False
C_需人工复核,未在主营/新战略业务中找到高端医疗器械直接证据；当前主要依赖体外诊断,cn,300463,迈克生物,4,国家重点扶持产业,第二梯队：新兴支柱产业,高端医疗器械,主营+行业映射,公司主营业务为自主产品,自主产品、代理产品,,医药生物,医疗器械,体外诊断,2026-08-30复核：生产主营“自主产品、代理产品”，行业分类“医药生物/医疗器械/体外诊断”；归入高端医疗器械,20260830_NEW,False
C_需人工复核,未在主营/新战略业务中找到新材料直接证据；当前主要依赖改性塑料,cn,300478,杭州高新,4,国家重点扶持产业,第二梯队：新兴支柱产业,新材料,主营+行业映射,公司主营业务为特种聚乙烯及交联聚乙烯电缆料,无卤低烟阻燃电缆料、特种聚乙烯及交联聚乙烯电缆料、特种聚氯乙烯电缆料、通用聚氯乙烯电缆料,,基础化工,塑料,改性塑料,2026-08-30复核：生产主营“无卤低烟阻燃电缆料、特种聚乙烯及交联聚乙烯电缆料、特种聚氯乙烯电缆料、通用聚氯乙烯电缆料”，行业分类“基础化工/塑料/改性塑料”；归入新材料,20260830_NEW,False
C_需人工复核,未在主营/新战略业务中找到先进计算与信息设备直接证据；当前主要依赖其他计算机设备,cn,300479,神思电子,4,国家重点扶持产业,第二梯队：新兴支柱产业,先进计算与信息设备,主营+行业映射,公司主营业务为AI+智慧城市业务,身份认证产品、智慧医疗产品、AI+智慧城市业务,,计算机,计算机设备,其他计算机设备,2026-08-30复核：生产主营“身份认证产品、智慧医疗产品、AI+智慧城市业务”，行业分类“计算机/计算机设备/其他计算机设备”；归入先进计算与信息设备,20260830_NEW,False
C_需人工复核,未在主营/新战略业务中找到集成电路材料直接证据；当前主要依赖电子化学品Ⅲ,cn,300481,濮阳惠成,4,国家重点扶持产业,第三梯队：卡脖子底座,集成电路材料,主营+行业映射,公司主营业务为顺酐酸酐衍生物,顺酐酸酐衍生物、功能材料中间体,,电子,电子化学品,电子化学品Ⅲ,2026-08-30复核：生产主营“顺酐酸酐衍生物、功能材料中间体”，行业分类“电子/电子化学品/电子化学品Ⅲ”；归入集成电路材料,20260830_NEW,False
C_需人工复核,未在主营/新战略业务中找到高端医疗器械直接证据；当前主要依赖体外诊断,cn,300482,万孚生物,4,国家重点扶持产业,第二梯队：新兴支柱产业,高端医疗器械,主营+行业映射,公司主营业务为慢性疾病检测,传染病检测、慢性疾病检测、妊娠及优生优育检测、毒品(药物滥用)检测,,医药生物,医疗器械,体外诊断,2026-08-30复核：生产主营“传染病检测、慢性疾病检测、妊娠及优生优育检测、毒品(药物滥用)检测”，行业分类“医药生物/医疗器械/体外诊断”；归入高端医疗器械,20260830_NEW,False
C_需人工复核,未在主营/新战略业务中找到关键电子元器件直接证据；当前主要依赖光学元件,cn,300489,光智科技,4,国家重点扶持产业,第二梯队：新兴支柱产业,关键电子元器件,主营+行业映射,公司主营业务为红外光学材料,红外光学材料、铝合金材料及零部件,,电子,光学光电子,光学元件,2026-08-30复核：生产主营“红外光学材料、铝合金材料及零部件”，行业分类“电子/光学光电子/光学元件”；归入关键电子元器件,20260830_NEW,False
C_需人工复核,未在主营/新战略业务中找到先进计算与信息设备直接证据；当前主要依赖其他计算机设备,cn,300508,维宏股份,4,国家重点扶持产业,第二梯队：新兴支柱产业,先进计算与信息设备,主营+行业映射,公司主营业务为一体机,控制卡、一体机、驱动器、配件及服务,,计算机,计算机设备,其他计算机设备,2026-08-30复核：生产主营“控制卡、一体机、驱动器、配件及服务”，行业分类“计算机/计算机设备/其他计算机设备”；归入先进计算与信息设备,20260830_NEW,False
C_需人工复核,未在主营/新战略业务中找到软件与信息技术服务直接证据；当前主要依赖垂直应用软件,cn,300520,科大国创,4,国家重点扶持产业,第二梯队：新兴支柱产业,软件与信息技术服务,主营+行业映射,公司主营业务为数字化应用,数字化应用、数字化产品、数字化运营,,计算机,软件开发,垂直应用软件,2026-08-30复核：生产主营“数字化应用、数字化产品、数字化运营”，行业分类“计算机/软件开发/垂直应用软件”；归入软件与信息技术服务,20260830_NEW,False
C_需人工复核,未在主营/新战略业务中找到软件与信息技术服务直接证据；当前主要依赖IT服务Ⅲ,cn,300523,辰安科技,4,国家重点扶持产业,第二梯队：新兴支柱产业,软件与信息技术服务,主营+行业映射,公司主营业务为城市安全,城市安全、应急管理、装备与消防、国际业务、安全文教、消费者业务,,计算机,IT服务,IT服务Ⅲ,2026-08-30复核：生产主营“城市安全、应急管理、装备与消防、国际业务、安全文教、消费者业务”，行业分类“计算机/IT服务/IT服务Ⅲ”；归入软件与信息技术服务,20260830_NEW,False
C_需人工复核,未在主营/新战略业务中找到高端医疗器械直接证据；当前主要依赖医疗耗材,cn,300529,健帆生物,4,国家重点扶持产业,第二梯队：新兴支柱产业,高端医疗器械,主营+行业映射,公司主营业务为一次性使用血液灌流器,一次性使用血液灌流器、一次性使用血浆胆红素吸附器、血液净化设备、血液透析粉液产品、管路产品、血浆分离器,,医药生物,医疗器械,医疗耗材,2026-08-30复核：生产主营“一次性使用血液灌流器、一次性使用血浆胆红素吸附器、血液净化设备、血液透析粉液产品、管路产品、血浆分离器”，行业分类“医药生物/医疗器械/医疗耗材”；归入高端医疗器械,20260830_NEW,False
C_需人工复核,未在主营/新战略业务中找到先进计算与信息设备直接证据；当前主要依赖其他计算机设备,cn,300531,优博讯,4,国家重点扶持产业,第二梯队：新兴支柱产业,先进计算与信息设备,主营+行业映射,公司主营业务为智能终端,专用打印机、智能终端、软件、开发及服务,,计算机,计算机设备,其他计算机设备,2026-08-30复核：生产主营“专用打印机、智能终端、软件、开发及服务”，行业分类“计算机/计算机设备/其他计算机设备”；归入先进计算与信息设备,20260830_NEW,False
C_需人工复核,未在主营/新战略业务中找到软件与信息技术服务直接证据；当前主要依赖IT服务Ⅲ,cn,300532,今天国际,4,国家重点扶持产业,第二梯队：新兴支柱产业,软件与信息技术服务,主营+行业映射,公司主营业务为系统综合解决方案,系统综合解决方案、智能软硬件产品、售后运维服务,,计算机,IT服务,IT服务Ⅲ,2026-08-30复核：生产主营“系统综合解决方案、智能软硬件产品、售后运维服务”，行业分类“计算机/IT服务/IT服务Ⅲ”；归入软件与信息技术服务,20260830_NEW,False
C_需人工复核,未在主营/新战略业务中找到新型显示直接证据；当前主要依赖面板,cn,300545,联得装备,4,国家重点扶持产业,第二梯队：新兴支柱产业,新型显示,主营+行业映射,公司主营业务为设备类,设备类、夹治具、线体类,,电子,光学光电子,面板,2026-08-30复核：生产主营“设备类、夹治具、线体类”，行业分类“电子/光学光电子/面板”；归入新型显示,20260830_NEW,False
C_需人工复核,未在主营/新战略业务中找到先进计算与信息设备直接证据；当前主要依赖其他计算机设备,cn,300546,雄帝科技,4,国家重点扶持产业,第二梯队：新兴支柱产业,先进计算与信息设备,主营+行业映射,公司主营业务为身份识别与智慧政务,身份识别与智慧政务、智慧交通,,计算机,计算机设备,其他计算机设备,2026-08-30复核：生产主营“身份识别与智慧政务、智慧交通”，行业分类“计算机/计算机设备/其他计算机设备”；归入先进计算与信息设备,20260830_NEW,False
C_需人工复核,未在主营/新战略业务中找到软件与信息技术服务直接证据；当前主要依赖垂直应用软件,cn,300550,和仁科技,4,国家重点扶持产业,第二梯队：新兴支柱产业,软件与信息技术服务,主营+行业映射,公司主营业务为医疗信息系统,场景化应用系统、医疗信息系统,,计算机,软件开发,垂直应用软件,2026-08-30复核：生产主营“场景化应用系统、医疗信息系统”，行业分类“计算机/软件开发/垂直应用软件”；归入软件与信息技术服务,20260830_NEW,False
C_需人工复核,未在主营/新战略业务中找到先进计算与信息设备直接证据；当前主要依赖其他计算机设备,cn,300551,古鳌科技,4,国家重点扶持产业,第二梯队：新兴支柱产业,先进计算与信息设备,主营+行业映射,公司主营业务为金融信息服务,金融信息服务、金融机具设备及服务、信息技术产品系列,,计算机,计算机设备,其他计算机设备,2026-08-30复核：生产主营“金融信息服务、金融机具设备及服务、信息技术产品系列”，行业分类“计算机/计算机设备/其他计算机设备”；归入先进计算与信息设备,20260830_NEW,False
C_需人工复核,未在主营/新战略业务中找到先进计算与信息设备直接证据；当前主要依赖其他计算机设备,cn,300552,万集科技,4,国家重点扶持产业,第二梯队：新兴支柱产业,先进计算与信息设备,主营+行业映射,公司主营业务为专用短程通信,智能网联、激光雷达、专用短程通信、动态称重,,计算机,计算机设备,其他计算机设备,2026-08-30复核：生产主营“智能网联、激光雷达、专用短程通信、动态称重”，行业分类“计算机/计算机设备/其他计算机设备”；归入先进计算与信息设备,20260830_NEW,False
C_需人工复核,未在主营/新战略业务中找到软件与信息技术服务直接证据；当前主要依赖垂直应用软件,cn,300556,丝路视觉,4,国家重点扶持产业,第二梯队：新兴支柱产业,软件与信息技术服务,主营+行业映射,公司主营业务为数字化展览展示综合业务,数字化展览展示综合业务、数字内容应用、展览展示场景构建、数字内容应用业务,,计算机,软件开发,垂直应用软件,2026-08-30复核：生产主营“数字化展览展示综合业务、数字内容应用、展览展示场景构建、数字内容应用业务”，行业分类“计算机/软件开发/垂直应用软件”；归入软件与信息技术服务,20260830_NEW,False
C_需人工复核,未在主营/新战略业务中找到软件与信息技术服务直接证据；当前主要依赖垂直应用软件,cn,300559,佳发教育,4,国家重点扶持产业,第二梯队：新兴支柱产业,软件与信息技术服务,主营+行业映射,公司主营业务为教育考试标准化考点产品及整体解决方案,教育考试标准化考点产品及整体解决方案、智慧教育产品及整体解决方案、运营服务,,计算机,软件开发,垂直应用软件,2026-08-30复核：生产主营“教育考试标准化考点产品及整体解决方案、智慧教育产品及整体解决方案、运营服务”，行业分类“计算机/软件开发/垂直应用软件”；归入软件与信息技术服务,20260830_NEW,False
C_需人工复核,未在主营/新战略业务中找到高端医疗器械直接证据；当前主要依赖医疗设备,cn,300562,乐心医疗,4,国家重点扶持产业,第二梯队：新兴支柱产业,高端医疗器械,主营+行业映射,公司主营业务为家用医疗产品,家用医疗产品、家用健康产品、智能可穿戴,,医药生物,医疗器械,医疗设备,2026-08-30复核：生产主营“家用医疗产品、家用健康产品、智能可穿戴”，行业分类“医药生物/医疗器械/医疗设备”；归入高端医疗器械,20260830_NEW,False
C_需人工复核,未在主营/新战略业务中找到关键电子元器件直接证据；当前主要依赖光学元件,cn,300566,激智科技,4,国家重点扶持产业,第二梯队：新兴支柱产业,关键电子元器件,主营+行业映射,公司主营业务为光学薄膜,光学薄膜、太阳能背板/反光膜、窗膜、胶膜,,电子,光学光电子,光学元件,2026-08-30复核：生产主营“光学薄膜、太阳能背板/反光膜、窗膜、胶膜”，行业分类“电子/光学光电子/光学元件”；归入关键电子元器件,20260830_NEW,False
D_明显误标,主营LED驱动电源及照明产品，不属于新型显示核心业务,cn,300582,英飞特,4,国家重点扶持产业,第二梯队：新兴支柱产业,新型显示,主营+行业映射,公司主营业务为LED驱动电源,LED驱动电源、传统组件及灯具、控制系统、新能源相关产品、模组、灯带及标识,,电子,光学光电子,LED,2026-08-30复核：生产主营“LED驱动电源、传统组件及灯具、控制系统、新能源相关产品、模组、灯带及标识”，行业分类“电子/光学光电子/LED”；归入新型显示,20260830_NEW,False
C_需人工复核,未在主营/新战略业务中找到新材料直接证据；当前主要依赖改性塑料,cn,300586,美联新材,4,国家重点扶持产业,第二梯队：新兴支柱产业,新材料,主营+行业映射,公司主营业务为三聚氯氰,色母粒、三聚氯氰、液碱、高性能颜染料、电池隔膜,,基础化工,塑料,改性塑料,2026-08-30复核：生产主营“色母粒、三聚氯氰、液碱、高性能颜染料、电池隔膜”，行业分类“基础化工/塑料/改性塑料”；归入新材料,20260830_NEW,False
C_需人工复核,未在主营/新战略业务中找到先进计算与信息设备直接证据；当前主要依赖安防设备,cn,300588,熙菱信息,4,国家重点扶持产业,第二梯队：新兴支柱产业,先进计算与信息设备,主营+行业映射,公司主营业务为智能安防及信息化工程,智能安防及信息化工程、信息安全产品、服务与综合解决方案,,计算机,计算机设备,安防设备,2026-08-30复核：生产主营“智能安防及信息化工程、信息安全产品、服务与综合解决方案”，行业分类“计算机/计算机设备/安防设备”；归入先进计算与信息设备,20260830_NEW,False
C_需人工复核,未在主营/新战略业务中找到高端医疗器械直接证据；当前主要依赖医疗耗材,cn,300595,欧普康视,4,国家重点扶持产业,第二梯队：新兴支柱产业,高端医疗器械,主营+行业映射,公司主营业务为硬性接触镜,硬性接触镜、护理产品、医疗收入、非视光类产品,,医药生物,医疗器械,医疗耗材,2026-08-30复核：生产主营“硬性接触镜、护理产品、医疗收入、非视光类产品”，行业分类“医药生物/医疗器械/医疗耗材”；归入高端医疗器械,20260830_NEW,False
C_需人工复核,未在主营/新战略业务中找到软件与信息技术服务直接证据；当前主要依赖垂直应用软件,cn,300608,思特奇,4,国家重点扶持产业,第二梯队：新兴支柱产业,软件与信息技术服务,主营+行业映射,公司主营业务为CRM,BILLING、CRM、云计算、大数据、移动互联网,,计算机,软件开发,垂直应用软件,2026-08-30复核：生产主营“BILLING、CRM、云计算、大数据、移动互联网”，行业分类“计算机/软件开发/垂直应用软件”；归入软件与信息技术服务,20260830_NEW,False
C_需人工复核,未在主营/新战略业务中找到软件与信息技术服务直接证据；当前主要依赖IT服务Ⅲ,cn,300609,汇纳科技,4,国家重点扶持产业,第二梯队：新兴支柱产业,软件与信息技术服务,主营+行业映射,公司主营业务为数据与运维服务,数据与运维服务、数字化软硬件集成、客流数据分析与远程巡店系统、大数据平台开发、智能屏管理系统,,计算机,IT服务,IT服务Ⅲ,2026-08-30复核：生产主营“数据与运维服务、数字化软硬件集成、客流数据分析与远程巡店系统、大数据平台开发、智能屏管理系统”，行业分类“计算机/IT服务/IT服务Ⅲ”；归入软件与信息技术服务,20260830_NEW,False
C_需人工复核,未在主营/新战略业务中找到软件与信息技术服务直接证据；当前主要依赖横向通用软件,cn,300624,万兴科技,4,国家重点扶持产业,第二梯队：新兴支柱产业,软件与信息技术服务,主营+行业映射,公司主营业务为视频创意类,视频创意类、实用工具类、文档创意类、绘图创意类,,计算机,软件开发,横向通用软件,2026-08-30复核：生产主营“视频创意类、实用工具类、文档创意类、绘图创意类”，行业分类“计算机/软件开发/横向通用软件”；归入软件与信息技术服务,20260830_NEW,False
C_需人工复核,未在主营/新战略业务中找到高端医疗器械直接证据；当前主要依赖体外诊断,cn,300639,凯普生物,4,国家重点扶持产业,第二梯队：新兴支柱产业,高端医疗器械,主营+行业映射,公司主营业务为自产产品,自产产品、检验服务收入,,医药生物,医疗器械,体外诊断,2026-08-30复核：生产主营“自产产品、检验服务收入”，行业分类“医药生物/医疗器械/体外诊断”；归入高端医疗器械,20260830_NEW,False
C_需人工复核,未在主营/新战略业务中找到高端医疗器械直接证据；当前主要依赖体外诊断,cn,300642,透景生命,4,国家重点扶持产业,第二梯队：新兴支柱产业,高端医疗器械,主营+行业映射,公司主营业务为试剂收入,仪器收入、服务收入、试剂收入,,医药生物,医疗器械,体外诊断,2026-08-30复核：生产主营“仪器收入、服务收入、试剂收入”，行业分类“医药生物/医疗器械/体外诊断”；归入高端医疗器械,20260830_NEW,False
C_需人工复核,未在主营/新战略业务中找到先进计算与信息设备直接证据；当前主要依赖其他计算机设备,cn,300645,正元智慧,4,国家重点扶持产业,第二梯队：新兴支柱产业,先进计算与信息设备,主营+行业映射,公司主营业务为系统建设,系统建设、运营与服务、智能管控,,计算机,计算机设备,其他计算机设备,2026-08-30复核：生产主营“系统建设、运营与服务、智能管控”，行业分类“计算机/计算机设备/其他计算机设备”；归入先进计算与信息设备,20260830_NEW,False
C_需人工复核,未在主营/新战略业务中找到关键电子元器件直接证据；当前主要依赖消费电子零部件及组装,cn,300647,超频三,4,国家重点扶持产业,第二梯队：新兴支柱产业,关键电子元器件,主营+行业映射,公司主营业务为锂离子电池材料,LED照明灯具、散热产品、照明亮化工程、锂离子电池材料,,电子,消费电子,消费电子零部件及组装,2026-08-30复核：生产主营“LED照明灯具、散热产品、照明亮化工程、锂离子电池材料”，行业分类“电子/消费电子/消费电子零部件及组装”；归入关键电子元器件,20260830_NEW,False
C_需人工复核,未在主营/新战略业务中找到高端医疗器械直接证据；当前主要依赖医疗耗材,cn,300653,正海生物,4,国家重点扶持产业,第二梯队：新兴支柱产业,高端医疗器械,主营+行业映射,公司主营业务为口腔修复膜,口腔修复膜、脑膜系列产品,,医药生物,医疗器械,医疗耗材,2026-08-30复核：生产主营“口腔修复膜、脑膜系列产品”，行业分类“医药生物/医疗器械/医疗耗材”；归入高端医疗器械,20260830_NEW,False
C_需人工复核,未在主营/新战略业务中找到先进计算与信息设备直接证据；当前主要依赖其他计算机设备,cn,300659,中孚信息,4,国家重点扶持产业,第二梯队：新兴支柱产业,先进计算与信息设备,主营+行业映射,公司主营业务为网络安全产品,网络安全产品、密码应用产品、信息安全服务,,计算机,计算机设备,其他计算机设备,2026-08-30复核：生产主营“网络安全产品、密码应用产品、信息安全服务”，行业分类“计算机/计算机设备/其他计算机设备”；归入先进计算与信息设备,20260830_NEW,False
C_需人工复核,未在主营/新战略业务中找到软件与信息技术服务直接证据；当前主要依赖垂直应用软件,cn,300663,科蓝软件,4,国家重点扶持产业,第二梯队：新兴支柱产业,软件与信息技术服务,主营+行业映射,公司主营业务为电子渠道及中台,电子渠道及中台、互联网银行（含互联网核心）,,计算机,软件开发,垂直应用软件,2026-08-30复核：生产主营“电子渠道及中台、互联网银行（含互联网核心）”，行业分类“计算机/软件开发/垂直应用软件”；归入软件与信息技术服务,20260830_NEW,False
C_需人工复核,未在主营/新战略业务中找到软件与信息技术服务直接证据；当前主要依赖IT服务Ⅲ,cn,300674,宇信科技,4,国家重点扶持产业,第二梯队：新兴支柱产业,软件与信息技术服务,主营+行业映射,公司主营业务为银行IT解决方案,银行IT解决方案、创新运营业务、非银IT解决方案,,计算机,IT服务,IT服务Ⅲ,2026-08-30复核：生产主营“银行IT解决方案、创新运营业务、非银IT解决方案”，行业分类“计算机/IT服务/IT服务Ⅲ”；归入软件与信息技术服务,20260830_NEW,False
C_需人工复核,未在主营/新战略业务中找到高端医疗器械直接证据；当前主要依赖医疗耗材,cn,300677,英科医疗,4,国家重点扶持产业,第二梯队：新兴支柱产业,高端医疗器械,主营+行业映射,公司主营业务为个人防护类,个人防护类、康复护理类,,医药生物,医疗器械,医疗耗材,2026-08-30复核：生产主营“个人防护类、康复护理类”，行业分类“医药生物/医疗器械/医疗耗材”；归入高端医疗器械,20260830_NEW,False
C_需人工复核,未在主营/新战略业务中找到软件与信息技术服务直接证据；当前主要依赖IT服务Ⅲ,cn,300678,中科信息,4,国家重点扶持产业,第二梯队：新兴支柱产业,软件与信息技术服务,主营+行业映射,公司主营业务为信息化解决方案,信息化解决方案、技术服务与开发,,计算机,IT服务,IT服务Ⅲ,2026-08-30复核：生产主营“信息化解决方案、技术服务与开发”，行业分类“计算机/IT服务/IT服务Ⅲ”；归入软件与信息技术服务,20260830_NEW,False
C_需人工复核,未在主营/新战略业务中找到集成电路材料直接证据；当前主要依赖电子化学品Ⅲ,cn,300684,中石科技,3,用户常用,第三梯队：卡脖子底座,集成电路材料,主营+行业映射,公司主营业务为导热材料,导热材料、EMI屏蔽材料,,电子,电子化学品,电子化学品Ⅲ,2026-08-30复核：生产主营“导热材料、EMI屏蔽材料”，行业分类“电子/电子化学品/电子化学品Ⅲ”；归入集成电路材料,20260830_NEW,False
C_需人工复核,未在主营/新战略业务中找到关键电子元器件直接证据；当前主要依赖消费电子零部件及组装,cn,300686,智动力,4,国家重点扶持产业,第二梯队：新兴支柱产业,关键电子元器件,主营+行业映射,公司主营业务为功能性电子器件,功能性电子器件、结构性电子器件、光学件,,电子,消费电子,消费电子零部件及组装,2026-08-30复核：生产主营“功能性电子器件、结构性电子器件、光学件”，行业分类“电子/消费电子/消费电子零部件及组装”；归入关键电子元器件,20260830_NEW,False
C_需人工复核,未在主营/新战略业务中找到先进计算与信息设备直接证据；当前主要依赖安防设备,cn,300691,联合光电,4,国家重点扶持产业,第二梯队：新兴支柱产业,先进计算与信息设备,主营+行业映射,公司主营业务为主业产品,主业产品、创新产品,,计算机,计算机设备,安防设备,2026-08-30复核：生产主营“主业产品、创新产品”，行业分类“计算机/计算机设备/安防设备”；归入先进计算与信息设备,20260830_NEW,False
C_需人工复核,未在主营/新战略业务中找到关键电子元器件直接证据；当前主要依赖消费电子零部件及组装,cn,300709,精研科技,4,国家重点扶持产业,第二梯队：新兴支柱产业,关键电子元器件,主营+行业映射,公司主营业务为MIM零部件及组件,MIM零部件及组件、精密塑胶零部件及组件、终端产品,,电子,消费电子,消费电子零部件及组装,2026-08-30复核：生产主营“MIM零部件及组件、精密塑胶零部件及组件、终端产品”，行业分类“电子/消费电子/消费电子零部件及组装”；归入关键电子元器件,20260830_NEW,False
C_需人工复核,未在主营/新战略业务中找到软件与信息技术服务直接证据；当前主要依赖垂直应用软件,cn,300730,科创信息,4,国家重点扶持产业,第二梯队：新兴支柱产业,软件与信息技术服务,主营+行业映射,公司主营业务为数字政府,数字政府、智慧企业,,计算机,软件开发,垂直应用软件,2026-08-30复核：生产主营“数字政府、智慧企业”，行业分类“计算机/软件开发/垂直应用软件”；归入软件与信息技术服务,20260830_NEW,False
C_需人工复核,未在主营/新战略业务中找到关键电子元器件直接证据；当前主要依赖消费电子零部件及组装,cn,300735,光弘科技,4,国家重点扶持产业,第二梯队：新兴支柱产业,关键电子元器件,主营+行业映射,公司主营业务为消费电子类,消费电子类、汽车电子类,,电子,消费电子,消费电子零部件及组装,2026-08-30复核：生产主营“消费电子类、汽车电子类”，行业分类“电子/消费电子/消费电子零部件及组装”；归入关键电子元器件,20260830_NEW,False
C_需人工复核,未在主营/新战略业务中找到先进计算与信息设备直接证据；当前主要依赖其他计算机设备,cn,300743,天地数码,4,国家重点扶持产业,第二梯队：新兴支柱产业,先进计算与信息设备,主营+行业映射,公司主营业务为条码碳带,传真碳带、打码碳带、条码碳带、水转印碳带,,计算机,计算机设备,其他计算机设备,2026-08-30复核：生产主营“传真碳带、打码碳带、条码碳带、水转印碳带”，行业分类“计算机/计算机设备/其他计算机设备”；归入先进计算与信息设备,20260830_NEW,False
C_需人工复核,未在主营/新战略业务中找到高端装备直接证据；当前主要依赖激光设备,cn,300747,锐科激光,4,国家重点扶持产业,第二梯队：新兴支柱产业,高端装备,主营+行业映射,公司主营业务为连续光纤激光器,脉冲光纤激光器、连续光纤激光器、超快激光器、特种光纤,,机械设备,自动化设备,激光设备,2026-08-30复核：生产主营“脉冲光纤激光器、连续光纤激光器、超快激光器、特种光纤”，行业分类“机械设备/自动化设备/激光设备”；归入高端装备,20260830_NEW,False
C_需人工复核,未在主营/新战略业务中找到新材料直接证据；当前主要依赖磁性材料,cn,300748,金力永磁,3,用户常用,第二梯队：新兴支柱产业,新材料,主营+行业映射,公司主营业务为钕铁硼磁钢,钕铁硼磁钢,,有色金属,金属新材料,磁性材料,2026-08-30复核：生产主营“钕铁硼磁钢”，行业分类“有色金属/金属新材料/磁性材料”；归入新材料,20260830_NEW,False
C_需人工复核,未在主营/新战略业务中找到高端医疗器械直接证据；当前主要依赖医疗设备,cn,300753,爱朋医疗,4,国家重点扶持产业,第二梯队：新兴支柱产业,高端医疗器械,主营+行业映射,公司主营业务为疼痛管理产品,疼痛管理产品、鼻腔及上气道产品,,医药生物,医疗器械,医疗设备,2026-08-30复核：生产主营“疼痛管理产品、鼻腔及上气道产品”，行业分类“医药生物/医疗器械/医疗设备”；归入高端医疗器械,20260830_NEW,False
C_需人工复核,未在主营/新战略业务中找到软件与信息技术服务直接证据；当前主要依赖横向通用软件,cn,300766,每日互动,3,用户常用,第二梯队：新兴支柱产业,软件与信息技术服务,主营+行业映射,公司主营业务为公共服务,开发者服务、增长服务、增能与风控服务、品牌服务、公共服务,,计算机,软件开发,横向通用软件,2026-08-30复核：生产主营“开发者服务、增长服务、增能与风控服务、品牌服务、公共服务”，行业分类“计算机/软件开发/横向通用软件”；归入软件与信息技术服务,20260830_NEW,False
C_需人工复核,未在主营/新战略业务中找到先进计算与信息设备直接证据；当前主要依赖其他计算机设备,cn,300771,智莱科技,4,国家重点扶持产业,第二梯队：新兴支柱产业,先进计算与信息设备,主营+行业映射,公司主营业务为智能快件箱类设备,智能快件箱类设备、自助电子寄存柜类设备、智能恒温及售卖类设备,,计算机,计算机设备,其他计算机设备,2026-08-30复核：生产主营“智能快件箱类设备、自助电子寄存柜类设备、智能恒温及售卖类设备”，行业分类“计算机/计算机设备/其他计算机设备”；归入先进计算与信息设备,20260830_NEW,False
C_需人工复核,未在主营/新战略业务中找到关键电子元器件直接证据；当前主要依赖消费电子零部件及组装,cn,300784,利安科技,4,国家重点扶持产业,第二梯队：新兴支柱产业,关键电子元器件,主营+行业映射,公司主营业务为注塑产品,注塑产品、精密注塑模具,,电子,消费电子,消费电子零部件及组装,2026-08-30复核：生产主营“注塑产品、精密注塑模具”，行业分类“电子/消费电子/消费电子零部件及组装”；归入关键电子元器件,20260830_NEW,False
C_需人工复核,未在主营/新战略业务中找到关键电子元器件直接证据；当前主要依赖消费电子零部件及组装,cn,300787,海能实业,4,国家重点扶持产业,第二梯队：新兴支柱产业,关键电子元器件,主营+行业映射,公司主营业务为电源适配器,互联、信号适配器、电源适配器,,电子,消费电子,消费电子零部件及组装,2026-08-30复核：生产主营“互联、信号适配器、电源适配器”，行业分类“电子/消费电子/消费电子零部件及组装”；归入关键电子元器件,20260830_NEW,False
C_需人工复核,未在主营/新战略业务中找到先进计算与信息设备直接证据；当前主要依赖其他计算机设备,cn,300789,唐源电气,4,国家重点扶持产业,第二梯队：新兴支柱产业,先进计算与信息设备,主营+行业映射,公司主营业务为机器视觉智能检测装备,机器视觉智能检测装备、大数据智能管控系统、铁路公交化与智慧车站、钒钛资源开发与利用,,计算机,计算机设备,其他计算机设备,2026-08-30复核：生产主营“机器视觉智能检测装备、大数据智能管控系统、铁路公交化与智慧车站、钒钛资源开发与利用”，行业分类“计算机/计算机设备/其他计算机设备”；归入先进计算与信息设备,20260830_NEW,False
C_需人工复核,未在主营/新战略业务中找到先进计算与信息设备直接证据；当前主要依赖安防设备,cn,300790,宇瞳光学,4,国家重点扶持产业,第二梯队：新兴支柱产业,先进计算与信息设备,主营+行业映射,公司主营业务为安防类,安防类、智能家居、车载类、汽车部品、机器视觉、应用光学,,计算机,计算机设备,安防设备,2026-08-30复核：生产主营“安防类、智能家居、车载类、汽车部品、机器视觉、应用光学”，行业分类“计算机/计算机设备/安防设备”；归入先进计算与信息设备,20260830_NEW,False
C_需人工复核,未在主营/新战略业务中找到关键电子元器件直接证据；当前主要依赖消费电子零部件及组装,cn,300793,佳禾智能,4,国家重点扶持产业,第二梯队：新兴支柱产业,关键电子元器件,主营+行业映射,公司主营业务为耳机,耳机、音箱、音频线,,电子,消费电子,消费电子零部件及组装,2026-08-30复核：生产主营“耳机、音箱、音频线”，行业分类“电子/消费电子/消费电子零部件及组装”；归入关键电子元器件,20260830_NEW,False
C_需人工复核,未在主营/新战略业务中找到软件与信息技术服务直接证据；当前主要依赖垂直应用软件,cn,300803,指南针,3,用户常用,第二梯队：新兴支柱产业,软件与信息技术服务,主营+行业映射,公司主营业务为金融信息服务,金融信息服务、广告服务、证券服务,,计算机,软件开发,垂直应用软件,2026-08-30复核：生产主营“金融信息服务、广告服务、证券服务”，行业分类“计算机/软件开发/垂直应用软件”；归入软件与信息技术服务,20260830_NEW,False
C_需人工复核,未在主营/新战略业务中找到先进计算与信息设备直接证据；当前主要依赖其他计算机设备,cn,300807,天迈科技,4,国家重点扶持产业,第二梯队：新兴支柱产业,先进计算与信息设备,主营+行业映射,公司主营业务为智能调度系统,智能调度系统、车辆远程监控系统、智能公交收银系统、新能源充电监控系统、出租车运营监管系统,,计算机,计算机设备,其他计算机设备,2026-08-30复核：生产主营“智能调度系统、车辆远程监控系统、智能公交收银系统、新能源充电监控系统、出租车运营监管系统”，行业分类“计算机/计算机设备/其他计算机设备”；归入先进计算与信息设备,20260830_NEW,False
D_明显误标,主营LED移动及家居照明，不属于新型显示产业,cn,300808,久量股份,4,国家重点扶持产业,第二梯队：新兴支柱产业,新型显示,主营+行业映射,公司主营业务为LED移动照明,LED移动照明、LED家居照明、移动家居小电器,,电子,光学光电子,LED,2026-08-30复核：生产主营“LED移动照明、LED家居照明、移动家居小电器”，行业分类“电子/光学光电子/LED”；归入新型显示,20260830_NEW,False
C_需人工复核,未在主营/新战略业务中找到新材料直接证据；当前主要依赖磁性材料,cn,300811,铂科新材,4,国家重点扶持产业,第二梯队：新兴支柱产业,新材料,主营+行业映射,公司主营业务为金属软磁粉末制品,金属软磁粉末制品、金属软磁粉,,有色金属,金属新材料,磁性材料,2026-08-30复核：生产主营“金属软磁粉末制品、金属软磁粉”，行业分类“有色金属/金属新材料/磁性材料”；归入新材料,20260830_NEW,False
C_需人工复核,未在主营/新战略业务中找到关键电子元器件直接证据；当前主要依赖消费电子零部件及组装,cn,300822,贝仕达克,4,国家重点扶持产业,第二梯队：新兴支柱产业,关键电子元器件,主营+行业映射,公司主营业务为智能控制器,智能控制器、智能产品、地板护理清洁工具,,电子,消费电子,消费电子零部件及组装,2026-08-30复核：生产主营“智能控制器、智能产品、地板护理清洁工具”，行业分类“电子/消费电子/消费电子零部件及组装”；归入关键电子元器件,20260830_NEW,False
C_需人工复核,未在主营/新战略业务中找到高端医疗器械直接证据；当前主要依赖体外诊断,cn,300832,新产业,4,国家重点扶持产业,第二梯队：新兴支柱产业,高端医疗器械,主营+行业映射,公司主营业务为试剂类,试剂类、仪器类,,医药生物,医疗器械,体外诊断,2026-08-30复核：生产主营“试剂类、仪器类”，行业分类“医药生物/医疗器械/体外诊断”；归入高端医疗器械,20260830_NEW,False
C_需人工复核,未在主营/新战略业务中找到新材料直接证据；当前主要依赖改性塑料,cn,300834,星辉环材,4,国家重点扶持产业,第二梯队：新兴支柱产业,新材料,主营+行业映射,公司主营业务为HIPS,HIPS、GPPS,,基础化工,塑料,改性塑料,2026-08-30复核：生产主营“HIPS、GPPS”，行业分类“基础化工/塑料/改性塑料”；归入新材料,20260830_NEW,False
C_需人工复核,未在主营/新战略业务中找到先进材料直接证据；当前主要依赖光伏辅材,cn,300842,帝科股份,4,国家重点扶持产业,第三梯队：卡脖子底座,先进材料,旧批次人工复核,公司主营业务为光伏导电银浆,光伏导电银浆、存储芯片、半导体封装浆料,,电力设备,光伏设备,光伏辅材,Codex复核：结合主营业务将候选结果调整为先进材料,PREEXISTING,False
C_需人工复核,未在主营/新战略业务中找到先进计算与信息设备直接证据；当前主要依赖其他计算机设备,cn,300845,捷安高科,4,国家重点扶持产业,第二梯队：新兴支柱产业,先进计算与信息设备,主营+行业映射,公司主营业务为轨道交通仿真实训系统,轨道交通仿真实训系统、安全作业仿真实训系统、技术服务、船舶装备领域仿真产品,,计算机,计算机设备,其他计算机设备,2026-08-30复核：生产主营“轨道交通仿真实训系统、安全作业仿真实训系统、技术服务、船舶装备领域仿真产品”，行业分类“计算机/计算机设备/其他计算机设备”；归入先进计算与信息设备,20260830_NEW,False
C_需人工复核,未在主营/新战略业务中找到先进计算与信息设备直接证据；当前主要依赖其他计算机设备,cn,300847,中船汉光,4,国家重点扶持产业,第二梯队：新兴支柱产业,先进计算与信息设备,主营+行业映射,公司主营业务为静电成像设备及耗材产业及耗材产业 ,静电成像设备及耗材产业及耗材产业 、精密加工,,计算机,计算机设备,其他计算机设备,2026-08-30复核：生产主营“静电成像设备及耗材产业及耗材产业 、精密加工”，行业分类“计算机/计算机设备/其他计算机设备”；归入先进计算与信息设备,20260830_NEW,False
C_需人工复核,未在主营/新战略业务中找到新材料直接证据；当前主要依赖其他金属新材料,cn,300855,图南股份,4,国家重点扶持产业,第二梯队：新兴支柱产业,新材料,主营/战略文本,公司主营业务为变形高温合金,铸造高温合金、变形高温合金、特种不锈钢,,有色金属,金属新材料,其他金属新材料,2026-08-30复核：生产主营业务“铸造高温合金、变形高温合金、特种不锈钢”命中“高温合金”；归入新材料,20260830_NEW,False
C_需人工复核,未在主营/新战略业务中找到关键电子元器件直接证据；当前主要依赖消费电子零部件及组装,cn,300868,杰美特,4,国家重点扶持产业,第二梯队：新兴支柱产业,关键电子元器件,主营+行业映射,公司主营业务为智能手机保护类产品,智能手机保护类产品、平板电脑保护类产品,,电子,消费电子,消费电子零部件及组装,2026-08-30复核：生产主营“智能手机保护类产品、平板电脑保护类产品”，行业分类“电子/消费电子/消费电子零部件及组装”；归入关键电子元器件,20260830_NEW,False
C_需人工复核,未在主营/新战略业务中找到高端医疗器械直接证据；当前主要依赖医疗设备,cn,300869,康泰医学,4,国家重点扶持产业,第二梯队：新兴支柱产业,高端医疗器械,主营+行业映射,公司主营业务为院线类产品,家用类产品、院线类产品,,医药生物,医疗器械,医疗设备,2026-08-30复核：生产主营“家用类产品、院线类产品”，行业分类“医药生物/医疗器械/医疗设备”；归入高端医疗器械,20260830_NEW,False
C_需人工复核,未在主营/新战略业务中找到新材料直接证据；当前主要依赖特钢Ⅲ,cn,300881,盛德鑫泰,4,国家重点扶持产业,第二梯队：新兴支柱产业,新材料,主营+行业映射,公司主营业务为合金钢管,不锈钢管、合金钢管、汽车电机机壳、汽车电机转轴、碳素无缝钢管、钢格板,,钢铁,特钢,特钢Ⅲ,2026-08-30复核：生产主营“不锈钢管、合金钢管、汽车电机机壳、汽车电机转轴、碳素无缝钢管、钢格板”，行业分类“钢铁/特钢/特钢Ⅲ”；归入新材料,20260830_NEW,False
C_需人工复核,未在主营/新战略业务中找到先进计算与信息设备直接证据；当前主要依赖安防设备,cn,300884,狄耐克,4,国家重点扶持产业,第二梯队：新兴支柱产业,先进计算与信息设备,主营+行业映射,公司主营业务为楼宇对讲产品,楼宇对讲产品、智能家居产品、智慧病房及门诊产品,,计算机,计算机设备,安防设备,2026-08-30复核：生产主营“楼宇对讲产品、智能家居产品、智慧病房及门诊产品”，行业分类“计算机/计算机设备/安防设备”；归入先进计算与信息设备,20260830_NEW,False
D_明显误标,仅为显示终端、照明或泛电子产品，缺少新型显示核心产品证据,cn,300909,汇创达,4,国家重点扶持产业,第二梯队：新兴支柱产业,新型显示,主营+行业映射,公司主营业务为信号传输元器件及组件,导光结构件及组件、信号传输元器件及组件、代工业务、新能源结构组件,,电子,光学光电子,面板,2026-08-30复核：生产主营“导光结构件及组件、信号传输元器件及组件、代工业务、新能源结构组件”，行业分类“电子/光学光电子/面板”；归入新型显示,20260830_NEW,False
C_需人工复核,未在主营/新战略业务中找到关键电子元器件直接证据；当前主要依赖消费电子零部件及组装,cn,300916,朗特智能,4,国家重点扶持产业,第二梯队：新兴支柱产业,关键电子元器件,主营+行业映射,公司主营业务为智能控制器,智能产品、储能产品、智能控制器、智能家居及家电类、消费类电子,,电子,消费电子,消费电子零部件及组装,2026-08-30复核：生产主营“智能产品、储能产品、智能控制器、智能家居及家电类、消费类电子”，行业分类“电子/消费电子/消费电子零部件及组装”；归入关键电子元器件,20260830_NEW,False
C_需人工复核,未在主营/新战略业务中找到高端装备直接证据；当前主要依赖轨交设备Ⅲ,cn,300923,研奥股份,4,国家重点扶持产业,第二梯队：新兴支柱产业,高端装备,主营+行业映射,公司主营业务为检修业务,车辆电气设备、检修业务,,机械设备,轨交设备,轨交设备Ⅲ,2026-08-30复核：生产主营“车辆电气设备、检修业务”，行业分类“机械设备/轨交设备/轨交设备Ⅲ”；归入高端装备,20260830_NEW,False
C_需人工复核,未在主营/新战略业务中找到软件与信息技术服务直接证据；当前主要依赖垂直应用软件,cn,300925,法本信息,4,国家重点扶持产业,第二梯队：新兴支柱产业,软件与信息技术服务,主营+行业映射,公司主营业务为开发与编程服务,开发与编程服务、实施与运维服务、测试与集成服务、分析与设计服务,,计算机,软件开发,垂直应用软件,2026-08-30复核：生产主营“开发与编程服务、实施与运维服务、测试与集成服务、分析与设计服务”，行业分类“计算机/软件开发/垂直应用软件”；归入软件与信息技术服务,20260830_NEW,False
C_需人工复核,未在主营/新战略业务中找到新材料直接证据；当前主要依赖其他金属新材料,cn,300930,屹通新材,4,国家重点扶持产业,第二梯队：新兴支柱产业,新材料,主营+行业映射,公司主营业务为高性能纯铁粉,高性能纯铁粉、合金钢粉、添加剂用铁粉,,有色金属,金属新材料,其他金属新材料,2026-08-30复核：生产主营“高性能纯铁粉、合金钢粉、添加剂用铁粉”，行业分类“有色金属/金属新材料/其他金属新材料”；归入新材料,20260830_NEW,False
C_需人工复核,未在主营/新战略业务中找到PCB直接证据；当前主要依赖印制电路板,cn,300936,中英科技,4,国家重点扶持产业,第一梯队：AI+超级主线,PCB,主营+行业映射,公司主营业务为通信材料,通信材料、引线框架,,电子,元件,印制电路板,2026-08-30复核：生产主营“通信材料、引线框架”，行业分类“电子/元件/印制电路板”；归入PCB,20260830_NEW,False
C_需人工复核,未在主营/新战略业务中找到先进计算与信息设备直接证据；当前主要依赖其他计算机设备,cn,300941,创识科技,4,国家重点扶持产业,第二梯队：新兴支柱产业,先进计算与信息设备,主营+行业映射,公司主营业务为商户端硬件,商户端服务、商户端软件、商户端硬件、数字营销,,计算机,计算机设备,其他计算机设备,2026-08-30复核：生产主营“商户端服务、商户端软件、商户端硬件、数字营销”，行业分类“计算机/计算机设备/其他计算机设备”；归入先进计算与信息设备,20260830_NEW,False
C_需人工复核,未在主营/新战略业务中找到关键电子元器件直接证据；当前主要依赖消费电子零部件及组装,cn,300951,博硕科技,4,国家重点扶持产业,第二梯队：新兴支柱产业,关键电子元器件,主营+行业映射,公司主营业务为精密功能件,精密功能件、智能自动化装备,,电子,消费电子,消费电子零部件及组装,2026-08-30复核：生产主营“精密功能件、智能自动化装备”，行业分类“电子/消费电子/消费电子零部件及组装”；归入关键电子元器件,20260830_NEW,False
C_需人工复核,未在主营/新战略业务中找到高端装备直接证据；当前主要依赖轨交设备Ⅲ,cn,300960,通业科技,4,国家重点扶持产业,第二梯队：新兴支柱产业,高端装备,主营+行业映射,公司主营业务为检修服务,电源类、智能控制类、电机风机、检修服务,,机械设备,轨交设备,轨交设备Ⅲ,2026-08-30复核：生产主营“电源类、智能控制类、电机风机、检修服务”，行业分类“机械设备/轨交设备/轨交设备Ⅲ”；归入高端装备,20260830_NEW,False
C_需人工复核,未在主营/新战略业务中找到新材料直接证据；当前主要依赖其他金属新材料,cn,300963,中洲特材,4,国家重点扶持产业,第二梯队：新兴支柱产业,新材料,主营+行业映射,公司主营业务为变形高温耐蚀合金,变形高温耐蚀合金、特种合金焊材、特种合金焊材贸易、表面堆焊服务、铸造高温耐蚀合金,,有色金属,金属新材料,其他金属新材料,2026-08-30复核：生产主营“变形高温耐蚀合金、特种合金焊材、特种合金焊材贸易、表面堆焊服务、铸造高温耐蚀合金”，行业分类“有色金属/金属新材料/其他金属新材料”；归入新材料,20260830_NEW,False
C_需人工复核,未在主营/新战略业务中找到PCB直接证据；当前主要依赖印制电路板,cn,300964,本川智能,4,国家重点扶持产业,第一梯队：AI+超级主线,PCB,主营/战略文本,公司主营业务为印制线路板,印制线路板,,电子,元件,印制电路板,2026-08-30复核：生产主营业务“印制线路板”命中“线路板”；归入PCB,20260830_NEW,False
C_需人工复核,未在主营/新战略业务中找到关键电子元器件直接证据；当前主要依赖消费电子零部件及组装,cn,300968,格林精密,4,国家重点扶持产业,第二梯队：新兴支柱产业,关键电子元器件,主营+行业映射,公司主营业务为精密结构件,精密结构件、精密模具,,电子,消费电子,消费电子零部件及组装,2026-08-30复核：生产主营“精密结构件、精密模具”，行业分类“电子/消费电子/消费电子零部件及组装”；归入关键电子元器件,20260830_NEW,False
C_需人工复核,未在主营/新战略业务中找到关键电子元器件直接证据；当前主要依赖消费电子零部件及组装,cn,300976,达瑞电子,4,国家重点扶持产业,第二梯队：新兴支柱产业,关键电子元器件,主营+行业映射,公司主营业务为消费电子功能性器件,3C智能装配自动化设备、新能源结构与功能性组件、消费电子功能性器件、电子产品结构性器件,,电子,消费电子,消费电子零部件及组装,2026-08-30复核：生产主营“3C智能装配自动化设备、新能源结构与功能性组件、消费电子功能性器件、电子产品结构性器件”，行业分类“电子/消费电子/消费电子零部件及组装”；归入关键电子元器件,20260830_NEW,False
C_需人工复核,未在主营/新战略业务中找到高端医疗器械直接证据；当前主要依赖医疗耗材,cn,300981,中红医疗,4,国家重点扶持产业,第二梯队：新兴支柱产业,高端医疗器械,主营+行业映射,公司主营业务为健康防护产品,健康防护产品、安全注输产品、创新孵化产品,,医药生物,医疗器械,医疗耗材,2026-08-30复核：生产主营“健康防护产品、安全注输产品、创新孵化产品”，行业分类“医药生物/医疗器械/医疗耗材”；归入高端医疗器械,20260830_NEW,False
C_需人工复核,未在主营/新战略业务中找到新材料直接证据；当前主要依赖改性塑料,cn,301003,江苏博云,4,国家重点扶持产业,第二梯队：新兴支柱产业,新材料,主营+行业映射,公司主营业务为高性能改性尼龙(PEMARON),高性能改性尼龙(PEMARON)、高性能改性聚酯(AUTRON)、工程化聚烯烃（VENTRON）、色母粒和功能性母粒(COLORON)、改性特种工程塑料(STEELRON),,基础化工,塑料,改性塑料,2026-08-30复核：生产主营“高性能改性尼龙(PEMARON)、高性能改性聚酯(AUTRON)、工程化聚烯烃（VENTRON）、色母粒和功能性母粒(COLORON)、改性特种工程塑料(STEELRON)”，行业分类“基础化工/塑料/改性塑料”；归入新材料,20260830_NEW,False
C_需人工复核,未在主营/新战略业务中找到高端装备直接证据；当前主要依赖轨交设备Ⅲ,cn,301016,雷尔伟,4,国家重点扶持产业,第二梯队：新兴支柱产业,高端装备,主营+行业映射,公司主营业务为铝合金产品,不锈钢产品、机加工产品、电气类成品、碳钢产品、铝合金产品,,机械设备,轨交设备,轨交设备Ⅲ,2026-08-30复核：生产主营“不锈钢产品、机加工产品、电气类成品、碳钢产品、铝合金产品”，行业分类“机械设备/轨交设备/轨交设备Ⅲ”；归入高端装备,20260830_NEW,False
C_需人工复核,未在主营/新战略业务中找到高端装备直接证据；当前主要依赖激光设备,cn,301021,英诺激光,4,国家重点扶持产业,第二梯队：新兴支柱产业,高端装备,主营+行业映射,公司主营业务为激光器,激光器、激光模组,,机械设备,自动化设备,激光设备,2026-08-30复核：生产主营“激光器、激光模组”，行业分类“机械设备/自动化设备/激光设备”；归入高端装备,20260830_NEW,False
C_需人工复核,未在主营/新战略业务中找到高端医疗器械直接证据；当前主要依赖医疗耗材,cn,301033,迈普医学,4,国家重点扶持产业,第二梯队：新兴支柱产业,高端医疗器械,主营+行业映射,公司主营业务为人工硬脑（脊）膜补片,人工硬脑（脊）膜补片、可吸收再生氧化纤维素及硬脑膜医用胶、颅颌面修补及固定系统,,医药生物,医疗器械,医疗耗材,2026-08-30复核：生产主营“人工硬脑（脊）膜补片、可吸收再生氧化纤维素及硬脑膜医用胶、颅颌面修补及固定系统”，行业分类“医药生物/医疗器械/医疗耗材”；归入高端医疗器械,20260830_NEW,False
C_需人工复核,未在主营/新战略业务中找到先进计算与信息设备直接证据；当前主要依赖安防设备,cn,301042,安联锐视,4,国家重点扶持产业,第二梯队：新兴支柱产业,先进计算与信息设备,主营+行业映射,公司主营业务为安防视频监控产品,安防视频监控产品、技术服务,,计算机,计算机设备,安防设备,2026-08-30复核：生产主营“安防视频监控产品、技术服务”，行业分类“计算机/计算机设备/安防设备”；归入先进计算与信息设备,20260830_NEW,False
D_明显误标,仅为显示终端、照明或泛电子产品，缺少新型显示核心产品证据,cn,301045,天禄科技,4,国家重点扶持产业,第二梯队：新兴支柱产业,新型显示,主营+行业映射,公司主营业务为导光板,导光板、台式显示器、笔记本电脑、液晶电视、灯具、平板电脑,,电子,光学光电子,面板,2026-08-30复核：生产主营“导光板、台式显示器、笔记本电脑、液晶电视、灯具、平板电脑”，行业分类“电子/光学光电子/面板”；归入新型显示,20260830_NEW,False
C_需人工复核,未在主营/新战略业务中找到高端装备直接证据；当前主要依赖轨交设备Ⅲ,cn,301048,金鹰重工,4,国家重点扶持产业,第二梯队：新兴支柱产业,高端装备,主营+行业映射,公司主营业务为铁路工程机械,大修业务、货运装备、配件销售、铁路工程机械,,机械设备,轨交设备,轨交设备Ⅲ,2026-08-30复核：生产主营“大修业务、货运装备、配件销售、铁路工程机械”，行业分类“机械设备/轨交设备/轨交设备Ⅲ”；归入高端装备,20260830_NEW,False
C_需人工复核,未在主营/新战略业务中找到关键电子元器件直接证据；当前主要依赖消费电子零部件及组装,cn,301051,信濠光电,4,国家重点扶持产业,第二梯队：新兴支柱产业,关键电子元器件,主营+行业映射,公司主营业务为智能手机与电脑类,户用系统、智能头显与智能穿戴类、智能手机与电脑类、汽车及智能座舱类、逆变器,,电子,消费电子,消费电子零部件及组装,2026-08-30复核：生产主营“户用系统、智能头显与智能穿戴类、智能手机与电脑类、汽车及智能座舱类、逆变器”，行业分类“电子/消费电子/消费电子零部件及组装”；归入关键电子元器件,20260830_NEW,False
C_需人工复核,未在主营/新战略业务中找到关键电子元器件直接证据；当前主要依赖消费电子零部件及组装,cn,301067,显盈科技,4,国家重点扶持产业,第二梯队：新兴支柱产业,关键电子元器件,主营+行业映射,公司主营业务为信号转换拓展类产品,信号转换拓展类产品、模具及精密结构件、电源适配器,,电子,消费电子,消费电子零部件及组装,2026-08-30复核：生产主营“信号转换拓展类产品、模具及精密结构件、电源适配器”，行业分类“电子/消费电子/消费电子零部件及组装”；归入关键电子元器件,20260830_NEW,False
C_需人工复核,未在主营/新战略业务中找到新材料直接证据；当前主要依赖非金属材料Ⅲ,cn,301071,力量钻石,4,国家重点扶持产业,第二梯队：新兴支柱产业,新材料,主营+行业映射,公司主营业务为培育钻石,培育钻石、金刚石单晶、金刚石微粉,,基础化工,非金属材料,非金属材料Ⅲ,2026-08-30复核：生产主营“培育钻石、金刚石单晶、金刚石微粉”，行业分类“基础化工/非金属材料/非金属材料Ⅲ”；归入新材料,20260830_NEW,False
C_需人工复核,未在主营/新战略业务中找到关键电子元器件直接证据；当前主要依赖消费电子零部件及组装,cn,301086,鸿富瀚,4,国家重点扶持产业,第二梯队：新兴支柱产业,关键电子元器件,主营+行业映射,公司主营业务为消费电子产品功能性器件,消费电子产品功能性器件、自动化设备及相关产品,,电子,消费电子,消费电子零部件及组装,2026-08-30复核：生产主营“消费电子产品功能性器件、自动化设备及相关产品”，行业分类“电子/消费电子/消费电子零部件及组装”；归入关键电子元器件,20260830_NEW,False
C_需人工复核,未在主营/新战略业务中找到高端医疗器械直接证据；当前主要依赖医疗耗材,cn,301087,可孚医疗,4,国家重点扶持产业,第二梯队：新兴支柱产业,高端医疗器械,主营+行业映射,公司主营业务为康复辅具类产品,康复辅具类产品、医疗护理类产品、健康监测类产品、呼吸支持类产品,,医药生物,医疗器械,医疗耗材,2026-08-30复核：生产主营“康复辅具类产品、医疗护理类产品、健康监测类产品、呼吸支持类产品”，行业分类“医药生物/医疗器械/医疗耗材”；归入高端医疗器械,20260830_NEW,False
C_需人工复核,未在主营/新战略业务中找到高端医疗器械直接证据；当前主要依赖医疗耗材,cn,301093,华兰股份,4,国家重点扶持产业,第二梯队：新兴支柱产业,高端医疗器械,主营+行业映射,公司主营业务为常规胶塞,覆膜胶塞、常规胶塞,,医药生物,医疗器械,医疗耗材,2026-08-30复核：生产主营“覆膜胶塞、常规胶塞”，行业分类“医药生物/医疗器械/医疗耗材”；归入高端医疗器械,20260830_NEW,False
C_需人工复核,未在主营/新战略业务中找到高端医疗器械直接证据；当前主要依赖医疗耗材,cn,301097,天益医疗,4,国家重点扶持产业,第二梯队：新兴支柱产业,高端医疗器械,主营+行业映射,公司主营业务为血液净化类,血液净化类、病房护理类,,医药生物,医疗器械,医疗耗材,2026-08-30复核：生产主营“血液净化类、病房护理类”，行业分类“医药生物/医疗器械/医疗耗材”；归入高端医疗器械,20260830_NEW,False
C_需人工复核,未在主营/新战略业务中找到高端医疗器械直接证据；当前主要依赖医疗耗材,cn,301122,采纳股份,4,国家重点扶持产业,第二梯队：新兴支柱产业,高端医疗器械,主营+行业映射,公司主营业务为注射器,注射器、穿刺针、实验室耗材,,医药生物,医疗器械,医疗耗材,2026-08-30复核：生产主营“注射器、穿刺针、实验室耗材”，行业分类“医药生物/医疗器械/医疗耗材”；归入高端医疗器械,20260830_NEW,False
C_需人工复核,未在主营/新战略业务中找到新材料直接证据；当前主要依赖改性塑料,cn,301131,聚赛龙,4,国家重点扶持产业,第二梯队：新兴支柱产业,新材料,主营+行业映射,公司主营业务为改性PP,改性PP、改性PC/ABS、改性PBT、改性PA、原料贸易,,基础化工,塑料,改性塑料,2026-08-30复核：生产主营“改性PP、改性PC/ABS、改性PBT、改性PA、原料贸易”，行业分类“基础化工/塑料/改性塑料”；归入新材料,20260830_NEW,False
C_需人工复核,未在主营/新战略业务中找到新材料直接证据；当前主要依赖磁性材料,cn,301141,中科磁业,4,国家重点扶持产业,第二梯队：新兴支柱产业,新材料,主营+行业映射,公司主营业务为钕铁硼成品,外购产品、钕铁硼成品、钕铁硼毛坯、铁氧体磁瓦,,有色金属,金属新材料,磁性材料,2026-08-30复核：生产主营“外购产品、钕铁硼成品、钕铁硼毛坯、铁氧体磁瓦”，行业分类“有色金属/金属新材料/磁性材料”；归入新材料,20260830_NEW,False
C_需人工复核,未在主营/新战略业务中找到软件与信息技术服务直接证据；当前主要依赖垂直应用软件,cn,301153,中科江南,4,国家重点扶持产业,第二梯队：新兴支柱产业,软件与信息技术服务,主营+行业映射,公司主营业务为支付电子化,支付电子化、智慧财政、政企数智化,,计算机,软件开发,垂直应用软件,2026-08-30复核：生产主营“支付电子化、智慧财政、政企数智化”，行业分类“计算机/软件开发/垂直应用软件”；归入软件与信息技术服务,20260830_NEW,False
C_需人工复核,未在主营/新战略业务中找到新材料直接证据；当前主要依赖特钢Ⅲ,cn,301160,翔楼新材,4,国家重点扶持产业,第二梯队：新兴支柱产业,新材料,主营+行业映射,公司主营业务为汽车零部件精冲材料,汽车零部件精冲材料、工业用精冲材料,,钢铁,特钢,特钢Ⅲ,2026-08-30复核：生产主营“汽车零部件精冲材料、工业用精冲材料”，行业分类“钢铁/特钢/特钢Ⅲ”；归入新材料,20260830_NEW,False
C_需人工复核,未在主营/新战略业务中找到软件与信息技术服务直接证据；当前主要依赖垂直应用软件,cn,301162,国能日新,4,国家重点扶持产业,第二梯队：新兴支柱产业,软件与信息技术服务,主营+行业映射,公司主营业务为新能源发电功率预测产品,新能源发电功率预测产品、新能源并网智能控制系统、新能源电站智能运营系统、电网新能源管理系统、创新产品,,计算机,软件开发,垂直应用软件,2026-08-30复核：生产主营“新能源发电功率预测产品、新能源并网智能控制系统、新能源电站智能运营系统、电网新能源管理系统、创新产品”，行业分类“计算机/软件开发/垂直应用软件”；归入软件与信息技术服务,20260830_NEW,False
C_需人工复核,未在主营/新战略业务中找到关键电子元器件直接证据；当前主要依赖消费电子零部件及组装,cn,301180,万祥科技,4,国家重点扶持产业,第二梯队：新兴支柱产业,关键电子元器件,主营+行业映射,公司主营业务为消费电子类产品,动力/储能类产品、消费电子类产品,,电子,消费电子,消费电子零部件及组装,2026-08-30复核：生产主营“动力/储能类产品、消费电子类产品”，行业分类“电子/消费电子/消费电子零部件及组装”；归入关键电子元器件,20260830_NEW,False
C_需人工复核,未在主营/新战略业务中找到先进计算与信息设备直接证据；当前主要依赖安防设备,cn,301182,凯旺科技,4,国家重点扶持产业,第二梯队：新兴支柱产业,先进计算与信息设备,主营+行业映射,公司主营业务为安防类,安防类、通讯类、组装加工业务,,计算机,计算机设备,安防设备,2026-08-30复核：生产主营“安防类、通讯类、组装加工业务”，行业分类“计算机/计算机设备/安防设备”；归入先进计算与信息设备,20260830_NEW,False
C_需人工复核,未在主营/新战略业务中找到关键电子元器件直接证据；当前主要依赖光学元件,cn,301183,东田微,4,国家重点扶持产业,第二梯队：新兴支柱产业,关键电子元器件,主营+行业映射,公司主营业务为成像类光学元器件,成像类光学元器件、通信类光学元器件,,电子,光学光电子,光学元件,2026-08-30复核：生产主营“成像类光学元器件、通信类光学元器件”，行业分类“电子/光学光电子/光学元件”；归入关键电子元器件,20260830_NEW,False
C_需人工复核,未在主营/新战略业务中找到高端医疗器械直接证据；当前主要依赖医疗耗材,cn,301188,力诺药包,4,国家重点扶持产业,第二梯队：新兴支柱产业,高端医疗器械,主营+行业映射,公司主营业务为耐热玻璃,耐热玻璃、药用玻璃,,医药生物,医疗器械,医疗耗材,2026-08-30复核：生产主营“耐热玻璃、药用玻璃”，行业分类“医药生物/医疗器械/医疗耗材”；归入高端医疗器械,20260830_NEW,False
C_需人工复核,未在主营/新战略业务中找到软件与信息技术服务直接证据；当前主要依赖垂直应用软件,cn,301195,北路智控,4,国家重点扶持产业,第二梯队：新兴支柱产业,软件与信息技术服务,主营+行业映射,公司主营业务为智能矿山监控系统,智能矿山通信系统、智能矿山监控系统、智能矿山集控系统、智能矿山装备配套,,计算机,软件开发,垂直应用软件,2026-08-30复核：生产主营“智能矿山通信系统、智能矿山监控系统、智能矿山集控系统、智能矿山装备配套”，行业分类“计算机/软件开发/垂直应用软件”；归入软件与信息技术服务,20260830_NEW,False
C_需人工复核,未在主营/新战略业务中找到软件与信息技术服务直接证据；当前主要依赖IT服务Ⅲ,cn,301208,中亦科技,4,国家重点扶持产业,第二梯队：新兴支柱产业,软件与信息技术服务,主营+行业映射,公司主营业务为IT运行维护服务,IT运行维护服务、原厂软硬件产品、自主智能运维产品、运营数据分析服务,,计算机,IT服务,IT服务Ⅲ,2026-08-30复核：生产主营“IT运行维护服务、原厂软硬件产品、自主智能运维产品、运营数据分析服务”，行业分类“计算机/IT服务/IT服务Ⅲ”；归入软件与信息技术服务,20260830_NEW,False
C_需人工复核,未在主营/新战略业务中找到高端医疗器械直接证据；当前主要依赖医疗耗材,cn,301234,五洲医疗,4,国家重点扶持产业,第二梯队：新兴支柱产业,高端医疗器械,主营+行业映射,公司主营业务为注射器,注射器、医用穿刺针、输液输血器,,医药生物,医疗器械,医疗耗材,2026-08-30复核：生产主营“注射器、医用穿刺针、输液输血器”，行业分类“医药生物/医疗器械/医疗耗材”；归入高端医疗器械,20260830_NEW,False
C_需人工复核,未在主营/新战略业务中找到新材料直接证据；当前主要依赖膜材料,cn,301237,和顺科技,4,国家重点扶持产业,第二梯队：新兴支柱产业,新材料,主营+行业映射,公司主营业务为有色光电基膜,有色光电基膜、透明膜,,基础化工,塑料,膜材料,2026-08-30复核：生产主营“有色光电基膜、透明膜”，行业分类“基础化工/塑料/膜材料”；归入新材料,20260830_NEW,False
C_需人工复核,未在主营/新战略业务中找到软件与信息技术服务直接证据；当前主要依赖IT服务Ⅲ,cn,301248,杰创智能,4,国家重点扶持产业,第二梯队：新兴支柱产业,软件与信息技术服务,主营+行业映射,公司主营业务为解决方案服务,解决方案服务、产品销售、技术服务,,计算机,IT服务,IT服务Ⅲ,2026-08-30复核：生产主营“解决方案服务、产品销售、技术服务”，行业分类“计算机/IT服务/IT服务Ⅲ”；归入软件与信息技术服务,20260830_NEW,False
C_需人工复核,未在主营/新战略业务中找到PCB直接证据；当前主要依赖印制电路板,cn,301282,金禄电子,4,国家重点扶持产业,第一梯队：AI+超级主线,PCB,主营+行业映射,公司主营业务为多层板,单/双面板、多层板、加工业务,,电子,元件,印制电路板,2026-08-30复核：生产主营“单/双面板、多层板、加工业务”，行业分类“电子/元件/印制电路板”；归入PCB,20260830_NEW,False
C_需人工复核,未在主营/新战略业务中找到先进计算与信息设备直接证据；当前主要依赖安防设备,cn,301318,维海德,4,国家重点扶持产业,第二梯队：新兴支柱产业,先进计算与信息设备,主营+行业映射,公司主营业务为摄像机,摄像机、视频会议终端、音频设备、热成像仪、网络电话,,计算机,计算机设备,安防设备,2026-08-30复核：生产主营“摄像机、视频会议终端、音频设备、热成像仪、网络电话”，行业分类“计算机/计算机设备/安防设备”；归入先进计算与信息设备,20260830_NEW,False
C_需人工复核,未在主营/新战略业务中找到集成电路材料直接证据；当前主要依赖电子化学品Ⅲ,cn,301319,唯特偶,4,国家重点扶持产业,第三梯队：卡脖子底座,集成电路材料,主营+行业映射,公司主营业务为微电子焊接材料,微电子焊接材料、辅助焊接材料,,电子,电子化学品,电子化学品Ⅲ,2026-08-30复核：生产主营“微电子焊接材料、辅助焊接材料”，行业分类“电子/电子化学品/电子化学品Ⅲ”；归入集成电路材料,20260830_NEW,False
C_需人工复核,未在主营/新战略业务中找到关键电子元器件直接证据；当前主要依赖消费电子零部件及组装,cn,301326,捷邦科技,4,国家重点扶持产业,第二梯队：新兴支柱产业,关键电子元器件,主营+行业映射,公司主营业务为精密功能件及结构件,精密功能件及结构件、碳纳米管,,电子,消费电子,消费电子零部件及组装,2026-08-30复核：生产主营“精密功能件及结构件、碳纳米管”，行业分类“电子/消费电子/消费电子零部件及组装”；归入关键电子元器件,20260830_NEW,False
C_需人工复核,未在主营/新战略业务中找到先进计算与信息设备直接证据；当前主要依赖安防设备,cn,301330,熵基科技,4,国家重点扶持产业,第二梯队：新兴支柱产业,先进计算与信息设备,主营+行业映射,公司主营业务为智慧空间,智慧办公、考勤产品、智慧空间、门禁产品、数字身份认证、生物识别传感器产品、证卡产品、智慧商业、商用产品、数字标牌产品,,计算机,计算机设备,安防设备,2026-08-30复核：生产主营“智慧办公、考勤产品、智慧空间、门禁产品、数字身份认证、生物识别传感器产品、证卡产品、智慧商业、商用产品、数字标牌产品”，行业分类“计算机/计算机设备/安防设备”；归入先进计算与信息设备,20260830_NEW,False
C_需人工复核,未在主营/新战略业务中找到软件与信息技术服务直接证据；当前主要依赖垂直应用软件,cn,301337,亚华电子,4,国家重点扶持产业,第二梯队：新兴支柱产业,软件与信息技术服务,主营+行业映射,公司主营业务为成套医院智能通讯交互系统,成套医院智能通讯交互系统、病房智能通讯交互系统、门诊服务交互系统,,计算机,软件开发,垂直应用软件,2026-08-30复核：生产主营“成套医院智能通讯交互系统、病房智能通讯交互系统、门诊服务交互系统”，行业分类“计算机/软件开发/垂直应用软件”；归入软件与信息技术服务,20260830_NEW,False
C_需人工复核,未在主营/新战略业务中找到先进计算与信息设备直接证据；当前主要依赖其他计算机设备,cn,301339,通行宝,4,国家重点扶持产业,第二梯队：新兴支柱产业,先进计算与信息设备,主营+行业映射,公司主营业务为智慧交通运营管理系统业务,智慧交通电子收费业务、智慧交通运营管理系统业务、智慧交通生态业务,,计算机,计算机设备,其他计算机设备,2026-08-30复核：生产主营“智慧交通电子收费业务、智慧交通运营管理系统业务、智慧交通生态业务”，行业分类“计算机/计算机设备/其他计算机设备”；归入先进计算与信息设备,20260830_NEW,False
C_需人工复核,未在主营/新战略业务中找到高端医疗器械直接证据；当前主要依赖医疗设备,cn,301363,美好医疗,4,国家重点扶持产业,第二梯队：新兴支柱产业,高端医疗器械,主营+行业映射,公司主营业务为家用呼吸机组件,家用呼吸机组件、家用及消费电子组件、人工植入耳蜗组件、精密模具及自动化设备、自主产品,,医药生物,医疗器械,医疗设备,2026-08-30复核：生产主营“家用呼吸机组件、家用及消费电子组件、人工植入耳蜗组件、精密模具及自动化设备、自主产品”，行业分类“医药生物/医疗器械/医疗设备”；归入高端医疗器械,20260830_NEW,False
C_需人工复核,未在主营/新战略业务中找到高端医疗器械直接证据；当前主要依赖医疗设备,cn,301367,瑞迈特,4,国家重点扶持产业,第二梯队：新兴支柱产业,高端医疗器械,主营+行业映射,公司主营业务为家用呼吸诊疗产品,家用呼吸诊疗产品、耗材产品、医用产品,,医药生物,医疗器械,医疗设备,2026-08-30复核：生产主营“家用呼吸诊疗产品、耗材产品、医用产品”，行业分类“医药生物/医疗器械/医疗设备”；归入高端医疗器械,20260830_NEW,False
C_需人工复核,未在主营/新战略业务中找到高端医疗器械直接证据；当前主要依赖医疗耗材,cn,301370,国科恒泰,4,国家重点扶持产业,第二梯队：新兴支柱产业,高端医疗器械,主营+行业映射,公司主营业务为血管介入治疗类材料,口腔材料、神经外科材料、血管介入治疗类材料、非血管介入治疗类材料、骨科材料,,医药生物,医疗器械,医疗耗材,2026-08-30复核：生产主营“口腔材料、神经外科材料、血管介入治疗类材料、非血管介入治疗类材料、骨科材料”，行业分类“医药生物/医疗器械/医疗耗材”；归入高端医疗器械,20260830_NEW,False
C_需人工复核,未在主营/新战略业务中找到关键电子元器件直接证据；当前主要依赖消费电子零部件及组装,cn,301383,天键股份,4,国家重点扶持产业,第二梯队：新兴支柱产业,关键电子元器件,主营+行业映射,公司主营业务为耳机产品,耳机产品,,电子,消费电子,消费电子零部件及组装,2026-08-30复核：生产主营“耳机产品”，行业分类“电子/消费电子/消费电子零部件及组装”；归入关键电子元器件,20260830_NEW,False
C_需人工复核,未在主营/新战略业务中找到关键电子元器件直接证据；当前主要依赖消费电子零部件及组装,cn,301387,光大同创,4,国家重点扶持产业,第二梯队：新兴支柱产业,关键电子元器件,主营+行业映射,公司主营业务为功能类产品,防护类产品、功能类产品,,电子,消费电子,消费电子零部件及组装,2026-08-30复核：生产主营“防护类产品、功能类产品”，行业分类“电子/消费电子/消费电子零部件及组装”；归入关键电子元器件,20260830_NEW,False
C_需人工复核,未在主营/新战略业务中找到关键电子元器件直接证据；当前主要依赖消费电子零部件及组装,cn,301389,隆扬电子,4,国家重点扶持产业,第二梯队：新兴支柱产业,关键电子元器件,主营+行业映射,公司主营业务为电磁屏蔽材料,电磁屏蔽材料、绝缘材料,,电子,消费电子,消费电子零部件及组装,2026-08-30复核：生产主营“电磁屏蔽材料、绝缘材料”，行业分类“电子/消费电子/消费电子零部件及组装”；归入关键电子元器件,20260830_NEW,False
C_需人工复核,未在主营/新战略业务中找到先进计算与信息设备直接证据；当前主要依赖其他计算机设备,cn,301391,卡莱特,4,国家重点扶持产业,第二梯队：新兴支柱产业,先进计算与信息设备,主营+行业映射,公司主营业务为视频处理设备,云联网播放器、发送器、接收卡、视频处理设备,,计算机,计算机设备,其他计算机设备,2026-08-30复核：生产主营“云联网播放器、发送器、接收卡、视频处理设备”，行业分类“计算机/计算机设备/其他计算机设备”；归入先进计算与信息设备,20260830_NEW,False
C_需人工复核,未在主营/新战略业务中找到关键电子元器件直接证据；当前主要依赖被动元件,cn,301458,钧崴电子,4,国家重点扶持产业,第二梯队：新兴支柱产业,关键电子元器件,主营+行业映射,公司主营业务为商品销售,商品销售,,电子,元件,被动元件,2026-08-30复核：生产主营“商品销售”，行业分类“电子/元件/被动元件”；归入关键电子元器件,20260830_NEW,False
C_需人工复核,未在主营/新战略业务中找到关键电子元器件直接证据；当前主要依赖光学元件,cn,301479,弘景光电,4,国家重点扶持产业,第二梯队：新兴支柱产业,关键电子元器件,主营+行业映射,公司主营业务为新兴消费摄像模组,智能汽车光学镜头、智能汽车摄像模组、新兴消费光学镜头、新兴消费摄像模组,,电子,光学光电子,光学元件,2026-08-30复核：生产主营“智能汽车光学镜头、智能汽车摄像模组、新兴消费光学镜头、新兴消费摄像模组”，行业分类“电子/光学光电子/光学元件”；归入关键电子元器件,20260830_NEW,False
C_需人工复核,未在主营/新战略业务中找到集成电路材料直接证据；当前主要依赖电子化学品Ⅲ,cn,301489,思泉新材,4,国家重点扶持产业,第三梯队：卡脖子底座,集成电路材料,主营+行业映射,公司主营业务为热管理材料,热管理材料、磁性材料、纳米防护材料,,电子,电子化学品,电子化学品Ⅲ,2026-08-30复核：生产主营“热管理材料、磁性材料、纳米防护材料”，行业分类“电子/电子化学品/电子化学品Ⅲ”；归入集成电路材料,20260830_NEW,False
C_需人工复核,未在主营/新战略业务中找到先进计算与信息设备直接证据；当前主要依赖其他计算机设备,cn,301503,智迪科技,4,国家重点扶持产业,第二梯队：新兴支柱产业,先进计算与信息设备,主营+行业映射,公司主营业务为键盘,键盘、鼠标、键鼠套装,,计算机,计算机设备,其他计算机设备,2026-08-30复核：生产主营“键盘、鼠标、键鼠套装”，行业分类“计算机/计算机设备/其他计算机设备”；归入先进计算与信息设备,20260830_NEW,False
C_需人工复核,未在主营/新战略业务中找到高端医疗器械直接证据；当前主要依赖医疗设备,cn,301515,港通医疗,4,国家重点扶持产业,第二梯队：新兴支柱产业,高端医疗器械,主营+行业映射,公司主营业务为医用洁净装备及系统,医用气体装备及系统、医用洁净装备及系统、运维服务,,医药生物,医疗器械,医疗设备,2026-08-30复核：生产主营“医用气体装备及系统、医用洁净装备及系统、运维服务”，行业分类“医药生物/医疗器械/医疗设备”；归入高端医疗器械,20260830_NEW,False
C_需人工复核,未在主营/新战略业务中找到新材料直接证据；当前主要依赖其他金属新材料,cn,301522,上大股份,4,国家重点扶持产业,第二梯队：新兴支柱产业,新材料,主营+行业映射,公司主营业务为高温及高性能合金,高温及高性能合金、高品质特种不锈钢,,有色金属,金属新材料,其他金属新材料,2026-08-30复核：生产主营“高温及高性能合金、高品质特种不锈钢”，行业分类“有色金属/金属新材料/其他金属新材料”；归入新材料,20260830_NEW,False
C_需人工复核,未在主营/新战略业务中找到新材料直接证据；当前主要依赖玻纤制造,cn,301526,国际复材,2,S100,第二梯队：新兴支柱产业,新材料,主营/战略文本,公司主营业务为玻璃纤维及制品,玻璃纤维及制品,,建筑材料,玻璃玻纤,玻纤制造,2026-08-30复核：生产主营业务“玻璃纤维及制品”命中“玻璃纤维及制品”；归入新材料,20260830_NEW,False
C_需人工复核,未在主营/新战略业务中找到新材料直接证据；当前主要依赖改性塑料,cn,301538,骏鼎达,4,国家重点扶持产业,第二梯队：新兴支柱产业,新材料,主营+行业映射,公司主营业务为功能性保护套管,功能性保护套管,,基础化工,塑料,改性塑料,2026-08-30复核：生产主营“功能性保护套管”，行业分类“基础化工/塑料/改性塑料”；归入新材料,20260830_NEW,False
C_需人工复核,未在主营/新战略业务中找到软件与信息技术服务直接证据；当前主要依赖IT服务Ⅲ,cn,301556,托普云农,4,国家重点扶持产业,第二梯队：新兴支柱产业,软件与信息技术服务,主营+行业映射,公司主营业务为智慧农业项目,智慧农业项目、智能硬件设备,,计算机,IT服务,IT服务Ⅲ,2026-08-30复核：生产主营“智慧农业项目、智能硬件设备”，行业分类“计算机/IT服务/IT服务Ⅲ”；归入软件与信息技术服务,20260830_NEW,False
C_需人工复核,未在主营/新战略业务中找到新材料直接证据；当前主要依赖膜材料,cn,301565,中仑新材,4,国家重点扶持产业,第二梯队：新兴支柱产业,新材料,主营+行业映射,公司主营业务为通用型BOPA薄膜,通用型BOPA薄膜、新型BOPA薄膜、聚酰胺6（PA6）、生物降解BOPLA薄膜,,基础化工,塑料,膜材料,2026-08-30复核：生产主营“通用型BOPA薄膜、新型BOPA薄膜、聚酰胺6（PA6）、生物降解BOPLA薄膜”，行业分类“基础化工/塑料/膜材料”；归入新材料,20260830_NEW,False
C_需人工复核,未在主营/新战略业务中找到关键电子元器件直接证据；当前主要依赖消费电子零部件及组装,cn,301567,贝隆精密,4,国家重点扶持产业,第二梯队：新兴支柱产业,关键电子元器件,主营+行业映射,公司主营业务为智能手机精密结构件,智能手机精密结构件、非智能手机精密结构件,,电子,消费电子,消费电子零部件及组装,2026-08-30复核：生产主营“智能手机精密结构件、非智能手机精密结构件”，行业分类“电子/消费电子/消费电子零部件及组装”；归入关键电子元器件,20260830_NEW,False
C_需人工复核,未在主营/新战略业务中找到高端医疗器械直接证据；当前主要依赖医疗耗材,cn,301580,爱迪特,4,国家重点扶持产业,第二梯队：新兴支柱产业,高端医疗器械,主营+行业映射,公司主营业务为口腔修复材料,口腔修复材料、氧化锆瓷块、口腔数字化设备,,医药生物,医疗器械,医疗耗材,2026-08-30复核：生产主营“口腔修复材料、氧化锆瓷块、口腔数字化设备”，行业分类“医药生物/医疗器械/医疗耗材”；归入高端医疗器械,20260830_NEW,False
C_需人工复核,未在主营/新战略业务中找到先进计算与信息设备直接证据；当前主要依赖其他计算机设备,cn,301589,诺瓦星云,4,国家重点扶持产业,第二梯队：新兴支柱产业,先进计算与信息设备,主营+行业映射,公司主营业务为LED显示控制系统,LED显示控制系统、视频处理系统、基于云的信息发布与管理系统,,计算机,计算机设备,其他计算机设备,2026-08-30复核：生产主营“LED显示控制系统、视频处理系统、基于云的信息发布与管理系统”，行业分类“计算机/计算机设备/其他计算机设备”；归入先进计算与信息设备,20260830_NEW,False
C_需人工复核,未在主营/新战略业务中找到先进计算与信息设备直接证据；当前主要依赖其他计算机设备,cn,301600,慧翰股份,4,国家重点扶持产业,第二梯队：新兴支柱产业,先进计算与信息设备,主营+行业映射,公司主营业务为车联网智能终端,车联网智能终端、物联网智能模组、软件及服务,,计算机,计算机设备,其他计算机设备,2026-08-30复核：生产主营“车联网智能终端、物联网智能模组、软件及服务”，行业分类“计算机/计算机设备/其他计算机设备”；归入先进计算与信息设备,20260830_NEW,False
C_需人工复核,未在主营/新战略业务中找到高端医疗器械直接证据；当前主要依赖医疗设备,cn,301602,超研股份,4,国家重点扶持产业,第二梯队：新兴支柱产业,高端医疗器械,主营+行业映射,公司主营业务为医用超声,x射线、医用超声、工业超声,,医药生物,医疗器械,医疗设备,2026-08-30复核：生产主营“x射线、医用超声、工业超声”，行业分类“医药生物/医疗器械/医疗设备”；归入高端医疗器械,20260830_NEW,False
C_需人工复核,未在主营/新战略业务中找到先进计算与信息设备直接证据；当前主要依赖其他计算机设备,cn,301608,博实结,4,国家重点扶持产业,第二梯队：新兴支柱产业,先进计算与信息设备,主营+行业映射,公司主营业务为智能车载终端,智能车载终端、智慧出行组件、智能睡眠终端、智能支付硬件,,计算机,计算机设备,其他计算机设备,2026-08-30复核：生产主营“智能车载终端、智慧出行组件、智能睡眠终端、智能支付硬件”，行业分类“计算机/计算机设备/其他计算机设备”；归入先进计算与信息设备,20260830_NEW,False
C_需人工复核,未在主营/新战略业务中找到新材料直接证据；当前主要依赖磁性材料,cn,301622,英思特,4,国家重点扶持产业,第二梯队：新兴支柱产业,新材料,主营+行业映射,公司主营业务为磁组件应用器件,单磁体应用器件、磁组件应用器件,,有色金属,金属新材料,磁性材料,2026-08-30复核：生产主营“单磁体应用器件、磁组件应用器件”，行业分类“有色金属/金属新材料/磁性材料”；归入新材料,20260830_NEW,False
C_需人工复核,未在主营/新战略业务中找到关键电子元器件直接证据；当前主要依赖消费电子零部件及组装,cn,301626,苏州天脉,4,国家重点扶持产业,第二梯队：新兴支柱产业,关键电子元器件,主营+行业映射,公司主营业务为热管理材料及器件,热管理材料及器件,,电子,消费电子,消费电子零部件及组装,2026-08-30复核：生产主营“热管理材料及器件”，行业分类“电子/消费电子/消费电子零部件及组装”；归入关键电子元器件,20260830_NEW,False
C_需人工复核,未在主营/新战略业务中找到PCB直接证据；当前主要依赖印制电路板,cn,301628,强达电路,4,国家重点扶持产业,第一梯队：AI+超级主线,PCB,主营+行业映射,公司主营业务为多层板,单/双面板、多层板,,电子,元件,印制电路板,2026-08-30复核：生产主营“单/双面板、多层板”，行业分类“电子/元件/印制电路板”；归入PCB,20260830_NEW,False
C_需人工复核,未在主营/新战略业务中找到关键电子元器件直接证据；当前主要依赖光学元件,cn,600071,凤凰光学,4,国家重点扶持产业,第二梯队：新兴支柱产业,关键电子元器件,主营+行业映射,公司主营业务为控制器,控制器、光学组件、锂电池、精密加工、光学仪器,智能影像领域,电子,光学光电子,光学元件,2026-08-30复核：生产主营“控制器、光学组件、锂电池、精密加工、光学仪器”，行业分类“电子/光学光电子/光学元件”；归入关键电子元器件,20260830_NEW,False
C_需人工复核,未在主营/新战略业务中找到先进计算与信息设备直接证据；当前主要依赖其他计算机设备,cn,600100,同方股份,4,国家重点扶持产业,第二梯队：新兴支柱产业,先进计算与信息设备,主营+行业映射,公司主营业务为数字信息,业务板块间抵销、总部投资及科技园、数字信息、智慧能源、核技术应用,节能环保,计算机,计算机设备,其他计算机设备,2026-08-30复核：生产主营“业务板块间抵销、总部投资及科技园、数字信息、智慧能源、核技术应用”，行业分类“计算机/计算机设备/其他计算机设备”；归入先进计算与信息设备,20260830_NEW,False
C_需人工复核,未在主营/新战略业务中找到新材料直接证据；当前主要依赖特钢Ⅲ,cn,600117,西宁特钢,4,国家重点扶持产业,第二梯队：新兴支柱产业,新材料,主营+行业映射,公司主营业务为钢材销售收入,商品房销售收入、矿渣、微粉等、钢材销售收入、钢铁制品、合金等贸易收入,,钢铁,特钢,特钢Ⅲ,2026-08-30复核：生产主营“商品房销售收入、矿渣、微粉等、钢材销售收入、钢铁制品、合金等贸易收入”，行业分类“钢铁/特钢/特钢Ⅲ”；归入新材料,20260830_NEW,False
C_需人工复核,未在主营/新战略业务中找到关键电子元器件直接证据；当前主要依赖消费电子零部件及组装,cn,600130,波导股份,4,国家重点扶持产业,第二梯队：新兴支柱产业,关键电子元器件,主营+行业映射,公司主营业务为车载中控板,车载中控板,,电子,消费电子,消费电子零部件及组装,2026-08-30复核：生产主营“车载中控板”，行业分类“电子/消费电子/消费电子零部件及组装”；归入关键电子元器件,20260830_NEW,False
C_需人工复核,未在主营/新战略业务中找到软件与信息技术服务直接证据；当前主要依赖IT服务Ⅲ,cn,600131,国网信通,4,国家重点扶持产业,第二梯队：新兴支柱产业,软件与信息技术服务,主营+行业映射,公司主营业务为数字化基础设施板块,企业数字化应用业务、前沿技术创新业务、数字化基础设施板块、电力数字化应用业务、能源创新服务业务,数字能源,计算机,IT服务,IT服务Ⅲ,2026-08-30复核：生产主营“企业数字化应用业务、前沿技术创新业务、数字化基础设施板块、电力数字化应用业务、能源创新服务业务”，行业分类“计算机/IT服务/IT服务Ⅲ”；归入软件与信息技术服务,20260830_NEW,False
C_需人工复核,未在主营/新战略业务中找到关键电子元器件直接证据；当前主要依赖消费电子零部件及组装,cn,600203,福日电子,4,国家重点扶持产业,第二梯队：新兴支柱产业,关键电子元器件,主营+行业映射,公司主营业务为智能终端,智能终端、LED光电、贸易类,新能源汽车零部件,电子,消费电子,消费电子零部件及组装,2026-08-30复核：生产主营“智能终端、LED光电、贸易类”，行业分类“电子/消费电子/消费电子零部件及组装”；归入关键电子元器件,20260830_NEW,False
C_需人工复核,未在主营/新战略业务中找到集成电路材料直接证据；当前主要依赖半导体材料,cn,600206,有研新材,3,用户常用,第三梯队：卡脖子底座,集成电路材料,主营+行业映射,公司主营业务为高纯/超高纯金属材料,铂族、薄膜材料、贵金属、有色金属及高端制造、稀土材料、红外光学材料、医疗器械材料,电子材料,电子,半导体,半导体材料,2026-08-30复核：生产主营“铂族、薄膜材料、贵金属、有色金属及高端制造、稀土材料、红外光学材料、医疗器械材料”，行业分类“电子/半导体/半导体材料”；归入集成电路材料,20260830_NEW,False
C_需人工复核,未在主营/新战略业务中找到新材料直接证据；当前主要依赖其他金属新材料,cn,600255,鑫科材料,4,国家重点扶持产业,第二梯队：新兴支柱产业,新材料,主营+行业映射,公司主营业务为铜基合金,铜基合金、辐照特种电缆,,有色金属,金属新材料,其他金属新材料,2026-08-30复核：生产主营“铜基合金、辐照特种电缆”，行业分类“有色金属/金属新材料/其他金属新材料”；归入新材料,20260830_NEW,False
C_需人工复核,未在主营/新战略业务中找到软件与信息技术服务直接证据；当前主要依赖IT服务Ⅲ,cn,600271,航天信息,4,国家重点扶持产业,第二梯队：新兴支柱产业,软件与信息技术服务,主营+行业映射,公司主营业务为数字财税业务产品,数字财税业务产品、智慧业务产品、网信业务产品,智能税控设备,计算机,IT服务,IT服务Ⅲ,2026-08-30复核：生产主营“数字财税业务产品、智慧业务产品、网信业务产品”，行业分类“计算机/IT服务/IT服务Ⅲ”；归入软件与信息技术服务,20260830_NEW,False
C_需人工复核,未在主营/新战略业务中找到高端装备直接证据；当前主要依赖横向通用软件,cn,600288,大恒科技,4,国家重点扶持产业,第二梯队：新兴支柱产业,高端装备,主营/战略文本,公司主营业务为机器视觉及信息技术,机器视觉及信息技术、光机电一体化产品、电视数字网络编辑及播放系统,智能制造装备,计算机,软件开发,横向通用软件,2026-08-30复核：生产新战略业务“智能制造装备”命中“智能制造装备”；归入高端装备,20260830_NEW,False
C_需人工复核,未在主营/新战略业务中找到集成电路材料直接证据；当前主要依赖电子化学品Ⅲ,cn,600330,天通股份,4,国家重点扶持产业,第三梯队：卡脖子底座,集成电路材料,主营+行业映射,公司主营业务为电子材料制造及销售,专用装备制造及安装、电子材料制造及销售,新能源材料,电子,电子化学品,电子化学品Ⅲ,2026-08-30复核：生产主营“专用装备制造及安装、电子材料制造及销售”，行业分类“电子/电子化学品/电子化学品Ⅲ”；归入集成电路材料,20260830_NEW,False
C_需人工复核,未在主营/新战略业务中找到新材料直接证据；当前主要依赖磁性材料,cn,600366,宁波韵升,4,国家重点扶持产业,第二梯队：新兴支柱产业,新材料,主营+行业映射,公司主营业务为钕铁硼,钕铁硼,新能源汽车零部件,有色金属,金属新材料,磁性材料,2026-08-30复核：生产主营“钕铁硼”，行业分类“有色金属/金属新材料/磁性材料”；归入新材料,20260830_NEW,False
C_需人工复核,未在主营/新战略业务中找到新材料直接证据；当前主要依赖特钢Ⅲ,cn,600399,抚顺特钢,4,国家重点扶持产业,第二梯队：新兴支柱产业,新材料,主营/战略文本,公司主营业务为合金结构钢,合金结构钢、工具钢、不锈钢、高温合金,,钢铁,特钢,特钢Ⅲ,2026-08-30复核：生产主营业务“合金结构钢、工具钢、不锈钢、高温合金”命中“高温合金”；归入新材料,20260830_NEW,False
C_需人工复核,未在主营/新战略业务中找到软件与信息技术服务直接证据；当前主要依赖IT服务Ⅲ,cn,600410,华胜天成,3,用户常用,第二梯队：新兴支柱产业,软件与信息技术服务,主营+行业映射,公司主营业务为企业IT系统解决方案,企业IT系统解决方案,云计算,计算机,IT服务,IT服务Ⅲ,2026-08-30复核：生产主营“企业IT系统解决方案”，行业分类“计算机/IT服务/IT服务Ⅲ”；归入软件与信息技术服务,20260830_NEW,False
C_需人工复核,未在主营/新战略业务中找到高端装备直接证据；当前主要依赖轨交设备Ⅲ,cn,600495,晋西车轴,4,国家重点扶持产业,第二梯队：新兴支柱产业,高端装备,主营+行业映射,公司主营业务为铁路车辆,车轴、铁路车辆,,机械设备,轨交设备,轨交设备Ⅲ,2026-08-30复核：生产主营“车轴、铁路车辆”，行业分类“机械设备/轨交设备/轨交设备Ⅲ”；归入高端装备,20260830_NEW,False
C_需人工复核,未在主营/新战略业务中找到新材料直接证据；当前主要依赖特钢Ⅲ,cn,600507,方大特钢,4,国家重点扶持产业,第二梯队：新兴支柱产业,新材料,主营+行业映射,公司主营业务为螺纹钢,汽车板簧、弹簧扁钢、优线、螺纹钢、铁精粉,,钢铁,特钢,特钢Ⅲ,2026-08-30复核：生产主营“汽车板簧、弹簧扁钢、优线、螺纹钢、铁精粉”，行业分类“钢铁/特钢/特钢Ⅲ”；归入新材料,20260830_NEW,False
C_需人工复核,未在主营/新战略业务中找到高端装备直接证据；当前主要依赖轨交设备Ⅲ,cn,600528,中铁工业,4,国家重点扶持产业,第二梯队：新兴支柱产业,高端装备,主营+行业映射,公司主营业务为交通运输装备及相关服务,专用工程机械装备及相关服务、交通运输装备及相关服务,地下工程装备,机械设备,轨交设备,轨交设备Ⅲ,2026-08-30复核：生产主营“专用工程机械装备及相关服务、交通运输装备及相关服务”，行业分类“机械设备/轨交设备/轨交设备Ⅲ”；归入高端装备,20260830_NEW,False
C_需人工复核,未在主营/新战略业务中找到高端医疗器械直接证据；当前主要依赖医疗耗材,cn,600529,山东药玻,4,国家重点扶持产业,第二梯队：新兴支柱产业,高端医疗器械,主营+行业映射,公司主营业务为包装制品,分部间抵销、包装制品、服务业、桶装水、物流、贸易,中性硼硅玻璃,医药生物,医疗器械,医疗耗材,2026-08-30复核：生产主营“分部间抵销、包装制品、服务业、桶装水、物流、贸易”，行业分类“医药生物/医疗器械/医疗耗材”；归入高端医疗器械,20260830_NEW,False
C_需人工复核,未在主营/新战略业务中找到软件与信息技术服务直接证据；当前主要依赖横向通用软件,cn,600588,用友网络,3,用户常用,第二梯队：新兴支柱产业,软件与信息技术服务,主营+行业映射,公司主营业务为技术服务及培训,产品许可、技术服务及培训,智能营销与商业创新业务,计算机,软件开发,横向通用软件,2026-08-30复核：生产主营“产品许可、技术服务及培训”，行业分类“计算机/软件开发/横向通用软件”；归入软件与信息技术服务,20260830_NEW,False
C_需人工复核,未在主营/新战略业务中找到软件与信息技术服务直接证据；当前主要依赖垂直应用软件,cn,600602,云赛智联,3,用户常用,第二梯队：新兴支柱产业,软件与信息技术服务,主营+行业映射,公司主营业务为云计算大数据,云计算大数据、行业解决方案、智能产品、公司内各业务分部相互抵消,"云计算,大数据",计算机,软件开发,垂直应用软件,2026-08-30复核：生产主营“云计算大数据、行业解决方案、智能产品、公司内各业务分部相互抵消”，行业分类“计算机/软件开发/垂直应用软件”；归入软件与信息技术服务,20260830_NEW,False
C_需人工复核,未在主营/新战略业务中找到高端医疗器械直接证据；当前主要依赖体外诊断,cn,600645,中源协和,4,国家重点扶持产业,第二梯队：新兴支柱产业,高端医疗器械,主营+行业映射,公司主营业务为检测试剂,基因检测、检测试剂、科研试剂、细胞检测制备及存储,基因检测与诊断服务,医药生物,医疗器械,体外诊断,2026-08-30复核：生产主营“基因检测、检测试剂、科研试剂、细胞检测制备及存储”，行业分类“医药生物/医疗器械/体外诊断”；归入高端医疗器械,20260830_NEW,False
C_需人工复核,未在主营/新战略业务中找到软件与信息技术服务直接证据；当前主要依赖IT服务Ⅲ,cn,600728,佳都科技,4,国家重点扶持产业,第二梯队：新兴支柱产业,软件与信息技术服务,主营+行业映射,公司主营业务为ICT产品与服务解决方案,行业智能化产品及运营服务、行业智能解决方案、ICT产品与服务解决方案,"人工智能,大数据",计算机,IT服务,IT服务Ⅲ,2026-08-30复核：生产主营“行业智能化产品及运营服务、行业智能解决方案、ICT产品与服务解决方案”，行业分类“计算机/IT服务/IT服务Ⅲ”；归入软件与信息技术服务,20260830_NEW,False
C_需人工复核,未在主营/新战略业务中找到高端装备直接证据；当前主要依赖楼宇设备,cn,600835,上海机电,4,国家重点扶持产业,第二梯队：新兴支柱产业,高端装备,主营/战略文本,公司主营业务为电梯业务,印刷包装业务、能源工程业务、液压机械业务、电梯业务、电梯设备销售,智能制造装备,机械设备,专用设备,楼宇设备,2026-08-30复核：生产新战略业务“智能制造装备”命中“智能制造装备”；归入高端装备,20260830_NEW,False
C_需人工复核,未在主营/新战略业务中找到软件与信息技术服务直接证据；当前主要依赖IT服务Ⅲ,cn,600850,电科数字,4,国家重点扶持产业,第二梯队：新兴支柱产业,软件与信息技术服务,主营+行业映射,公司主营业务为行业数字化,数字化产品、行业数字化、数字新基建、减：内部抵消数,"云计算,大数据",计算机,IT服务,IT服务Ⅲ,2026-08-30复核：生产主营“数字化产品、行业数字化、数字新基建、减：内部抵消数”，行业分类“计算机/IT服务/IT服务Ⅲ”；归入软件与信息技术服务,20260830_NEW,False
C_需人工复核,未在主营/新战略业务中找到关键电子元器件直接证据；当前主要依赖消费电子零部件及组装,cn,601231,环旭电子,4,国家重点扶持产业,第二梯队：新兴支柱产业,关键电子元器件,主营+行业映射,公司主营业务为通讯类产品,通讯类产品、消费电子类产品、工业类产品、云端及存储类产品、汽车电子类产品、医疗类产品,,电子,消费电子,消费电子零部件及组装,2026-08-30复核：生产主营“通讯类产品、消费电子类产品、工业类产品、云端及存储类产品、汽车电子类产品、医疗类产品”，行业分类“电子/消费电子/消费电子零部件及组装”；归入关键电子元器件,20260830_NEW,False
C_需人工复核,未在主营/新战略业务中找到软件与信息技术服务直接证据；当前主要依赖横向通用软件,cn,601360,三六零,3,用户常用,第二梯队：新兴支柱产业,软件与信息技术服务,主营+行业映射,公司主营业务为互联网及智能硬件业务,互联网及智能硬件业务、安全业务,,计算机,软件开发,横向通用软件,2026-08-30复核：生产主营“互联网及智能硬件业务、安全业务”，行业分类“计算机/软件开发/横向通用软件”；归入软件与信息技术服务,20260830_NEW,False
C_需人工复核,未在主营/新战略业务中找到软件与信息技术服务直接证据；当前主要依赖垂直应用软件,cn,601519,大智慧,4,国家重点扶持产业,第二梯队：新兴支柱产业,软件与信息技术服务,主营+行业映射,公司主营业务为金融资讯及数据PC终端服务系统,金融资讯及数据PC终端服务系统、金融资讯及数据移动终端服务系统、证券公司综合服务系统、港股服务系统、互联网直播社交平台系统、广告及互联网业务推广服务、保险经纪业务,,计算机,软件开发,垂直应用软件,2026-08-30复核：生产主营“金融资讯及数据PC终端服务系统、金融资讯及数据移动终端服务系统、证券公司综合服务系统、港股服务系统、互联网直播社交平台系统、广告及互联网业务推广服务、保险经纪业务”，行业分类“计算机/软件开发/垂直应用软件”；归入软件与信息技术服务,20260830_NEW,False
C_需人工复核,未在主营/新战略业务中找到高端装备直接证据；当前主要依赖轨交设备Ⅲ,cn,601766,中国中车,3,用户常用,第二梯队：新兴支柱产业,高端装备,主营+行业映射,公司主营业务为铁路装备,铁路装备、城轨与城市基础设施、新产业、现代服务,,机械设备,轨交设备,轨交设备Ⅲ,2026-08-30复核：生产主营“铁路装备、城轨与城市基础设施、新产业、现代服务”，行业分类“机械设备/轨交设备/轨交设备Ⅲ”；归入高端装备,20260830_NEW,False
C_需人工复核,未在主营/新战略业务中找到先进计算与信息设备直接证据；当前主要依赖其他计算机设备,cn,603019,中科曙光,3,用户常用,第二梯队：新兴支柱产业,先进计算与信息设备,主营+行业映射,公司主营业务为IT设备,IT设备、软件开发、系统集成及技术服务,,计算机,计算机设备,其他计算机设备,2026-08-30复核：生产主营“IT设备、软件开发、系统集成及技术服务”，行业分类“计算机/计算机设备/其他计算机设备”；归入先进计算与信息设备,20260830_NEW,False
C_需人工复核,未在主营/新战略业务中找到新材料直接证据；当前主要依赖其他金属新材料,cn,603045,福达合金,4,国家重点扶持产业,第二梯队：新兴支柱产业,新材料,主营+行业映射,公司主营业务为触头材料,触头材料、复层触头、触头元件,,有色金属,金属新材料,其他金属新材料,2026-08-30复核：生产主营“触头材料、复层触头、触头元件”，行业分类“有色金属/金属新材料/其他金属新材料”；归入新材料,20260830_NEW,False
C_需人工复核,未在主营/新战略业务中找到关键电子元器件直接证据；当前主要依赖消费电子零部件及组装,cn,603052,可川科技,4,国家重点扶持产业,第二梯队：新兴支柱产业,关键电子元器件,主营+行业映射,公司主营业务为电池类功能性器件,电池类功能性器件、结构类功能性器件、光学类功能性器件,,电子,消费电子,消费电子零部件及组装,2026-08-30复核：生产主营“电池类功能性器件、结构类功能性器件、光学类功能性器件”，行业分类“电子/消费电子/消费电子零部件及组装”；归入关键电子元器件,20260830_NEW,False
C_需人工复核,未在主营/新战略业务中找到新材料直接证据；当前主要依赖磁性材料,cn,603072,天和磁材,4,国家重点扶持产业,第二梯队：新兴支柱产业,新材料,主营+行业映射,公司主营业务为烧结钕铁硼,烧结钐钴、成品-烧结钐钴、毛坯-烧结钐钴、烧结钕铁硼、成品、毛坯,,有色金属,金属新材料,磁性材料,2026-08-30复核：生产主营“烧结钐钴、成品-烧结钐钴、毛坯-烧结钐钴、烧结钕铁硼、成品、毛坯”，行业分类“有色金属/金属新材料/磁性材料”；归入新材料,20260830_NEW,False
C_需人工复核,未在主营/新战略业务中找到高端仪器直接证据；当前主要依赖仪器仪表,cn,603100,川仪股份,4,国家重点扶持产业,第三梯队：卡脖子底座,高端仪器,旧批次人工复核,公司主营业务为工业自动化仪表及装置,工业自动化仪表及装置、进出口业务、复合材料、电子器件,,机械设备,通用设备,仪器仪表,Codex复核：结合主营业务将候选结果调整为高端仪器,PREEXISTING,False
C_需人工复核,未在主营/新战略业务中找到先进计算与信息设备直接证据；当前主要依赖其他计算机设备,cn,603106,恒银科技,4,国家重点扶持产业,第二梯队：新兴支柱产业,先进计算与信息设备,主营+行业映射,公司主营业务为现金类设备及服务,现金类设备及服务、设备配件类、非现金类设备及服务,,计算机,计算机设备,其他计算机设备,2026-08-30复核：生产主营“现金类设备及服务、设备配件类、非现金类设备及服务”，行业分类“计算机/计算机设备/其他计算机设备”；归入先进计算与信息设备,20260830_NEW,False
C_需人工复核,未在主营/新战略业务中找到高端装备直接证据；当前主要依赖轨交设备Ⅲ,cn,603111,康尼机电,4,国家重点扶持产业,第二梯队：新兴支柱产业,高端装备,主营+行业映射,公司主营业务为轨道车辆装备产品及服务,轨道车辆装备产品及服务、厂站装备产品及服务,,机械设备,轨交设备,轨交设备Ⅲ,2026-08-30复核：生产主营“轨道车辆装备产品及服务、厂站装备产品及服务”，行业分类“机械设备/轨交设备/轨交设备Ⅲ”；归入高端装备,20260830_NEW,False
C_需人工复核,未在主营/新战略业务中找到新材料直接证据；当前主要依赖其他金属新材料,cn,603124,江南新材,4,国家重点扶持产业,第二梯队：新兴支柱产业,新材料,主营+行业映射,公司主营业务为铜球系列,氧化铜粉系列、铜材贸易、铜球系列、高精密铜基散热片,,有色金属,金属新材料,其他金属新材料,2026-08-30复核：生产主营“氧化铜粉系列、铜材贸易、铜球系列、高精密铜基散热片”，行业分类“有色金属/金属新材料/其他金属新材料”；归入新材料,20260830_NEW,False
C_需人工复核,未在主营/新战略业务中找到软件与信息技术服务直接证据；当前主要依赖IT服务Ⅲ,cn,603138,海量数据,4,国家重点扶持产业,第二梯队：新兴支柱产业,软件与信息技术服务,主营+行业映射,公司主营业务为数据基础设施解决方案,数据库自主产品和服务、数据基础设施解决方案,,计算机,IT服务,IT服务Ⅲ,2026-08-30复核：生产主营“数据库自主产品和服务、数据基础设施解决方案”，行业分类“计算机/IT服务/IT服务Ⅲ”；归入软件与信息技术服务,20260830_NEW,False
C_需人工复核,未在主营/新战略业务中找到软件与信息技术服务直接证据；当前主要依赖IT服务Ⅲ,cn,603171,税友股份,4,国家重点扶持产业,第二梯队：新兴支柱产业,软件与信息技术服务,主营+行业映射,公司主营业务为数智财税业务,数智财税业务、数字政务业务,,计算机,IT服务,IT服务Ⅲ,2026-08-30复核：生产主营“数智财税业务、数字政务业务”，行业分类“计算机/IT服务/IT服务Ⅲ”；归入软件与信息技术服务,20260830_NEW,False
C_需人工复核,未在主营/新战略业务中找到高端医疗器械直接证据；当前主要依赖医疗耗材,cn,603205,健尔康,4,国家重点扶持产业,第二梯队：新兴支柱产业,高端医疗器械,主营+行业映射,公司主营业务为护理类,手术耗材类、护理类、消毒清洁类、高分子及辅助类,,医药生物,医疗器械,医疗耗材,2026-08-30复核：生产主营“手术耗材类、护理类、消毒清洁类、高分子及辅助类”，行业分类“医药生物/医疗器械/医疗耗材”；归入高端医疗器械,20260830_NEW,False
C_需人工复核,未在主营/新战略业务中找到软件与信息技术服务直接证据；当前主要依赖垂直应用软件,cn,603232,格尔软件,4,国家重点扶持产业,第二梯队：新兴支柱产业,软件与信息技术服务,主营+行业映射,公司主营业务为PKI安全应用产品,PKI基础设施产品、PKI安全应用产品、通用安全产品,,计算机,软件开发,垂直应用软件,2026-08-30复核：生产主营“PKI基础设施产品、PKI安全应用产品、通用安全产品”，行业分类“计算机/软件开发/垂直应用软件”；归入软件与信息技术服务,20260830_NEW,False
C_需人工复核,未在主营/新战略业务中找到关键电子元器件直接证据；当前主要依赖消费电子零部件及组装,cn,603296,华勤技术,3,用户常用,第二梯队：新兴支柱产业,关键电子元器件,主营+行业映射,公司主营业务为高性能计算,高性能计算、智能终端、汽车及工业产品,,电子,消费电子,消费电子零部件及组装,2026-08-30复核：生产主营“高性能计算、智能终端、汽车及工业产品”，行业分类“电子/消费电子/消费电子零部件及组装”；归入关键电子元器件,20260830_NEW,False
C_需人工复核,未在主营/新战略业务中找到高端医疗器械直接证据；当前主要依赖医疗耗材,cn,603301,振德医疗,4,国家重点扶持产业,第二梯队：新兴支柱产业,高端医疗器械,主营+行业映射,公司主营业务为手术感控,基础护理、手术感控、压力治疗与固定、造口及现代伤口护理、感控防护,,医药生物,医疗器械,医疗耗材,2026-08-30复核：生产主营“基础护理、手术感控、压力治疗与固定、造口及现代伤口护理、感控防护”，行业分类“医药生物/医疗器械/医疗耗材”；归入高端医疗器械,20260830_NEW,False
C_需人工复核,未在主营/新战略业务中找到高端医疗器械直接证据；当前主要依赖医疗耗材,cn,603309,维力医疗,4,国家重点扶持产业,第二梯队：新兴支柱产业,高端医疗器械,主营+行业映射,公司主营业务为麻醉,麻醉、导尿、泌尿外科、护理、呼吸、血液透析,,医药生物,医疗器械,医疗耗材,2026-08-30复核：生产主营“麻醉、导尿、泌尿外科、护理、呼吸、血液透析”，行业分类“医药生物/医疗器械/医疗耗材”；归入高端医疗器械,20260830_NEW,False
C_需人工复核,未在主营/新战略业务中找到关键电子元器件直接证据；当前主要依赖消费电子零部件及组装,cn,603327,福蓉科技,4,国家重点扶持产业,第二梯队：新兴支柱产业,关键电子元器件,主营+行业映射,公司主营业务为消费电子铝型材,消费电子铝型材,,电子,消费电子,消费电子零部件及组装,2026-08-30复核：生产主营“消费电子铝型材”，行业分类“电子/消费电子/消费电子零部件及组装”；归入关键电子元器件,20260830_NEW,False
C_需人工复核,未在主营/新战略业务中找到PCB直接证据；当前主要依赖印制电路板,cn,603328,依顿电子,4,国家重点扶持产业,第一梯队：AI+超级主线,PCB,主营/战略文本,公司主营业务为印刷线路板,印刷线路板,,电子,元件,印制电路板,2026-08-30复核：生产主营业务“印刷线路板”命中“线路板”；归入PCB,20260830_NEW,False
C_需人工复核,未在主营/新战略业务中找到关键电子元器件直接证据；当前主要依赖消费电子零部件及组装,cn,603341,龙旗科技,4,国家重点扶持产业,第二梯队：新兴支柱产业,关键电子元器件,主营+行业映射,公司主营业务为智能手机,智能手机、平板电脑、AIoT产品,,电子,消费电子,消费电子零部件及组装,2026-08-30复核：生产主营“智能手机、平板电脑、AIoT产品”，行业分类“电子/消费电子/消费电子零部件及组装”；归入关键电子元器件,20260830_NEW,False
C_需人工复核,未在主营/新战略业务中找到高端医疗器械直接证据；当前主要依赖体外诊断,cn,603387,基蛋生物,4,国家重点扶持产业,第二梯队：新兴支柱产业,高端医疗器械,主营+行业映射,公司主营业务为自主产品,POCT常规系列、POCT新冠系列、化学发光系列,,医药生物,医疗器械,体外诊断,2026-08-30复核：生产主营“POCT常规系列、POCT新冠系列、化学发光系列”，行业分类“医药生物/医疗器械/体外诊断”；归入高端医疗器械,20260830_NEW,False
C_需人工复核,未在主营/新战略业务中找到先进计算与信息设备直接证据；当前主要依赖其他计算机设备,cn,603496,恒为科技,3,用户常用,第二梯队：新兴支柱产业,先进计算与信息设备,主营+行业映射,公司主营业务为智能系统平台,网络可视化、智能系统平台,,计算机,计算机设备,其他计算机设备,2026-08-30复核：生产主营“网络可视化、智能系统平台”，行业分类“计算机/计算机设备/其他计算机设备”；归入先进计算与信息设备,20260830_NEW,False
C_需人工复核,未在主营/新战略业务中找到高端装备直接证据；当前主要依赖轨交设备Ⅲ,cn,603500,祥和实业,4,国家重点扶持产业,第二梯队：新兴支柱产业,高端装备,主营+行业映射,公司主营业务为轨道交通相关产品及零部件,轨道交通相关产品及零部件、电子元器件配件、高分子改性材料、无人机配套产品,,机械设备,轨交设备,轨交设备Ⅲ,2026-08-30复核：生产主营“轨道交通相关产品及零部件、电子元器件配件、高分子改性材料、无人机配套产品”，行业分类“机械设备/轨交设备/轨交设备Ⅲ”；归入高端装备,20260830_NEW,False
C_需人工复核,未在主营/新战略业务中找到先进计算与信息设备直接证据；当前主要依赖安防设备,cn,603508,思维列控,4,国家重点扶持产业,第二梯队：新兴支柱产业,先进计算与信息设备,主营+行业映射,公司主营业务为列车运行控制系统,列车运行控制系统、铁路安全防护系统、高铁运行监测系统,,计算机,计算机设备,安防设备,2026-08-30复核：生产主营“列车运行控制系统、铁路安全防护系统、高铁运行监测系统”，行业分类“计算机/计算机设备/安防设备”；归入先进计算与信息设备,20260830_NEW,False
C_需人工复核,未在主营/新战略业务中找到软件与信息技术服务直接证据；当前主要依赖垂直应用软件,cn,603528,多伦科技,4,国家重点扶持产业,第二梯队：新兴支柱产业,软件与信息技术服务,主营+行业映射,公司主营业务为智慧车管,充电桩业务、智慧交通、智慧车检、智慧车管、智慧驾培、驾驶人考训服务,,计算机,软件开发,垂直应用软件,2026-08-30复核：生产主营“充电桩业务、智慧交通、智慧车检、智慧车管、智慧驾培、驾驶人考训服务”，行业分类“计算机/软件开发/垂直应用软件”；归入软件与信息技术服务,20260830_NEW,False
C_需人工复核,未在主营/新战略业务中找到新材料直接证据；当前主要依赖玻纤制造,cn,603601,再升科技,4,国家重点扶持产业,第二梯队：新兴支柱产业,新材料,主营+行业映射,公司主营业务为高效节能材料,干净空气材料、高效节能材料、无尘空调产品,,建筑材料,玻璃玻纤,玻纤制造,2026-08-30复核：生产主营“干净空气材料、高效节能材料、无尘空调产品”，行业分类“建筑材料/玻璃玻纤/玻纤制造”；归入新材料,20260830_NEW,False
C_需人工复核,未在主营/新战略业务中找到新材料直接证据；当前主要依赖非金属材料Ⅲ,cn,603612,索通发展,4,国家重点扶持产业,第二梯队：新兴支柱产业,新材料,主营+行业映射,公司主营业务为预焙阳极,预焙阳极、锂电负极材料、电容器,,基础化工,非金属材料,非金属材料Ⅲ,2026-08-30复核：生产主营“预焙阳极、锂电负极材料、电容器”，行业分类“基础化工/非金属材料/非金属材料Ⅲ”；归入新材料,20260830_NEW,False
C_需人工复核,未在主营/新战略业务中找到关键电子元器件直接证据；当前主要依赖消费电子零部件及组装,cn,603626,科森科技,4,国家重点扶持产业,第二梯队：新兴支柱产业,关键电子元器件,主营+行业映射,公司主营业务为消费电子产品结构件,消费电子产品结构件、医疗手术器械结构件,,电子,消费电子,消费电子零部件及组装,2026-08-30复核：生产主营“消费电子产品结构件、医疗手术器械结构件”，行业分类“电子/消费电子/消费电子零部件及组装”；归入关键电子元器件,20260830_NEW,False
C_需人工复核,未在主营/新战略业务中找到高端医疗器械直接证据；当前主要依赖体外诊断,cn,603658,安图生物,4,国家重点扶持产业,第二梯队：新兴支柱产业,高端医疗器械,主营+行业映射,公司主营业务为试剂类,试剂类、仪器类,,医药生物,医疗器械,体外诊断,2026-08-30复核：生产主营“试剂类、仪器类”，行业分类“医药生物/医疗器械/体外诊断”；归入高端医疗器械,20260830_NEW,False
C_需人工复核,未在主营/新战略业务中找到先进计算与信息设备直接证据；当前主要依赖其他计算机设备,cn,603660,苏州科达,4,国家重点扶持产业,第二梯队：新兴支柱产业,先进计算与信息设备,主营+行业映射,公司主营业务为行业应用产品与解决方案,视频会议、视频监控、行业应用产品与解决方案,,计算机,计算机设备,其他计算机设备,2026-08-30复核：生产主营“视频会议、视频监控、行业应用产品与解决方案”，行业分类“计算机/计算机设备/其他计算机设备”；归入先进计算与信息设备,20260830_NEW,False
D_明显误标,主营照明产品研发制造，不属于新型显示产业,cn,603679,华体科技,4,国家重点扶持产业,第二梯队：新兴支柱产业,新型显示,主营+行业映射,公司主营业务为照明产品研发制造,照明产品研发制造、工程项目安装、锂矿加工销售、锂电池销售,,电子,光学光电子,LED,2026-08-30复核：生产主营“照明产品研发制造、工程项目安装、锂矿加工销售、锂电池销售”，行业分类“电子/光学光电子/LED”；归入新型显示,20260830_NEW,False
C_需人工复核,未在主营/新战略业务中找到高端装备直接证据；当前主要依赖轨交设备Ⅲ,cn,603680,今创集团,4,国家重点扶持产业,第二梯队：新兴支柱产业,高端装备,主营+行业映射,公司主营业务为城轨地铁车辆,城轨地铁车辆、动车组车辆、普通客车车辆、特种车辆、电子通信设备,,机械设备,轨交设备,轨交设备Ⅲ,2026-08-30复核：生产主营“城轨地铁车辆、动车组车辆、普通客车车辆、特种车辆、电子通信设备”，行业分类“机械设备/轨交设备/轨交设备Ⅲ”；归入高端装备,20260830_NEW,False
C_需人工复核,未在主营/新战略业务中找到新材料直接证据；当前主要依赖非金属材料Ⅲ,cn,603688,石英股份,3,用户常用,第二梯队：新兴支柱产业,新材料,主营+行业映射,公司主营业务为石英管（棒）,石英管（棒）、石英砂、石英坩埚,,基础化工,非金属材料,非金属材料Ⅲ,2026-08-30复核：生产主营“石英管（棒）、石英砂、石英坩埚”，行业分类“基础化工/非金属材料/非金属材料Ⅲ”；归入新材料,20260830_NEW,False
C_需人工复核,未在主营/新战略业务中找到关键电子元器件直接证据；当前主要依赖被动元件,cn,603738,泰晶科技,4,国家重点扶持产业,第二梯队：新兴支柱产业,关键电子元器件,主营+行业映射,公司主营业务为晶体元器件,晶体元器件,,电子,元件,被动元件,2026-08-30复核：生产主营“晶体元器件”，行业分类“电子/元件/被动元件”；归入关键电子元器件,20260830_NEW,False
C_需人工复核,未在主营/新战略业务中找到新材料直接证据；当前主要依赖非金属材料Ⅲ,cn,603826,坤彩科技,4,国家重点扶持产业,第二梯队：新兴支柱产业,新材料,主营+行业映射,公司主营业务为珠光材料,珠光材料、二氧化钛,,基础化工,非金属材料,非金属材料Ⅲ,2026-08-30复核：生产主营“珠光材料、二氧化钛”，行业分类“基础化工/非金属材料/非金属材料Ⅲ”；归入新材料,20260830_NEW,False
C_需人工复核,未在主营/新战略业务中找到高端医疗器械直接证据；当前主要依赖医疗耗材,cn,603880,南卫股份,4,国家重点扶持产业,第二梯队：新兴支柱产业,高端医疗器械,主营+行业映射,公司主营业务为创可贴,创可贴、贴膏剂、敷贴、胶布胶带及绷带、急救包、防护用品,,医药生物,医疗器械,医疗耗材,2026-08-30复核：生产主营“创可贴、贴膏剂、敷贴、胶布胶带及绷带、急救包、防护用品”，行业分类“医药生物/医疗器械/医疗耗材”；归入高端医疗器械,20260830_NEW,False
C_需人工复核,未在主营/新战略业务中找到软件与信息技术服务直接证据；当前主要依赖IT服务Ⅲ,cn,603887,城地香江,4,国家重点扶持产业,第二梯队：新兴支柱产业,软件与信息技术服务,主营+行业映射,公司主营业务为IDC业务,IDC业务,,计算机,IT服务,IT服务Ⅲ,2026-08-30复核：生产主营“IDC业务”，行业分类“计算机/IT服务/IT服务Ⅲ”；归入软件与信息技术服务,20260830_NEW,False
C_需人工复核,未在主营/新战略业务中找到关键电子元器件直接证据；当前主要依赖消费电子零部件及组装,cn,603890,春秋电子,4,国家重点扶持产业,第二梯队：新兴支柱产业,关键电子元器件,主营+行业映射,公司主营业务为PC及智能终端结构件,PC及智能终端结构件、模具、通讯电子,,电子,消费电子,消费电子零部件及组装,2026-08-30复核：生产主营“PC及智能终端结构件、模具、通讯电子”，行业分类“电子/消费电子/消费电子零部件及组装”；归入关键电子元器件,20260830_NEW,False
C_需人工复核,未在主营/新战略业务中找到软件与信息技术服务直接证据；当前主要依赖IT服务Ⅲ,cn,603918,金桥信息,4,国家重点扶持产业,第二梯队：新兴支柱产业,软件与信息技术服务,主营+行业映射,公司主营业务为智慧场景解决方案,智慧场景解决方案、智慧建筑解决方案、大数据及云平台服务,,计算机,IT服务,IT服务Ⅲ,2026-08-30复核：生产主营“智慧场景解决方案、智慧建筑解决方案、大数据及云平台服务”，行业分类“计算机/IT服务/IT服务Ⅲ”；归入软件与信息技术服务,20260830_NEW,False
C_需人工复核,未在主营/新战略业务中找到PCB直接证据；当前主要依赖印制电路板,cn,603920,世运电路,3,用户常用,第一梯队：AI+超级主线,PCB,主营+行业映射,公司主营业务为硬板,硬板、软硬结合板,,电子,元件,印制电路板,2026-08-30复核：生产主营“硬板、软硬结合板”，行业分类“电子/元件/印制电路板”；归入PCB,20260830_NEW,False
C_需人工复核,未在主营/新战略业务中找到集成电路材料直接证据；当前主要依赖电子化学品Ⅲ,cn,603931,格林达,4,国家重点扶持产业,第三梯队：卡脖子底座,集成电路材料,主营+行业映射,公司主营业务为湿电子化学品,湿电子化学品、副产品,,电子,电子化学品,电子化学品Ⅲ,2026-08-30复核：生产主营“湿电子化学品、副产品”，行业分类“电子/电子化学品/电子化学品Ⅲ”；归入集成电路材料,20260830_NEW,False
C_需人工复核,未在主营/新战略业务中找到高端医疗器械直接证据；当前主要依赖医疗耗材,cn,603976,正川股份,4,国家重点扶持产业,第二梯队：新兴支柱产业,高端医疗器械,主营+行业映射,公司主营业务为硼硅玻璃管制瓶,硼硅玻璃管制瓶、钠钙玻璃管制瓶、瓶盖,,医药生物,医疗器械,医疗耗材,2026-08-30复核：生产主营“硼硅玻璃管制瓶、钠钙玻璃管制瓶、瓶盖”，行业分类“医药生物/医疗器械/医疗耗材”；归入高端医疗器械,20260830_NEW,False
C_需人工复核,未在主营/新战略业务中找到新材料直接证据；当前主要依赖其他金属新材料,cn,603978,深圳新星,4,国家重点扶持产业,第二梯队：新兴支柱产业,新材料,主营+行业映射,公司主营业务为铝晶粒细化剂,铝晶粒细化剂、六氟磷酸锂、铝箔坯料铸轧卷,,有色金属,金属新材料,其他金属新材料,2026-08-30复核：生产主营“铝晶粒细化剂、六氟磷酸锂、铝箔坯料铸轧卷”，行业分类“有色金属/金属新材料/其他金属新材料”；归入新材料,20260830_NEW,False
C_需人工复核,未在主营/新战略业务中找到高端医疗器械直接证据；当前主要依赖医疗耗材,cn,603987,康德莱,4,国家重点扶持产业,第二梯队：新兴支柱产业,高端医疗器械,主营+行业映射,公司主营业务为穿刺护理类,标本采集类、穿刺护理类、穿刺介入类、医美类,,医药生物,医疗器械,医疗耗材,2026-08-30复核：生产主营“标本采集类、穿刺护理类、穿刺介入类、医美类”，行业分类“医药生物/医疗器械/医疗耗材”；归入高端医疗器械,20260830_NEW,False
C_需人工复核,未在主营/新战略业务中找到关键电子元器件直接证据；当前主要依赖被动元件,cn,603989,艾华集团,4,国家重点扶持产业,第二梯队：新兴支柱产业,关键电子元器件,主营+行业映射,公司主营业务为电容器分部,照明类、工控类/新能源、消费电源/电子类、化成箔,,电子,元件,被动元件,2026-08-30复核：生产主营“照明类、工控类/新能源、消费电源/电子类、化成箔”，行业分类“电子/元件/被动元件”；归入关键电子元器件,20260830_NEW,False
C_需人工复核,未在主营/新战略业务中找到新材料直接证据；当前主要依赖特钢Ⅲ,cn,603995,甬金股份,4,国家重点扶持产业,第二梯队：新兴支柱产业,新材料,主营+行业映射,公司主营业务为300系冷轧不锈钢,300系冷轧不锈钢、400系冷轧不锈钢,,钢铁,特钢,特钢Ⅲ,2026-08-30复核：生产主营“300系冷轧不锈钢、400系冷轧不锈钢”，行业分类“钢铁/特钢/特钢Ⅲ”；归入新材料,20260830_NEW,False
C_需人工复核,未在主营/新战略业务中找到高端装备直接证据；当前主要依赖轨交设备Ⅲ,cn,605001,威奥股份,4,国家重点扶持产业,第二梯队：新兴支柱产业,高端装备,主营+行业映射,公司主营业务为动车组车辆配套产品,动车组车辆配套产品、城轨地铁车辆配套产品、检修业务、动车组及城轨地铁设计、检测服务、列车运行控制产品销售、富氧健康舱业务,,机械设备,轨交设备,轨交设备Ⅲ,2026-08-30复核：生产主营“动车组车辆配套产品、城轨地铁车辆配套产品、检修业务、动车组及城轨地铁设计、检测服务、列车运行控制产品销售、富氧健康舱业务”，行业分类“机械设备/轨交设备/轨交设备Ⅲ”；归入高端装备,20260830_NEW,False
C_需人工复核,未在主营/新战略业务中找到PCB直接证据；当前主要依赖印制电路板,cn,605058,澳弘电子,4,国家重点扶持产业,第一梯队：AI+超级主线,PCB,主营+行业映射,公司主营业务为双面多层板,单面板、双面多层板,,电子,元件,印制电路板,2026-08-30复核：生产主营“单面板、双面多层板”，行业分类“电子/元件/印制电路板”；归入PCB,20260830_NEW,False
C_需人工复核,未在主营/新战略业务中找到新材料直接证据；当前主要依赖非金属材料Ⅲ,cn,605086,龙高股份,4,国家重点扶持产业,第二梯队：新兴支柱产业,新材料,主营+行业映射,公司主营业务为原矿,原矿、综合利用、精矿,,基础化工,非金属材料,非金属材料Ⅲ,2026-08-30复核：生产主营“原矿、综合利用、精矿”，行业分类“基础化工/非金属材料/非金属材料Ⅲ”；归入新材料,20260830_NEW,False
C_需人工复核,未在主营/新战略业务中找到先进计算与信息设备直接证据；当前主要依赖安防设备,cn,605118,力鼎光电,4,国家重点扶持产业,第二梯队：新兴支柱产业,先进计算与信息设备,主营+行业映射,公司主营业务为定焦镜头,定焦镜头、变焦镜头,,计算机,计算机设备,安防设备,2026-08-30复核：生产主营“定焦镜头、变焦镜头”，行业分类“计算机/计算机设备/安防设备”；归入先进计算与信息设备,20260830_NEW,False
C_需人工复核,未在主营/新战略业务中找到新材料直接证据；当前主要依赖其他金属新材料,cn,605158,华达新材,4,国家重点扶持产业,第二梯队：新兴支柱产业,新材料,主营+行业映射,公司主营业务为热镀锌板,热镀锌板、彩色涂层板,,有色金属,金属新材料,其他金属新材料,2026-08-30复核：生产主营“热镀锌板、彩色涂层板”，行业分类“有色金属/金属新材料/其他金属新材料”；归入新材料,20260830_NEW,False
C_需人工复核,未在主营/新战略业务中找到关键电子元器件直接证据；当前主要依赖消费电子零部件及组装,cn,605277,新亚电子,4,国家重点扶持产业,第二梯队：新兴支柱产业,关键电子元器件,主营+行业映射,公司主营业务为消费电子及工业控制线材,消费电子及工业控制线材、通信线缆及数据线材、新能源系列线缆及组件、汽车线缆,,电子,消费电子,消费电子零部件及组装,2026-08-30复核：生产主营“消费电子及工业控制线材、通信线缆及数据线材、新能源系列线缆及组件、汽车线缆”，行业分类“电子/消费电子/消费电子零部件及组装”；归入关键电子元器件,20260830_NEW,False
C_需人工复核,未在主营/新战略业务中找到高端装备直接证据；当前主要依赖轨交设备Ⅲ,cn,605298,必得科技,4,国家重点扶持产业,第二梯队：新兴支柱产业,高端装备,主营+行业映射,公司主营业务为其他车辆配套产品,城轨地铁车辆配套产品、动车组配套产品,,机械设备,轨交设备,轨交设备Ⅲ,2026-08-30复核：生产主营“城轨地铁车辆配套产品、动车组配套产品”，行业分类“机械设备/轨交设备/轨交设备Ⅲ”；归入高端装备,20260830_NEW,False
C_需人工复核,未在主营/新战略业务中找到高端医疗器械直接证据；当前主要依赖医疗耗材,cn,605369,拱东医疗,4,国家重点扶持产业,第二梯队：新兴支柱产业,高端医疗器械,主营+行业映射,公司主营业务为医疗检测类,医疗检测类、血液收集类、采集类、医用护理类、药品包装类,,医药生物,医疗器械,医疗耗材,2026-08-30复核：生产主营“医疗检测类、血液收集类、采集类、医用护理类、药品包装类”，行业分类“医药生物/医疗器械/医疗耗材”；归入高端医疗器械,20260830_NEW,False
C_需人工复核,未在主营/新战略业务中找到软件与信息技术服务直接证据；当前主要依赖IT服务Ⅲ,cn,688004,博汇科技,4,国家重点扶持产业,第二梯队：新兴支柱产业,软件与信息技术服务,主营+行业映射,公司主营业务为传媒安全,传媒安全、智慧教育、智能显控,,计算机,IT服务,IT服务Ⅲ,2026-08-30复核：生产主营“传媒安全、智慧教育、智能显控”，行业分类“计算机/IT服务/IT服务Ⅲ”；归入软件与信息技术服务,20260830_NEW,False
C_需人工复核,未在主营/新战略业务中找到高端装备直接证据；当前主要依赖轨交设备Ⅲ,cn,688009,中国通号,4,国家重点扶持产业,第二梯队：新兴支柱产业,高端装备,主营+行业映射,公司主营业务为轨道交通控制系统,工程总承包、轨道交通控制系统、系统交付服务、设备制造、设计集成,,机械设备,轨交设备,轨交设备Ⅲ,2026-08-30复核：生产主营“工程总承包、轨道交通控制系统、系统交付服务、设备制造、设计集成”，行业分类“机械设备/轨交设备/轨交设备Ⅲ”；归入高端装备,20260830_NEW,False
C_需人工复核,未在主营/新战略业务中找到关键电子元器件直接证据；当前主要依赖光学元件,cn,688010,福光股份,4,国家重点扶持产业,第二梯队：新兴支柱产业,关键电子元器件,主营+行业映射,公司主营业务为非定制光学镜头,定制产品、非定制光学镜头,,电子,光学光电子,光学元件,2026-08-30复核：生产主营“定制产品、非定制光学镜头”，行业分类“电子/光学光电子/光学元件”；归入关键电子元器件,20260830_NEW,False
C_需人工复核,未在主营/新战略业务中找到高端医疗器械直接证据；当前主要依赖医疗耗材,cn,688013,天臣医疗,4,国家重点扶持产业,第二梯队：新兴支柱产业,高端医疗器械,主营+行业映射,公司主营业务为腔镜吻合器类,腔镜吻合器类、管型吻合器类、线型切割吻合器类、荷包吻合器类、线型缝合吻合器类,,医药生物,医疗器械,医疗耗材,2026-08-30复核：生产主营“腔镜吻合器类、管型吻合器类、线型切割吻合器类、荷包吻合器类、线型缝合吻合器类”，行业分类“医药生物/医疗器械/医疗耗材”；归入高端医疗器械,20260830_NEW,False
C_需人工复核,未在主营/新战略业务中找到高端装备直接证据；当前主要依赖轨交设备Ⅲ,cn,688015,交控科技,4,国家重点扶持产业,第二梯队：新兴支柱产业,高端装备,主营+行业映射,公司主营业务为信号系统总承包业务,信号系统总承包业务、零星销售、维保维护服务,,机械设备,轨交设备,轨交设备Ⅲ,2026-08-30复核：生产主营“信号系统总承包业务、零星销售、维保维护服务”，行业分类“机械设备/轨交设备/轨交设备Ⅲ”；归入高端装备,20260830_NEW,False
C_需人工复核,未在主营/新战略业务中找到高端医疗器械直接证据；当前主要依赖医疗耗材,cn,688016,心脉医疗,4,国家重点扶持产业,第二梯队：新兴支柱产业,高端医疗器械,主营+行业映射,公司主营业务为主动脉支架类,主动脉支架类,,医药生物,医疗器械,医疗耗材,2026-08-30复核：生产主营“主动脉支架类”，行业分类“医药生物/医疗器械/医疗耗材”；归入高端医疗器械,20260830_NEW,False
C_需人工复核,未在主营/新战略业务中找到软件与信息技术服务直接证据；当前主要依赖横向通用软件,cn,688023,安恒信息,4,国家重点扶持产业,第二梯队：新兴支柱产业,软件与信息技术服务,主营+行业映射,公司主营业务为网络信息安全服务,网络信息安全基础产品、网络信息安全平台、网络信息安全服务、第三方硬件产品,,计算机,软件开发,横向通用软件,2026-08-30复核：生产主营“网络信息安全基础产品、网络信息安全平台、网络信息安全服务、第三方硬件产品”，行业分类“计算机/软件开发/横向通用软件”；归入软件与信息技术服务,20260830_NEW,False
C_需人工复核,未在主营/新战略业务中找到高端医疗器械直接证据；当前主要依赖医疗耗材,cn,688026,洁特生物,4,国家重点扶持产业,第二梯队：新兴支柱产业,高端医疗器械,主营+行业映射,公司主营业务为液体处理类,生物培养类、液体处理类,,医药生物,医疗器械,医疗耗材,2026-08-30复核：生产主营“生物培养类、液体处理类”，行业分类“医药生物/医疗器械/医疗耗材”；归入高端医疗器械,20260830_NEW,False
C_需人工复核,未在主营/新战略业务中找到高端医疗器械直接证据；当前主要依赖医疗耗材,cn,688029,南微医学,4,国家重点扶持产业,第二梯队：新兴支柱产业,高端医疗器械,主营+行业映射,公司主营业务为内镜耗材类,内镜耗材类、肿瘤介入类、可视化类,,医药生物,医疗器械,医疗耗材,2026-08-30复核：生产主营“内镜耗材类、肿瘤介入类、可视化类”，行业分类“医药生物/医疗器械/医疗耗材”；归入高端医疗器械,20260830_NEW,False
C_需人工复核,未在主营/新战略业务中找到软件与信息技术服务直接证据；当前主要依赖横向通用软件,cn,688030,山石网科,4,国家重点扶持产业,第二梯队：新兴支柱产业,软件与信息技术服务,主营+行业映射,公司主营业务为边界安全产品,边界安全产品、云安全产品,,计算机,软件开发,横向通用软件,2026-08-30复核：生产主营“边界安全产品、云安全产品”，行业分类“计算机/软件开发/横向通用软件”；归入软件与信息技术服务,20260830_NEW,False
C_需人工复核,未在主营/新战略业务中找到集成电路材料直接证据；当前主要依赖电子化学品Ⅲ,cn,688035,德邦科技,4,国家重点扶持产业,第三梯队：卡脖子底座,集成电路材料,旧批次人工复核,公司主营业务为新能源应用材料,集成电路封装材料、智能终端封装材料、新能源应用材料、高端装备应用材料,,电子,电子化学品,电子化学品Ⅲ,Codex复核：结合主营业务将候选结果调整为集成电路材料,PREEXISTING,False
C_需人工复核,未在主营/新战略业务中找到软件与信息技术服务直接证据；当前主要依赖IT服务Ⅲ,cn,688039,当虹科技,4,国家重点扶持产业,第二梯队：新兴支柱产业,软件与信息技术服务,主营+行业映射,公司主营业务为传媒文化产品及解决方案,传媒文化产品及解决方案、工业与卫星产品及解决方案、车载智能座舱产品,,计算机,IT服务,IT服务Ⅲ,2026-08-30复核：生产主营“传媒文化产品及解决方案、工业与卫星产品及解决方案、车载智能座舱产品”，行业分类“计算机/IT服务/IT服务Ⅲ”；归入软件与信息技术服务,20260830_NEW,False
C_需人工复核,未在主营/新战略业务中找到高端医疗器械直接证据；当前主要依赖医疗耗材,cn,688050,爱博医疗,4,国家重点扶持产业,第二梯队：新兴支柱产业,高端医疗器械,主营+行业映射,公司主营业务为人工晶状体,人工晶状体、角膜塑形镜、隐形眼镜,,医药生物,医疗器械,医疗耗材,2026-08-30复核：生产主营“人工晶状体、角膜塑形镜、隐形眼镜”，行业分类“医药生物/医疗器械/医疗耗材”；归入高端医疗器械,20260830_NEW,False
C_需人工复核,未在主营/新战略业务中找到软件与信息技术服务直接证据；当前主要依赖IT服务Ⅲ,cn,688051,佳华科技,4,国家重点扶持产业,第二梯队：新兴支柱产业,软件与信息技术服务,主营+行业映射,公司主营业务为智慧环保,感知及平台建设、数据运营服务,,计算机,IT服务,IT服务Ⅲ,2026-08-30复核：生产主营“感知及平台建设、数据运营服务”，行业分类“计算机/IT服务/IT服务Ⅲ”；归入软件与信息技术服务,20260830_NEW,False
C_需人工复核,未在主营/新战略业务中找到先进计算与信息设备直接证据；当前主要依赖其他计算机设备,cn,688060,云涌科技,4,国家重点扶持产业,第二梯队：新兴支柱产业,先进计算与信息设备,主营+行业映射,公司主营业务为工业安全通信网关设备,工业安全通信网关设备、工业安全态势感知设备、信息安全加密产品、智能档案柜及控制类产品、信创产品,,计算机,计算机设备,其他计算机设备,2026-08-30复核：生产主营“工业安全通信网关设备、工业安全态势感知设备、信息安全加密产品、智能档案柜及控制类产品、信创产品”，行业分类“计算机/计算机设备/其他计算机设备”；归入先进计算与信息设备,20260830_NEW,False
C_需人工复核,未在主营/新战略业务中找到高端医疗器械直接证据；当前主要依赖体外诊断,cn,688067,爱威科技,4,国家重点扶持产业,第二梯队：新兴支柱产业,高端医疗器械,主营+行业映射,公司主营业务为试剂,仪器、试剂、耗材,,医药生物,医疗器械,体外诊断,2026-08-30复核：生产主营“仪器、试剂、耗材”，行业分类“医药生物/医疗器械/体外诊断”；归入高端医疗器械,20260830_NEW,False
C_需人工复核,未在主营/新战略业务中找到新材料直接证据；当前主要依赖磁性材料,cn,688077,大地熊,4,国家重点扶持产业,第二梯队：新兴支柱产业,新材料,主营+行业映射,公司主营业务为烧结钕铁硼,烧结钕铁硼、橡胶磁,,有色金属,金属新材料,磁性材料,2026-08-30复核：生产主营“烧结钕铁硼、橡胶磁”，行业分类“有色金属/金属新材料/磁性材料”；归入新材料,20260830_NEW,False
C_需人工复核,未在主营/新战略业务中找到高端医疗器械直接证据；当前主要依赖医疗耗材,cn,688085,三友医疗,4,国家重点扶持产业,第二梯队：新兴支柱产业,高端医疗器械,主营+行业映射,公司主营业务为脊柱类植入耗材,脊柱类植入耗材、创伤类植入耗材、有源设备,,医药生物,医疗器械,医疗耗材,2026-08-30复核：生产主营“脊柱类植入耗材、创伤类植入耗材、有源设备”，行业分类“医药生物/医疗器械/医疗耗材”；归入高端医疗器械,20260830_NEW,False
C_需人工复核,未在主营/新战略业务中找到软件与信息技术服务直接证据；当前主要依赖IT服务Ⅲ,cn,688088,虹软科技,3,用户常用,第二梯队：新兴支柱产业,软件与信息技术服务,主营+行业映射,公司主营业务为移动智能终端视觉解决方案,移动智能终端视觉解决方案,,计算机,IT服务,IT服务Ⅲ,2026-08-30复核：生产主营“移动智能终端视觉解决方案”，行业分类“计算机/IT服务/IT服务Ⅲ”；归入软件与信息技术服务,20260830_NEW,False
C_需人工复核,未在主营/新战略业务中找到软件与信息技术服务直接证据；当前主要依赖横向通用软件,cn,688095,福昕软件,4,国家重点扶持产业,第二梯队：新兴支柱产业,软件与信息技术服务,主营+行业映射,公司主营业务为PDF编辑器与阅读器,PDF编辑器与阅读器、开发平台与工具、企业文档处理解决方案、PDF工具及在线服务,,计算机,软件开发,横向通用软件,2026-08-30复核：生产主营“PDF编辑器与阅读器、开发平台与工具、企业文档处理解决方案、PDF工具及在线服务”，行业分类“计算机/软件开发/横向通用软件”；归入软件与信息技术服务,20260830_NEW,False
C_需人工复核,未在主营/新战略业务中找到新材料直接证据；当前主要依赖其他金属新材料,cn,688102,斯瑞新材,3,用户常用,第二梯队：新兴支柱产业,新材料,主营+行业映射,公司主营业务为高强高导铜合金材料及制品,高强高导铜合金材料及制品、中高压电接触材料及制品、高性能金属铬粉、医疗影像零组件,,有色金属,金属新材料,其他金属新材料,2026-08-30复核：生产主营“高强高导铜合金材料及制品、中高压电接触材料及制品、高性能金属铬粉、医疗影像零组件”，行业分类“有色金属/金属新材料/其他金属新材料”；归入新材料,20260830_NEW,False
C_需人工复核,未在主营/新战略业务中找到集成电路材料直接证据；当前主要依赖电子化学品Ⅲ,cn,688106,金宏气体,4,国家重点扶持产业,第三梯队：卡脖子底座,集成电路材料,主营+行业映射,公司主营业务为大宗气体,大宗气体、特种气体、现场制气及租金、燃气,,电子,电子化学品,电子化学品Ⅲ,2026-08-30复核：生产主营“大宗气体、特种气体、现场制气及租金、燃气”，行业分类“电子/电子化学品/电子化学品Ⅲ”；归入集成电路材料,20260830_NEW,False
C_需人工复核,未在主营/新战略业务中找到高端医疗器械直接证据；当前主要依赖医疗耗材,cn,688108,赛诺医疗,4,国家重点扶持产业,第二梯队：新兴支柱产业,高端医疗器械,主营+行业映射,公司主营业务为支架,支架、球囊,,医药生物,医疗器械,医疗耗材,2026-08-30复核：生产主营“支架、球囊”，行业分类“医药生物/医疗器械/医疗耗材”；归入高端医疗器械,20260830_NEW,False
C_需人工复核,未在主营/新战略业务中找到高端医疗器械直接证据；当前主要依赖医疗设备,cn,688114,华大智造,4,国家重点扶持产业,第二梯队：新兴支柱产业,高端医疗器械,主营+行业映射,公司主营业务为销售仪器设备、试剂及耗材,基因测序仪业务、实验室自动化,,医药生物,医疗器械,医疗设备,2026-08-30复核：生产主营“基因测序仪业务、实验室自动化”，行业分类“医药生物/医疗器械/医疗设备”；归入高端医疗器械,20260830_NEW,False
C_需人工复核,未在主营/新战略业务中找到新材料直接证据；当前主要依赖航空装备Ⅲ,cn,688122,西部超导,3,用户常用,第二梯队：新兴支柱产业,新材料,主营/战略文本,公司主营业务为高端钛合金材料,超导产品、高性能高温合金材料、高端钛合金材料,,国防军工,航空装备,航空装备Ⅲ,2026-08-30复核：生产主营业务“超导产品、高性能高温合金材料、高端钛合金材料”命中“高温合金”；归入新材料,20260830_NEW,False
C_需人工复核,未在主营/新战略业务中找到关键电子元器件直接证据；当前主要依赖光学元件,cn,688127,蓝特光学,4,国家重点扶持产业,第二梯队：新兴支柱产业,关键电子元器件,主营+行业映射,公司主营业务为光学棱镜,光学棱镜、玻璃非球面透镜、玻璃晶圆,,电子,光学光电子,光学元件,2026-08-30复核：生产主营“光学棱镜、玻璃非球面透镜、玻璃晶圆”，行业分类“电子/光学光电子/光学元件”；归入关键电子元器件,20260830_NEW,False
C_需人工复核,未在主营/新战略业务中找到高端医疗器械直接证据；当前主要依赖医疗设备,cn,688139,海尔生物,4,国家重点扶持产业,第二梯队：新兴支柱产业,高端医疗器械,主营+行业映射,公司主营业务为医疗创新,生命科学、医疗创新,,医药生物,医疗器械,医疗设备,2026-08-30复核：生产主营“生命科学、医疗创新”，行业分类“医药生物/医疗器械/医疗设备”；归入高端医疗器械,20260830_NEW,False
C_需人工复核,未在主营/新战略业务中找到集成电路材料直接证据；当前主要依赖半导体材料,cn,688146,中船特气,4,国家重点扶持产业,第三梯队：卡脖子底座,集成电路材料,主营+行业映射,公司主营业务为电子特种气体,电子特种气体、三氟甲磺酸系列,,电子,半导体,半导体材料,2026-08-30复核：生产主营“电子特种气体、三氟甲磺酸系列”，行业分类“电子/半导体/半导体材料”；归入集成电路材料,20260830_NEW,False
C_需人工复核,未在主营/新战略业务中找到高端医疗器械直接证据；当前主要依赖医疗耗材,cn,688151,华强科技,4,国家重点扶持产业,第二梯队：新兴支柱产业,高端医疗器械,主营+行业映射,公司主营业务为药用丁基胶塞,个体防护装备、集体防护装备、药用丁基胶塞,,医药生物,医疗器械,医疗耗材,2026-08-30复核：生产主营“个体防护装备、集体防护装备、药用丁基胶塞”，行业分类“医药生物/医疗器械/医疗耗材”；归入高端医疗器械,20260830_NEW,False
C_需人工复核,未在主营/新战略业务中找到软件与信息技术服务直接证据；当前主要依赖IT服务Ⅲ,cn,688158,优刻得,4,国家重点扶持产业,第二梯队：新兴支柱产业,软件与信息技术服务,主营+行业映射,公司主营业务为公有云,公有云、混合云、私有云、边缘云、云通信,,计算机,IT服务,IT服务Ⅲ,2026-08-30复核：生产主营“公有云、混合云、私有云、边缘云、云通信”，行业分类“计算机/IT服务/IT服务Ⅲ”；归入软件与信息技术服务,20260830_NEW,False
C_需人工复核,未在主营/新战略业务中找到高端医疗器械直接证据；当前主要依赖医疗耗材,cn,688161,威高骨科,4,国家重点扶持产业,第二梯队：新兴支柱产业,高端医疗器械,主营+行业映射,公司主营业务为关节,脊柱、创伤、关节、运动医学和组织修复,,医药生物,医疗器械,医疗耗材,2026-08-30复核：生产主营“脊柱、创伤、关节、运动医学和组织修复”，行业分类“医药生物/医疗器械/医疗耗材”；归入高端医疗器械,20260830_NEW,False
C_需人工复核,未在主营/新战略业务中找到软件与信息技术服务直接证据；当前主要依赖垂直应用软件,cn,688171,纬德信息,4,国家重点扶持产业,第二梯队：新兴支柱产业,软件与信息技术服务,主营+行业映射,公司主营业务为信息安全云平台,信息安全云平台业务、智能安全设备,,计算机,软件开发,垂直应用软件,2026-08-30复核：生产主营“信息安全云平台业务、智能安全设备”，行业分类“计算机/软件开发/垂直应用软件”；归入软件与信息技术服务,20260830_NEW,False
C_需人工复核,未在主营/新战略业务中找到新材料直接证据；当前主要依赖特钢Ⅲ,cn,688186,广大特材,4,国家重点扶持产业,第二梯队：新兴支柱产业,新材料,主营+行业映射,公司主营业务为铸钢件,齿轮钢、模具钢、特殊合金、特种不锈钢、风电主轴、风电铸件、风电机械精密零部件、齿轮箱零部件、铸钢件,,钢铁,特钢,特钢Ⅲ,2026-08-30复核：生产主营“齿轮钢、模具钢、特殊合金、特种不锈钢、风电主轴、风电铸件、风电机械精密零部件、齿轮箱零部件、铸钢件”，行业分类“钢铁/特钢/特钢Ⅲ”；归入新材料,20260830_NEW,False
C_需人工复核,未在主营/新战略业务中找到高端装备直接证据；当前主要依赖轨交设备Ⅲ,cn,688187,时代电气,4,国家重点扶持产业,第二梯队：新兴支柱产业,高端装备,主营+行业映射,公司主营业务为轨道交通装备业务,轨道交通装备业务、新兴装备业务,,机械设备,轨交设备,轨交设备Ⅲ,2026-08-30复核：生产主营“轨道交通装备业务、新兴装备业务”，行业分类“机械设备/轨交设备/轨交设备Ⅲ”；归入高端装备,20260830_NEW,False
C_需人工复核,未在主营/新战略业务中找到先进计算与信息设备直接证据；当前主要依赖其他计算机设备,cn,688188,柏楚电子,3,用户常用,第二梯队：新兴支柱产业,先进计算与信息设备,主营+行业映射,公司主营业务为平面解决方案,平面解决方案、管材解决方案、三维解决方案,,计算机,计算机设备,其他计算机设备,2026-08-30复核：生产主营“平面解决方案、管材解决方案、三维解决方案”，行业分类“计算机/计算机设备/其他计算机设备”；归入先进计算与信息设备,20260830_NEW,False
C_需人工复核,未在主营/新战略业务中找到新材料直接证据；当前主要依赖其他金属新材料,cn,688190,云路股份,4,国家重点扶持产业,第二梯队：新兴支柱产业,新材料,主营+行业映射,公司主营业务为非晶合金薄带及其制品,非晶合金薄带及其制品、纳米晶产品、磁性粉末及其制品,,有色金属,金属新材料,其他金属新材料,2026-08-30复核：生产主营“非晶合金薄带及其制品、纳米晶产品、磁性粉末及其制品”，行业分类“有色金属/金属新材料/其他金属新材料”；归入新材料,20260830_NEW,False
C_需人工复核,未在主营/新战略业务中找到高端医疗器械直接证据；当前主要依赖体外诊断,cn,688193,仁度生物,4,国家重点扶持产业,第二梯队：新兴支柱产业,高端医疗器械,主营+行业映射,公司主营业务为试剂业务,试剂业务、仪器业务、检测业务,,医药生物,医疗器械,体外诊断,2026-08-30复核：生产主营“试剂业务、仪器业务、检测业务”，行业分类“医药生物/医疗器械/体外诊断”；归入高端医疗器械,20260830_NEW,False
C_需人工复核,未在主营/新战略业务中找到关键电子元器件直接证据；当前主要依赖光学元件,cn,688195,腾景科技,3,用户常用,第二梯队：新兴支柱产业,关键电子元器件,主营+行业映射,公司主营业务为精密光学元组件,精密光学元组件、光纤器件、光测试仪器,,电子,光学光电子,光学元件,2026-08-30复核：生产主营“精密光学元组件、光纤器件、光测试仪器”，行业分类“电子/光学光电子/光学元件”；归入关键电子元器件,20260830_NEW,False
C_需人工复核,未在主营/新战略业务中找到新材料直接证据；当前主要依赖改性塑料,cn,688203,海正生材,4,国家重点扶持产业,第二梯队：新兴支柱产业,新材料,主营+行业映射,公司主营业务为纯聚乳酸,纯聚乳酸、改性聚乳酸、初级制品等,,基础化工,塑料,改性塑料,2026-08-30复核：生产主营“纯聚乳酸、改性聚乳酸、初级制品等”，行业分类“基础化工/塑料/改性塑料”；归入新材料,20260830_NEW,False
C_需人工复核,未在主营/新战略业务中找到先进计算与信息设备直接证据；当前主要依赖其他计算机设备,cn,688208,道通科技,4,国家重点扶持产业,第二梯队：新兴支柱产业,先进计算与信息设备,主营+行业映射,公司主营业务为汽车综合诊断产品,汽车综合诊断产品、TPMS产品、软件升级服务、ADAS产品、智能充电网络,,计算机,计算机设备,其他计算机设备,2026-08-30复核：生产主营“汽车综合诊断产品、TPMS产品、软件升级服务、ADAS产品、智能充电网络”，行业分类“计算机/计算机设备/其他计算机设备”；归入先进计算与信息设备,20260830_NEW,False
C_需人工复核,未在主营/新战略业务中找到关键电子元器件直接证据；当前主要依赖消费电子零部件及组装,cn,688210,统联精密,4,国家重点扶持产业,第二梯队：新兴支柱产业,关键电子元器件,主营+行业映射,公司主营业务为其他金属工艺制品及塑胶产品,MIM产品、模治具及设备,,电子,消费电子,消费电子零部件及组装,2026-08-30复核：生产主营“MIM产品、模治具及设备”，行业分类“电子/消费电子/消费电子零部件及组装”；归入关键电子元器件,20260830_NEW,False
C_需人工复核,未在主营/新战略业务中找到高端医疗器械直接证据；当前主要依赖体外诊断,cn,688217,睿昂基因,4,国家重点扶持产业,第二梯队：新兴支柱产业,高端医疗器械,主营+行业映射,公司主营业务为自产试剂,自产试剂、贸易试剂、科研服务、检测服务,,医药生物,医疗器械,体外诊断,2026-08-30复核：生产主营“自产试剂、贸易试剂、科研服务、检测服务”，行业分类“医药生物/医疗器械/体外诊断”；归入高端医疗器械,20260830_NEW,False
C_需人工复核,未在主营/新战略业务中找到软件与信息技术服务直接证据；当前主要依赖IT服务Ⅲ,cn,688227,品高股份,4,国家重点扶持产业,第二梯队：新兴支柱产业,软件与信息技术服务,主营+行业映射,公司主营业务为云计算业务,云计算业务、行业信息化业务,,计算机,IT服务,IT服务Ⅲ,2026-08-30复核：生产主营“云计算业务、行业信息化业务”，行业分类“计算机/IT服务/IT服务Ⅲ”；归入软件与信息技术服务,20260830_NEW,False
C_需人工复核,未在主营/新战略业务中找到新材料直接证据；当前主要依赖其他金属新材料,cn,688231,隆达股份,4,国家重点扶持产业,第二梯队：新兴支柱产业,新材料,主营+行业映射,公司主营业务为高温耐蚀合金,合金管材、高温耐蚀合金,,有色金属,金属新材料,其他金属新材料,2026-08-30复核：生产主营“合金管材、高温耐蚀合金”，行业分类“有色金属/金属新材料/其他金属新材料”；归入新材料,20260830_NEW,False
C_需人工复核,未在主营/新战略业务中找到软件与信息技术服务直接证据；当前主要依赖垂直应用软件,cn,688232,新点软件,4,国家重点扶持产业,第二梯队：新兴支柱产业,软件与信息技术服务,主营+行业映射,公司主营业务为智慧招采,智慧招采、智慧政务、数字建筑,,计算机,软件开发,垂直应用软件,2026-08-30复核：生产主营“智慧招采、智慧政务、数字建筑”，行业分类“计算机/软件开发/垂直应用软件”；归入软件与信息技术服务,20260830_NEW,False
C_需人工复核,未在主营/新战略业务中找到软件与信息技术服务直接证据；当前主要依赖横向通用软件,cn,688244,永信至诚,4,国家重点扶持产业,第二梯队：新兴支柱产业,软件与信息技术服务,主营+行业映射,公司主营业务为网络靶场及运营,数字风洞测试评估、网络靶场及运营、安全防护与管控,,计算机,软件开发,横向通用软件,2026-08-30复核：生产主营“数字风洞测试评估、网络靶场及运营、安全防护与管控”，行业分类“计算机/软件开发/横向通用软件”；归入软件与信息技术服务,20260830_NEW,False
C_需人工复核,未在主营/新战略业务中找到软件与信息技术服务直接证据；当前主要依赖IT服务Ⅲ,cn,688251,井松智能,4,国家重点扶持产业,第二梯队：新兴支柱产业,软件与信息技术服务,主营+行业映射,公司主营业务为智能物流系统,智能物流系统、智能物流设备,,计算机,IT服务,IT服务Ⅲ,2026-08-30复核：生产主营“智能物流系统、智能物流设备”，行业分类“计算机/IT服务/IT服务Ⅲ”；归入软件与信息技术服务,20260830_NEW,False
C_需人工复核,未在主营/新战略业务中找到高端医疗器械直接证据；当前主要依赖体外诊断,cn,688253,英诺特,4,国家重点扶持产业,第二梯队：新兴支柱产业,高端医疗器械,主营+行业映射,公司主营业务为呼吸道系列-非新冠产品,优生优育系列、呼吸道系列-新冠产品、呼吸道系列-非新冠产品,,医药生物,医疗器械,体外诊断,2026-08-30复核：生产主营“优生优育系列、呼吸道系列-新冠产品、呼吸道系列-非新冠产品”，行业分类“医药生物/医疗器械/体外诊断”；归入高端医疗器械,20260830_NEW,False
C_需人工复核,未在主营/新战略业务中找到关键电子元器件直接证据；当前主要依赖消费电子零部件及组装,cn,688260,昀冢科技,4,国家重点扶持产业,第二梯队：新兴支柱产业,关键电子元器件,主营+行业映射,公司主营业务为CMI件,CMI件,,电子,消费电子,消费电子零部件及组装,2026-08-30复核：生产主营“CMI件”，行业分类“电子/消费电子/消费电子零部件及组装”；归入关键电子元器件,20260830_NEW,False
C_需人工复核,未在主营/新战略业务中找到集成电路材料直接证据；当前主要依赖电子化学品Ⅲ,cn,688268,华特气体,4,国家重点扶持产业,第三梯队：卡脖子底座,集成电路材料,主营+行业映射,公司主营业务为光刻及其他混合气体,普通工业气体、氟碳类、氢化物、氮氧化合物、碳氧化合物,,电子,电子化学品,电子化学品Ⅲ,2026-08-30复核：生产主营“普通工业气体、氟碳类、氢化物、氮氧化合物、碳氧化合物”，行业分类“电子/电子化学品/电子化学品Ⅲ”；归入集成电路材料,20260830_NEW,False
C_需人工复核,未在主营/新战略业务中找到高端医疗器械直接证据；当前主要依赖医疗设备,cn,688273,麦澜德,4,国家重点扶持产业,第二梯队：新兴支柱产业,高端医疗器械,主营+行业映射,公司主营业务为盆底康复,盆底康复、生殖康复、运动康复、耗材及配件,,医药生物,医疗器械,医疗设备,2026-08-30复核：生产主营“盆底康复、生殖康复、运动康复、耗材及配件”，行业分类“医药生物/医疗器械/医疗设备”；归入高端医疗器械,20260830_NEW,False
C_需人工复核,未在主营/新战略业务中找到高端医疗器械直接证据；当前主要依赖医疗设备,cn,688277,天智航,4,国家重点扶持产业,第二梯队：新兴支柱产业,高端医疗器械,主营+行业映射,公司主营业务为配套设备及耗材,骨科手术导航定位机器人、配套设备及耗材、技术服务,,医药生物,医疗器械,医疗设备,2026-08-30复核：生产主营“骨科手术导航定位机器人、配套设备及耗材、技术服务”，行业分类“医药生物/医疗器械/医疗设备”；归入高端医疗器械,20260830_NEW,False
C_需人工复核,未在主营/新战略业务中找到高端装备直接证据；当前主要依赖轨交设备Ⅲ,cn,688285,高铁电气,4,国家重点扶持产业,第二梯队：新兴支柱产业,高端装备,主营+行业映射,公司主营业务为电气化铁路接触网产品,电气化铁路接触网产品、城市轨道交通供电设备、轨外产品,,机械设备,轨交设备,轨交设备Ⅲ,2026-08-30复核：生产主营“电气化铁路接触网产品、城市轨道交通供电设备、轨外产品”，行业分类“机械设备/轨交设备/轨交设备Ⅲ”；归入高端装备,20260830_NEW,False
C_需人工复核,未在主营/新战略业务中找到先进计算与信息设备直接证据；当前主要依赖其他计算机设备,cn,688288,鸿泉技术,4,国家重点扶持产业,第二梯队：新兴支柱产业,先进计算与信息设备,主营+行业映射,公司主营业务为智能网联,智能网联、软件平台开发、控制器、智能座舱,,计算机,计算机设备,其他计算机设备,2026-08-30复核：生产主营“智能网联、软件平台开发、控制器、智能座舱”，行业分类“计算机/计算机设备/其他计算机设备”；归入先进计算与信息设备,20260830_NEW,False
C_需人工复核,未在主营/新战略业务中找到先进计算与信息设备直接证据；当前主要依赖其他计算机设备,cn,688292,浩瀚深度,4,国家重点扶持产业,第二梯队：新兴支柱产业,先进计算与信息设备,主营+行业映射,公司主营业务为网络可视化解决方案,网络可视化解决方案、信息安全防护解决方案、大数据解决方案,,计算机,计算机设备,其他计算机设备,2026-08-30复核：生产主营“网络可视化解决方案、信息安全防护解决方案、大数据解决方案”，行业分类“计算机/计算机设备/其他计算机设备”；归入先进计算与信息设备,20260830_NEW,False
C_需人工复核,未在主营/新战略业务中找到软件与信息技术服务直接证据；当前主要依赖垂直应用软件,cn,688296,和达科技,4,国家重点扶持产业,第二梯队：新兴支柱产业,软件与信息技术服务,主营+行业映射,公司主营业务为智能感传终端,整体解决方案、智能感传终端、水务管理系统、技术服务,,计算机,软件开发,垂直应用软件,2026-08-30复核：生产主营“整体解决方案、智能感传终端、水务管理系统、技术服务”，行业分类“计算机/软件开发/垂直应用软件”；归入软件与信息技术服务,20260830_NEW,False
C_需人工复核,未在主营/新战略业务中找到新材料直接证据；当前主要依赖非金属材料Ⅲ,cn,688300,联瑞新材,4,国家重点扶持产业,第二梯队：新兴支柱产业,新材料,主营+行业映射,公司主营业务为球形无机粉体,角形无机粉体、球形无机粉体,,基础化工,非金属材料,非金属材料Ⅲ,2026-08-30复核：生产主营“角形无机粉体、球形无机粉体”，行业分类“基础化工/非金属材料/非金属材料Ⅲ”；归入新材料,20260830_NEW,False
C_需人工复核,未在主营/新战略业务中找到高端装备直接证据；当前主要依赖其他自动化设备,cn,688306,均普智能,4,国家重点扶持产业,第二梯队：新兴支柱产业,高端装备,主营/战略文本,公司主营业务为智能制造装备产品,智能制造装备产品,,机械设备,自动化设备,其他自动化设备,2026-08-30复核：生产主营业务“智能制造装备产品”命中“智能制造装备”；归入高端装备,20260830_NEW,False
C_需人工复核,未在主营/新战略业务中找到先进计算与信息设备直接证据；当前主要依赖安防设备,cn,688307,中润光学,4,国家重点扶持产业,第二梯队：新兴支柱产业,先进计算与信息设备,主营+行业映射,公司主营业务为智慧监控及感知,智慧监控及感知、智能检测及识别、视频通讯及交互、高清拍摄及显示、技术开发业务,,计算机,计算机设备,安防设备,2026-08-30复核：生产主营“智慧监控及感知、智能检测及识别、视频通讯及交互、高清拍摄及显示、技术开发业务”，行业分类“计算机/计算机设备/安防设备”；归入先进计算与信息设备,20260830_NEW,False
C_需人工复核,未在主营/新战略业务中找到高端医疗器械直接证据；当前主要依赖医疗耗材,cn,688314,康拓医疗,4,国家重点扶持产业,第二梯队：新兴支柱产业,高端医疗器械,主营+行业映射,公司主营业务为PEEK材料神经外科产品,PEEK材料神经外科产品、钛材料神经外科产品,,医药生物,医疗器械,医疗耗材,2026-08-30复核：生产主营“PEEK材料神经外科产品、钛材料神经外科产品”，行业分类“医药生物/医疗器械/医疗耗材”；归入高端医疗器械,20260830_NEW,False
C_需人工复核,未在主营/新战略业务中找到高端医疗器械直接证据；当前主要依赖体外诊断,cn,688317,之江生物,4,国家重点扶持产业,第二梯队：新兴支柱产业,高端医疗器械,主营+行业映射,公司主营业务为核酸检测试剂盒,核酸检测试剂盒、分子诊断仪器、其它,,医药生物,医疗器械,体外诊断,2026-08-30复核：生产主营“核酸检测试剂盒、分子诊断仪器、其它”，行业分类“医药生物/医疗器械/体外诊断”；归入高端医疗器械,20260830_NEW,False
C_需人工复核,未在主营/新战略业务中找到新材料直接证据；当前主要依赖膜材料,cn,688323,瑞华泰,4,国家重点扶持产业,第二梯队：新兴支柱产业,新材料,主营+行业映射,公司主营业务为高性能PI薄膜,高性能PI薄膜,,基础化工,塑料,膜材料,2026-08-30复核：生产主营“高性能PI薄膜”，行业分类“基础化工/塑料/膜材料”；归入新材料,20260830_NEW,False
C_需人工复核,未在主营/新战略业务中找到软件与信息技术服务直接证据；当前主要依赖垂直应用软件,cn,688326,经纬恒润,4,国家重点扶持产业,第二梯队：新兴支柱产业,软件与信息技术服务,主营+行业映射,公司主营业务为电子产品业务,电子产品业务、研发服务及解决方案业务、高级别智能驾驶整体解决方案业务,,计算机,软件开发,垂直应用软件,2026-08-30复核：生产主营“电子产品业务、研发服务及解决方案业务、高级别智能驾驶整体解决方案业务”，行业分类“计算机/软件开发/垂直应用软件”；归入软件与信息技术服务,20260830_NEW,False
C_需人工复核,未在主营/新战略业务中找到高端医疗器械直接证据；当前主要依赖体外诊断,cn,688338,赛科希德,4,国家重点扶持产业,第二梯队：新兴支柱产业,高端医疗器械,主营+行业映射,公司主营业务为试剂,试剂、耗材、仪器,,医药生物,医疗器械,体外诊断,2026-08-30复核：生产主营“试剂、耗材、仪器”，行业分类“医药生物/医疗器械/体外诊断”；归入高端医疗器械,20260830_NEW,False
C_需人工复核,未在主营/新战略业务中找到高端医疗器械直接证据；当前主要依赖医疗耗材,cn,688351,微电生理,4,国家重点扶持产业,第二梯队：新兴支柱产业,高端医疗器械,主营+行业映射,公司主营业务为导管类产品,导管类产品、设备类产品,,医药生物,医疗器械,医疗耗材,2026-08-30复核：生产主营“导管类产品、设备类产品”，行业分类“医药生物/医疗器械/医疗耗材”；归入高端医疗器械,20260830_NEW,False
C_需人工复核,未在主营/新战略业务中找到集成电路材料直接证据；当前主要依赖电子化学品Ⅲ,cn,688359,三孚新科,4,国家重点扶持产业,第三梯队：卡脖子底座,集成电路材料,主营+行业映射,公司主营业务为电子化学品,电子化学品、通用电镀化学品、设备及设备构件,,电子,电子化学品,电子化学品Ⅲ,2026-08-30复核：生产主营“电子化学品、通用电镀化学品、设备及设备构件”，行业分类“电子/电子化学品/电子化学品Ⅲ”；归入集成电路材料,20260830_NEW,False
C_需人工复核,未在主营/新战略业务中找到软件与信息技术服务直接证据；当前主要依赖IT服务Ⅲ,cn,688365,光云科技,4,国家重点扶持产业,第二梯队：新兴支柱产业,软件与信息技术服务,主营+行业映射,公司主营业务为SaaS产品,运营服务、CRM短信、配套硬件、SaaS产品,,计算机,IT服务,IT服务Ⅲ,2026-08-30复核：生产主营“运营服务、CRM短信、配套硬件、SaaS产品”，行业分类“计算机/IT服务/IT服务Ⅲ”；归入软件与信息技术服务,20260830_NEW,False
C_需人工复核,未在主营/新战略业务中找到高端医疗器械直接证据；当前主要依赖医疗耗材,cn,688366,昊海生科,4,国家重点扶持产业,第二梯队：新兴支柱产业,高端医疗器械,主营+行业映射,公司主营业务为医疗美容与创面护理产品,医疗美容与创面护理产品、眼科产品、骨科产品、防粘连及止血产品,,医药生物,医疗器械,医疗耗材,2026-08-30复核：生产主营“医疗美容与创面护理产品、眼科产品、骨科产品、防粘连及止血产品”，行业分类“医药生物/医疗器械/医疗耗材”；归入高端医疗器械,20260830_NEW,False
C_需人工复核,未在主营/新战略业务中找到高端装备直接证据；当前主要依赖轨交设备Ⅲ,cn,688367,工大高科,4,国家重点扶持产业,第二梯队：新兴支柱产业,高端装备,主营+行业映射,公司主营业务为地面工业铁路信号控制与智能调度产品,地面工业铁路信号控制与智能调度产品、矿井井下信号控制与智能调度产品、信息系统集成及技术服务,,机械设备,轨交设备,轨交设备Ⅲ,2026-08-30复核：生产主营“地面工业铁路信号控制与智能调度产品、矿井井下信号控制与智能调度产品、信息系统集成及技术服务”，行业分类“机械设备/轨交设备/轨交设备Ⅲ”；归入高端装备,20260830_NEW,False
C_需人工复核,未在主营/新战略业务中找到集成电路材料直接证据；当前主要依赖电子化学品Ⅲ,cn,688371,菲沃泰,4,国家重点扶持产业,第三梯队：卡脖子底座,集成电路材料,主营+行业映射,公司主营业务为纳米薄膜产品,纳米薄膜产品,,电子,电子化学品,电子化学品Ⅲ,2026-08-30复核：生产主营“纳米薄膜产品”，行业分类“电子/电子化学品/电子化学品Ⅲ”；归入集成电路材料,20260830_NEW,False
C_需人工复核,未在主营/新战略业务中找到关键电子元器件直接证据；当前主要依赖光学元件,cn,688378,奥来德,4,国家重点扶持产业,第二梯队：新兴支柱产业,关键电子元器件,主营+行业映射,公司主营业务为有机发光材料,有机发光材料、蒸发源设备,,电子,光学光电子,光学元件,2026-08-30复核：生产主营“有机发光材料、蒸发源设备”，行业分类“电子/光学光电子/光学元件”；归入关键电子元器件,20260830_NEW,False
C_需人工复核,未在主营/新战略业务中找到新材料直接证据；当前主要依赖膜材料,cn,688386,泛亚微透,4,国家重点扶持产业,第二梯队：新兴支柱产业,新材料,主营+行业映射,公司主营业务为ePTFE微透产品,挡水膜、密封件、吸隔声产品、ePTFE微透产品、气凝胶、CMD、气体管理产品,,基础化工,塑料,膜材料,2026-08-30复核：生产主营“挡水膜、密封件、吸隔声产品、ePTFE微透产品、气凝胶、CMD、气体管理产品”，行业分类“基础化工/塑料/膜材料”；归入新材料,20260830_NEW,False
C_需人工复核,未在主营/新战略业务中找到新材料直接证据；当前主要依赖锂电池,cn,688388,嘉元科技,4,国家重点扶持产业,第二梯队：新兴支柱产业,新材料,主营/战略文本,公司主营业务为锂电铜箔,锂电铜箔、标准铜箔,,电力设备,电池,锂电池,2026-08-30复核：生产主营业务“锂电铜箔、标准铜箔”命中“锂电铜箔”；归入新材料,20260830_NEW,False
C_需人工复核,未在主营/新战略业务中找到高端医疗器械直接证据；当前主要依赖体外诊断,cn,688393,安必平,4,国家重点扶持产业,第二梯队：新兴支柱产业,高端医疗器械,主营+行业映射,公司主营业务为自产产品,自产产品、外购产品、服务收入,,医药生物,医疗器械,体外诊断,2026-08-30复核：生产主营“自产产品、外购产品、服务收入”，行业分类“医药生物/医疗器械/体外诊断”；归入高端医疗器械,20260830_NEW,False
C_需人工复核,未在主营/新战略业务中找到高端医疗器械直接证据；当前主要依赖医疗设备,cn,688410,山外山,4,国家重点扶持产业,第二梯队：新兴支柱产业,高端医疗器械,主营+行业映射,公司主营业务为血液净化设备,血液净化设备、血液净化耗材、医疗服务、产品质量保证,,医药生物,医疗器械,医疗设备,2026-08-30复核：生产主营“血液净化设备、血液净化耗材、医疗服务、产品质量保证”，行业分类“医药生物/医疗器械/医疗设备”；归入高端医疗器械,20260830_NEW,False
C_需人工复核,未在主营/新战略业务中找到高端医疗器械直接证据；当前主要依赖体外诊断,cn,688426,康为世纪,4,国家重点扶持产业,第二梯队：新兴支柱产业,高端医疗器械,主营+行业映射,公司主营业务为商品销售,商品销售、分子检测服务,,医药生物,医疗器械,体外诊断,2026-08-30复核：生产主营“商品销售、分子检测服务”，行业分类“医药生物/医疗器械/体外诊断”；归入高端医疗器械,20260830_NEW,False
C_需人工复核,未在主营/新战略业务中找到高端医疗器械直接证据；当前主要依赖体外诊断,cn,688468,科美诊断,4,国家重点扶持产业,第二梯队：新兴支柱产业,高端医疗器械,主营+行业映射,公司主营业务为LiCA®系列产品,LiCA®系列产品、CC系列产品,,医药生物,医疗器械,体外诊断,2026-08-30复核：生产主营“LiCA®系列产品、CC系列产品”，行业分类“医药生物/医疗器械/体外诊断”；归入高端医疗器械,20260830_NEW,False
C_需人工复核,未在主营/新战略业务中找到高端装备直接证据；当前主要依赖轨交设备Ⅲ,cn,688485,九州一轨,4,国家重点扶持产业,第二梯队：新兴支柱产业,高端装备,主营+行业映射,公司主营业务为钢弹簧浮置道床减振系统,钢弹簧浮置道床减振系统、预制式钢弹簧浮置板、声屏障、隔离式高弹性减振垫,,机械设备,轨交设备,轨交设备Ⅲ,2026-08-30复核：生产主营“钢弹簧浮置道床减振系统、预制式钢弹簧浮置板、声屏障、隔离式高弹性减振垫”，行业分类“机械设备/轨交设备/轨交设备Ⅲ”；归入高端装备,20260830_NEW,False
C_需人工复核,未在主营/新战略业务中找到先进计算与信息设备直接证据；当前主要依赖安防设备,cn,688489,三未信安,4,国家重点扶持产业,第二梯队：新兴支柱产业,先进计算与信息设备,主营+行业映射,公司主营业务为密码整机,安全系统及网络安全产品、密码整机、密码模组、密码系统、密码芯片,,计算机,计算机设备,安防设备,2026-08-30复核：生产主营“安全系统及网络安全产品、密码整机、密码模组、密码系统、密码芯片”，行业分类“计算机/计算机设备/安防设备”；归入先进计算与信息设备,20260830_NEW,False
C_需人工复核,未在主营/新战略业务中找到软件与信息技术服务直接证据；当前主要依赖IT服务Ⅲ,cn,688500,慧辰股份,4,国家重点扶持产业,第二梯队：新兴支柱产业,软件与信息技术服务,主营+行业映射,公司主营业务为数据产品,数据产品、解决方案,,计算机,IT服务,IT服务Ⅲ,2026-08-30复核：生产主营“数据产品、解决方案”，行业分类“计算机/IT服务/IT服务Ⅲ”；归入软件与信息技术服务,20260830_NEW,False
C_需人工复核,未在主营/新战略业务中找到关键电子元器件直接证据；当前主要依赖光学元件,cn,688502,茂莱光学,3,用户常用,第二梯队：新兴支柱产业,关键电子元器件,主营+行业映射,公司主营业务为光学器件,光学器件、光学镜头、光学系统、服务,,电子,光学光电子,光学元件,2026-08-30复核：生产主营“光学器件、光学镜头、光学系统、服务”，行业分类“电子/光学光电子/光学元件”；归入关键电子元器件,20260830_NEW,False
C_需人工复核,未在主营/新战略业务中找到软件与信息技术服务直接证据；当前主要依赖IT服务Ⅲ,cn,688509,正元地信,4,国家重点扶持产业,第二梯队：新兴支柱产业,软件与信息技术服务,主营+行业映射,公司主营业务为管线运维服务,测绘地理信息、管线运维服务、智慧城市,,计算机,IT服务,IT服务Ⅲ,2026-08-30复核：生产主营“测绘地理信息、管线运维服务、智慧城市”，行业分类“计算机/IT服务/IT服务Ⅲ”；归入软件与信息技术服务,20260830_NEW,False
C_需人工复核,未在主营/新战略业务中找到高端装备直接证据；当前主要依赖激光设备,cn,688518,联赢激光,4,国家重点扶持产业,第二梯队：新兴支柱产业,高端装备,主营+行业映射,公司主营业务为激光焊接自动化成套设备,激光焊接自动化成套设备、激光器及激光焊接机、工作台,,机械设备,自动化设备,激光设备,2026-08-30复核：生产主营“激光焊接自动化成套设备、激光器及激光焊接机、工作台”，行业分类“机械设备/自动化设备/激光设备”；归入高端装备,20260830_NEW,False
C_需人工复核,未在主营/新战略业务中找到集成电路材料直接证据；当前主要依赖半导体材料,cn,688535,华海诚科,4,国家重点扶持产业,第三梯队：卡脖子底座,集成电路材料,主营+行业映射,公司主营业务为环氧塑封材料,环氧塑封材料、胶黏剂,,电子,半导体,半导体材料,2026-08-30复核：生产主营“环氧塑封材料、胶黏剂”，行业分类“电子/半导体/半导体材料”；归入集成电路材料,20260830_NEW,False
C_需人工复核,未在主营/新战略业务中找到集成电路材料直接证据；当前主要依赖电子化学品Ⅲ,cn,688545,兴福电子,4,国家重点扶持产业,第三梯队：卡脖子底座,集成电路材料,主营+行业映射,公司主营业务为通用湿电子化学品,通用湿电子化学品、功能湿电子化学品、湿电子化学品回收综合利用业务、食品添加剂磷酸、代工业务,,电子,电子化学品,电子化学品Ⅲ,2026-08-30复核：生产主营“通用湿电子化学品、功能湿电子化学品、湿电子化学品回收综合利用业务、食品添加剂磷酸、代工业务”，行业分类“电子/电子化学品/电子化学品Ⅲ”；归入集成电路材料,20260830_NEW,False
C_需人工复核,未在主营/新战略业务中找到集成电路材料直接证据；当前主要依赖电子化学品Ⅲ,cn,688548,广钢气体,2,S100,第三梯队：卡脖子底座,集成电路材料,主营/战略文本,公司主营业务为电子大宗气体,电子大宗气体、通用工业气体,,电子,电子化学品,电子化学品Ⅲ,2026-08-30复核：生产主营业务“电子大宗气体、通用工业气体”命中“电子大宗气体”；归入集成电路材料,20260830_NEW,False
C_需人工复核,未在主营/新战略业务中找到集成电路材料直接证据；当前主要依赖电子化学品Ⅲ,cn,688549,中巨芯,4,国家重点扶持产业,第三梯队：卡脖子底座,集成电路材料,主营+行业映射,公司主营业务为电子湿化学品,电子湿化学品、电子特种气体及前驱体,,电子,电子化学品,电子化学品Ⅲ,2026-08-30复核：生产主营“电子湿化学品、电子特种气体及前驱体”，行业分类“电子/电子化学品/电子化学品Ⅲ”；归入集成电路材料,20260830_NEW,False
C_需人工复核,未在主营/新战略业务中找到集成电路材料直接证据；当前主要依赖电子化学品Ⅲ,cn,688550,瑞联新材,4,国家重点扶持产业,第三梯队：卡脖子底座,集成电路材料,主营+行业映射,公司主营业务为显示材料,显示材料、医药中间体,,电子,电子化学品,电子化学品Ⅲ,2026-08-30复核：生产主营“显示材料、医药中间体”，行业分类“电子/电子化学品/电子化学品Ⅲ”；归入集成电路材料,20260830_NEW,False
C_需人工复核,未在主营/新战略业务中找到新型显示直接证据；当前主要依赖激光设备,cn,688559,海目星,4,国家重点扶持产业,第二梯队：新兴支柱产业,新型显示,主营/战略文本,公司主营业务为动力电池激光及自动化设备,动力电池激光及自动化设备、3C消费类电子激光及自动化设备、钣金激光切割设备、光伏行业激光及自动化设备、新型显示行业激光及自动化设备,,机械设备,自动化设备,激光设备,2026-08-30复核：生产主营业务“动力电池激光及自动化设备、3C消费类电子激光及自动化设备、钣金激光切割设备、光伏行业激光及自动化设备、新型显示行业激光及自动化设备”命中“新型显示”；归入新型显示,20260830_NEW,False
C_需人工复核,未在主营/新战略业务中找到软件与信息技术服务直接证据；当前主要依赖横向通用软件,cn,688561,奇安信,4,国家重点扶持产业,第二梯队：新兴支柱产业,软件与信息技术服务,主营+行业映射,公司主营业务为安全产品,安全产品、安全服务,,计算机,软件开发,横向通用软件,2026-08-30复核：生产主营“安全产品、安全服务”，行业分类“计算机/软件开发/横向通用软件”；归入软件与信息技术服务,20260830_NEW,False
C_需人工复核,未在主营/新战略业务中找到高端装备直接证据；当前主要依赖轨交设备Ⅲ,cn,688569,铁科轨道,4,国家重点扶持产业,第二梯队：新兴支柱产业,高端装备,主营+行业映射,公司主营业务为轨道扣件,轨道扣件、预应力钢丝及锚固板、铁路桥梁支座、工程材料、轨道部件加工服务,,机械设备,轨交设备,轨交设备Ⅲ,2026-08-30复核：生产主营“轨道扣件、预应力钢丝及锚固板、铁路桥梁支座、工程材料、轨道部件加工服务”，行业分类“机械设备/轨交设备/轨交设备Ⅲ”；归入高端装备,20260830_NEW,False
C_需人工复核,未在主营/新战略业务中找到高端医疗器械直接证据；当前主要依赖体外诊断,cn,688575,亚辉龙,4,国家重点扶持产业,第二梯队：新兴支柱产业,高端医疗器械,主营+行业映射,公司主营业务为自产,自产、自产试剂（非新冠产品）、自产仪器（非新冠产品）、自产耗材（非新冠产品）、自产新冠产品、软件服务、代理、代理试剂、代理仪器、代理耗材,,医药生物,医疗器械,体外诊断,2026-08-30复核：生产主营“自产、自产试剂（非新冠产品）、自产仪器（非新冠产品）、自产耗材（非新冠产品）、自产新冠产品、软件服务、代理、代理试剂、代理仪器、代理耗材”，行业分类“医药生物/医疗器械/体外诊断”；归入高端医疗器械,20260830_NEW,False
C_需人工复核,未在主营/新战略业务中找到高端医疗器械直接证据；当前主要依赖医疗耗材,cn,688576,西山科技,4,国家重点扶持产业,第二梯队：新兴支柱产业,高端医疗器械,主营+行业映射,公司主营业务为手术动力装置,手术动力装置、其中：整机、耗材、配件,,医药生物,医疗器械,医疗耗材,2026-08-30复核：生产主营“手术动力装置、其中：整机、耗材、配件”，行业分类“医药生物/医疗器械/医疗耗材”；归入高端医疗器械,20260830_NEW,False
C_需人工复核,未在主营/新战略业务中找到高端医疗器械直接证据；当前主要依赖医疗设备,cn,688580,伟思医疗,4,国家重点扶持产业,第二梯队：新兴支柱产业,高端医疗器械,主营+行业映射,公司主营业务为磁刺激类,激光射频类、电刺激类、电生理类、磁刺激类、耗材及配件,,医药生物,医疗器械,医疗设备,2026-08-30复核：生产主营“激光射频类、电刺激类、电生理类、磁刺激类、耗材及配件”，行业分类“医药生物/医疗器械/医疗设备”；归入高端医疗器械,20260830_NEW,False
C_需人工复核,未在主营/新战略业务中找到高端医疗器械直接证据；当前主要依赖医疗耗材,cn,688581,安杰思,4,国家重点扶持产业,第二梯队：新兴支柱产业,高端医疗器械,主营+行业映射,公司主营业务为GI类,GI类、EMR/ESD类、ERCP类、仪器类,,医药生物,医疗器械,医疗耗材,2026-08-30复核：生产主营“GI类、EMR/ESD类、ERCP类、仪器类”，行业分类“医药生物/医疗器械/医疗耗材”；归入高端医疗器械,20260830_NEW,False
C_需人工复核,未在主营/新战略业务中找到集成电路材料直接证据；当前主要依赖半导体材料,cn,688584,上海合晶,4,国家重点扶持产业,第三梯队：卡脖子底座,集成电路材料,主营+行业映射,公司主营业务为硅外延片,硅外延片、硅材料,,电子,半导体,半导体材料,2026-08-30复核：生产主营“硅外延片、硅材料”，行业分类“电子/半导体/半导体材料”；归入集成电路材料,20260830_NEW,False
C_需人工复核,未在主营/新战略业务中找到集成电路材料直接证据；当前主要依赖电子化学品Ⅲ,cn,688603,天承科技,4,国家重点扶持产业,第三梯队：卡脖子底座,集成电路材料,主营+行业映射,公司主营业务为沉铜电镀专用化学品,沉铜电镀专用化学品、垂直沉铜专用化学品、水平沉铜专用化学品、电镀专用化学品、铜面处理专用化学品,,电子,电子化学品,电子化学品Ⅲ,2026-08-30复核：生产主营“沉铜电镀专用化学品、垂直沉铜专用化学品、水平沉铜专用化学品、电镀专用化学品、铜面处理专用化学品”，行业分类“电子/电子化学品/电子化学品Ⅲ”；归入集成电路材料,20260830_NEW,False
C_需人工复核,未在主营/新战略业务中找到高端医疗器械直接证据；当前主要依赖体外诊断,cn,688606,奥泰生物,4,国家重点扶持产业,第二梯队：新兴支柱产业,高端医疗器械,主营+行业映射,公司主营业务为传染病类,新冠检测类、传染病类、毒品及药物滥用类、妇女健康类、肿瘤类、心肌类,,医药生物,医疗器械,体外诊断,2026-08-30复核：生产主营“新冠检测类、传染病类、毒品及药物滥用类、妇女健康类、肿瘤类、心肌类”，行业分类“医药生物/医疗器械/体外诊断”；归入高端医疗器械,20260830_NEW,False
C_需人工复核,未在主营/新战略业务中找到高端医疗器械直接证据；当前主要依赖医疗耗材,cn,688613,奥精医疗,4,国家重点扶持产业,第二梯队：新兴支柱产业,高端医疗器械,主营+行业映射,公司主营业务为骼金,骼金、颅瑞、齿贝、BonGold、口腔种植体,,医药生物,医疗器械,医疗耗材,2026-08-30复核：生产主营“骼金、颅瑞、齿贝、BonGold、口腔种植体”，行业分类“医药生物/医疗器械/医疗耗材”；归入高端医疗器械,20260830_NEW,False
C_需人工复核,未在主营/新战略业务中找到软件与信息技术服务直接证据；当前主要依赖垂直应用软件,cn,688615,合合信息,4,国家重点扶持产业,第二梯队：新兴支柱产业,软件与信息技术服务,主营+行业映射,公司主营业务为智能文字识别-C端产品,商业大数据-B端产品及服务、商业大数据-C端产品、智能文字识别-B端产品及服务、智能文字识别-C端产品,,计算机,软件开发,垂直应用软件,2026-08-30复核：生产主营“商业大数据-B端产品及服务、商业大数据-C端产品、智能文字识别-B端产品及服务、智能文字识别-C端产品”，行业分类“计算机/软件开发/垂直应用软件”；归入软件与信息技术服务,20260830_NEW,False
C_需人工复核,未在主营/新战略业务中找到高端医疗器械直接证据；当前主要依赖医疗耗材,cn,688617,惠泰医疗,4,国家重点扶持产业,第二梯队：新兴支柱产业,高端医疗器械,主营+行业映射,公司主营业务为冠脉通路类,电生理、冠脉通路类、外周介入类、非血管介入类、OEM,,医药生物,医疗器械,医疗耗材,2026-08-30复核：生产主营“电生理、冠脉通路类、外周介入类、非血管介入类、OEM”，行业分类“医药生物/医疗器械/医疗耗材”；归入高端医疗器械,20260830_NEW,False
C_需人工复核,未在主营/新战略业务中找到先进计算与信息设备直接证据；当前主要依赖安防设备,cn,688619,罗普特,4,国家重点扶持产业,第二梯队：新兴支柱产业,先进计算与信息设备,主营+行业映射,公司主营业务为社会安全系统解决方案,社会安全系统解决方案、安防视频监控产品销售,,计算机,计算机设备,安防设备,2026-08-30复核：生产主营“社会安全系统解决方案、安防视频监控产品销售”，行业分类“计算机/计算机设备/安防设备”；归入先进计算与信息设备,20260830_NEW,False
C_需人工复核,未在主营/新战略业务中找到高端医疗器械直接证据；当前主要依赖医疗设备,cn,688626,翔宇医疗,4,国家重点扶持产业,第二梯队：新兴支柱产业,高端医疗器械,主营+行业映射,公司主营业务为康复理疗设备类,康复理疗设备类、康复训练设备类、康复评定设备类、经营及配件产品,,医药生物,医疗器械,医疗设备,2026-08-30复核：生产主营“康复理疗设备类、康复训练设备类、康复评定设备类、经营及配件产品”，行业分类“医药生物/医疗器械/医疗设备”；归入高端医疗器械,20260830_NEW,False
C_需人工复核,未在主营/新战略业务中找到软件与信息技术服务直接证据；当前主要依赖垂直应用软件,cn,688631,莱斯信息,4,国家重点扶持产业,第二梯队：新兴支柱产业,软件与信息技术服务,主营+行业映射,公司主营业务为信息化系统开发建设,信息化系统开发建设、运维和技术服务、商品销售,,计算机,软件开发,垂直应用软件,2026-08-30复核：生产主营“信息化系统开发建设、运维和技术服务、商品销售”，行业分类“计算机/软件开发/垂直应用软件”；归入软件与信息技术服务,20260830_NEW,False
C_需人工复核,未在主营/新战略业务中找到高端装备直接证据；当前主要依赖激光设备,cn,688646,逸飞激光,4,国家重点扶持产业,第二梯队：新兴支柱产业,高端装备,主营/战略文本,公司主营业务为精密激光加工智能装备,自动化产线、智能化专机、改造与增值服务、智慧物流装备与系统,,机械设备,自动化设备,激光设备,2026-08-30复核：生产所属行业“公司主营业务为精密激光加工智能装备”命中“智能装备”；归入高端装备,20260830_NEW,False
C_需人工复核,未在主营/新战略业务中找到高端医疗器械直接证据；当前主要依赖体外诊断,cn,688656,浩欧博,4,国家重点扶持产业,第二梯队：新兴支柱产业,高端医疗器械,主营+行业映射,公司主营业务为过敏试剂产品,过敏试剂产品、自免试剂产品、仪器销售,,医药生物,医疗器械,体外诊断,2026-08-30复核：生产主营“过敏试剂产品、自免试剂产品、仪器销售”，行业分类“医药生物/医疗器械/体外诊断”；归入高端医疗器械,20260830_NEW,False
C_需人工复核,未在主营/新战略业务中找到关键电子元器件直接证据；当前主要依赖消费电子零部件及组装,cn,688678,福立旺,4,国家重点扶持产业,第二梯队：新兴支柱产业,关键电子元器件,主营+行业映射,公司主营业务为3C精密零部件,3C精密零部件、汽车精密零部件、电动工具零部件、金刚线母线及黄铜丝、一般精密零部件,,电子,消费电子,消费电子零部件及组装,2026-08-30复核：生产主营“3C精密零部件、汽车精密零部件、电动工具零部件、金刚线母线及黄铜丝、一般精密零部件”，行业分类“电子/消费电子/消费电子零部件及组装”；归入关键电子元器件,20260830_NEW,False
C_需人工复核,未在主营/新战略业务中找到集成电路材料直接证据；当前主要依赖电子化学品Ⅲ,cn,688683,莱尔科技,4,国家重点扶持产业,第三梯队：卡脖子底座,集成电路材料,主营+行业映射,公司主营业务为功能胶膜类材料,功能胶膜类材料、功能胶膜类应用产品、电池箔,,电子,电子化学品,电子化学品Ⅲ,2026-08-30复核：生产主营“功能胶膜类材料、功能胶膜类应用产品、电池箔”，行业分类“电子/电子化学品/电子化学品Ⅲ”；归入集成电路材料,20260830_NEW,False
C_需人工复核,未在主营/新战略业务中找到先进材料直接证据；当前主要依赖原料药,cn,688690,纳微科技,4,国家重点扶持产业,第三梯队：卡脖子底座,先进材料,旧批次人工复核,公司主营业务为色谱填料和层析介质产品,色谱填料和层析介质产品、色谱分析仪器及配件、蛋白层析系统及配件、液相色谱柱及样品前处理产品、IVD用核心微球产品、光电领域用微球产品、分离纯化技术服务,,医药生物,化学制药,原料药,Codex复核：结合主营业务将候选结果调整为先进材料,PREEXISTING,False
C_需人工复核,未在主营/新战略业务中找到集成电路材料直接证据；当前主要依赖半导体材料,cn,688721,龙图光罩,4,国家重点扶持产业,第三梯队：卡脖子底座,集成电路材料,主营+行业映射,公司主营业务为石英掩模版,石英掩模版、苏打掩模版,,电子,半导体,半导体材料,2026-08-30复核：生产主营“石英掩模版、苏打掩模版”，行业分类“电子/半导体/半导体材料”；归入集成电路材料,20260830_NEW,False
C_需人工复核,未在主营/新战略业务中找到新材料直接证据；当前主要依赖磁性材料,cn,688786,悦安新材,4,国家重点扶持产业,第二梯队：新兴支柱产业,新材料,主营+行业映射,公司主营业务为软磁粉,合金粉、软磁粉、羰基铁粉、注射成型喂料粉、吸波材料、气体,,有色金属,金属新材料,磁性材料,2026-08-30复核：生产主营“合金粉、软磁粉、羰基铁粉、注射成型喂料粉、吸波材料、气体”，行业分类“有色金属/金属新材料/磁性材料”；归入新材料,20260830_NEW,False
C_需人工复核,未在主营/新战略业务中找到软件与信息技术服务直接证据；当前主要依赖IT服务Ⅲ,cn,688787,海天瑞声,4,国家重点扶持产业,第二梯队：新兴支柱产业,软件与信息技术服务,主营+行业映射,公司主营业务为智能语音,智能语音、计算机视觉、自然语言、应用服务,,计算机,IT服务,IT服务Ⅲ,2026-08-30复核：生产主营“智能语音、计算机视觉、自然语言、应用服务”，行业分类“计算机/IT服务/IT服务Ⅲ”；归入软件与信息技术服务,20260830_NEW,False
E_资料不足,主营、新战略业务和所属行业均缺失,cn,688795,摩尔线程,1,黄埔线下标的,第一梯队：AI+超级主线,国产算力芯片,人工复核,,,,,,,2026-08-30人工复核：上交所招股书披露主营全功能GPU；归入国产算力芯片,20260830_NEW,False
E_资料不足,主营、新战略业务和所属行业均缺失,cn,688802,沐曦股份,1,黄埔线下标的,第一梯队：AI+超级主线,国产算力芯片,人工复核,,,,,,,2026-08-30人工复核：上交所招股书披露主营GPU及AI计算平台；归入国产算力芯片,20260830_NEW,False
E_资料不足,主营、新战略业务和所属行业均缺失,cn,688825,长鑫科技,1,黄埔线下标的,第三梯队：卡脖子底座,存储芯片,人工复核,,,,,,,2026-08-30人工复核：上交所招股书披露主营DRAM；归入存储芯片,20260830_NEW,False
C_需人工复核,未在主营/新战略业务中找到软件与信息技术服务直接证据；当前主要依赖垂直应用软件,cn,920799,艾融软件,4,国家重点扶持产业,第二梯队：新兴支柱产业,软件与信息技术服务,主营+行业映射,公司主营业务为技术开发,技术开发、技术服务,云计算服务,计算机,软件开发,垂直应用软件,2026-08-30复核：生产主营“技术开发、技术服务”，行业分类“计算机/软件开发/垂直应用软件”；归入软件与信息技术服务,20260830_NEW,False
E_资料不足,主营、新战略业务和所属行业均缺失,hk,01347,华虹宏力,2,S100,第二梯队：新兴支柱产业,集成电路,人工复核,,,,,,,2026-08-30人工复核：华虹宏力主营晶圆代工；归入集成电路,20260830_NEW,False
E_资料不足,主营、新战略业务和所属行业均缺失,hk,02513,智谱,1,黄埔线下标的,第一梯队：AI+超级主线,大模型与智能体,人工复核,,,,,,,2026-08-30人工复核：主营人工智能大模型研发与服务；归入大模型与智能体,20260830_NEW,False
E_资料不足,主营、新战略业务和所属行业均缺失,hk,03750,宁德时代,1,黄埔线下标的,第二梯队：新兴支柱产业,动力电池与新型储能,人工复核,,,,,,,2026-08-30人工复核：宁德时代H股；归入动力电池与新型储能,20260830_NEW,False
E_资料不足,主营、新战略业务和所属行业均缺失,hk,03986,兆易创新,1,黄埔线下标的,第三梯队：卡脖子底座,存储芯片,人工复核,,,,,,,2026-08-30人工复核：兆易创新H股，主营存储芯片；归入存储芯片,20260830_NEW,True
C_需人工复核,未在主营/新战略业务中找到集成电路材料直接证据；当前主要依赖旧批次人工复核,hk,08490,骏码半导体,4,国家重点扶持产业,第三梯队：卡脖子底座,集成电路材料,旧批次人工复核,公司主营业务为鍵合線,鍵合線、封裝膠,,,,,Codex复核：结合主营业务将候选结果调整为集成电路材料,PREEXISTING,False
