follow_id,strategy_type,stock_code,stock_name,pick_date,matured_date,horizon_days,horizon_return_pct,mfe_pct,mae_pct,win,hit_stop_loss,hit_take_profit,score,recommendation_level,follow_type,pick_rank,session_type,execution_source,market_phase,evolution_version,origin,recommended_at,created_at,pick_price,calendar_mismatch,independent_status,expected_matured_date,settlement_mode,independent_exit,independent_return,entry_low,entry_high,entry_in_range,entry_distance_pct,return_difference_pp,benchmark_return,excess_return
7,dragon_head,000889,中嘉博创,2026-05-08,2026-07-25,3,-33.08,-12.15,-33.08,False,,,0.0,推荐,trade,6,,close_snapshot,unknown,1,late_record,,2026-05-10 21:26:58,5.35,True,ok,2026-05-13,close,5.57,4.112149532710285,5.34,5.89,True,0,37.19214953271028,2.5950807794068442,1.517068753303441
9,dragon_head,603158,腾龙股份,2026-05-08,2026-05-13,3,-2.98,-0.52,-2.98,False,False,False,55.0,强烈推荐,trade,8,premarket,close_snapshot,unknown,1,cache_backfill,,2026-05-10 21:26:58,15.44,False,ok,2026-05-13,close,14.98,-2.979274611398963,15.5,16.5,False,-0.3870967741935516,0.0007253886010367694,2.5950807794068442,-5.574355390805808
10,dragon_head,601991,大唐发电,2026-05-08,2026-07-25,3,13.54,51.26,13.54,True,,,0.0,强烈推荐,trade,2,,close_snapshot,unknown,1,late_record,,2026-05-10 21:26:58,5.54,True,ok,2026-05-13,close,7.37,33.03249097472924,5.32,5.54,True,0,19.492490974729243,2.5950807794068442,30.4374101953224
11,dragon_head,002903,宇环数控,2026-05-08,2026-07-25,3,-48.83,6.35,-48.83,False,,,0.0,推荐,trade,10,,close_snapshot,unknown,1,late_record,,2026-05-10 21:26:58,45.22,True,ok,2026-05-13,close,48.56,7.3861123396727235,43.89,48.22,True,0,56.21611233967272,2.5950807794068442,4.791031560265879
12,dragon_head,603618,杭电股份,2026-05-08,2026-05-13,3,15.29,18.27,9.06,True,False,True,41.0,强烈推荐,trade,11,premarket,close_snapshot,unknown,1,cache_backfill,,2026-05-10 21:26:58,34.2,False,ok,2026-05-13,close,39.43,15.292397660818713,34.48,37.62,False,-0.8120649651972012,0.0023976608187137316,2.5950807794068442,12.697316881411869
13,dragon_head,600719,大连热电,2026-05-08,2026-07-25,3,-27.29,-4.58,-27.29,False,,,0.0,推荐,trade,12,,close_snapshot,unknown,1,late_record,,2026-05-10 21:26:58,9.38,True,ok,2026-05-13,close,10.83,15.45842217484008,9.05,10.3,True,0,42.74842217484008,2.5950807794068442,12.863341395433237
14,dragon_head,002217,合力泰,2026-05-08,2026-07-25,3,-60.57,-15.71,-60.57,False,,,0.0,推荐,trade,13,,close_snapshot,unknown,1,late_record,,2026-05-10 21:26:58,3.5,True,ok,2026-05-13,close,3.54,1.1428571428571344,3.41,3.65,True,0,61.71285714285713,2.5950807794068442,-1.4522236365497099
15,dragon_head,600396,华电辽能,2026-05-08,2026-07-25,3,23.08,34.58,21.33,True,,,0.0,推荐,trade,14,,close_snapshot,unknown,1,late_record,,2026-05-10 21:26:58,12.0,True,ok,2026-05-13,close,16.56,37.999999999999986,12.2,13.2,False,-1.6393442622950727,14.919999999999987,2.5950807794068442,35.40491922059314
16,dragon_head,000818,航锦科技,2026-05-08,2026-07-25,3,-35.17,-10.95,-35.17,False,,,0.0,推荐,trade,15,,close_snapshot,unknown,1,late_record,,2026-05-10 21:26:58,18.54,True,ok,2026-05-13,close,17.73,-4.3689320388349495,18.61,19.64,False,-0.37614185921547305,30.801067961165053,2.5950807794068442,-6.964012818241794
17,dragon_head,603278,大业股份,2026-05-08,2026-07-25,3,-39.41,21.55,-39.41,False,,,0.0,推荐,trade,16,,close_snapshot,unknown,1,late_record,,2026-05-10 21:26:58,13.55,True,ok,2026-05-13,close,15.29,12.841328413284113,13.41,14.91,True,0,52.251328413284114,2.5950807794068442,10.24624763387727
20,dragon_head,002491,通鼎互联,2026-05-08,2026-07-25,3,-23.96,14.67,-23.96,False,,,0.0,推荐,trade,9,,close_snapshot,unknown,1,late_record,,2026-05-10 21:26:58,20.66,True,ok,2026-05-13,close,26.95,30.445304937076468,20.03,20.66,True,0,54.405304937076465,2.5950807794068442,27.850224157669622
22,dragon_head,603738,泰晶科技,2026-05-08,2026-07-25,3,-33.42,11.68,-33.42,False,,,0.0,推荐,trade,6,,close_snapshot,unknown,1,late_record,,2026-05-10 21:26:58,47.01,True,ok,2026-05-13,close,54.0,14.869176770899806,45.65,47.01,True,0,48.28917677089981,2.5950807794068442,12.274095991492961
23,dragon_head,002317,众生药业,2026-05-08,2026-07-25,3,18.37,18.37,4.66,True,,,0.0,推荐,trade,7,,close_snapshot,unknown,1,late_record,,2026-05-10 21:26:58,22.54,True,ok,2026-05-13,close,21.83,-3.1499556344276924,22.53,22.54,True,0,-21.519955634427692,2.5950807794068442,-5.745036413834537
24,dragon_head,600936,北投科技,2026-05-08,2026-05-13,3,3.87,3.87,-1.35,True,False,True,37.0,强烈推荐,trade,8,auction_confirm,close_snapshot,unknown,1,cache_backfill,,2026-05-10 21:26:58,5.17,False,ok,2026-05-13,close,5.37,3.868471953578334,4.85,5.17,True,0,-0.0015280464216660405,2.5950807794068442,1.2733911741714898
25,dragon_head,002930,宏川智慧,2026-05-08,2026-07-25,3,-50.25,-10.04,-50.25,False,,,0.0,推荐,trade,10,,close_snapshot,unknown,1,late_record,,2026-05-10 21:26:58,16.04,True,ok,2026-05-13,close,16.65,3.802992518703241,15.11,16.04,True,0,54.05299251870324,2.5950807794068442,1.2079117392963967
26,dragon_head,002552,宝鼎科技,2026-05-08,2026-07-25,3,35.77,44.01,35.77,True,,,0.0,推荐,trade,11,,close_snapshot,unknown,1,late_record,,2026-05-10 21:26:58,27.65,True,ok,2026-05-13,close,34.81,25.895117540687185,25.68,27.65,True,0,-9.874882459312818,2.5950807794068442,23.30003676128034
27,dragon_head,000839,国安股份,2026-05-08,2026-07-25,3,-26.49,5.65,-26.49,False,,,0.0,推荐,trade,12,,close_snapshot,unknown,1,late_record,,2026-05-10 21:26:58,3.36,True,ok,2026-05-13,close,3.43,2.083333333333348,3.36,3.36,True,0,28.573333333333345,2.5950807794068442,-0.5117474460734961
28,dragon_head,002624,完美世界,2026-05-08,2026-07-25,3,-45.24,-13.05,-45.24,False,,,0.0,推荐,trade,13,,close_snapshot,unknown,1,late_record,,2026-05-10 21:26:58,17.55,True,ok,2026-05-13,close,16.96,-3.3618233618233573,17.49,17.55,True,0,41.87817663817665,2.5950807794068442,-5.9569041412302015
29,dragon_head,002866,传艺科技,2026-05-08,2026-07-25,3,-53.95,-23.35,-53.95,False,,,0.0,推荐,trade,14,,close_snapshot,unknown,1,late_record,,2026-05-10 21:26:58,29.34,True,ok,2026-05-13,close,24.51,-16.462167689161543,27.78,29.34,True,0,37.487832310838456,2.5950807794068442,-19.05724846856839
30,dragon_head,000546,金圆股份,2026-05-08,2026-07-25,3,-51.39,-25.03,-51.39,False,,,0.0,推荐,trade,15,,close_snapshot,unknown,1,late_record,,2026-05-10 21:26:58,8.27,True,ok,2026-05-13,close,7.58,-8.343409915356704,7.59,8.27,True,0,43.0465900846433,2.5950807794068442,-10.938490694763548
31,dragon_head,003036,泰坦股份,2026-05-08,2026-07-25,3,18.04,21.43,-0.26,True,,,0.0,推荐,trade,16,,close_snapshot,unknown,1,late_record,,2026-05-10 21:26:58,41.91,True,ok,2026-05-13,close,44.0,4.986876640419946,39.24,41.91,True,0,-13.053123359580052,2.5950807794068442,2.391795861013102
32,dragon_head,000036,华联控股,2026-05-08,2026-07-25,3,-35.09,-6.59,-35.09,False,,,0.0,推荐,trade,17,,close_snapshot,unknown,1,late_record,,2026-05-10 21:26:58,6.07,True,ok,2026-05-13,close,6.09,0.32948929159801743,5.66,6.07,True,0,35.41948929159802,2.5950807794068442,-2.265591487808827
33,dragon_head,000791,甘肃能源,2026-05-08,2026-07-25,3,-21.84,1.46,-21.84,False,,,0.0,推荐,trade,20,,close_snapshot,unknown,1,late_record,,2026-05-10 21:26:58,9.57,True,ok,2026-05-13,close,10.18,6.374085684430497,8.63,9.57,True,0,28.214085684430497,2.5950807794068442,3.779004905023653
66,dragon_head,000417,合百集团,2026-05-20,2026-07-26,3,-33.26,7.45,-33.26,False,,,0.0,推荐,trade,6,,close_snapshot,unknown,1,contemporaneous,,2026-05-20 11:55:56,9.53,True,ok,2026-05-25,close,10.35,8.604407135362013,9.16,9.53,True,0,41.864407135362015,1.4616447110726405,7.142762424289373
67,dragon_head,605218,伟时电子,2026-05-20,2026-07-26,3,-43.45,-4.65,-43.45,False,,,0.0,推荐,trade,14,,close_snapshot,unknown,1,contemporaneous,,2026-05-20 11:55:56,21.29,True,ok,2026-05-25,close,19.92,-6.434945984030049,20.85,22.37,True,0,37.01505401596995,1.4616447110726405,-7.89659069510269
68,dragon_head,603316,诚邦股份,2026-05-20,2026-07-26,3,-49.05,8.6,-49.05,False,,,0.0,推荐,trade,7,,close_snapshot,unknown,1,contemporaneous,,2026-05-20 11:55:56,24.77,True,ok,2026-05-25,close,25.76,3.9967702866370747,23.5,24.77,True,0,53.04677028663707,1.4616447110726405,2.535125575564434
69,dragon_head,600850,电科数字,2026-05-20,2026-05-23,3,-3.6,-3.6,-4.26,False,False,False,47.0,强烈推荐,trade,16,premarket,close_snapshot,unknown,1,cache_backfill,,2026-05-20 11:55:56,22.51,True,ok,2026-05-25,close,21.61,-3.9982230119946838,22.27,23.92,True,0,-0.3982230119946837,1.4616447110726405,-5.459867723067324
70,dragon_head,600758,辽宁能源,2026-05-20,2026-07-26,3,-39.26,-9.86,-39.26,False,,,0.0,推荐,trade,17,,close_snapshot,unknown,1,contemporaneous,,2026-05-20 11:55:56,5.17,True,ok,2026-05-25,close,4.69,-9.284332688588004,4.74,5.62,True,0,29.975667311411996,1.4616447110726405,-10.745977399660644
71,dragon_head,603989,艾华集团,2026-05-20,2026-07-26,3,8.43,17.44,8.43,True,,,0.0,推荐,trade,19,,close_snapshot,unknown,1,contemporaneous,,2026-05-20 11:55:56,24.2,True,ok,2026-05-25,close,30.7,26.859504132231415,24.36,26.32,False,-0.6568144499178974,18.429504132231415,1.4616447110726405,25.397859421158774
72,dragon_head,002067,景兴纸业,2026-05-20,2026-07-26,3,-21.59,-1.52,-21.59,False,,,0.0,推荐,trade,20,,close_snapshot,unknown,1,contemporaneous,,2026-05-20 11:55:56,5.28,True,ok,2026-05-25,close,5.35,1.325757575757569,5.0,5.21,False,1.343570057581589,22.915757575757567,1.4616447110726405,-0.13588713531507146
73,dragon_head,600863,华能蒙电,2026-05-20,2026-07-26,3,-18.12,-9.56,-18.12,False,,,0.0,推荐,trade,8,,close_snapshot,unknown,1,contemporaneous,,2026-05-20 11:55:56,5.96,True,ok,2026-05-25,close,5.93,-0.5033557046979942,5.36,5.96,True,0,17.616644295302006,1.4616447110726405,-1.9650004157706347
74,dragon_head,301322,绿通科技,2026-05-20,2026-07-26,3,-40.98,5.32,-40.98,False,,,0.0,推荐,trade,9,,close_snapshot,unknown,1,contemporaneous,,2026-05-20 11:55:56,54.12,True,ok,2026-05-25,close,57.36,5.986696230598665,54.12,54.12,True,0,46.966696230598664,1.4616447110726405,4.525051519526024
75,dragon_head,000809,和展能源,2026-05-20,2026-07-26,3,-33.41,-10.07,-33.41,False,,,0.0,推荐,trade,10,,close_snapshot,unknown,1,contemporaneous,,2026-05-20 11:55:56,4.37,True,ok,2026-05-25,close,3.99,-8.695652173913038,4.37,4.37,True,0,24.714347826086957,1.4616447110726405,-10.157296884985678
76,dragon_head,300069,金利华电,2026-05-20,2026-07-26,3,-20.67,43.98,-20.67,False,,,0.0,推荐,trade,11,,close_snapshot,unknown,1,contemporaneous,,2026-05-20 11:55:56,36.72,True,ok,2026-05-25,close,53.02,44.38997821350763,36.72,36.72,True,0,65.05997821350763,1.4616447110726405,42.928333502434995
77,dragon_head,600604,市北高新,2026-05-20,2026-07-26,3,-24.07,-2.04,-24.07,False,,,0.0,推荐,trade,12,,close_snapshot,unknown,1,contemporaneous,,2026-05-20 11:55:56,5.4,True,ok,2026-05-25,close,5.02,-7.037037037037052,5.4,5.4,True,0,17.032962962962948,1.4616447110726405,-8.498681748109693
78,dragon_head,000880,潍柴重机,2026-05-20,2026-07-26,3,-40.29,-4.43,-40.29,False,,,0.0,推荐,trade,13,,close_snapshot,unknown,1,contemporaneous,,2026-05-20 11:55:56,35.42,True,ok,2026-05-25,close,33.86,-4.404291360813106,34.5,35.42,True,0,35.885708639186895,1.4616447110726405,-5.865936071885747
79,dragon_head,002796,世嘉科技,2026-05-20,2026-07-26,3,-49.41,-6.44,-49.41,False,,,0.0,推荐,trade,14,,close_snapshot,unknown,1,contemporaneous,,2026-05-20 11:55:56,53.25,True,ok,2026-05-25,close,53.73,0.9014084507042108,50.4,53.25,True,0,50.31140845070421,1.4616447110726405,-0.5602362603684297
80,dragon_head,000926,福星股份,2026-05-20,2026-07-26,3,-14.04,-9.65,-14.04,False,,,0.0,推荐,trade,15,,close_snapshot,unknown,1,contemporaneous,,2026-05-20 11:55:56,2.28,True,ok,2026-05-25,close,2.27,-0.43859649122806044,2.17,2.28,True,0,13.601403508771938,1.4616447110726405,-1.900241202300701
81,dragon_head,002158,汉钟精机,2026-05-20,2026-07-26,3,-29.05,2.03,-29.05,False,,,0.0,推荐,trade,16,,close_snapshot,unknown,1,contemporaneous,,2026-05-20 11:55:56,35.04,True,ok,2026-05-25,close,33.51,-4.366438356164382,32.32,35.04,True,0,24.683561643835617,1.4616447110726405,-5.8280830672370225
82,dragon_head,002442,龙星科技,2026-05-20,2026-07-26,3,-32.54,21.04,-32.54,False,,,0.0,推荐,trade,17,,close_snapshot,unknown,1,contemporaneous,,2026-05-20 11:55:56,6.7,True,ok,2026-05-25,close,7.85,17.164179104477604,6.04,6.7,True,0,49.7041791044776,1.4616447110726405,15.702534393404964
83,dragon_head,001269,欧晶科技,2026-05-20,2026-07-26,3,-30.99,-2.0,-30.99,False,,,0.0,推荐,trade,18,,close_snapshot,unknown,1,contemporaneous,,2026-05-20 11:55:56,24.49,True,ok,2026-05-25,close,25.0,2.0824826459779677,23.03,24.49,True,0,33.07248264597796,1.4616447110726405,0.6208379349053272
84,dragon_head,002755,奥赛康,2026-05-20,2026-07-26,3,-29.2,-6.14,-29.2,False,,,0.0,推荐,trade,19,,close_snapshot,unknown,1,contemporaneous,,2026-05-20 11:55:56,17.74,True,ok,2026-05-25,close,16.22,-8.568207440811726,16.21,17.74,True,0,20.631792559188273,1.4616447110726405,-10.029852151884366
100,dragon_head,002879,长缆科技,2026-07-27,2026-07-30,3,-10.58,4.71,-10.58,False,,,0.0,推荐,trade,1,,close_snapshot,unknown,1,contemporaneous,,2026-07-27 08:43:16,18.05,False,ok,2026-07-30,close,16.14,-10.581717451523541,16.77,19.86,True,0,-0.0017174515235414134,-3.247469925123825,-7.334247526399716
147,dragon_head,002445,中南文化,2026-03-13,2026-03-18,3,-9.35,-9.35,-17.59,False,,,0.0,推荐,trade,1,afternoon,close_snapshot,unknown,1,cache_backfill,,2026-07-30 20:36:58,4.49,False,ok,2026-03-18,close,4.07,-9.35412026726058,4.49,4.49,True,0,-0.004120267260580235,-0.2315201514625942,-9.122600115797987
148,dragon_head,600844,金煤科技,2026-03-13,2026-03-18,3,-10.39,-4.39,-10.39,False,,,0.0,推荐,trade,6,afternoon,close_snapshot,unknown,1,cache_backfill,,2026-07-30 20:36:58,4.33,False,ok,2026-03-18,close,3.88,-10.392609699769062,3.84,4.33,True,0,-0.0026096997690618906,-0.2315201514625942,-10.161089548306467
149,dragon_head,000677,恒天海龙,2026-03-13,2026-03-18,3,-6.57,2.19,-6.57,False,,,0.0,推荐,trade,7,afternoon,close_snapshot,unknown,1,cache_backfill,,2026-07-30 20:36:59,5.02,False,ok,2026-03-18,close,4.69,-6.573705179282852,5.02,5.02,True,0,-0.003705179282851745,-0.2315201514625942,-6.342185027820258
152,dragon_head,002445,中南文化,2026-03-16,2026-03-19,3,-8.69,-8.69,-17.59,False,,,0.0,推荐,trade,1,morning,close_snapshot,unknown,1,cache_backfill,,2026-07-30 20:37:05,4.49,False,ok,2026-03-19,close,4.1,-8.685968819599122,4.04,4.77,True,0,0.0040311804008776875,-1.8903749496956168,-6.795593869903505
153,dragon_head,600370,三房巷,2026-03-16,2026-03-19,3,9.67,21.0,9.67,True,,,0.0,推荐,trade,1,afternoon,close_snapshot,unknown,1,cache_backfill,,2026-07-30 20:37:11,3.0,False,ok,2026-03-19,close,3.29,9.666666666666668,2.88,3.0,True,0,-0.003333333333332078,-1.8903749496956168,11.557041616362284
154,dragon_head,000890,法尔胜,2026-03-16,2026-03-19,3,26.24,26.24,21.01,True,,,0.0,推荐,trade,6,morning,close_snapshot,unknown,1,cache_backfill,,2026-07-30 20:37:11,11.09,False,ok,2026-03-19,close,14.0,26.239855725879167,10.66,12.2,True,0,-0.00014427412083151125,-1.8903749496956168,28.130230675574783
156,dragon_head,600370,三房巷,2026-03-17,2026-03-20,3,-1.33,21.0,-1.33,False,,,0.0,推荐,trade,1,morning,close_snapshot,unknown,1,cache_backfill,,2026-07-30 20:37:13,3.0,False,ok,2026-03-20,close,2.96,-1.3333333333333308,2.86,3.3,True,0,-0.0033333333333307458,-1.5185102125310324,0.18517687919770154
157,dragon_head,600683,京投发展,2026-03-17,2026-03-20,3,2.45,2.45,-6.89,True,,,0.0,推荐,trade,3,afternoon,close_snapshot,unknown,1,cache_backfill,,2026-07-30 20:37:13,10.6,False,ok,2026-03-20,close,10.86,2.4528301886792336,10.28,10.6,True,0,0.0028301886792334585,-1.5185102125310324,3.971340401210266
169,dragon_head,600370,三房巷,2026-03-18,2026-03-23,3,-26.72,-9.37,-26.72,False,,,0.0,强烈推荐,trade,1,afternoon,close_snapshot,unknown,1,cache_backfill,,2026-07-30 20:37:33,3.63,False,ok,2026-03-23,close,2.66,-26.72176308539944,3.28,3.63,True,0,-0.0017630853994425877,-5.159145015488386,-21.562618069911053
170,dragon_head,000890,法尔胜,2026-03-18,2026-03-23,3,-2.01,4.32,-2.16,False,,,0.0,推荐,trade,2,morning,close_snapshot,unknown,1,cache_backfill,,2026-07-30 20:37:34,13.42,False,ok,2026-03-23,close,13.15,-2.0119225037257826,12.51,14.0,True,0,-0.0019225037257828426,-5.159145015488386,3.1472225117626036
171,dragon_head,600683,京投发展,2026-03-18,2026-03-23,3,-0.57,2.45,-6.89,False,,,0.0,推荐,trade,3,morning,close_snapshot,unknown,1,cache_backfill,,2026-07-30 20:37:34,10.6,False,ok,2026-03-23,close,10.54,-0.5660377358490565,10.13,11.37,True,0,0.003962264150943473,-5.159145015488386,4.59310727963933
182,dragon_head,600396,华电辽能,2026-03-19,2026-03-24,3,33.22,33.22,10.02,True,,,0.0,强烈推荐,trade,2,manual,close_snapshot,unknown,1,cache_backfill,,2026-07-30 20:37:49,5.69,False,ok,2026-03-24,close,7.58,33.216168717047445,5.19,5.69,True,0,-0.0038312829525537495,-2.367970326733204,35.58413904378065
183,dragon_head,000601,韶能股份,2026-03-19,2026-03-24,3,8.92,10.0,-0.95,True,,,0.0,强烈推荐,trade,3,afternoon,close_snapshot,unknown,1,cache_backfill,,2026-07-30 20:37:50,7.4,False,ok,2026-03-24,close,8.06,8.918918918918916,7.4,7.4,True,0,-0.0010810810810841787,-2.367970326733204,11.28688924565212
184,dragon_head,000815,美利云,2026-03-19,2026-03-24,3,6.42,6.42,-1.92,True,,,0.0,推荐,trade,5,afternoon,close_snapshot,unknown,1,cache_backfill,,2026-07-30 20:37:53,19.32,False,ok,2026-03-24,close,20.56,6.418219461697716,18.22,19.32,True,0,-0.0017805383022837518,-2.367970326733204,8.78618978843092
192,dragon_head,000601,韶能股份,2026-03-20,2026-03-25,3,8.97,8.97,-9.95,True,,,0.0,强烈推荐,trade,4,afternoon,close_snapshot,unknown,1,cache_backfill,,2026-07-30 20:38:04,8.14,False,ok,2026-03-25,close,8.87,8.968058968058944,8.0,8.14,True,0,-0.001941031941056437,-0.6470302297778452,9.61508919783679
193,dragon_head,600396,华电辽能,2026-03-20,2026-03-25,3,46.57,46.57,21.09,True,,,0.0,推荐,trade,2,morning,close_snapshot,unknown,1,cache_backfill,,2026-07-30 20:38:05,5.69,False,ok,2026-03-25,close,8.34,46.57293497363795,5.58,6.26,True,0,0.0029349736379487013,-0.6470302297778452,47.219965203415796
194,dragon_head,002902,铭普光磁,2026-03-20,2026-03-25,3,-1.56,-1.56,-13.54,False,,,0.0,推荐,trade,5,manual,close_snapshot,unknown,1,cache_backfill,,2026-07-30 20:38:08,26.36,False,ok,2026-03-25,close,25.95,-1.5553869499241313,24.4,26.36,True,0,0.004613050075868763,-0.6470302297778452,-0.9083567201462861
207,dragon_head,002896,中大力德,2026-03-23,2026-03-26,3,1.68,1.68,-3.32,True,,,55.0,推荐,trade,6,morning,close_snapshot,unknown,1,cache_backfill,,2026-07-30 20:38:26,77.0,False,ok,2026-03-26,close,78.29,1.6753246753246742,74.02,77.0,True,0,-0.0046753246753257205,1.3474422815753728,0.3278823937493014
208,dragon_head,603211,晋拓股份,2026-03-23,2026-03-26,3,-6.86,-3.14,-6.86,False,,,55.0,推荐,trade,8,morning,close_snapshot,unknown,1,cache_backfill,,2026-07-30 20:38:27,26.08,False,ok,2026-03-26,close,24.29,-6.863496932515334,24.19,26.08,True,0,-0.0034969325153335618,1.3474422815753728,-8.210939214090708
209,dragon_head,600844,金煤科技,2026-03-23,2026-03-26,3,12.66,12.66,2.23,True,,,55.0,推荐,trade,10,morning,close_snapshot,unknown,1,cache_backfill,,2026-07-30 20:38:28,4.03,False,ok,2026-03-26,close,4.54,12.655086848635232,3.62,4.03,True,0,-0.004913151364767998,1.3474422815753728,11.30764456705986
239,dragon_head,600758,辽宁能源,2026-03-24,2026-03-27,3,6.35,18.08,6.35,True,False,True,70.0,强烈推荐,trade,5,afternoon,close_snapshot,unknown,1,cache_backfill,,2026-07-30 20:39:26,5.2,False,ok,2026-03-27,close,5.53,6.346153846153846,5.01,5.2,True,0,-0.0038461538461538325,0.6223853112596878,5.723768534894158
240,dragon_head,002218,拓日新能,2026-03-24,2026-03-27,3,-8.0,0.69,-8.0,False,True,False,70.0,推荐,trade,3,afternoon,close_snapshot,unknown,1,cache_backfill,,2026-07-30 20:39:27,7.25,False,ok,2026-03-27,close,6.67,-7.9999999999999964,6.89,7.25,True,0,3.552713678800501e-15,0.6223853112596878,-8.622385311259684
241,dragon_head,000720,新能泰山,2026-03-24,2026-03-27,3,33.09,33.09,9.9,True,,,55.0,推荐,trade,6,afternoon,close_snapshot,unknown,1,cache_backfill,,2026-07-30 20:39:27,4.14,False,ok,2026-03-27,close,5.51,33.09178743961354,4.14,4.14,True,0,0.0017874396135368897,0.6223853112596878,32.46940212835385
245,dragon_head,600758,辽宁能源,2026-03-25,2026-03-30,3,-12.94,7.34,-12.94,False,True,True,85.0,推荐,trade,3,manual,close_snapshot,unknown,1,cache_backfill,,2026-07-30 20:39:33,5.72,False,ok,2026-03-30,close,4.98,-12.937062937062926,5.5,5.72,True,0,0.00293706293707352,-1.0032022250284989,-11.933860712034427
246,dragon_head,000720,新能泰山,2026-03-25,2026-03-30,3,9.01,21.1,9.01,True,,,70.0,推荐,trade,6,manual,close_snapshot,unknown,1,cache_backfill,,2026-07-30 20:39:33,4.55,False,ok,2026-03-30,close,4.96,9.010989010989023,4.55,4.55,True,0,0.0009890109890235976,-1.0032022250284989,10.014191236017522
247,dragon_head,600666,奥瑞德,2026-03-25,2026-03-30,3,18.18,18.18,4.73,True,,,70.0,推荐,trade,7,manual,close_snapshot,unknown,1,cache_backfill,,2026-07-30 20:39:34,5.28,False,ok,2026-03-30,close,6.24,18.181818181818187,5.28,5.28,True,0,0.00181818181818727,-1.0032022250284989,19.185020406846686
282,dragon_head,000722,湖南发展,2026-03-26,2026-03-31,3,-20.08,-7.22,-20.08,False,True,False,85.0,强烈推荐,trade,3,morning,close_snapshot,unknown,1,cache_backfill,,2026-07-30 20:40:44,18.28,False,ok,2026-03-31,close,14.61,-20.076586433260402,17.52,18.28,True,0,0.003413566739595808,-0.6137312312815224,-19.46285520197888
283,dragon_head,600666,奥瑞德,2026-03-26,2026-03-31,3,-1.89,7.4,-1.89,False,False,True,85.0,推荐,trade,2,morning,close_snapshot,unknown,1,cache_backfill,,2026-07-30 20:40:45,5.81,False,ok,2026-03-31,close,5.7,-1.8932874354561036,5.37,5.81,True,0,-0.00328743545610366,-0.6137312312815224,-1.2795562041745812
284,dragon_head,600163,中闽能源,2026-03-26,2026-03-31,3,-8.08,-5.55,-12.42,False,,,70.0,推荐,trade,6,morning,close_snapshot,unknown,1,cache_backfill,,2026-07-30 20:40:46,8.29,False,ok,2026-03-31,close,7.62,-8.082026537997578,8.15,8.29,True,0,-0.002026537997577904,-0.6137312312815224,-7.468295306716056
307,dragon_head,000720,新能泰山,2026-03-27,2026-04-01,3,-10.89,-0.91,-10.89,False,True,False,100.0,推荐,trade,1,morning,close_snapshot,unknown,1,cache_backfill,,2026-07-30 20:41:28,5.51,False,ok,2026-04-01,close,4.91,-10.88929219600725,5.42,5.51,True,0,0.0007078039927499447,0.5219241455435508,-11.411216341550801
308,dragon_head,603538,美诺华,2026-03-27,2026-04-01,3,1.56,10.01,1.56,True,False,True,100.0,推荐,trade,2,manual,close_snapshot,unknown,1,cache_backfill,,2026-07-30 20:41:29,39.18,False,ok,2026-04-01,close,39.79,1.5569167942828033,37.17,39.18,True,0,-0.0030832057171967797,0.5219241455435508,1.0349926487392525
310,dragon_head,600844,金煤科技,2026-03-27,2026-04-01,3,-12.22,4.21,-12.22,False,,,70.0,推荐,trade,6,manual,close_snapshot,unknown,1,cache_backfill,,2026-07-30 20:41:32,4.99,False,ok,2026-04-01,close,4.38,-12.224448897795593,4.5,4.99,True,0,-0.0044488977955925435,0.5219241455435508,-12.746373043339144
334,dragon_head,603538,美诺华,2026-03-30,2026-04-02,3,-1.81,-1.81,-7.68,False,,,100.0,强烈推荐,trade,1,morning,close_snapshot,unknown,1,cache_backfill,,2026-07-30 20:42:21,43.1,False,ok,2026-04-02,close,42.32,-1.8097447795823673,42.4,43.1,True,0,0.00025522041763270664,-0.29029708701120427,-1.519447692571163
335,dragon_head,002361,神剑股份,2026-03-30,2026-04-02,3,15.27,15.27,10.0,True,False,True,78.0,强烈推荐,trade,2,afternoon,close_snapshot,unknown,1,cache_backfill,,2026-07-30 20:42:21,15.0,False,ok,2026-04-02,close,17.29,15.266666666666652,13.21,15.0,True,0,-0.0033333333333480653,-0.29029708701120427,15.556963753677856
336,dragon_head,600844,金煤科技,2026-03-30,2026-04-02,3,-18.94,-11.29,-20.22,False,,,85.0,推荐,trade,2,morning,close_snapshot,unknown,1,cache_backfill,,2026-07-30 20:42:25,5.49,False,ok,2026-04-02,close,4.45,-18.943533697632052,4.98,5.49,True,0,-0.003533697632050803,-0.29029708701120427,-18.653236610620848
361,dragon_head,002361,神剑股份,2026-03-31,2026-04-03,3,-4.61,4.79,-4.61,False,,,100.0,强烈推荐,trade,1,manual,close_snapshot,unknown,1,cache_backfill,,2026-07-30 20:43:12,16.5,False,ok,2026-04-03,close,15.74,-4.606060606060602,15.83,16.5,True,0,0.00393939393939835,-0.2080875495780954,-4.397973056482506
362,dragon_head,600488,津药药业,2026-03-31,2026-04-03,3,33.02,33.02,9.92,True,,,85.0,推荐,trade,2,manual,close_snapshot,unknown,1,cache_backfill,,2026-07-30 20:43:13,5.24,False,ok,2026-04-03,close,6.97,33.015267175572504,4.97,5.24,True,0,-0.004732824427499338,-0.2080875495780954,33.2233547251506
363,dragon_head,002578,闽发铝业,2026-03-31,2026-04-03,3,-18.55,-6.82,-18.55,False,,,70.0,推荐,trade,3,manual,close_snapshot,unknown,1,cache_backfill,,2026-07-30 20:43:13,4.69,False,ok,2026-04-03,close,3.82,-18.550106609808115,4.6,4.69,True,0,-0.00010660980811394438,-0.2080875495780954,-18.34201906023002
387,dragon_head,600184,光电股份,2026-04-01,2026-04-07,3,-8.59,-7.41,-8.84,False,True,False,70.0,强烈推荐,trade,2,morning,close_snapshot,unknown,1,cache_backfill,,2026-07-30 20:43:50,20.25,False,ok,2026-04-07,close,18.51,-8.592592592592585,18.74,20.25,True,0,-0.002592592592584708,-1.887951357358586,-6.704641235233998
388,dragon_head,002560,通达股份,2026-04-01,2026-04-07,3,11.63,11.63,6.32,True,False,True,70.0,推荐,trade,4,morning,close_snapshot,unknown,1,cache_backfill,,2026-07-30 20:43:51,11.87,False,ok,2026-04-07,close,13.25,11.625947767481048,11.17,11.87,True,0,-0.004052232518953147,-1.887951357358586,13.513899124839634
389,dragon_head,600488,津药药业,2026-04-01,2026-04-07,3,33.16,33.16,10.07,True,False,True,100.0,推荐,trade,1,afternoon,close_snapshot,unknown,1,cache_backfill,,2026-07-30 20:43:51,5.76,False,ok,2026-04-07,close,7.67,33.15972222222223,5.65,5.76,True,0,-0.00027777777776805124,-1.887951357358586,35.04767357958082
400,dragon_head,000586,汇源通信,2026-04-08,2026-04-13,3,-5.43,9.98,-5.43,False,True,True,100.0,强烈推荐,trade,1,afternoon,close_snapshot,unknown,1,cache_backfill,,2026-07-30 20:44:13,22.84,False,ok,2026-04-13,close,21.6,-5.429071803852881,22.84,22.84,True,0,0.0009281961471190314,1.1008451635926786,-6.529916967445559
401,dragon_head,600654,中安科,2026-04-08,2026-04-13,3,2.05,2.05,-7.27,True,True,False,85.0,推荐,trade,2,afternoon,close_snapshot,unknown,1,cache_backfill,,2026-07-30 20:44:15,4.4,False,ok,2026-04-13,close,4.49,2.0454545454545503,3.9,4.4,True,0,-0.004545454545449523,1.1008451635926786,0.9446093818618717
402,dragon_head,002051,中工国际,2026-04-08,2026-04-13,3,-14.66,-0.26,-14.66,False,True,False,70.0,推荐,trade,3,afternoon,close_snapshot,unknown,1,cache_backfill,,2026-07-30 20:44:16,11.53,False,ok,2026-04-13,close,9.84,-14.657415437987853,11.33,11.53,True,0,0.0025845620121476287,1.1008451635926786,-15.758260601580531
422,dragon_head,603950,长源东谷,2026-04-09,2026-04-14,3,21.21,21.21,10.0,True,False,True,90.0,强烈推荐,trade,3,afternoon,close_snapshot,unknown,1,cache_backfill,,2026-07-30 20:44:47,44.88,False,ok,2026-04-14,close,54.4,21.212121212121193,44.88,44.88,True,0,0.0021212121211924284,2.957807551979519,18.254313660141676
423,dragon_head,002536,飞龙股份,2026-04-09,2026-04-14,3,7.99,7.99,2.23,True,,,83.0,推荐,trade,8,afternoon,close_snapshot,unknown,1,cache_backfill,,2026-07-30 20:44:50,33.56,False,ok,2026-04-14,close,36.24,7.9856972586412445,30.95,33.56,True,0,-0.004302741358755746,2.957807551979519,5.027889706661726
424,dragon_head,000889,中嘉博创,2026-04-09,2026-04-14,3,9.11,10.13,-0.76,True,,,70.0,推荐,trade,6,afternoon,close_snapshot,unknown,1,cache_backfill,,2026-07-30 20:44:52,3.95,False,ok,2026-04-14,close,4.31,9.113924050632892,3.54,3.95,True,0,0.003924050632893028,2.957807551979519,6.156116498653374
445,dragon_head,600707,彩虹股份,2026-04-10,2026-04-15,3,2.42,2.42,-2.71,True,False,False,83.0,强烈推荐,trade,8,afternoon,close_snapshot,unknown,1,cache_backfill,,2026-07-30 20:45:28,7.02,False,ok,2026-04-15,close,7.19,2.4216524216524427,6.88,7.02,True,0,0.001652421652442726,1.0499140528451134,1.3717383688073292
446,dragon_head,603933,睿能科技,2026-04-10,2026-04-15,3,-7.54,-2.57,-7.54,False,True,False,80.0,强烈推荐,trade,6,afternoon,close_snapshot,unknown,1,cache_backfill,,2026-07-30 20:45:31,24.53,False,ok,2026-04-15,close,22.68,-7.541785568691406,23.6,24.53,True,0,-0.0017855686914058921,1.0499140528451134,-8.59169962153652
447,dragon_head,002824,和胜股份,2026-04-10,2026-04-15,3,17.21,17.21,6.57,True,False,True,70.0,推荐,trade,7,afternoon,close_snapshot,unknown,1,cache_backfill,,2026-07-30 20:45:32,25.27,False,ok,2026-04-15,close,29.62,17.214087851206973,24.32,25.27,True,0,0.004087851206971749,1.0499140528451134,16.16417379836186
478,dragon_head,603950,长源东谷,2026-04-13,2026-04-16,3,13.52,13.52,0.17,True,False,True,120.0,强烈推荐,trade,2,manual,close_snapshot,unknown,1,cache_backfill,,2026-07-30 20:51:35,54.31,False,ok,2026-04-16,close,61.65,13.515006444485355,50.33,54.31,True,0,-0.004993555514644754,1.9469883667122323,11.568018077773122
479,dragon_head,002580,圣阳股份,2026-04-13,2026-04-16,3,33.14,33.14,10.01,True,False,True,85.0,推荐,trade,4,manual,close_snapshot,unknown,1,cache_backfill,,2026-07-30 20:51:35,20.88,False,ok,2026-04-16,close,27.8,33.141762452107294,19.35,20.88,True,0,0.0017624521072931998,1.9469883667122323,31.19477408539506
480,dragon_head,000791,甘肃能源,2026-04-13,2026-04-16,3,1.63,1.88,0.25,True,False,False,75.0,推荐,trade,10,manual,close_snapshot,unknown,1,cache_backfill,,2026-07-30 20:51:35,8.0,False,ok,2026-04-16,close,8.13,1.6250000000000098,7.97,8.0,True,0,-0.0049999999999901235,1.9469883667122323,-0.32198836671222253
513,dragon_head,002297,博云新材,2026-04-14,2026-04-17,3,33.11,33.11,10.01,True,False,True,80.0,推荐,trade,4,afternoon,close_snapshot,unknown,1,cache_backfill,,2026-07-30 20:51:39,13.29,False,ok,2026-04-17,close,17.69,33.10759969902184,13.29,13.29,True,0,-0.002400300978159464,0.5826072899295598,32.52499240909228
514,dragon_head,600396,华电辽能,2026-04-14,2026-04-17,3,-11.08,0.25,-11.08,False,True,False,70.0,推荐,trade,5,morning,close_snapshot,unknown,1,cache_backfill,,2026-07-30 20:51:40,8.03,False,ok,2026-04-17,close,7.14,-11.083437110834371,7.52,8.03,True,0,-0.0034371108343709267,0.5826072899295598,-11.66604440076393
516,dragon_head,002980,华盛昌,2026-04-14,2026-04-17,3,14.0,14.0,3.63,True,False,True,70.0,推荐,trade,7,afternoon,close_snapshot,unknown,1,cache_backfill,,2026-07-30 20:51:40,64.14,False,ok,2026-04-17,close,73.12,14.000623635796705,59.6,64.14,True,0,0.000623635796705102,0.5826072899295598,13.418016345867144
556,dragon_head,600664,哈药股份,2026-04-15,2026-04-20,3,-3.6,-0.9,-6.08,False,True,False,90.0,强烈推荐,trade,9,afternoon,close_snapshot,unknown,1,cache_backfill,,2026-07-30 20:51:45,4.44,False,ok,2026-04-20,close,4.28,-3.603603603603611,4.01,4.44,True,0,-0.0036036036036111163,1.5407929139320098,-5.144396517535621
557,dragon_head,002980,华盛昌,2026-04-15,2026-04-20,3,10.56,10.56,-5.78,True,True,True,85.0,推荐,trade,3,afternoon,close_snapshot,unknown,1,cache_backfill,,2026-07-30 20:51:45,70.55,False,ok,2026-04-20,close,78.0,10.559886605244518,67.9,70.55,True,0,-0.00011339475548233224,1.5407929139320098,9.01909369131251
559,dragon_head,600605,汇通能源,2026-04-15,2026-04-20,3,-6.19,-3.34,-6.19,False,True,False,70.0,推荐,trade,6,afternoon,close_snapshot,unknown,1,cache_backfill,,2026-07-30 20:51:45,32.33,False,ok,2026-04-20,close,30.33,-6.186204763377667,30.12,32.33,True,0,0.0037952366223334977,1.5407929139320098,-7.726997677309677
594,dragon_head,002297,博云新材,2026-04-16,2026-04-21,3,18.1,21.02,10.01,True,False,True,100.0,推荐,trade,2,afternoon,close_snapshot,unknown,1,cache_backfill,,2026-07-30 20:51:50,16.08,False,ok,2026-04-21,close,18.99,18.097014925373145,15.93,16.08,True,0,-0.0029850746268564876,0.6627102505800675,17.434304674793076
595,dragon_head,603906,龙蟠科技,2026-04-16,2026-04-21,3,3.87,9.02,3.75,True,False,True,75.0,推荐,trade,9,morning,close_snapshot,unknown,1,cache_backfill,,2026-07-30 20:51:50,25.05,False,ok,2026-04-21,close,26.02,3.8722554890219474,24.1,25.05,True,0,0.0022554890219472767,0.6627102505800675,3.20954523844188
596,dragon_head,002468,申通快递,2026-04-16,2026-04-21,3,-5.38,-4.71,-5.77,False,True,False,63.0,推荐,trade,6,afternoon,close_snapshot,unknown,1,cache_backfill,,2026-07-30 20:51:50,18.03,False,ok,2026-04-21,close,17.06,-5.379922351636179,17.2,18.03,True,0,7.764836382051499e-05,0.6627102505800675,-6.042632602216247
632,dragon_head,600961,株冶集团,2026-04-17,2026-04-22,3,32.1,32.1,10.0,True,False,True,70.0,推荐,trade,6,afternoon,close_snapshot,unknown,1,cache_backfill,,2026-07-30 20:51:56,22.09,False,ok,2026-04-22,close,29.18,32.0959710276143,22.09,22.09,True,0,-0.004028972385704321,1.500633370482607,30.59533765713169
633,dragon_head,600156,华升股份,2026-04-17,2026-04-22,3,9.18,10.04,5.72,True,False,True,70.0,推荐,trade,8,afternoon,close_snapshot,unknown,1,cache_backfill,,2026-07-30 20:51:56,9.26,False,ok,2026-04-22,close,10.11,9.179265658747294,8.85,9.26,True,0,-0.0007343412527056614,1.500633370482607,7.678632288264687
634,dragon_head,300905,宝丽迪,2026-04-17,2026-04-22,3,-0.05,-0.05,-1.4,False,False,False,70.0,推荐,trade,9,afternoon,close_snapshot,unknown,1,cache_backfill,,2026-07-30 20:51:56,55.58,False,ok,2026-04-22,close,55.55,-0.05397625044980536,51.88,55.58,True,0,-0.00397625044980536,1.500633370482607,-1.5546096209324123
664,dragon_head,603773,沃格光电,2026-04-20,2026-04-23,3,3.97,10.6,0.55,True,False,True,50.0,强烈推荐,trade,8,afternoon,close_snapshot,unknown,1,cache_backfill,,2026-07-30 20:52:00,58.19,False,ok,2026-04-23,close,60.5,3.969754253308122,56.2,58.19,True,0,-0.000245746691878157,0.6072593663819292,3.362494886926193
665,dragon_head,002217,合力泰,2026-04-20,2026-04-23,3,-6.1,1.02,-6.1,False,True,False,43.0,强烈推荐,trade,6,afternoon,close_snapshot,unknown,1,cache_backfill,,2026-07-30 20:52:00,2.95,False,ok,2026-04-23,close,2.77,-6.101694915254241,2.91,2.95,True,0,-0.0016949152542409252,0.6072593663819292,-6.70895428163617
667,dragon_head,600707,彩虹股份,2026-04-20,2026-04-23,3,-0.47,3.38,-1.4,False,False,True,43.0,强烈推荐,trade,10,afternoon,close_snapshot,unknown,1,cache_backfill,,2026-07-30 20:52:00,8.57,False,ok,2026-04-23,close,8.53,-0.4667444574095736,8.08,8.57,True,0,0.0032555425904263746,0.6072593663819292,-1.0740038237915028
700,dragon_head,003018,金富科技,2026-04-21,2026-04-24,3,20.72,20.72,10.01,True,False,True,65.0,强烈推荐,trade,3,afternoon,close_snapshot,unknown,1,cache_backfill,,2026-07-30 20:52:04,47.45,False,ok,2026-04-24,close,57.28,20.716543730242364,43.55,47.45,True,0,-0.0034562697576348,0.02873322147651791,20.687810508765846
701,dragon_head,603178,圣龙股份,2026-04-21,2026-04-24,3,-18.55,0.38,-18.55,False,True,False,65.0,推荐,trade,4,afternoon,close_snapshot,unknown,1,cache_backfill,,2026-07-30 20:52:04,21.08,False,ok,2026-04-24,close,17.17,-18.548387096774178,18.02,21.08,True,0,0.0016129032258227483,0.02873322147651791,-18.577120318250696
702,dragon_head,600979,广安爱众,2026-04-21,2026-04-24,3,-7.14,1.32,-7.14,False,True,False,35.0,推荐,trade,8,afternoon,close_snapshot,unknown,1,cache_backfill,,2026-07-30 20:52:05,5.32,False,ok,2026-04-24,close,4.94,-7.14285714285714,4.81,5.32,True,0,-0.002857142857140005,0.02873322147651791,-7.171590364333658
728,dragon_head,600736,苏州高新,2026-04-22,2026-04-27,3,0.53,11.7,0.53,True,False,True,47.0,推荐,trade,4,manual,close_snapshot,unknown,1,cache_backfill,,2026-07-30 20:52:08,7.61,False,ok,2026-04-27,close,7.65,0.5256241787122251,7.26,7.61,True,0,-0.004375821287774917,-0.5975460608421912,1.1231702395544163
729,dragon_head,002194,武汉凡谷,2026-04-22,2026-04-27,3,-4.13,4.22,-4.97,False,True,True,40.0,推荐,trade,9,manual,close_snapshot,unknown,1,cache_backfill,,2026-07-30 20:52:08,11.86,False,ok,2026-04-27,close,11.37,-4.131534569983142,11.86,11.86,True,0,-0.0015345699831419424,-0.5975460608421912,-3.5339885091409506
730,dragon_head,600961,株冶集团,2026-04-22,2026-04-27,3,-1.16,2.79,-1.16,False,False,False,36.0,推荐,trade,1,afternoon,close_snapshot,unknown,1,cache_backfill,,2026-07-30 20:52:08,29.4,False,ok,2026-04-27,close,29.06,-1.1564625850340127,27.51,29.4,True,0,0.003537414965987251,-0.5975460608421912,-0.5589165241918215
754,dragon_head,603618,杭电股份,2026-04-23,2026-04-28,3,-7.48,-2.71,-7.48,False,True,False,31.0,强烈推荐,trade,6,afternoon,close_snapshot,unknown,1,cache_backfill,,2026-07-30 20:52:11,31.41,False,ok,2026-04-28,close,29.06,-7.481693728112071,28.75,31.41,True,0,-0.0016937281120705805,-0.5875065028946969,-6.894187225217374
756,dragon_head,002606,大连电瓷,2026-04-23,2026-04-28,3,12.44,12.44,5.17,True,False,True,30.0,推荐,trade,9,afternoon,close_snapshot,unknown,1,cache_backfill,,2026-07-30 20:52:12,13.34,False,ok,2026-04-28,close,15.0,12.443778110944525,13.34,13.34,True,0,0.0037781109445251815,-0.5875065028946969,13.031284613839222
757,dragon_head,001234,泰慕士,2026-04-23,2026-04-28,3,-4.46,9.99,-4.46,False,False,True,21.0,推荐,trade,7,afternoon,close_snapshot,unknown,1,cache_backfill,,2026-07-30 20:52:12,32.52,False,ok,2026-04-28,close,31.07,-4.458794587945891,29.8,32.52,True,0,0.0012054120541087343,-0.5875065028946969,-3.8712880850511944
768,dragon_head,603618,杭电股份,2026-04-24,2026-04-29,3,-6.18,-3.34,-7.48,False,True,False,31.0,强烈推荐,trade,7,premarket,close_snapshot,unknown,1,cache_backfill,,2026-07-30 20:52:13,31.41,False,ok,2026-04-29,close,29.47,-6.176376950015927,29.98,33.13,True,0,0.0036230499840730346,0.859232980456559,-7.035609930472486
769,dragon_head,002606,大连电瓷,2026-04-24,2026-04-29,3,-0.61,2.25,-0.61,False,False,False,48.0,推荐,trade,9,morning,close_snapshot,unknown,1,cache_backfill,,2026-07-30 20:52:13,14.67,False,ok,2026-04-29,close,14.58,-0.6134969325153339,13.8,14.67,True,0,-0.003496932515333895,0.859232980456559,-1.472729912971893
770,dragon_head,603060,国检集团,2026-04-24,2026-04-29,3,-6.72,-3.84,-6.72,False,True,False,35.0,推荐,trade,8,morning,close_snapshot,unknown,1,cache_backfill,,2026-07-30 20:52:13,7.29,False,ok,2026-04-29,close,6.8,-6.72153635116598,6.75,7.29,True,0,-0.0015363511659804985,0.859232980456559,-7.580769331622539
791,dragon_head,001234,泰慕士,2026-04-27,2026-04-30,3,-12.78,-12.78,-15.71,False,True,False,50.0,推荐,trade,2,premarket,close_snapshot,unknown,1,cache_backfill,,2026-07-30 20:52:16,35.77,False,ok,2026-04-30,close,31.2,-12.776069331842333,32.19,38.3,True,0,0.003930668157666517,0.7621123675578323,-13.538181699400166
792,dragon_head,603390,通达电气,2026-04-27,2026-04-30,3,-8.56,-4.32,-8.56,False,True,False,48.0,推荐,trade,8,premarket,close_snapshot,unknown,1,cache_backfill,,2026-07-30 20:52:16,14.6,False,ok,2026-04-30,close,13.35,-8.56164383561644,13.46,14.49,False,0.7591442374051072,-0.0016438356164396595,0.7621123675578323,-9.323756203174273
794,dragon_head,603066,音飞储存,2026-04-27,2026-04-30,3,4.32,4.32,1.89,True,False,True,40.0,推荐,trade,10,premarket,close_snapshot,unknown,1,cache_backfill,,2026-07-30 20:52:16,11.12,False,ok,2026-04-30,close,11.6,4.316546762589923,11.26,11.74,False,-1.243339253996456,-0.0034532374100768592,0.7621123675578323,3.554434395032091
812,dragon_head,002154,报 喜 鸟,2026-04-28,2026-05-06,3,8.27,8.27,3.01,True,False,True,40.0,推荐,trade,12,premarket,close_snapshot,unknown,1,cache_backfill,,2026-07-30 20:52:19,3.99,False,ok,2026-05-06,close,4.32,8.270676691729317,3.88,4.15,True,0,0.0006766917293177244,2.4984185229319555,5.772258168797362
813,dragon_head,688530,欧莱新材,2026-04-28,2026-05-06,3,20.11,20.11,7.58,True,False,True,40.0,推荐,trade,16,premarket,close_snapshot,unknown,1,cache_backfill,,2026-07-30 20:52:19,46.2,False,ok,2026-05-06,close,55.49,20.1082251082251,47.87,55.22,False,-3.488614998955497,-0.0017748917749003112,2.4984185229319555,17.609806585293143
814,dragon_head,603773,沃格光电,2026-04-28,2026-05-06,3,4.16,8.75,4.16,True,False,True,32.0,推荐,trade,19,premarket,close_snapshot,unknown,1,cache_backfill,,2026-07-30 20:52:19,64.13,False,ok,2026-05-06,close,66.8,4.163418057071566,62.82,66.9,True,0,0.0034180570715660608,2.4984185229319555,1.6649995341396107
839,dragon_head,603095,越剑智能,2026-04-29,2026-05-07,3,26.91,26.91,15.36,True,False,True,55.0,强烈推荐,trade,6,premarket,close_snapshot,unknown,1,cache_backfill,,2026-07-30 20:52:23,20.96,False,ok,2026-05-07,close,26.6,26.908396946564885,19.5,23.06,True,0,-0.0016030534351152426,1.8742918914424145,25.03410505512247
840,dragon_head,002218,拓日新能,2026-04-29,2026-05-07,3,2.63,2.63,-4.38,True,False,True,40.0,推荐,trade,13,premarket,close_snapshot,unknown,1,cache_backfill,,2026-07-30 20:52:23,5.71,False,ok,2026-05-07,close,5.86,2.626970227670755,5.39,5.7,True,0.17543859649122862,-0.0030297723292447287,1.8742918914424145,0.7526783362283407
866,dragon_head,000402,金 融 街,2026-04-30,2026-05-08,3,3.15,10.09,3.15,True,False,True,47.0,强烈推荐,trade,7,morning,close_snapshot,unknown,1,cache_backfill,,2026-07-30 20:52:26,3.17,False,ok,2026-05-08,close,3.27,3.154574132492116,3.02,3.17,True,0,0.004574132492116245,1.3437868579309287,1.8107872745611875
867,dragon_head,000980,众泰汽车,2026-04-30,2026-05-08,3,4.76,4.76,0.0,True,False,True,40.0,推荐,trade,15,morning,close_snapshot,unknown,1,cache_backfill,,2026-07-30 20:52:26,2.52,False,ok,2026-05-08,close,2.64,4.761904761904767,2.3,2.52,True,0,0.0019047619047674047,1.3437868579309287,3.4181179039738385
868,dragon_head,002453,华软科技,2026-04-30,2026-05-08,3,12.12,13.73,9.98,True,False,True,40.0,推荐,trade,17,auction_confirm,close_snapshot,unknown,1,cache_backfill,,2026-07-30 20:52:26,5.61,False,ok,2026-05-08,close,6.29,12.12121212121211,5.15,5.61,True,0,0.001212121212111228,1.3437868579309287,10.777425263281181
895,dragon_head,000402,金 融 街,2026-05-06,2026-05-11,3,5.05,5.68,3.15,True,False,True,47.0,强烈推荐,trade,8,premarket,close_snapshot,unknown,1,cache_backfill,,2026-07-30 20:52:29,3.17,False,ok,2026-05-11,close,3.33,5.047318611987395,3.08,3.49,True,0,-0.0026813880126050904,1.5326762475164513,3.5146423644709435
896,dragon_head,603095,越剑智能,2026-05-06,2026-05-11,3,-0.75,4.85,-0.75,False,False,False,67.0,推荐,trade,1,premarket,close_snapshot,unknown,1,cache_backfill,,2026-07-30 20:52:30,25.37,False,ok,2026-05-11,close,25.18,-0.7489160425699692,23.69,27.77,True,0,0.0010839574300307575,1.5326762475164513,-2.2815922900864205
897,dragon_head,002158,汉钟精机,2026-05-06,2026-05-11,3,9.65,9.65,3.36,True,False,True,40.0,推荐,trade,14,morning,close_snapshot,unknown,1,cache_backfill,,2026-07-30 20:52:30,30.37,False,ok,2026-05-11,close,33.3,9.647678630227174,27.91,30.37,True,0,-0.002321369772825932,1.5326762475164513,8.115002382710724
918,dragon_head,002158,汉钟精机,2026-05-07,2026-05-12,3,7.64,9.65,3.36,True,False,True,40.0,推荐,trade,15,premarket,close_snapshot,unknown,1,cache_backfill,,2026-07-30 20:52:33,30.37,False,ok,2026-05-12,close,32.69,7.639117550214025,30.15,33.33,True,0,-0.0008824497859745151,0.9701031117169467,6.669014438497078
919,dragon_head,600379,宝光股份,2026-05-07,2026-05-12,3,-6.88,-0.16,-9.26,False,True,False,55.0,推荐,trade,2,premarket,close_snapshot,unknown,1,cache_backfill,,2026-07-30 20:52:33,18.46,False,ok,2026-05-12,close,17.19,-6.879739978331523,17.13,20.31,True,0,0.0002600216684767176,0.9701031117169467,-7.84984309004847
920,dragon_head,002805,丰元股份,2026-05-07,2026-05-12,3,-1.27,1.27,-1.95,False,False,False,35.0,推荐,trade,6,premarket,close_snapshot,unknown,1,cache_backfill,,2026-07-30 20:52:33,25.14,False,ok,2026-05-12,close,24.82,-1.2728719172633296,24.06,26.5,True,0,-0.002871917263329582,0.9701031117169467,-2.2429750289802763
948,dragon_head,603738,泰晶科技,2026-05-11,2026-05-14,3,2.46,4.97,2.46,True,False,True,62.0,强烈推荐,trade,6,manual,close_snapshot,unknown,1,cache_backfill,,2026-07-30 20:52:38,51.71,False,ok,2026-05-14,close,52.98,2.4560046412686054,50.05,51.71,True,0,-0.0039953587313945604,-0.7520436847717193,3.2080483260403247
949,dragon_head,600530,交大昂立,2026-05-11,2026-05-14,3,20.61,21.07,10.08,True,False,True,35.0,推荐,trade,9,manual,close_snapshot,unknown,1,cache_backfill,,2026-07-30 20:52:38,6.55,False,ok,2026-05-14,close,7.9,20.610687022900763,6.41,6.55,True,0,0.0006870229007631679,-0.7520436847717193,21.362730707672483
950,dragon_head,002552,宝鼎科技,2026-05-11,2026-05-14,3,11.28,14.43,9.99,True,False,True,35.0,推荐,trade,7,manual,close_snapshot,unknown,1,cache_backfill,,2026-07-30 20:52:38,30.42,False,ok,2026-05-14,close,33.85,11.275476660092053,27.81,30.42,True,0,-0.004523339907946067,-0.7520436847717193,12.027520344863772
957,dragon_head,603738,泰晶科技,2026-05-12,2026-05-15,3,7.48,7.48,2.46,True,False,True,62.0,强烈推荐,trade,6,premarket,close_snapshot,unknown,1,cache_backfill,,2026-07-30 20:52:39,51.71,False,ok,2026-05-15,close,55.58,7.484045639141357,49.25,54.99,True,0,0.004045639141356361,-1.787774982063639,9.271820621204995
958,dragon_head,600869,远东股份,2026-05-12,2026-05-15,3,-5.55,0.74,-5.55,False,True,False,45.0,强烈推荐,trade,12,morning,close_snapshot,unknown,1,cache_backfill,,2026-07-30 20:52:39,22.9,False,ok,2026-05-15,close,21.63,-5.545851528384283,21.31,22.9,True,0,0.004148471615716964,-1.787774982063639,-3.758076546320644
959,dragon_head,600076,康欣新材,2026-05-12,2026-05-15,3,-1.83,0.92,-2.75,False,False,False,50.0,推荐,trade,6,morning,close_snapshot,unknown,1,cache_backfill,,2026-07-30 20:52:39,4.36,False,ok,2026-05-15,close,4.28,-1.834862385321101,4.25,4.36,True,0,-0.004862385321100948,-1.787774982063639,-0.04708740325746197
978,dragon_head,603070,万控智造,2026-05-13,2026-05-18,3,-2.23,-2.23,-2.7,False,False,False,47.0,强烈推荐,trade,6,morning,close_snapshot,unknown,1,cache_backfill,,2026-07-30 20:52:42,17.01,False,ok,2026-05-18,close,16.63,-2.233980011757808,17.01,17.01,True,0,-0.003980011757807933,-3.297494768263054,1.063514756505246
979,dragon_head,000601,韶能股份,2026-05-13,2026-05-18,3,-12.02,-7.53,-12.02,False,True,False,47.0,强烈推荐,trade,8,morning,close_snapshot,unknown,1,cache_backfill,,2026-07-30 20:52:42,8.9,False,ok,2026-05-18,close,7.83,-12.022471910112365,8.61,8.9,True,0,-0.002471910112365805,-3.297494768263054,-8.724977141849312
980,dragon_head,002560,通达股份,2026-05-13,2026-05-18,3,-21.71,-10.0,-21.71,False,True,False,47.0,强烈推荐,trade,9,morning,close_snapshot,unknown,1,cache_backfill,,2026-07-30 20:52:42,12.9,False,ok,2026-05-18,close,10.1,-21.705426356589154,12.07,12.9,True,0,0.004573643410846984,-3.297494768263054,-18.4079315883261
1004,dragon_head,001210,金房能源,2026-05-14,2026-05-19,3,2.96,2.96,0.34,True,False,True,51.0,强烈推荐,trade,12,morning,close_snapshot,unknown,1,cache_backfill,,2026-07-30 20:52:45,29.4,False,ok,2026-05-19,close,30.27,2.95918367346939,26.73,29.4,True,0,-0.0008163265306100342,-1.2558499165751025,4.215033590044492
1005,dragon_head,000601,韶能股份,2026-05-14,2026-05-19,3,-10.45,-10.45,-12.02,False,True,False,47.0,强烈推荐,trade,10,premarket,close_snapshot,unknown,1,cache_backfill,,2026-07-30 20:52:46,8.9,False,ok,2026-05-19,close,7.97,-10.449438202247197,8.15,9.79,True,0,0.0005617977528018514,-1.2558499165751025,-9.193588285672096
1007,dragon_head,002560,通达股份,2026-05-14,2026-05-19,3,-23.64,-18.99,-23.64,False,True,False,47.0,强烈推荐,trade,11,premarket,close_snapshot,unknown,1,cache_backfill,,2026-07-30 20:52:46,12.9,False,ok,2026-05-19,close,9.85,-23.64341085271319,11.61,12.89,True,0.07757951900697613,-0.003410852713187751,-1.2558499165751025,-22.387560936138087
1027,dragon_head,600578,京能电力,2026-05-15,2026-05-20,3,16.8,29.83,16.8,True,False,True,51.0,强烈推荐,trade,7,premarket,close_snapshot,unknown,1,cache_backfill,,2026-07-30 20:52:48,6.37,False,ok,2026-05-20,close,7.44,16.797488226059663,5.88,7.01,True,0,-0.002511773940337747,-0.18293724367693942,16.980425469736602
1028,dragon_head,002915,中欣氟材,2026-05-15,2026-05-20,3,4.63,4.63,1.43,True,False,True,50.0,推荐,trade,6,morning,close_snapshot,unknown,1,cache_backfill,,2026-07-30 20:52:48,23.11,False,ok,2026-05-20,close,24.18,4.630030289917775,23.11,23.11,True,0,3.0289917774872777e-05,-0.18293724367693942,4.812967533594714
1029,dragon_head,603505,金石资源,2026-05-15,2026-05-20,3,8.15,8.15,5.84,True,False,True,42.0,推荐,trade,8,morning,close_snapshot,unknown,1,cache_backfill,,2026-07-30 20:52:48,20.37,False,ok,2026-05-20,close,22.03,8.149239077074121,20.04,20.37,True,0,-0.0007609229258793704,-0.18293724367693942,8.33217632075106
1053,dragon_head,601678,滨化股份,2026-05-18,2026-05-21,3,-6.73,0.31,-6.73,False,True,False,57.0,强烈推荐,trade,7,morning,close_snapshot,unknown,1,cache_backfill,,2026-07-30 20:52:52,6.39,False,ok,2026-05-21,close,5.96,-6.729264475743346,5.87,6.39,True,0,0.0007355242566546849,-1.0431321273109417,-5.686132348432404
1054,dragon_head,002915,中欣氟材,2026-05-18,2026-05-21,3,-4.72,4.63,-4.72,False,True,True,50.0,推荐,trade,7,premarket,close_snapshot,unknown,1,cache_backfill,,2026-07-30 20:52:52,23.11,False,ok,2026-05-21,close,22.02,-4.716572912159234,23.81,25.41,False,-2.9399412011759773,0.003427087840766063,-1.0431321273109417,-3.673440784848292
1055,dragon_head,603657,春光科技,2026-05-18,2026-05-21,3,-6.53,-1.03,-6.53,False,True,False,50.0,推荐,trade,18,auction_confirm,close_snapshot,unknown,1,cache_backfill,,2026-07-30 20:52:52,32.93,False,ok,2026-05-21,close,30.78,-6.529000911023375,29.97,32.93,True,0,0.000999088976625373,-1.0431321273109417,-5.485868783712434
1072,dragon_head,002421,达实智能,2026-05-19,2026-05-22,3,12.37,12.37,2.06,True,False,True,62.0,强烈推荐,trade,4,morning,close_snapshot,unknown,1,cache_backfill,,2026-07-30 20:52:54,3.88,False,ok,2026-05-22,close,4.36,12.371134020618557,3.88,3.88,True,0,0.0011340206185579405,-0.1603171724831376,12.531451193101695
1073,dragon_head,002552,宝鼎科技,2026-05-19,2026-05-22,3,2.44,2.44,-6.87,True,True,False,57.0,强烈推荐,trade,7,morning,close_snapshot,unknown,1,cache_backfill,,2026-07-30 20:52:54,38.87,False,ok,2026-05-22,close,39.82,2.4440442500643256,37.89,38.87,True,0,0.004044250064325627,-0.1603171724831376,2.604361422547463
1074,dragon_head,300657,弘信电子,2026-05-19,2026-05-22,3,-3.51,-0.92,-5.95,False,True,False,51.0,强烈推荐,trade,10,morning,close_snapshot,unknown,1,cache_backfill,,2026-07-30 20:52:54,52.08,False,ok,2026-05-22,close,50.25,-3.513824884792627,48.01,52.08,True,0,-0.0038248847926269924,-0.1603171724831376,-3.353507712309489
1095,dragon_head,002552,宝鼎科技,2026-05-20,2026-05-25,3,12.68,12.68,-6.87,True,True,True,47.0,强烈推荐,trade,8,premarket,close_snapshot,unknown,1,cache_backfill,,2026-07-30 20:52:57,38.87,False,ok,2026-05-25,close,43.8,12.683303318754824,36.03,40.09,True,0,0.003303318754824147,1.4616447110726405,11.221658607682183
1096,dragon_head,002272,川润股份,2026-05-20,2026-05-25,3,-3.37,-0.96,-9.98,False,True,False,72.0,强烈推荐,trade,4,manual,close_snapshot,unknown,1,cache_backfill,,2026-07-30 20:52:57,24.94,False,ok,2026-05-25,close,24.1,-3.368083400160382,23.57,24.94,True,0,0.001916599839618005,1.4616447110726405,-4.829728111233022
1114,dragon_head,000417,合百集团,2026-05-21,2026-05-26,3,-11.07,-1.24,-11.07,False,True,False,34.0,强烈推荐,trade,3,auction_confirm,close_snapshot,unknown,1,cache_backfill,,2026-07-30 20:53:00,10.48,False,ok,2026-05-26,close,9.32,-11.068702290076338,9.22,10.48,True,0,0.0012977099236621825,3.4444188915138785,-14.513121181590217
1115,dragon_head,002272,川润股份,2026-05-21,2026-05-26,3,-11.63,-0.96,-11.63,False,True,False,72.0,推荐,trade,4,premarket,close_snapshot,unknown,1,cache_backfill,,2026-07-30 20:53:00,24.94,False,ok,2026-05-26,close,22.04,-11.627906976744196,22.45,24.85,False,0.3621730382293853,0.002093023255804738,3.4444188915138785,-15.072325868258075
1116,dragon_head,603090,宏盛股份,2026-05-21,2026-05-26,3,-12.41,-7.65,-12.41,False,True,False,58.0,推荐,trade,9,morning,close_snapshot,unknown,1,cache_backfill,,2026-07-30 20:53:00,79.08,False,ok,2026-05-26,close,69.27,-12.405159332321702,71.91,79.08,True,0,0.004840667678298161,3.4444188915138785,-15.84957822383558
1134,dragon_head,002931,锋龙股份,2026-05-22,2026-05-27,3,-9.24,0.85,-9.24,False,True,False,50.0,推荐,trade,8,morning,close_snapshot,unknown,1,cache_backfill,,2026-07-30 20:53:02,66.04,False,ok,2026-05-27,close,59.94,-9.236826165960032,56.77,66.04,True,0,0.003173834039968071,1.3017275185238653,-10.538553684483897
1135,dragon_head,600611,大众交通,2026-05-22,2026-05-27,3,-15.66,0.16,-15.66,False,True,False,44.0,强烈推荐,trade,2,auction_confirm,close_snapshot,unknown,1,cache_backfill,,2026-07-30 20:53:02,6.13,False,ok,2026-05-27,close,5.17,-15.660685154975528,6.13,6.13,True,0,-0.0006851549755282349,1.3017275185238653,-16.962412673499394
1136,dragon_head,002552,宝鼎科技,2026-05-22,2026-05-27,3,26.9,26.9,9.99,True,False,True,50.0,推荐,trade,14,morning,close_snapshot,unknown,1,cache_backfill,,2026-07-30 20:53:02,39.82,False,ok,2026-05-27,close,50.53,26.896032144650928,36.45,39.82,True,0,-0.003967855349070959,1.3017275185238653,25.594304626127062
1159,dragon_head,603936,博敏电子,2026-05-25,2026-05-28,3,2.29,5.59,-2.94,True,False,True,47.0,强烈推荐,trade,13,morning,close_snapshot,unknown,1,cache_backfill,,2026-07-30 20:53:05,24.85,False,ok,2026-05-28,close,25.42,2.293762575452707,23.07,24.85,True,0,0.0037625754527068622,-0.15015442132640944,2.4439169967791163
1160,dragon_head,603989,艾华集团,2026-05-25,2026-05-28,3,22.9,22.9,1.57,True,False,True,39.0,强烈推荐,trade,5,auction_confirm,close_snapshot,unknown,1,cache_backfill,,2026-07-30 20:53:06,31.26,False,ok,2026-05-28,close,38.42,22.90467050543825,29.0,31.26,True,0,0.004670505438252093,-0.15015442132640944,23.05482492676466
1161,dragon_head,002938,鹏鼎控股,2026-05-25,2026-05-28,3,-7.28,1.47,-7.36,False,True,False,27.0,强烈推荐,trade,3,auction_confirm,close_snapshot,unknown,1,cache_backfill,,2026-07-30 20:53:06,114.32,False,ok,2026-05-28,close,106.0,-7.277816655003488,112.27,114.32,True,0,0.002183344996511849,-0.15015442132640944,-7.1276622336770785
1177,dragon_head,000509,华塑控股,2026-05-26,2026-05-29,3,8.86,20.89,8.86,True,False,True,65.0,强烈推荐,trade,10,morning,close_snapshot,unknown,1,cache_backfill,,2026-07-30 20:53:08,4.74,False,ok,2026-05-29,close,5.16,8.860759493670889,4.34,4.74,True,0,0.0007594936708894551,-1.126347807633632,9.98710730130452
1179,dragon_head,600162,香江控股,2026-05-26,2026-05-29,3,32.86,32.86,10.0,True,False,True,57.0,强烈推荐,trade,9,morning,close_snapshot,unknown,1,cache_backfill,,2026-07-30 20:53:08,2.1,False,ok,2026-05-29,close,2.79,32.857142857142854,2.1,2.1,True,0,-0.002857142857145334,-1.126347807633632,33.98349066477648
1180,dragon_head,600376,首开股份,2026-05-26,2026-05-29,3,-15.62,-10.48,-18.86,False,True,False,57.0,强烈推荐,trade,11,morning,close_snapshot,unknown,1,cache_backfill,,2026-07-30 20:53:08,5.25,False,ok,2026-05-29,close,4.43,-15.61904761904762,4.96,5.25,True,0,0.0009523809523788174,-1.126347807633632,-14.492699811413988
1189,dragon_head,002579,中京电子,2026-05-27,2026-06-01,3,14.09,14.09,3.69,True,False,True,57.0,强烈推荐,trade,4,morning,close_snapshot,unknown,1,cache_backfill,,2026-07-30 20:53:09,16.54,False,ok,2026-06-01,close,18.87,14.087061668681988,15.99,16.54,True,0,-0.0029383313180115778,-1.302114637431051,15.38917630611304
1190,dragon_head,002886,沃特股份,2026-05-27,2026-06-01,3,-15.02,-15.02,-17.61,False,True,False,37.0,强烈推荐,trade,4,auction_confirm,close_snapshot,unknown,1,cache_backfill,,2026-07-30 20:53:09,34.75,False,ok,2026-06-01,close,29.53,-15.021582733812943,29.4,34.75,True,0,-0.0015827338129437152,-1.302114637431051,-13.719468096381892
1191,dragon_head,603773,沃格光电,2026-05-27,2026-06-01,3,13.71,13.71,3.37,True,False,True,31.0,强烈推荐,trade,6,auction_confirm,close_snapshot,unknown,1,cache_backfill,,2026-07-30 20:53:09,100.69,False,ok,2026-06-01,close,114.49,13.70543251564207,96.77,100.69,True,0,-0.004567484357931306,-1.302114637431051,15.007547153073121
1209,dragon_head,000509,华塑控股,2026-05-28,2026-06-02,3,-10.12,-9.95,-14.14,False,True,False,55.0,推荐,trade,2,morning,close_snapshot,unknown,1,cache_backfill,,2026-07-30 20:53:12,5.73,False,ok,2026-06-02,close,5.15,-10.122164048865622,5.71,5.73,True,0,-0.0021640488656231582,0.007122202754872298,-10.129286251620496
1211,dragon_head,000720,新能泰山,2026-05-28,2026-06-02,3,6.71,6.71,0.79,True,False,True,50.0,推荐,trade,12,morning,close_snapshot,unknown,1,cache_backfill,,2026-07-30 20:53:12,5.07,False,ok,2026-06-02,close,5.41,6.706114398422081,4.64,5.07,True,0,-0.0038856015779193953,0.007122202754872298,6.698992195667208
1212,dragon_head,002579,中京电子,2026-05-28,2026-06-02,3,25.51,25.51,3.69,True,False,True,57.0,强烈推荐,trade,4,premarket,close_snapshot,unknown,1,cache_backfill,,2026-07-30 20:53:12,16.54,False,ok,2026-06-02,close,20.76,25.513905683192274,16.16,18.19,True,0,0.003905683192272136,0.007122202754872298,25.506783480437402
1231,dragon_head,000090,天健集团,2026-05-29,2026-06-03,3,-6.75,0.52,-6.75,False,True,False,55.0,强烈推荐,trade,9,morning,close_snapshot,unknown,1,cache_backfill,,2026-07-30 20:53:15,3.85,False,ok,2026-06-03,close,3.59,-6.7532467532467555,3.51,3.85,True,0,-0.003246753246755496,0.9543919609494633,-7.707638714196219
1233,dragon_head,000509,华塑控股,2026-05-29,2026-06-03,3,-14.66,-10.12,-14.66,False,True,False,55.0,推荐,trade,2,auction_confirm,close_snapshot,unknown,1,cache_backfill,,2026-07-30 20:53:15,5.73,False,ok,2026-06-03,close,4.89,-14.659685863874362,5.16,6.3,True,0,0.00031413612563824245,0.9543919609494633,-15.614077824823825
1234,dragon_head,002484,江海股份,2026-05-29,2026-06-03,3,18.25,18.25,6.86,True,False,True,27.0,强烈推荐,trade,6,auction_confirm,close_snapshot,unknown,1,cache_backfill,,2026-07-30 20:53:15,74.07,False,ok,2026-06-03,close,87.59,18.25300391521536,76.05,81.48,False,-2.6035502958579926,0.003003915215359143,0.9543919609494633,17.298611954265894
1251,dragon_head,000090,天健集团,2026-06-01,2026-06-04,3,-8.57,-3.9,-8.57,False,True,False,65.0,强烈推荐,trade,8,auction_confirm,close_snapshot,unknown,1,cache_backfill,,2026-07-30 20:53:17,3.85,False,ok,2026-06-04,close,3.52,-8.571428571428575,3.65,4.01,True,0,-0.0014285714285744433,1.2486943310226817,-9.820122902451256
1252,dragon_head,300956,英力股份,2026-06-01,2026-06-04,3,-7.08,13.34,-7.08,False,True,True,50.0,推荐,trade,11,morning,close_snapshot,unknown,1,cache_backfill,,2026-07-30 20:53:17,16.94,False,ok,2026-06-04,close,15.74,-7.083825265643451,16.94,16.94,True,0,-0.0038252656434512033,1.2486943310226817,-8.332519596666133
1253,dragon_head,002328,新朋股份,2026-06-01,2026-06-04,3,-14.01,-6.96,-14.01,False,True,False,50.0,推荐,trade,12,morning,close_snapshot,unknown,1,cache_backfill,,2026-07-30 20:53:18,10.49,False,ok,2026-06-04,close,9.02,-14.013346043851293,9.92,10.49,True,0,-0.0033460438512928903,1.2486943310226817,-15.262040374873974
1269,dragon_head,002579,中京电子,2026-06-02,2026-06-05,3,-9.97,-0.72,-9.97,False,True,False,65.0,强烈推荐,trade,8,morning,close_snapshot,unknown,1,cache_backfill,,2026-07-30 20:53:20,20.76,False,ok,2026-06-05,close,18.69,-9.97109826589595,18.88,20.76,True,0,-0.001098265895949524,-1.98674957676781,-7.98434868912814
1272,dragon_head,002426,胜利精密,2026-06-02,2026-06-05,3,4.37,4.37,-2.19,True,False,True,42.0,推荐,trade,13,auction_confirm,close_snapshot,unknown,1,cache_backfill,,2026-07-30 20:53:20,3.66,False,ok,2026-06-05,close,3.82,4.371584699453535,3.64,3.88,True,0,0.001584699453534455,-1.98674957676781,6.358334276221345
1273,dragon_head,300956,英力股份,2026-06-02,2026-06-05,3,-12.34,0.94,-12.34,False,True,False,50.0,推荐,trade,14,auction_confirm,close_snapshot,unknown,1,cache_backfill,,2026-07-30 20:53:20,16.94,False,ok,2026-06-05,close,14.85,-12.337662337662348,18.01,19.86,False,-5.941143808995008,0.002337662337652091,-1.98674957676781,-10.350912760894538
1291,dragon_head,002579,中京电子,2026-06-03,2026-06-08,3,-18.98,-0.72,-18.98,False,True,False,65.0,强烈推荐,trade,8,auction_confirm,close_snapshot,unknown,1,cache_backfill,,2026-07-30 20:53:23,20.76,False,ok,2026-06-08,close,16.82,-18.978805394990374,19.0,21.88,True,0,0.001194605009626315,-4.559195433717845,-14.41960996127253
1292,dragon_head,600487,亨通光电,2026-06-03,2026-06-08,3,4.42,7.04,4.42,True,False,True,27.0,强烈推荐,trade,9,morning,close_snapshot,unknown,1,cache_backfill,,2026-07-30 20:53:23,91.43,False,ok,2026-06-08,close,95.47,4.418680958110022,88.12,91.43,True,0,-0.001319041889978223,-4.559195433717845,8.977876391827866
1293,dragon_head,601869,长飞光纤,2026-06-03,2026-06-08,3,-2.07,1.4,-2.07,False,False,False,27.0,强烈推荐,trade,10,morning,close_snapshot,unknown,1,cache_backfill,,2026-07-30 20:53:23,449.61,False,ok,2026-06-08,close,440.3,-2.0706834812392994,420.99,449.61,True,0,-0.0006834812392995104,-4.559195433717845,2.4885119524785453
1309,dragon_head,605162,新中港,2026-06-04,2026-06-09,3,-16.99,-3.23,-16.99,False,True,False,65.0,强烈推荐,trade,9,morning,close_snapshot,unknown,1,cache_backfill,,2026-07-30 20:53:25,12.71,False,ok,2026-06-09,close,10.55,-16.994492525570415,11.5,12.71,True,0,-0.004492525570416461,-2.0987817931596875,-14.895710732410727
1311,dragon_head,000700,模塑科技,2026-06-04,2026-06-09,3,-2.47,4.28,-2.47,False,False,True,50.0,推荐,trade,10,auction_confirm,close_snapshot,unknown,1,cache_backfill,,2026-07-30 20:53:26,16.58,False,ok,2026-06-09,close,16.17,-2.472858866103722,16.88,18.24,False,-1.7772511848341277,-0.00285886610372188,-2.0987817931596875,-0.3740770729440346
1312,dragon_head,001896,豫能控股,2026-06-04,2026-06-09,3,-2.4,-2.4,-11.27,False,True,False,51.0,强烈推荐,trade,7,morning,close_snapshot,unknown,1,cache_backfill,,2026-07-30 20:53:26,22.09,False,ok,2026-06-09,close,21.56,-2.3992756903576384,21.02,22.09,True,0,0.0007243096423614759,-2.0987817931596875,-0.30049389719795094
1329,dragon_head,600293,三峡新材,2026-06-05,2026-06-10,3,-3.54,4.29,-3.54,False,False,True,65.0,强烈推荐,trade,9,morning,close_snapshot,unknown,1,cache_backfill,,2026-07-30 20:53:28,3.96,False,ok,2026-06-10,close,3.82,-3.535353535353536,3.71,3.96,True,0,0.004646464646464121,-1.418541308554011,-2.116812226799525
1330,dragon_head,002903,宇环数控,2026-06-05,2026-06-10,3,-5.18,0.52,-5.18,False,True,False,50.0,推荐,trade,15,morning,close_snapshot,unknown,1,cache_backfill,,2026-07-30 20:53:28,47.91,False,ok,2026-06-10,close,45.43,-5.1763723648507565,45.02,47.91,True,0,0.003627635149243247,-1.418541308554011,-3.7578310562967454
1331,dragon_head,002806,华锋股份,2026-06-05,2026-06-10,3,-9.57,-6.62,-9.57,False,True,False,50.0,推荐,trade,18,auction_confirm,close_snapshot,unknown,1,cache_backfill,,2026-07-30 20:53:28,20.68,False,ok,2026-06-10,close,18.7,-9.57446808510638,19.51,21.25,True,0,-0.00446808510637986,-1.418541308554011,-8.15592677655237
1350,dragon_head,603135,中重科技,2026-06-08,2026-06-11,3,-8.77,12.62,-8.77,False,True,True,65.0,推荐,trade,2,auction_confirm,close_snapshot,unknown,1,cache_backfill,,2026-07-30 20:53:31,14.03,False,ok,2026-06-11,close,12.8,-8.76692801140413,13.58,15.43,True,0,0.003071988595870323,0.18605578703505543,-8.952983798439185
1351,dragon_head,002903,宇环数控,2026-06-08,2026-06-11,3,-7.2,-1.9,-7.2,False,True,False,40.0,推荐,trade,14,auction_confirm,close_snapshot,unknown,1,cache_backfill,,2026-07-30 20:53:31,47.91,False,ok,2026-06-11,close,44.46,-7.201001878522217,45.6,49.78,True,0,-0.0010018785222172255,0.18605578703505543,-7.387057665557273
1352,dragon_head,600293,三峡新材,2026-06-08,2026-06-11,3,-8.33,1.77,-8.33,False,True,False,35.0,推荐,trade,6,auction_confirm,close_snapshot,unknown,1,cache_backfill,,2026-07-30 20:53:31,3.96,False,ok,2026-06-11,close,3.63,-8.333333333333337,3.82,4.36,True,0,-0.003333333333337407,0.18605578703505543,-8.519389120368393
1370,dragon_head,002669,康达新材,2026-06-09,2026-06-12,3,-10.87,10.01,-10.87,False,True,True,50.0,推荐,trade,9,morning,close_snapshot,unknown,1,cache_backfill,,2026-07-30 20:53:34,17.39,False,ok,2026-06-12,close,15.5,-10.868315123634275,17.39,17.39,True,0,0.0016848763657240085,-0.5100160147944344,-10.35829910883984
1371,dragon_head,000517,荣安地产,2026-06-09,2026-06-12,3,-18.45,-15.45,-18.45,False,True,False,57.0,强烈推荐,trade,7,auction_confirm,close_snapshot,unknown,1,cache_backfill,,2026-07-30 20:53:34,2.33,False,ok,2026-06-12,close,1.9,-18.454935622317603,2.1,2.51,True,0,-0.004935622317603361,-0.5100160147944344,-17.94491960752317
1373,dragon_head,603065,宿迁联盛,2026-06-09,2026-06-12,3,30.77,30.77,10.0,True,False,True,50.0,推荐,trade,11,morning,close_snapshot,unknown,1,cache_backfill,,2026-07-30 20:53:34,10.4,False,ok,2026-06-12,close,13.6,30.76923076923077,10.4,10.4,True,0,-0.000769230769229523,-0.5100160147944344,31.279246784025204
1392,dragon_head,003026,中晶科技,2026-06-10,2026-06-15,3,-4.48,-1.91,-8.16,False,True,False,65.0,强烈推荐,trade,12,morning,close_snapshot,unknown,1,cache_backfill,,2026-07-30 20:53:36,36.14,False,ok,2026-06-15,close,34.52,-4.4825677919202995,34.44,36.14,True,0,-0.0025677919202991006,3.013947298040054,-7.496515089960353
1393,dragon_head,002971,和远气体,2026-06-10,2026-06-15,3,18.42,21.02,10.01,True,False,True,55.0,强烈推荐,trade,8,morning,close_snapshot,unknown,1,cache_backfill,,2026-07-30 20:53:36,47.95,False,ok,2026-06-15,close,56.78,18.41501564129302,47.94,47.95,True,0,-0.004984358706980885,3.013947298040054,15.401068343252966
1394,dragon_head,603065,宿迁联盛,2026-06-10,2026-06-15,3,17.13,18.88,8.04,True,False,True,47.0,强烈推荐,trade,7,morning,close_snapshot,unknown,1,cache_backfill,,2026-07-30 20:53:36,11.44,False,ok,2026-06-15,close,13.4,17.132867132867148,11.44,11.44,True,0,0.0028671328671485696,3.013947298040054,14.118919834827093
1409,dragon_head,003026,中晶科技,2026-06-11,2026-06-16,3,-3.38,-3.38,-8.16,False,True,False,65.0,强烈推荐,trade,10,auction_confirm,close_snapshot,unknown,1,cache_backfill,,2026-07-30 20:53:39,36.14,False,ok,2026-06-16,close,34.92,-3.3757609297177638,34.9,37.82,True,0,0.004239070282236135,3.4266402112480554,-6.802401140965819
1410,dragon_head,002119,康强电子,2026-06-11,2026-06-16,3,6.6,8.21,2.44,True,False,True,47.0,强烈推荐,trade,7,morning,close_snapshot,unknown,1,cache_backfill,,2026-07-30 20:53:39,31.2,False,ok,2026-06-16,close,33.26,6.602564102564101,29.0,31.2,True,0,0.002564102564101667,3.4266402112480554,3.175923891316046
1411,dragon_head,002757,南兴股份,2026-06-11,2026-06-16,3,-9.81,-9.81,-14.74,False,True,False,50.0,推荐,trade,16,auction_confirm,close_snapshot,unknown,1,cache_backfill,,2026-07-30 20:53:39,23.13,False,ok,2026-06-16,close,20.86,-9.814094249891914,20.82,22.44,False,3.074866310160407,-0.004094249891913648,3.4266402112480554,-13.240734461139969
1428,dragon_head,603155,新亚强,2026-06-12,2026-06-17,3,-1.04,-1.04,-11.11,False,True,False,65.0,强烈推荐,trade,8,auction_confirm,close_snapshot,unknown,1,cache_backfill,,2026-07-30 20:53:41,25.12,False,ok,2026-06-17,close,24.86,-1.0350318471337605,22.61,24.88,False,0.9646302250803984,0.004968152866239528,3.225029933100587,-4.260061780234348
1429,dragon_head,002119,康强电子,2026-06-12,2026-06-17,3,6.31,8.21,6.31,True,False,True,47.0,强烈推荐,trade,7,auction_confirm,close_snapshot,unknown,1,cache_backfill,,2026-07-30 20:53:41,31.2,False,ok,2026-06-17,close,33.17,6.314102564102564,31.22,34.32,True,-0.06406149903908087,0.004102564102564266,3.225029933100587,3.0890726310019767
1430,dragon_head,600067,冠城新材,2026-06-12,2026-06-17,3,-2.87,4.31,-2.87,False,False,True,58.0,推荐,trade,7,morning,close_snapshot,unknown,1,cache_backfill,,2026-07-30 20:53:41,3.48,False,ok,2026-06-17,close,3.38,-2.8735632183908066,3.17,3.48,True,0,-0.003563218390806533,3.225029933100587,-6.098593151491394
1449,dragon_head,603065,宿迁联盛,2026-06-15,2026-06-18,3,14.85,14.85,6.25,True,False,True,77.0,强烈推荐,trade,1,auction_confirm,close_snapshot,unknown,1,cache_backfill,,2026-07-30 20:53:44,13.6,False,ok,2026-06-18,close,15.62,14.85294117647058,12.35,13.99,True,0,0.0029411764705802312,1.0198887505596277,13.833052425910953
1450,dragon_head,301176,逸豪新材,2026-06-15,2026-06-18,3,15.78,19.99,15.78,True,False,True,65.0,强烈推荐,trade,7,manual,close_snapshot,unknown,1,cache_backfill,,2026-07-30 20:53:44,67.92,False,ok,2026-06-18,close,78.64,15.783274440518259,61.51,67.92,True,0,0.003274440518259425,1.0198887505596277,14.763385689958632
1451,dragon_head,603335,迪生力,2026-06-15,2026-06-18,3,-7.22,-0.56,-7.22,False,True,False,57.0,强烈推荐,trade,6,manual,close_snapshot,unknown,1,cache_backfill,,2026-07-30 20:53:44,8.86,False,ok,2026-06-18,close,8.22,-7.223476297968379,8.86,8.86,True,0,-0.003476297968378894,1.0198887505596277,-8.243365048528005
1470,dragon_head,301176,逸豪新材,2026-06-16,2026-06-22,3,14.08,17.62,14.08,True,False,True,65.0,强烈推荐,trade,7,auction_confirm,close_snapshot,unknown,1,cache_backfill,,2026-07-30 20:53:47,67.92,False,ok,2026-06-22,close,77.48,14.075382803298009,75.7,81.5,False,-10.277410832232503,-0.004617196701991233,3.591763696631811,10.483619106666197
1472,dragon_head,000777,中核科技,2026-06-16,2026-06-22,3,-3.77,10.02,-3.77,False,False,True,57.0,强烈推荐,trade,6,morning,close_snapshot,unknown,1,cache_backfill,,2026-07-30 20:53:47,19.87,False,ok,2026-06-22,close,19.12,-3.7745344740815256,19.87,19.87,True,0,-0.00453447408152563,3.591763696631811,-7.366298170713337
1473,dragon_head,603335,迪生力,2026-06-16,2026-06-22,3,-7.45,-4.18,-7.45,False,True,False,57.0,强烈推荐,trade,6,auction_confirm,close_snapshot,unknown,1,cache_backfill,,2026-07-30 20:53:47,8.86,False,ok,2026-06-22,close,8.2,-7.44920993227991,8.4,9.75,True,0,0.0007900677200902706,3.591763696631811,-11.040973628911722
1488,dragon_head,603115,海星股份,2026-06-17,2026-06-23,3,-8.15,-4.37,-8.15,False,True,False,66.0,强烈推荐,trade,8,morning,close_snapshot,unknown,1,cache_backfill,2026-06-17 11:59:28,2026-07-30 20:53:49,119.94,False,ok,2026-06-23,close,110.17,-8.145739536434881,112.5,119.94,True,0,0.00426046356511911,-0.2433390991181006,-7.90240043731678
1490,dragon_head,605006,山东玻纤,2026-06-17,2026-06-23,3,-20.39,-11.3,-20.39,False,True,False,57.0,强烈推荐,trade,14,morning,close_snapshot,unknown,1,cache_backfill,2026-06-17 11:59:28,2026-07-30 20:53:49,26.38,False,ok,2026-06-23,close,21.0,-20.394238059135706,24.48,26.38,True,0,-0.0042380591357051856,-0.2433390991181006,-20.150898960017606
1492,dragon_head,603989,艾华集团,2026-06-17,2026-06-23,3,17.73,20.99,9.99,True,False,True,65.0,强烈推荐,trade,12,morning,close_snapshot,unknown,1,cache_backfill,2026-06-17 11:59:28,2026-07-30 20:53:49,37.73,False,ok,2026-06-23,close,44.42,17.731248343493267,34.3,37.73,True,0,0.0012483434932661908,-0.2433390991181006,17.974587442611366
1507,dragon_head,002080,中材科技,2026-06-18,2026-06-24,3,2.51,2.51,-6.81,True,True,True,60.0,强烈推荐,trade,10,auction_confirm,close_snapshot,unknown,1,cache_backfill,2026-06-18 09:35:27,2026-07-30 20:53:52,82.41,False,ok,2026-06-24,close,84.48,2.511831088460137,78.2,82.8,True,0,0.0018310884601371313,0.028735632183907178,2.4830954562762297
1508,dragon_head,603186,华正新材,2026-06-18,2026-06-24,3,10.49,10.49,2.17,True,False,True,56.0,强烈推荐,trade,6,auction_confirm,close_snapshot,unknown,1,cache_backfill,2026-06-18 09:35:27,2026-07-30 20:53:52,226.67,False,ok,2026-06-24,close,250.44,10.486610491022198,221.22,239.99,True,0,-0.0033895089778024357,0.028735632183907178,10.457874858838291
1509,dragon_head,002491,通鼎互联,2026-06-18,2026-06-24,3,17.32,17.32,6.65,True,False,True,51.0,强烈推荐,trade,6,morning,close_snapshot,unknown,1,cache_backfill,2026-06-18 11:58:55,2026-07-30 20:53:52,31.58,False,ok,2026-06-24,close,37.05,17.321089297023427,30.01,31.58,True,0,0.0010892970234266386,0.028735632183907178,17.29235366483952
1523,dragon_head,600769,祥龙电业,2026-06-22,2026-06-25,3,1.99,4.22,-4.74,True,True,True,65.0,强烈推荐,trade,9,morning,close_snapshot,unknown,1,cache_backfill,2026-06-22 12:01:15,2026-07-30 20:53:53,21.08,False,ok,2026-06-25,close,21.5,1.9924098671726842,19.5,21.08,True,0,0.0024098671726842102,-0.7818707185858198,2.774280585758504
1524,dragon_head,603663,三祥新材,2026-06-22,2026-06-25,3,4.41,7.87,4.41,True,False,True,41.0,强烈推荐,trade,15,morning,close_snapshot,unknown,1,cache_backfill,2026-06-22 12:01:15,2026-07-30 20:53:53,96.24,False,ok,2026-06-25,close,100.48,4.405652535328364,90.15,96.24,True,0,-0.004347464671636381,-0.7818707185858198,5.187523253914184
1526,dragon_head,603407,长裕集团,2026-06-22,2026-06-25,3,22.76,22.76,9.99,True,False,True,33.0,强烈推荐,trade,8,morning,close_snapshot,unknown,1,cache_backfill,2026-06-22 12:01:15,2026-07-30 20:53:54,74.84,False,ok,2026-06-25,close,91.87,22.7552111170497,74.84,74.84,True,0,-0.004788882950300888,-0.7818707185858198,23.53708183563552
1542,dragon_head,603663,三祥新材,2026-06-23,2026-06-26,3,-1.78,7.87,-1.78,False,False,True,41.0,强烈推荐,trade,16,auction_confirm,close_snapshot,unknown,1,cache_backfill,2026-06-23 09:35:25,2026-07-30 20:53:56,96.24,False,ok,2026-06-26,close,94.53,-1.776807980049866,96.3,105.86,True,-0.06230529595016021,0.003192019950134073,-1.040169614525377,-0.736638365524489
1543,dragon_head,002167,东方锆业,2026-06-23,2026-06-26,3,21.53,28.35,20.97,True,False,True,39.0,强烈推荐,trade,7,auction_confirm,close_snapshot,unknown,1,cache_backfill,2026-06-23 09:35:25,2026-07-30 20:53:56,17.74,False,ok,2026-06-26,close,21.56,21.533258173618954,19.51,19.51,False,-9.072270630445944,0.0032581736189527533,-1.040169614525377,22.57342778814433
1544,dragon_head,000657,中钨高新,2026-06-23,2026-06-26,3,-8.14,-2.45,-8.14,False,True,False,35.0,强烈推荐,trade,18,auction_confirm,close_snapshot,unknown,1,cache_backfill,2026-06-23 09:35:25,2026-07-30 20:53:57,108.33,False,ok,2026-06-26,close,99.51,-8.141788978122399,101.08,113.99,True,0,-0.0017889781223985324,-1.040169614525377,-7.101619363597022
1565,dragon_head,000566,海南海药,2026-06-24,2026-06-29,3,1.11,2.23,-8.02,True,True,False,55.0,强烈推荐,trade,6,morning,close_snapshot,unknown,1,cache_backfill,2026-06-24 11:59:16,2026-07-30 20:53:59,4.49,False,ok,2026-06-29,close,4.54,1.1135857461024523,4.33,4.49,True,0,0.003585746102452214,-0.325711811807361,1.4392975579098133
1566,dragon_head,002068,黑猫股份,2026-06-24,2026-06-29,3,13.91,17.23,13.91,True,False,True,42.0,推荐,trade,6,auction_confirm,close_snapshot,unknown,1,cache_backfill,2026-06-24 09:35:13,2026-07-30 20:53:59,12.65,False,ok,2026-06-29,close,14.41,13.913043478260878,11.6,13.69,True,0,0.0030434782608779187,-0.325711811807361,14.238755290068239
1567,dragon_head,000908,景峰医药,2026-06-24,2026-06-29,3,-9.42,-7.27,-14.05,False,True,False,40.0,推荐,trade,14,morning,close_snapshot,unknown,1,cache_backfill,2026-06-24 11:59:16,2026-07-30 20:54:00,6.05,False,ok,2026-06-29,close,5.48,-9.421487603305778,5.52,6.05,True,0,-0.001487603305777796,-0.325711811807361,-9.095775791498417
1585,dragon_head,000823,超声电子,2026-06-25,2026-06-30,3,-0.85,10.01,-0.85,False,False,True,47.0,强烈推荐,trade,10,morning,close_snapshot,unknown,1,cache_backfill,2026-06-25 11:59:48,2026-07-30 20:54:02,25.87,False,ok,2026-06-30,close,25.65,-0.8504058755315125,24.51,25.87,True,0,-0.00040587553151250066,-0.8101432242385576,-0.04026265129295492
1587,dragon_head,603989,艾华集团,2026-06-25,2026-06-30,3,-2.33,4.19,-2.33,False,False,True,33.0,强烈推荐,trade,6,morning,close_snapshot,unknown,1,cache_backfill,2026-06-25 11:59:48,2026-07-30 20:54:02,53.75,False,ok,2026-06-30,close,52.5,-2.3255813953488413,51.96,53.75,True,0,0.004418604651158731,-0.8101432242385576,-1.5154381711102838
1590,dragon_head,002674,兴业科技,2026-06-25,2026-06-30,3,8.85,20.95,8.85,True,False,True,35.0,强烈推荐,trade,1,afternoon,close_snapshot,unknown,1,cache_backfill,2026-06-25 14:48:53,2026-07-30 20:54:03,26.21,False,ok,2026-06-30,close,28.53,8.851583365127812,26.21,26.21,True,0,0.0015833651278125416,-0.8101432242385576,9.66172658936637
1603,dragon_head,000823,超声电子,2026-06-26,2026-07-01,3,0.5,0.5,-0.85,True,False,False,47.0,强烈推荐,trade,10,auction_confirm,close_snapshot,unknown,1,cache_backfill,2026-06-26 09:35:25,2026-07-30 20:54:05,25.87,False,ok,2026-07-01,close,26.0,0.5025125628140614,27.23,28.46,False,-4.994491369812703,0.0025125628140614253,1.8643364515161354,-1.361823888702074
1604,dragon_head,600584,长电科技,2026-06-26,2026-07-01,3,2.37,2.37,-0.88,True,False,False,35.0,强烈推荐,trade,12,auction_confirm,close_snapshot,unknown,1,cache_backfill,2026-06-26 09:35:25,2026-07-30 20:54:05,104.17,False,ok,2026-07-01,close,106.64,2.3711241240280234,100.68,109.33,True,0,0.00112412402802331,1.8643364515161354,0.506787672511888
1605,dragon_head,603989,艾华集团,2026-06-26,2026-07-01,3,-5.4,0.47,-5.4,False,True,False,33.0,强烈推荐,trade,6,auction_confirm,close_snapshot,unknown,1,cache_backfill,2026-06-26 09:35:25,2026-07-30 20:54:05,53.75,False,ok,2026-07-01,close,50.85,-5.395348837209301,53.84,58.0,False,-0.16716196136702388,0.004651162790699104,1.8643364515161354,-7.259685288725437
1625,dragon_head,603956,威派格,2026-06-29,2026-07-02,3,-8.27,-1.72,-8.27,False,True,False,58.0,推荐,trade,1,morning,close_snapshot,unknown,1,cache_backfill,2026-06-29 11:56:31,2026-07-30 20:54:08,6.41,False,ok,2026-07-02,close,5.88,-8.268330733229334,5.56,6.41,True,0,0.0016692667706657005,-2.3264027018908395,-5.941928031338494
1626,dragon_head,000777,中核科技,2026-06-29,2026-07-02,3,1.95,5.74,1.95,True,False,True,58.0,推荐,trade,19,morning,close_snapshot,unknown,1,cache_backfill,2026-06-29 11:56:31,2026-07-30 20:54:08,18.48,False,ok,2026-07-02,close,18.84,1.9480519480519431,17.41,18.48,True,0,-0.001948051948056806,-2.3264027018908395,4.274454649942783
1628,dragon_head,002639,雪人集团,2026-06-29,2026-07-02,3,-2.28,0.43,-2.28,False,False,False,50.0,推荐,trade,18,morning,close_snapshot,unknown,1,cache_backfill,2026-06-29 11:56:31,2026-07-30 20:54:08,14.06,False,ok,2026-07-02,close,13.74,-2.275960170697011,13.17,14.06,True,0,0.004039829302988629,-2.3264027018908395,0.050442531193828355
1640,dragon_head,002273,水晶光电,2026-06-30,2026-07-03,3,4.23,10.01,4.23,True,False,True,44.0,推荐,trade,14,morning,close_snapshot,unknown,1,cache_backfill,2026-06-30 11:59:15,2026-07-30 20:54:09,35.48,False,ok,2026-07-03,close,36.98,4.227733934611044,35.35,35.48,True,0,-0.002266065388956129,-2.756540407235375,6.984274341846419
1641,dragon_head,600783,鲁信创投,2026-06-30,2026-07-03,3,11.85,11.85,7.18,True,False,True,42.0,推荐,trade,15,morning,close_snapshot,unknown,1,cache_backfill,2026-06-30 11:59:15,2026-07-30 20:54:09,19.92,False,ok,2026-07-03,close,22.28,11.847389558232923,19.41,19.92,True,0,-0.002610441767076921,-2.756540407235375,14.603929965468298
1642,dragon_head,600378,昊华科技,2026-06-30,2026-07-03,3,0.84,9.01,0.84,True,False,True,38.0,推荐,trade,12,morning,close_snapshot,unknown,1,cache_backfill,2026-06-30 11:59:15,2026-07-30 20:54:10,75.38,False,ok,2026-07-03,close,76.01,0.8357654550278815,69.54,75.38,True,0,-0.0042345449721185036,-2.756540407235375,3.5923058622632564
1660,dragon_head,003043,华亚智能,2026-07-01,2026-07-06,3,-5.56,1.82,-5.56,False,True,False,65.0,强烈推荐,trade,10,auction_confirm,close_snapshot,unknown,1,cache_backfill,2026-07-01 09:35:28,2026-07-30 20:54:12,99.39,False,ok,2026-07-06,close,93.86,-5.56394003420867,96.5,108.07,True,0,-0.0039400342086706175,-2.3589528491746226,-3.2049871850340477
1661,dragon_head,603120,肯特催化,2026-07-01,2026-07-06,3,-4.38,2.86,-4.38,False,False,True,51.0,强烈推荐,trade,14,morning,close_snapshot,unknown,1,cache_backfill,2026-07-01 12:00:06,2026-07-30 20:54:13,58.69,False,ok,2026-07-06,close,56.12,-4.378940194240933,54.1,58.69,True,0,0.0010598057590671672,-2.3589528491746226,-2.01998734506631
1663,dragon_head,603928,兴业股份,2026-07-01,2026-07-06,3,7.09,7.09,-0.68,True,False,False,50.0,推荐,trade,1,auction_confirm,close_snapshot,unknown,1,cache_backfill,2026-07-01 09:35:28,2026-07-30 20:54:13,14.8,False,ok,2026-07-06,close,15.85,7.094594594594583,14.14,16.28,True,0,0.004594594594583334,-2.3589528491746226,9.453547443769207
1680,dragon_head,600182,S佳通,2026-07-02,2026-07-07,3,0.49,5.8,0.49,True,False,True,73.0,强烈推荐,trade,14,morning,close_snapshot,unknown,1,cache_backfill,2026-07-02 11:59:47,2026-07-30 20:54:15,14.15,False,ok,2026-07-07,close,14.22,0.4946996466431042,13.75,14.15,True,0,0.004699646643104183,-0.416432890717533,0.9111325373606372
1681,dragon_head,002971,和远气体,2026-07-02,2026-07-07,3,-18.77,-4.64,-18.77,False,True,False,57.0,强烈推荐,trade,13,morning,close_snapshot,unknown,1,cache_backfill,2026-07-02 11:59:47,2026-07-30 20:54:15,75.02,False,ok,2026-07-07,close,60.94,-18.768328445747795,67.01,75.02,True,0,0.0016715542522049986,-0.416432890717533,-18.35189555503026
1682,dragon_head,301092,争光股份,2026-07-02,2026-07-07,3,-12.07,-8.13,-12.07,False,True,False,55.0,强烈推荐,trade,11,morning,close_snapshot,unknown,1,cache_backfill,2026-07-02 11:59:47,2026-07-30 20:54:15,58.91,False,ok,2026-07-07,close,51.8,-12.069258190460019,50.1,58.91,True,0,0.0007418095399813751,-0.416432890717533,-11.652825299742485
1699,dragon_head,002826,易明医药,2026-07-03,2026-07-08,3,-7.98,0.66,-7.98,False,True,False,65.0,强烈推荐,trade,10,auction_confirm,close_snapshot,unknown,1,cache_backfill,2026-07-03 09:35:11,2026-07-30 20:54:18,18.18,False,ok,2026-07-08,close,16.73,-7.9757975797579705,17.81,19.8,True,0,0.004202420242029881,-1.7892804259247441,-6.186517153833226
1700,dragon_head,600182,S佳通,2026-07-03,2026-07-08,3,-2.12,5.8,-2.12,False,False,True,83.0,强烈推荐,trade,14,auction_confirm,close_snapshot,unknown,1,cache_backfill,2026-07-03 09:35:11,2026-07-30 20:54:18,14.15,False,ok,2026-07-08,close,13.85,-2.1201413427561877,14.51,14.86,False,-2.481047553411442,-0.00014134275618760128,-1.7892804259247441,-0.3308609168314436
1701,dragon_head,301092,争光股份,2026-07-03,2026-07-08,3,-11.85,-8.84,-12.07,False,True,False,65.0,强烈推荐,trade,11,auction_confirm,close_snapshot,unknown,1,cache_backfill,2026-07-03 09:35:11,2026-07-30 20:54:18,58.91,False,ok,2026-07-08,close,51.93,-11.848582583602097,53.23,59.8,True,0,0.0014174163979028265,-1.7892804259247441,-10.059302157677353
1720,dragon_head,603722,阿科力,2026-07-06,2026-07-09,3,-12.42,1.58,-12.42,False,True,False,57.0,强烈推荐,trade,6,morning,close_snapshot,unknown,1,cache_backfill,2026-07-06 12:02:01,2026-07-30 20:54:20,43.56,False,ok,2026-07-09,close,38.15,-12.419651056014702,43.56,43.56,True,0,0.00034894398529772275,0.7085914911193703,-13.128242547134072
1721,dragon_head,000506,招金黄金,2026-07-06,2026-07-09,3,-3.32,-3.24,-12.04,False,True,False,57.0,强烈推荐,trade,7,auction_confirm,close_snapshot,unknown,1,cache_backfill,2026-07-06 09:35:17,2026-07-30 20:54:20,13.87,False,ok,2026-07-09,close,13.41,-3.316510454217725,13.02,14.8,True,0,0.0034895457822750053,0.7085914911193703,-4.025101945337095
1722,dragon_head,600988,赤峰黄金,2026-07-06,2026-07-09,3,0.38,0.38,-2.59,True,False,False,45.0,强烈推荐,trade,8,auction_confirm,close_snapshot,unknown,1,cache_backfill,2026-07-06 09:35:17,2026-07-30 20:54:20,31.23,False,ok,2026-07-09,close,31.35,0.3842459173871271,31.23,33.59,True,0,0.004245917387127096,0.7085914911193703,-0.32434557373224315
1743,dragon_head,002767,先锋电子,2026-07-07,2026-07-10,3,-8.27,-5.95,-9.78,False,True,False,43.0,强烈推荐,trade,6,auction_confirm,close_snapshot,unknown,1,cache_backfill,2026-07-07 09:35:13,2026-07-30 20:54:23,19.84,False,ok,2026-07-10,close,18.2,-8.266129032258062,18.35,21.42,True,0,0.0038709677419372923,-0.23934427597834818,-8.026784756279714
1745,dragon_head,001311,多利科技,2026-07-07,2026-07-10,3,-8.49,-4.78,-8.49,False,True,False,50.0,推荐,trade,12,morning,close_snapshot,unknown,1,cache_backfill,2026-07-07 11:59:59,2026-07-30 20:54:24,19.67,False,ok,2026-07-10,close,18.0,-8.490086426029498,18.09,19.67,True,0,-8.642602949748834e-05,-0.23934427597834818,-8.250742150051149
1746,dragon_head,603178,圣龙股份,2026-07-07,2026-07-10,3,2.63,9.11,2.14,True,False,True,50.0,推荐,trade,16,morning,close_snapshot,unknown,1,cache_backfill,2026-07-07 11:59:59,2026-07-30 20:54:24,16.35,False,ok,2026-07-10,close,16.78,2.629969418960232,14.9,16.35,True,0,-3.058103976805171e-05,-0.23934427597834818,2.86931369493858
1767,dragon_head,001229,魅视科技,2026-07-08,2026-07-13,3,9.46,11.38,6.49,True,False,True,47.0,强烈推荐,trade,2,morning,close_snapshot,unknown,1,cache_backfill,2026-07-08 11:59:39,2026-07-30 20:54:26,42.7,False,ok,2026-07-13,close,46.74,9.461358313817335,42.7,42.7,True,0,0.0013583138173345333,-1.2648432456529468,10.726201559470283
1768,dragon_head,603137,恒尚节能,2026-07-08,2026-07-13,3,28.46,28.46,10.0,True,False,True,35.0,强烈推荐,trade,1,afternoon,close_snapshot,unknown,1,cache_backfill,2026-07-08 14:48:17,2026-07-30 20:54:26,22.91,False,ok,2026-07-13,close,29.43,28.45918812745525,22.8,22.91,True,0,-0.0008118725447516795,-1.2648432456529468,29.724031373108197
1770,dragon_head,001208,华菱线缆,2026-07-08,2026-07-13,3,2.63,7.68,-2.09,True,False,True,50.0,推荐,trade,7,morning,close_snapshot,unknown,1,cache_backfill,2026-07-08 11:59:39,2026-07-30 20:54:27,14.85,False,ok,2026-07-13,close,15.24,2.626262626262621,14.85,14.85,True,0,-0.003737373737378924,-1.2648432456529468,3.891105871915568
1801,dragon_head,603928,兴业股份,2026-07-09,2026-07-14,3,-15.39,4.44,-15.39,False,True,True,55.0,强烈推荐,trade,3,morning,close_snapshot,unknown,1,cache_backfill,2026-07-09 11:59:17,2026-07-30 20:54:31,18.0,False,ok,2026-07-14,close,15.23,-15.388888888888886,16.35,18.0,True,0,0.0011111111111148375,-1.6366883975793223,-13.752200491309564
1802,dragon_head,603380,易德龙,2026-07-09,2026-07-14,3,-10.76,-10.76,-12.65,False,True,False,50.0,推荐,trade,16,auction_confirm,close_snapshot,unknown,1,cache_backfill,2026-07-09 09:35:11,2026-07-30 20:54:31,47.29,False,ok,2026-07-14,close,42.2,-10.76337492070204,42.56,47.26,True,0.06347862886162403,-0.0033749207020399297,-1.6366883975793223,-9.126686523122718
1803,dragon_head,002632,道明光学,2026-07-09,2026-07-14,3,-5.9,-2.73,-6.89,False,True,False,40.0,推荐,trade,9,morning,close_snapshot,unknown,1,cache_backfill,2026-07-09 11:59:17,2026-07-30 20:54:31,9.15,False,ok,2026-07-14,close,8.61,-5.9016393442623,9.15,9.15,True,0,-0.0016393442622995025,-1.6366883975793223,-4.264950946682978
1830,dragon_head,003020,立方制药,2026-07-10,2026-07-15,3,16.92,16.92,9.98,True,False,True,73.0,强烈推荐,trade,13,morning,close_snapshot,unknown,1,cache_backfill,2026-07-10 11:59:11,2026-07-30 20:54:35,18.74,False,ok,2026-07-15,close,21.91,16.915688367129157,17.05,18.74,True,0,-0.004311632870845017,0.12529310009432582,16.79039526703483
1832,dragon_head,688328,深科达,2026-07-10,2026-07-15,3,-19.47,-13.0,-19.47,False,True,False,57.0,强烈推荐,trade,10,morning,close_snapshot,unknown,1,cache_backfill,2026-07-10 11:59:11,2026-07-30 20:54:35,122.42,False,ok,2026-07-15,close,98.59,-19.465773566410714,112.11,122.42,True,0,0.0042264335892845395,0.12529310009432582,-19.59106666650504
1833,dragon_head,001395,亚联机械,2026-07-10,2026-07-15,3,5.13,9.99,5.13,True,False,True,45.0,强烈推荐,trade,6,morning,close_snapshot,unknown,1,cache_backfill,2026-07-10 11:59:11,2026-07-30 20:54:35,28.63,False,ok,2026-07-15,close,30.1,5.134474327628369,27.85,28.63,True,0,0.004474327628368968,0.12529310009432582,5.009181227534043
1864,dragon_head,300214,日科化学,2026-07-13,2026-07-16,3,-12.93,8.94,-12.93,False,True,True,50.0,推荐,trade,7,morning,close_snapshot,unknown,1,cache_backfill,2026-07-13 11:59:41,2026-07-30 20:54:39,12.3,False,ok,2026-07-16,close,10.71,-12.926829268292684,12.3,12.3,True,0,0.0031707317073159658,0.06495746883106168,-12.991786737123746
1865,dragon_head,002829,星网宇达,2026-07-13,2026-07-16,3,-3.38,-3.38,-12.15,False,True,False,51.0,强烈推荐,trade,8,auction_confirm,close_snapshot,unknown,1,cache_backfill,2026-07-13 09:35:15,2026-07-30 20:54:40,19.5,False,ok,2026-07-16,close,18.84,-3.384615384615386,19.0,21.44,True,0,-0.00461538461538602,0.06495746883106168,-3.4495728534464476
1866,dragon_head,002606,大连电瓷,2026-07-13,2026-07-16,3,-4.38,0.0,-4.38,False,False,False,50.0,推荐,trade,11,auction_confirm,close_snapshot,unknown,1,cache_backfill,2026-07-13 09:35:15,2026-07-30 20:54:40,13.7,False,ok,2026-07-16,close,13.1,-4.379562043795615,13.16,13.98,True,0,0.000437956204384804,0.06495746883106168,-4.444519512626677
1894,dragon_head,000989,九芝堂,2026-07-14,2026-07-17,3,0.56,11.25,0.56,True,False,True,58.0,推荐,trade,20,auction_confirm,close_snapshot,unknown,1,cache_backfill,2026-07-14 09:35:19,2026-07-30 20:54:43,8.98,False,ok,2026-07-17,close,9.03,0.556792873051215,9.14,9.58,False,-1.7505470459518668,-0.0032071269487849996,-5.574898363389968,6.131691236441183
1895,dragon_head,300214,日科化学,2026-07-14,2026-07-17,3,-21.87,-5.85,-21.87,False,True,False,50.0,推荐,trade,11,auction_confirm,close_snapshot,unknown,1,cache_backfill,2026-07-14 09:35:19,2026-07-30 20:54:43,12.3,False,ok,2026-07-17,close,9.61,-21.869918699186996,10.82,13.97,True,0,8.130081300450342e-05,-5.574898363389968,-16.295020335797027
1896,dragon_head,600746,江苏索普,2026-07-14,2026-07-17,3,5.23,9.93,5.23,True,False,True,40.0,推荐,trade,9,morning,close_snapshot,unknown,1,cache_backfill,2026-07-14 11:59:27,2026-07-30 20:54:44,5.74,False,ok,2026-07-17,close,6.04,5.226480836236935,5.71,5.74,True,0,-0.0035191637630651584,-5.574898363389968,10.801379199626904
1923,dragon_head,688192,迪哲医药-U,2026-07-15,2026-07-20,3,-6.98,-5.33,-9.14,False,True,False,33.0,强烈推荐,trade,7,afternoon,close_snapshot,unknown,1,cache_backfill,2026-07-15 14:02:59,2026-07-30 20:54:47,67.6,False,ok,2026-07-20,close,62.88,-6.982248520710044,62.0,67.6,True,0,-0.0022485207100437776,-3.9370934114373313,-3.045155109272713
1924,dragon_head,002309,中利集团,2026-07-15,2026-07-20,3,2.55,6.93,-3.65,True,False,True,50.0,推荐,trade,18,afternoon,close_snapshot,unknown,1,cache_backfill,2026-07-15 14:02:59,2026-07-30 20:54:48,2.74,False,ok,2026-07-20,close,2.81,2.5547445255474477,2.7,2.74,True,0,0.004744525547447864,-3.9370934114373313,6.491837936984779
1925,dragon_head,603127,昭衍新药,2026-07-15,2026-07-20,3,-7.15,5.2,-7.15,False,True,True,44.0,推荐,trade,17,afternoon,close_snapshot,unknown,1,cache_backfill,2026-07-15 14:02:59,2026-07-30 20:54:48,50.62,False,ok,2026-07-20,close,47.0,-7.151323587514813,47.73,50.62,True,0,-0.001323587514812985,-3.9370934114373313,-3.214230176077482
1963,dragon_head,002365,永安药业,2026-07-16,2026-07-21,3,-7.66,-4.4,-7.66,False,True,False,65.0,强烈推荐,trade,7,afternoon,close_snapshot,unknown,1,cache_backfill,2026-07-16 14:03:25,2026-07-30 20:54:53,13.18,False,ok,2026-07-21,close,12.17,-7.663125948406679,12.3,13.18,True,0,-0.0031259484066792353,0.8683751806454421,-8.53150112905212
1964,dragon_head,605028,世茂能源,2026-07-16,2026-07-21,3,-8.58,0.58,-8.58,False,True,False,57.0,强烈推荐,trade,10,auction_confirm,close_snapshot,unknown,1,cache_backfill,2026-07-16 09:35:26,2026-07-30 20:54:53,24.23,False,ok,2026-07-21,close,22.15,-8.584399504746187,23.48,26.3,True,0,-0.004399504746187333,0.8683751806454421,-9.45277468539163
1965,dragon_head,688192,迪哲医药-U,2026-07-16,2026-07-21,3,-8.61,-6.98,-9.14,False,True,False,41.0,强烈推荐,trade,8,auction_confirm,close_snapshot,unknown,1,cache_backfill,2026-07-16 09:35:26,2026-07-30 20:54:53,67.6,False,ok,2026-07-21,close,61.78,-8.609467455621289,62.3,69.58,True,0,0.0005325443787107531,0.8683751806454421,-9.47784263626673
1989,dragon_head,001258,立新能源,2026-07-17,2026-07-22,3,33.13,33.13,10.04,True,False,True,73.0,强烈推荐,trade,6,afternoon,close_snapshot,unknown,1,cache_backfill,2026-07-17 14:03:24,2026-07-30 20:54:57,8.27,False,ok,2026-07-22,close,11.01,33.13180169286578,7.33,8.27,True,0,0.0018016928657758058,4.154026186218007,28.97777550664777
1991,dragon_head,002365,永安药业,2026-07-17,2026-07-22,3,-5.31,-5.31,-7.66,False,True,False,65.0,强烈推荐,trade,6,auction_confirm,close_snapshot,unknown,1,cache_backfill,2026-07-17 09:35:10,2026-07-30 20:54:57,13.18,False,ok,2026-07-22,close,12.48,-5.31107738998482,12.3,14.0,True,0,-0.0010773899848199875,4.154026186218007,-9.465103576202827
1992,dragon_head,600644,乐山电力,2026-07-17,2026-07-22,3,17.65,17.65,6.99,True,False,True,58.0,推荐,trade,17,afternoon,close_snapshot,unknown,1,cache_backfill,2026-07-17 14:03:24,2026-07-30 20:54:57,9.01,False,ok,2026-07-22,close,10.6,17.647058823529417,8.06,9.01,True,0,-0.0029411764705820076,4.154026186218007,13.493032637311408
2015,dragon_head,002632,道明光学,2026-07-20,2026-07-23,3,-25.59,-18.98,-25.59,False,True,False,55.0,强烈推荐,trade,6,auction_confirm,close_snapshot,unknown,1,cache_backfill,2026-07-20 09:35:32,2026-07-30 20:55:00,10.59,False,ok,2026-07-23,close,7.88,-25.590179414542025,9.53,9.78,False,8.282208588957051,-0.0001794145420248583,2.820160406409311,-28.410339820951336
2016,dragon_head,600744,华银电力,2026-07-20,2026-07-23,3,32.21,33.22,21.14,True,False,True,50.0,推荐,trade,19,auction_confirm,close_snapshot,unknown,1,cache_backfill,2026-07-20 09:35:32,2026-07-30 20:55:00,5.96,False,ok,2026-07-23,close,7.88,32.21476510067114,6.1,6.56,False,-2.2950819672131084,0.004765100671136224,2.820160406409311,29.394604694261826
2017,dragon_head,000815,美利云,2026-07-20,2026-07-23,3,33.08,33.08,9.98,True,False,True,42.0,推荐,trade,9,afternoon,close_snapshot,unknown,1,cache_backfill,2026-07-20 14:02:12,2026-07-30 20:55:00,13.33,False,ok,2026-07-23,close,17.74,33.08327081770442,13.33,13.33,True,0,0.003270817704418505,2.820160406409311,30.263110411295106
2118,dragon_head,002298,中电鑫龙,2026-07-27,2026-07-30,3,8.77,8.77,-1.6,True,False,True,65.0,强烈推荐,trade,9,premarket,close_snapshot,unknown,1,cache_backfill,2026-07-27 08:43:16,2026-07-30 20:55:14,8.1,False,ok,2026-07-30,close,8.81,8.765432098765435,7.6,8.6,True,0,-0.004567901234564076,-3.247469925123825,12.01290202388926
2119,dragon_head,002498,汉缆股份,2026-07-27,2026-07-30,3,7.08,10.62,0.62,True,False,True,43.0,强烈推荐,trade,6,premarket,close_snapshot,unknown,1,cache_backfill,2026-07-27 08:43:16,2026-07-30 20:55:14,6.5,False,ok,2026-07-30,close,6.96,7.0769230769230695,6.25,7.13,True,0,-0.0030769230769305267,-3.247469925123825,10.324393002046895
2120,dragon_head,002300,太阳电缆,2026-07-27,2026-07-30,3,-1.83,2.39,-1.83,False,False,False,58.0,推荐,trade,15,premarket,close_snapshot,unknown,1,cache_backfill,2026-07-27 08:43:16,2026-07-30 20:55:14,7.1,False,ok,2026-07-30,close,6.97,-1.8309859154929553,6.81,7.8,True,0,-0.000985915492955236,-3.247469925123825,1.4164840096308695
2938,dragon_head,002820,桂发祥,2026-08-18,2026-08-21,3,-23.39,-10.02,-23.39,False,True,False,36.0,推荐,trade,3,morning,close_snapshot,unknown,10,cache_backfill,2026-08-18 11:24:36,2026-08-18 11:24:36,12.27,False,ok,2026-08-21,close,9.4,-23.39038304808475,12.27,12.27,True,0,-0.0003830480847497597,-2.262257687042024,-21.128125361042727
3007,dragon_head,603395,红四方,2026-08-19,2026-08-22,3,-4.9,5.66,-4.9,False,True,True,26.0,推荐,trade,1,morning,close_snapshot,冰点期,10,contemporaneous,2026-08-19 11:25:05,2026-08-19 11:25:05,29.0,True,ok,2026-08-24,close,25.95,-10.517241379310349,28.01,29.0,True,0,-5.617241379310348,-0.5572384335432612,-9.960002945767087
3202,dragon_head,000931,中 关 村,2026-08-24,2026-08-27,3,1.79,1.79,-6.79,True,True,False,58.0,推荐,trade,2,morning,close_snapshot,unknown,11,cache_backfill,2026-08-24 11:22:07,2026-08-24 11:22:07,5.6,False,ok,2026-08-27,close,5.7,1.7857142857143016,5.15,5.6,True,0,-0.004285714285698461,1.4715776232542055,0.3141366624600961
3690,dragon_head,600721,百花医药,2026-08-10,2026-08-13,3,25.11,25.11,10.01,True,False,True,65.0,强烈推荐,trade,2,morning,close_snapshot,unknown,6,cache_backfill,2026-08-10 11:26:00,2026-08-31 17:00:33,11.59,False,ok,2026-08-13,close,14.5,25.107851596203634,11.59,11.59,True,0,-0.0021484037963652725,-0.8096520218969894,25.917503618100625
3691,dragon_head,002437,誉衡药业,2026-08-10,2026-08-13,3,23.91,23.91,2.33,True,False,True,65.0,强烈推荐,trade,6,morning,close_snapshot,unknown,6,cache_backfill,2026-08-10 11:26:00,2026-08-31 17:00:33,3.43,False,ok,2026-08-13,close,4.25,23.906705539358587,3.26,3.43,True,0,-0.003294460641413366,-0.8096520218969894,24.716357561255577
3692,dragon_head,600267,海正药业,2026-08-10,2026-08-13,3,-3.19,-2.36,-3.95,False,False,False,57.0,强烈推荐,trade,10,morning,close_snapshot,unknown,6,cache_backfill,2026-08-10 11:26:00,2026-08-31 17:00:33,14.42,False,ok,2026-08-13,close,13.96,-3.1900138696255187,13.7,14.42,True,0,-1.3869625518747597e-05,-0.8096520218969894,-2.3803618477285293
3714,dragon_head,600313,农发种业,2026-08-18,2026-08-21,3,-4.13,5.16,-4.13,False,True,True,73.0,强烈推荐,trade,15,morning,close_snapshot,unknown,10,cache_backfill,2026-08-18 11:24:36,2026-08-31 17:00:34,6.78,False,ok,2026-08-21,close,6.5,-4.129793510324486,6.28,6.78,True,0,0.00020648967551384345,-2.262257687042024,-1.867535823282462
3715,dragon_head,603089,正裕工业,2026-08-18,2026-08-21,3,-18.9,-10.0,-18.9,False,True,False,58.0,强烈推荐,trade,4,morning,close_snapshot,unknown,10,cache_backfill,2026-08-18 11:24:36,2026-08-31 17:00:34,11.8,False,ok,2026-08-21,close,9.57,-18.898305084745772,11.8,11.8,True,0,0.0016949152542267143,-2.262257687042024,-16.63604739770375
3718,dragon_head,600127,金健米业,2026-08-19,2026-08-24,3,8.18,9.97,4.86,True,False,True,80.0,强烈推荐,trade,3,morning,close_snapshot,unknown,10,cache_backfill,2026-08-19 11:25:05,2026-08-31 17:00:35,7.82,False,ok,2026-08-24,close,8.46,8.184143222506401,7.82,7.82,True,0,0.004143222506401756,-0.5572384335432612,8.741381656049663
3719,dragon_head,000505,京粮控股,2026-08-19,2026-08-24,3,-10.84,0.27,-10.84,False,True,False,80.0,强烈推荐,trade,4,morning,close_snapshot,unknown,10,cache_backfill,2026-08-19 11:25:05,2026-08-31 17:00:35,7.47,False,ok,2026-08-24,close,6.66,-10.843373493975895,6.91,7.47,True,0,-0.0033734939758947036,-0.5572384335432612,-10.286135060432633
3720,dragon_head,601011,宝泰隆,2026-08-19,2026-08-24,3,-1.32,5.26,-5.26,False,True,True,50.0,推荐,trade,10,morning,close_snapshot,unknown,10,cache_backfill,2026-08-19 11:25:05,2026-08-31 17:00:35,3.04,False,ok,2026-08-24,close,3.0,-1.3157894736842146,2.96,3.04,True,0,0.0042105263157854456,-0.5572384335432612,-0.7585510401409534
3736,dragon_head,000017,深中华A,2026-08-24,2026-08-27,3,33.12,33.12,9.97,True,False,True,50.0,推荐,trade,3,morning,close_snapshot,unknown,11,cache_backfill,2026-08-24 11:22:07,2026-08-31 17:00:35,7.82,False,ok,2026-08-27,close,10.41,33.12020460358056,7.82,7.82,True,0,0.00020460358056340056,1.4715776232542055,31.648626980326355
3737,dragon_head,002906,华阳集团,2026-08-24,2026-08-27,3,-5.28,-2.9,-5.28,False,True,False,42.0,推荐,trade,11,morning,close_snapshot,unknown,11,cache_backfill,2026-08-24 11:22:07,2026-08-31 17:00:35,28.23,False,ok,2026-08-27,close,26.74,-5.278072972015591,28.23,28.23,True,0,0.0019270279844096905,1.4715776232542055,-6.749650595269796
3740,dragon_head,600470,六国化工,2026-08-25,2026-08-28,3,5.9,5.9,2.19,True,False,True,50.0,推荐,trade,19,morning,close_snapshot,unknown,11,cache_backfill,2026-08-25 11:25:53,2026-08-31 17:00:36,5.93,False,ok,2026-08-28,close,6.28,5.90219224283306,5.42,5.93,True,0,0.00219224283305941,1.2554838171101812,4.646708425722879
3741,dragon_head,603360,百傲化学,2026-08-25,2026-08-28,3,0.58,0.58,-1.02,True,False,False,42.0,推荐,trade,18,morning,close_snapshot,unknown,11,cache_backfill,2026-08-25 11:25:53,2026-08-31 17:00:36,13.77,False,ok,2026-08-28,close,13.85,0.5809731299927456,12.4,13.77,True,0,0.0009731299927456805,1.2554838171101812,-0.6745106871174356
3742,dragon_head,600984,建设机械,2026-08-25,2026-08-28,3,-20.24,-5.67,-20.24,False,True,False,35.0,推荐,trade,6,morning,close_snapshot,unknown,11,cache_backfill,2026-08-25 11:25:53,2026-08-31 17:00:36,4.94,False,ok,2026-08-28,close,3.94,-20.24291497975709,4.94,4.94,True,0,-0.002914979757090208,1.2554838171101812,-21.49839879686727
61,emotion_relay,000559,万向钱潮,2026-05-17,2026-07-25,2,-41.03,2.34,-41.03,False,,,0.0,强烈推荐,trade,0,,close_snapshot,unknown,1,contemporaneous,,2026-05-17 14:31:52,17.5,True,pick_nontrading_day,,,,,,,,,,,
62,emotion_relay,000591,太阳能,2026-05-17,2026-07-25,2,-26.96,-3.16,-26.96,False,,,0.0,推荐,trade,0,,close_snapshot,unknown,1,contemporaneous,,2026-05-17 14:31:52,6.01,True,pick_nontrading_day,,,,,,,,,,,
63,emotion_relay,000620,盈新发展,2026-05-17,2026-07-25,2,-17.48,-3.99,-17.48,False,,,0.0,推荐,trade,0,,close_snapshot,unknown,1,contemporaneous,,2026-05-17 14:31:52,3.26,True,pick_nontrading_day,,,,,,,,,,,
64,emotion_relay,000700,模塑科技,2026-05-17,2026-07-25,2,-23.86,11.71,-23.86,False,,,0.0,强烈推荐,trade,0,,close_snapshot,unknown,1,contemporaneous,,2026-05-17 14:31:52,13.83,True,pick_nontrading_day,,,,,,,,,,,
65,emotion_relay,000831,中国稀土,2026-05-17,2026-07-25,2,-14.82,-7.82,-14.82,False,,,0.0,推荐,trade,0,,close_snapshot,unknown,1,contemporaneous,,2026-05-17 14:31:52,55.88,True,pick_nontrading_day,,,,,,,,,,,
87,emotion_relay,301382,蜂助手,2026-07-24,2026-07-26,2,2.53,2.53,2.53,True,,,0.0,推荐,trade,0,morning,close_snapshot,unknown,1,cache_backfill,2026-07-24 09:49:02,2026-07-25 17:39:25,34.72,True,ok,2026-07-28,close,35.02,0.8640552995391904,32.22,36.58,True,0,-1.6659447004608094,-1.7136318369436188,2.577687136482809
88,emotion_relay,300763,锦浪科技,2026-07-24,2026-07-26,2,-2.09,-2.09,-2.09,False,,,0.0,推荐,trade,0,morning,close_snapshot,unknown,1,cache_backfill,2026-07-24 09:49:02,2026-07-25 17:39:25,65.05,True,ok,2026-07-28,close,60.56,-6.902382782475014,63.18,66.55,True,0,-4.812382782475014,-1.7136318369436188,-5.188750945531395
101,emotion_relay,300347,泰格医药,2026-07-27,2026-07-29,2,3.06,3.06,-2.46,True,,,0.0,推荐,trade,0,morning,close_snapshot,unknown,1,cache_backfill,2026-07-27 09:49:43,2026-07-27 09:49:43,49.27,False,ok,2026-07-29,close,50.78,3.06474528110412,46.35,50.86,True,0,0.0047452811041197585,-2.1727064517706784,5.237451732874798
102,emotion_relay,002326,永太科技,2026-07-27,2026-07-29,2,0.11,0.11,-1.7,True,,,0.0,推荐,trade,0,morning,close_snapshot,unknown,1,cache_backfill,2026-07-27 09:49:43,2026-07-27 09:49:43,18.84,False,ok,2026-07-29,close,18.86,0.10615711252652815,18.1,19.68,True,0,-0.0038428874734718482,-2.1727064517706784,2.2788635642972066
112,emotion_relay,002222,福晶科技,2026-07-28,2026-07-30,2,-22.38,-13.75,-22.38,False,,,0.0,强烈推荐,trade,0,morning,close_snapshot,unknown,1,cache_backfill,2026-07-28 09:49:55,2026-07-28 09:49:55,60.94,False,ok,2026-07-30,close,47.3,-22.38267148014441,57.9,63.02,True,0,-0.002671480144410765,-0.4333059052154309,-21.94936557492898
113,emotion_relay,002549,凯美特气,2026-07-28,2026-07-30,2,-14.05,-9.66,-14.05,False,,,0.0,推荐,trade,0,morning,close_snapshot,unknown,1,cache_backfill,2026-07-28 09:49:55,2026-07-28 09:49:55,14.59,False,ok,2026-07-30,close,12.54,-14.050719671007549,13.71,15.01,True,0,-0.0007196710075483281,-0.4333059052154309,-13.617413765792119
114,emotion_relay,002310,东方新能,2026-07-28,2026-07-30,2,-3.11,1.95,-3.11,False,,,0.0,推荐,trade,0,morning,close_snapshot,unknown,1,cache_backfill,2026-07-28 09:49:55,2026-07-28 09:49:55,2.57,False,ok,2026-07-30,close,2.49,-3.112840466926059,2.42,2.65,True,0,-0.0028404669260591042,-0.4333059052154309,-2.679534561710628
121,emotion_relay,300408,三环集团,2026-07-29,2026-07-31,2,5.76,5.76,-0.28,True,,,0.0,推荐,trade,0,morning,close_snapshot,unknown,1,cache_backfill,2026-07-29 09:49:21,2026-07-29 09:49:22,105.6,False,ok,2026-07-31,close,111.68,5.757575757575761,102.85,110.5,True,0,-0.002424242424238443,-0.2621590953554853,6.019734852931247
122,emotion_relay,603893,瑞芯微,2026-07-29,2026-07-31,2,-9.84,-9.84,-12.35,False,,,0.0,推荐,trade,0,morning,close_snapshot,unknown,1,cache_backfill,2026-07-29 09:49:21,2026-07-29 09:49:22,208.51,False,ok,2026-07-31,close,188.0,-9.836458683036787,197.17,211.99,True,0,0.003541316963213248,-0.2621590953554853,-9.5742995876813
131,emotion_relay,002558,巨人网络,2026-07-30,2026-08-01,2,2.31,2.31,2.31,True,,,0.0,强烈推荐,trade,0,morning,close_snapshot,unknown,1,cache_backfill,2026-07-30 09:51:16,2026-07-30 09:51:16,28.62,True,ok,2026-08-03,close,29.09,1.6422082459818244,27.52,29.65,True,0,-0.6677917540181757,-0.1437451095891662,1.7859533555709906
132,emotion_relay,002703,浙江世宝,2026-07-30,2026-08-01,2,2.61,2.61,2.61,True,,,0.0,推荐,trade,0,morning,close_snapshot,unknown,1,cache_backfill,2026-07-30 09:51:16,2026-07-30 09:51:16,14.2,True,ok,2026-08-03,close,14.74,3.802816901408468,13.18,14.61,True,0,1.192816901408468,-0.1437451095891662,3.946562010997634
133,emotion_relay,600722,金牛化工,2026-07-30,2026-08-01,2,-0.65,-0.65,-0.65,False,,,0.0,推荐,trade,0,morning,close_snapshot,unknown,1,cache_backfill,2026-07-30 09:51:16,2026-07-30 09:51:16,10.81,True,ok,2026-08-03,close,10.81,0.0,10.28,11.2,True,0,0.65,-0.1437451095891662,0.1437451095891662
1058,emotion_relay,001267,汇绿生态,2026-05-18,2026-05-20,2,-8.59,-4.33,-8.59,False,,,0.0,强烈推荐,trade,0,morning,close_snapshot,unknown,1,cache_backfill,,2026-07-30 20:52:52,66.74,False,ok,2026-05-20,close,61.01,-8.585555888522622,64.51,69.03,True,0,0.004444111477377888,0.35543454873465663,-8.940990437257279
1059,emotion_relay,002654,万润科技,2026-05-18,2026-05-20,2,9.48,9.48,-0.45,True,,,0.0,强烈推荐,trade,0,morning,close_snapshot,unknown,1,cache_backfill,,2026-07-30 20:52:52,17.61,False,ok,2026-05-20,close,19.28,9.483248154457712,16.66,18.23,True,0,0.0032481544577116495,0.35543454873465663,9.127813605723055
1060,emotion_relay,002149,西部材料,2026-05-18,2026-05-20,2,-4.15,-4.15,-5.33,False,,,0.0,推荐,trade,0,morning,close_snapshot,unknown,1,cache_backfill,,2026-07-30 20:52:52,72.08,False,ok,2026-05-20,close,69.09,-4.148168701442834,69.02,75.92,True,0,0.0018312985571666829,0.35543454873465663,-4.50360325017749
1077,emotion_relay,000159,国际实业,2026-05-19,2026-05-21,2,-4.76,-1.12,-4.76,False,,,0.0,推荐,trade,0,morning,close_snapshot,unknown,1,cache_backfill,,2026-07-30 20:52:55,7.14,False,ok,2026-05-21,close,6.8,-4.761904761904756,6.97,7.4,True,0,-0.0019047619047558584,-1.4379090354593504,-3.323995726445405
1078,emotion_relay,000404,长虹华意,2026-05-19,2026-05-21,2,7.17,7.17,-1.19,True,,,0.0,推荐,trade,0,morning,close_snapshot,unknown,1,cache_backfill,,2026-07-30 20:52:55,9.21,False,ok,2026-05-21,close,9.87,7.16612377850161,8.68,9.7,True,0,-0.0038762214983902865,-1.4379090354593504,8.60403281396096
1079,emotion_relay,000533,顺钠股份,2026-05-19,2026-05-21,2,-11.86,-6.11,-11.86,False,,,0.0,推荐,trade,0,morning,close_snapshot,unknown,1,cache_backfill,,2026-07-30 20:52:55,13.74,False,ok,2026-05-21,close,12.11,-11.863173216885015,13.14,14.35,True,0,-0.003173216885015151,-1.4379090354593504,-10.425264181425664
1106,emotion_relay,000062,深圳华强,2026-05-20,2026-05-22,2,0.64,0.64,-3.43,True,,,0.0,推荐,trade,0,manual,close_snapshot,unknown,1,cache_backfill,,2026-07-30 20:52:58,34.41,False,ok,2026-05-22,close,34.63,0.6393490264458235,32.0,34.46,True,0,-0.0006509735541765371,-0.11544725503533915,0.7547962814811626
1107,emotion_relay,000070,特发信息,2026-05-20,2026-05-22,2,-6.85,-6.85,-9.32,False,,,0.0,强烈推荐,trade,0,manual,close_snapshot,unknown,1,cache_backfill,,2026-07-30 20:52:58,19.84,False,ok,2026-05-22,close,18.48,-6.854838709677413,18.5,20.64,True,0,-0.004838709677413178,-0.11544725503533915,-6.739391454642074
1108,emotion_relay,000636,风华高科,2026-05-20,2026-05-22,2,10.65,10.65,0.59,True,,,0.0,推荐,trade,0,manual,close_snapshot,unknown,1,cache_backfill,,2026-07-30 20:52:59,34.0,False,ok,2026-05-22,close,37.62,10.64705882352941,33.0,34.95,True,0,-0.0029411764705908894,-0.11544725503533915,10.762506078564748
1119,emotion_relay,000012,南  玻Ａ,2026-05-21,2026-05-25,2,18.25,18.25,13.11,True,,,0.0,推荐,trade,0,morning,close_snapshot,unknown,1,cache_backfill,,2026-07-30 20:53:00,3.89,False,ok,2026-05-25,close,4.6,18.251928020565543,3.69,4.0,True,0,0.0019280205655434202,2.895611632623196,15.356316387942346
1120,emotion_relay,000404,长虹华意,2026-05-21,2026-05-25,2,-4.27,1.35,-4.27,False,,,0.0,推荐,trade,0,morning,close_snapshot,unknown,1,cache_backfill,,2026-07-30 20:53:00,9.6,False,ok,2026-05-25,close,9.19,-4.270833333333335,9.04,10.01,True,0,-0.00083333333333524,2.895611632623196,-7.166444965956531
1122,emotion_relay,000510,新金路,2026-05-21,2026-05-25,2,16.2,16.2,5.66,True,,,0.0,推荐,trade,0,morning,close_snapshot,unknown,1,cache_backfill,,2026-07-30 20:53:00,14.14,False,ok,2026-05-25,close,16.43,16.195190947666195,13.56,14.56,True,0,-0.0048090523338046864,2.895611632623196,13.299579315042998
1139,emotion_relay,000026,飞亚达,2026-05-22,2026-05-26,2,-1.1,9.87,-1.1,False,,,0.0,推荐,trade,0,morning,close_snapshot,unknown,1,cache_backfill,,2026-07-30 20:53:03,24.61,False,ok,2026-05-26,close,24.34,-1.097114993904913,23.5,25.55,True,0,0.002885006095087128,2.120699263173109,-3.217814257078022
1141,emotion_relay,000823,超声电子,2026-05-22,2026-05-26,2,5.7,5.7,2.32,True,,,0.0,推荐,trade,0,morning,close_snapshot,unknown,1,cache_backfill,,2026-07-30 20:53:03,15.96,False,ok,2026-05-26,close,16.87,5.701754385964919,15.51,16.43,True,0,0.0017543859649187254,2.120699263173109,3.5810551227918097
1143,emotion_relay,000733,振华科技,2026-05-22,2026-05-26,2,4.22,7.83,4.22,True,,,0.0,推荐,trade,0,morning,close_snapshot,unknown,1,cache_backfill,,2026-07-30 20:53:03,48.3,False,ok,2026-05-26,close,50.34,4.2236024844720665,46.07,49.18,True,0,0.0036024844720667915,2.120699263173109,2.1029032212989573
1157,emotion_relay,000034,神州数码,2026-05-25,2026-05-27,2,-10.97,-4.13,-10.97,False,,,0.0,强烈推荐,trade,0,manual,close_snapshot,unknown,1,cache_backfill,,2026-07-30 20:53:05,29.07,False,ok,2026-05-27,close,25.88,-10.973512211902314,28.88,29.8,True,0,-0.0035122119023132115,-0.27287873862159584,-10.700633473280718
1158,emotion_relay,000006,深振业Ａ,2026-05-25,2026-05-27,2,-9.47,-5.7,-9.47,False,,,0.0,推荐,trade,0,manual,close_snapshot,unknown,1,cache_backfill,,2026-07-30 20:53:05,10.88,False,ok,2026-05-27,close,9.85,-9.466911764705888,10.13,10.94,True,0,0.003088235294113062,-0.27287873862159584,-9.194033026084291
1175,emotion_relay,000062,深圳华强,2026-05-26,2026-05-28,2,-13.52,-11.77,-13.52,False,,,0.0,强烈推荐,trade,0,manual,close_snapshot,unknown,1,cache_backfill,,2026-07-30 20:53:08,36.18,False,ok,2026-05-28,close,31.29,-13.515754560530679,33.29,35.09,False,3.1062980906241044,0.004245439469320544,-0.6798912659033762,-12.835863294627302
1176,emotion_relay,002156,通富微电,2026-05-26,2026-05-28,2,-4.41,-1.35,-4.41,False,,,0.0,强烈推荐,trade,0,morning,close_snapshot,unknown,1,cache_backfill,,2026-07-30 20:53:08,72.5,False,ok,2026-05-28,close,69.3,-4.413793103448283,69.93,76.76,True,0,-0.003793103448282764,-0.6798912659033762,-3.7339018375449067
1178,emotion_relay,002617,露笑科技,2026-05-26,2026-05-28,2,0.39,2.35,0.39,True,,,0.0,强烈推荐,trade,0,morning,close_snapshot,unknown,1,cache_backfill,,2026-07-30 20:53:08,10.22,False,ok,2026-05-28,close,10.26,0.3913894324853118,9.52,10.54,True,0,0.001389432485311759,-0.6798912659033762,1.071280698388688
1194,emotion_relay,000582,北部湾港,2026-05-27,2026-05-29,2,-2.65,-2.65,-4.16,False,,,0.0,强烈推荐,trade,0,morning,close_snapshot,unknown,1,cache_backfill,,2026-07-30 20:53:10,13.94,False,ok,2026-05-29,close,13.57,-2.654232424677183,13.17,14.18,True,0,-0.004232424677183211,-0.3270057883080657,-2.3272266363691174
1195,emotion_relay,000510,新金路,2026-05-27,2026-05-29,2,-10.87,-4.98,-10.87,False,,,0.0,推荐,trade,0,morning,close_snapshot,unknown,1,cache_backfill,,2026-07-30 20:53:10,18.68,False,ok,2026-05-29,close,16.65,-10.86723768736617,17.9,19.32,True,0,0.0027623126338287562,-0.3270057883080657,-10.540231899058105
1196,emotion_relay,000539,粤电力Ａ,2026-05-27,2026-05-29,2,26.68,26.68,15.12,True,,,0.0,推荐,trade,0,morning,close_snapshot,unknown,1,cache_backfill,,2026-07-30 20:53:10,7.01,False,ok,2026-05-29,close,8.88,26.67617689015693,6.52,7.34,True,0,-0.0038231098430685506,-0.3270057883080657,27.003182678464995
1214,emotion_relay,000519,中兵红箭,2026-05-28,2026-06-01,2,2.61,4.68,2.61,True,,,0.0,推荐,trade,0,morning,close_snapshot,unknown,1,cache_backfill,,2026-07-30 20:53:13,18.79,False,ok,2026-06-01,close,19.28,2.60777009047366,17.98,19.81,True,0,-0.002229909526339835,-1.4234230934371928,4.031193183910853
1215,emotion_relay,000600,建投能源,2026-05-28,2026-06-01,2,8.53,11.56,8.53,True,,,0.0,推荐,trade,0,morning,close_snapshot,unknown,1,cache_backfill,,2026-07-30 20:53:13,11.25,False,ok,2026-06-01,close,12.21,8.53333333333335,10.71,12.1,True,0,0.0033333333333498416,-1.4234230934371928,9.956756426770543
1237,emotion_relay,002428,云南锗业,2026-05-29,2026-06-02,2,-9.08,-9.08,-13.62,False,,,0.0,强烈推荐,trade,0,morning,close_snapshot,unknown,1,cache_backfill,,2026-07-30 20:53:15,95.0,False,ok,2026-06-02,close,86.37,-9.084210526315783,89.05,97.0,True,0,-0.004210526315782559,0.4586968430864369,-9.542907369402219
1238,emotion_relay,000519,中兵红箭,2026-05-29,2026-06-02,2,-6.63,-6.63,-7.35,False,,,0.0,推荐,trade,0,morning,close_snapshot,unknown,1,cache_backfill,,2026-07-30 20:53:16,20.81,False,ok,2026-06-02,close,19.43,-6.631427198462269,19.56,20.86,True,0,-0.0014271984622693523,0.4586968430864369,-7.090124041548706
1239,emotion_relay,000636,风华高科,2026-05-29,2026-06-02,2,16.72,16.72,7.25,True,,,0.0,推荐,trade,0,morning,close_snapshot,unknown,1,cache_backfill,,2026-07-30 20:53:16,51.33,False,ok,2026-06-02,close,59.91,16.715371127995326,49.55,53.5,True,0,-0.004628872004673212,0.4586968430864369,16.25667428490889
1256,emotion_relay,000034,神州数码,2026-06-01,2026-06-03,2,-6.3,-4.58,-6.3,False,,,0.0,推荐,trade,0,morning,close_snapshot,unknown,1,cache_backfill,,2026-07-30 20:53:18,27.3,False,ok,2026-06-03,close,25.58,-6.300366300366312,26.38,27.75,True,0,-0.0003663003663119113,1.9517944949280164,-8.252160795294328
1257,emotion_relay,000636,风华高科,2026-06-01,2026-06-03,2,9.28,9.28,8.14,True,,,0.0,强烈推荐,trade,0,morning,close_snapshot,unknown,1,cache_backfill,,2026-07-30 20:53:18,55.4,False,ok,2026-06-03,close,60.54,9.27797833935018,48.98,58.26,True,0,-0.002021660649820234,1.9517944949280164,7.326183844422163
1258,emotion_relay,000727,冠捷科技,2026-06-01,2026-06-03,2,0.69,2.76,0.69,True,,,0.0,推荐,trade,0,morning,close_snapshot,unknown,1,cache_backfill,,2026-07-30 20:53:18,2.9,False,ok,2026-06-03,close,2.92,0.6896551724137945,2.72,3.01,True,0,-0.00034482758620546505,1.9517944949280164,-1.262139322514222
1276,emotion_relay,000586,汇源通信,2026-06-02,2026-06-04,2,3.49,3.49,3.12,True,,,0.0,推荐,trade,0,morning,close_snapshot,unknown,1,cache_backfill,,2026-07-30 20:53:20,16.05,False,ok,2026-06-04,close,16.61,3.4890965732087054,14.5,16.74,True,0,-0.0009034267912948479,-0.1996109519468714,3.6887075251555768
1277,emotion_relay,000700,模塑科技,2026-06-02,2026-06-04,2,23.18,23.18,14.74,True,,,0.0,推荐,trade,0,morning,close_snapshot,unknown,1,cache_backfill,,2026-07-30 20:53:20,14.45,False,ok,2026-06-04,close,17.8,23.18339100346021,13.99,15.07,True,0,0.003391003460208708,-0.1996109519468714,23.38300195540708
1278,emotion_relay,000737,北方铜业,2026-06-02,2026-06-04,2,-3.07,1.5,-3.07,False,,,0.0,推荐,trade,0,morning,close_snapshot,unknown,1,cache_backfill,,2026-07-30 20:53:21,14.68,False,ok,2026-06-04,close,14.23,-3.06539509536784,14.38,15.29,True,0,0.004604904632159901,-0.1996109519468714,-2.8657841434209685
1296,emotion_relay,002185,华天科技,2026-06-03,2026-06-05,2,-6.8,-0.72,-6.8,False,,,0.0,强烈推荐,trade,0,morning,close_snapshot,unknown,1,cache_backfill,,2026-07-30 20:53:23,19.4,False,ok,2026-06-05,close,18.08,-6.804123711340204,18.36,20.1,True,0,-0.0041237113402043946,-2.4680034259264905,-4.336120285413713
1297,emotion_relay,000700,模塑科技,2026-06-03,2026-06-05,2,9.78,13.02,9.78,True,,,0.0,推荐,trade,0,morning,close_snapshot,unknown,1,cache_backfill,,2026-07-30 20:53:23,15.75,False,ok,2026-06-05,close,17.29,9.777777777777775,15.04,16.58,True,0,-0.002222222222224346,-2.4680034259264905,12.245781203704265
1298,emotion_relay,001896,豫能控股,2026-06-03,2026-06-05,2,4.14,15.72,4.14,True,,,0.0,推荐,trade,0,morning,close_snapshot,unknown,1,cache_backfill,,2026-07-30 20:53:23,19.09,False,ok,2026-06-05,close,19.88,4.138292299633317,18.03,20.08,True,0,-0.0017077003666825519,-2.4680034259264905,6.606295725559807
1316,emotion_relay,000700,模塑科技,2026-06-04,2026-06-08,2,-3.9,0.64,-3.9,False,,,0.0,推荐,trade,0,morning,close_snapshot,unknown,1,cache_backfill,,2026-07-30 20:53:26,17.18,False,ok,2026-06-08,close,16.51,-3.899883585564601,16.88,18.24,True,0,0.00011641443539911478,-3.89642693307507,-0.0034566524895307538
1317,emotion_relay,001393,维通利,2026-06-04,2026-06-08,2,-12.54,-7.64,-12.54,False,,,0.0,推荐,trade,0,morning,close_snapshot,unknown,1,cache_backfill,,2026-07-30 20:53:26,70.4,False,ok,2026-06-08,close,61.57,-12.542613636363642,65.53,70.88,True,0,-0.0026136363636428683,-3.89642693307507,-8.646186703288572
1318,emotion_relay,002491,通鼎互联,2026-06-04,2026-06-08,2,-0.71,-0.71,-1.82,False,,,0.0,推荐,trade,0,morning,close_snapshot,unknown,1,cache_backfill,,2026-07-30 20:53:26,25.28,False,ok,2026-06-08,close,25.1,-0.7120253164557,23.52,26.83,True,0,-0.0020253164557000325,-3.89642693307507,3.18440161661937
1333,emotion_relay,000002,万  科Ａ,2026-06-05,2026-06-09,2,-5.17,-4.56,-5.17,False,,,0.0,推荐,trade,0,morning,close_snapshot,unknown,1,cache_backfill,,2026-07-30 20:53:29,3.29,False,ok,2026-06-09,close,3.12,-5.167173252279634,3.23,3.37,True,0,0.002826747720366285,-0.3136859237853118,-4.853487328494322
1334,emotion_relay,000050,深天马Ａ,2026-06-05,2026-06-09,2,-2.12,-2.12,-3.29,False,,,0.0,推荐,trade,0,morning,close_snapshot,unknown,1,cache_backfill,,2026-07-30 20:53:29,8.5,False,ok,2026-06-09,close,8.32,-2.117647058823524,8.06,9.06,True,0,0.0023529411764759978,-0.3136859237853118,-1.8039611350382123
1335,emotion_relay,000090,天健集团,2026-06-05,2026-06-09,2,-4.43,-4.43,-6.93,False,,,0.0,推荐,trade,0,morning,close_snapshot,unknown,1,cache_backfill,,2026-07-30 20:53:29,3.61,False,ok,2026-06-09,close,3.45,-4.432132963988911,3.49,3.83,True,0,-0.002132963988911385,-0.3136859237853118,-4.118447040203599
1355,emotion_relay,001896,豫能控股,2026-06-08,2026-06-10,2,0.38,2.23,0.38,True,,,0.0,强烈推荐,trade,0,morning,close_snapshot,unknown,1,cache_backfill,,2026-07-30 20:53:31,21.09,False,ok,2026-06-10,close,21.17,0.3793266951161778,19.0,21.5,True,0,-0.0006733048838222233,0.7414651946266559,-0.36213849951047816
1356,emotion_relay,002138,顺络电子,2026-06-08,2026-06-10,2,1.51,6.62,1.51,True,,,0.0,推荐,trade,0,morning,close_snapshot,unknown,1,cache_backfill,,2026-07-30 20:53:32,57.43,False,ok,2026-06-10,close,58.3,1.5148876893609664,53.96,59.5,True,0,0.004887689360966396,0.7414651946266559,0.7734224947343105
1357,emotion_relay,002181,粤 传 媒,2026-06-08,2026-06-10,2,1.77,1.77,-4.55,True,,,0.0,推荐,trade,0,morning,close_snapshot,unknown,1,cache_backfill,,2026-07-30 20:53:32,15.81,False,ok,2026-06-10,close,16.09,1.7710309930423662,14.66,16.0,True,0,0.0010309930423662017,0.7414651946266559,1.0295657984157103
1375,emotion_relay,600176,中国巨石,2026-06-09,2026-06-11,2,7.32,7.32,2.87,True,,,0.0,推荐,trade,0,morning,close_snapshot,unknown,1,cache_backfill,,2026-07-30 20:53:34,38.27,False,ok,2026-06-11,close,41.07,7.316435850535652,37.0,39.12,True,0,-0.003564149464348354,-1.6535431431064618,8.969978993642114
1397,emotion_relay,002669,康达新材,2026-06-10,2026-06-12,2,-14.74,-5.28,-14.74,False,,,0.0,强烈推荐,trade,0,morning,close_snapshot,unknown,1,cache_backfill,,2026-07-30 20:53:37,18.18,False,ok,2026-06-12,close,15.5,-14.741474147414735,17.85,19.13,True,0,-0.0014741474147346167,0.6050217011786652,-15.346495848593399
1398,emotion_relay,000833,粤桂股份,2026-06-10,2026-06-12,2,-6.79,3.57,-6.79,False,,,0.0,推荐,trade,0,morning,close_snapshot,unknown,1,cache_backfill,,2026-07-30 20:53:37,25.76,False,ok,2026-06-12,close,24.01,-6.793478260869568,24.31,26.44,True,0,-0.0034782608695680395,0.6050217011786652,-7.398499962048233
1399,emotion_relay,002129,TCL中环,2026-06-10,2026-06-12,2,-1.38,0.1,-1.38,False,,,0.0,推荐,trade,0,morning,close_snapshot,unknown,1,cache_backfill,,2026-07-30 20:53:37,10.12,False,ok,2026-06-12,close,9.98,-1.383399209486158,9.81,10.3,True,0,-0.003399209486158128,0.6050217011786652,-1.9884209106648232
1414,emotion_relay,000032,深桑达Ａ,2026-06-11,2026-06-15,2,25.36,25.36,13.98,True,,,0.0,推荐,trade,0,morning,close_snapshot,unknown,1,cache_backfill,,2026-07-30 20:53:39,16.6,False,ok,2026-06-15,close,20.81,25.36144578313251,15.46,17.2,True,0,0.0014457831325103143,3.58503391276912,21.77641187036339
1415,emotion_relay,000833,粤桂股份,2026-06-11,2026-06-15,2,-12.92,-10.84,-12.92,False,,,0.0,强烈推荐,trade,0,morning,close_snapshot,unknown,1,cache_backfill,,2026-07-30 20:53:39,26.93,False,ok,2026-06-15,close,23.45,-12.922391385072407,26.07,28.09,True,0,-0.002391385072407104,3.58503391276912,-16.50742529784153
1416,emotion_relay,000969,安泰科技,2026-06-11,2026-06-15,2,12.71,13.08,12.71,True,,,0.0,推荐,trade,0,morning,close_snapshot,unknown,1,cache_backfill,,2026-07-30 20:53:39,21.63,False,ok,2026-06-15,close,24.38,12.713823393435053,20.6,22.79,True,0,0.0038233934350522247,3.58503391276912,9.128789480665933
1433,emotion_relay,000048,京基智农,2026-06-12,2026-06-16,2,-7.59,-7.59,-16.01,False,,,0.0,推荐,trade,0,morning,close_snapshot,unknown,1,cache_backfill,,2026-07-30 20:53:42,20.68,False,ok,2026-06-16,close,19.11,-7.591876208897485,18.9,21.18,True,0,-0.0018762088974852986,2.2378655815394444,-9.82974179043693
1434,emotion_relay,000534,万泽股份,2026-06-12,2026-06-16,2,-4.62,-2.15,-4.62,False,,,0.0,推荐,trade,0,morning,close_snapshot,unknown,1,cache_backfill,,2026-07-30 20:53:42,31.19,False,ok,2026-06-16,close,29.75,-4.616864379608854,29.12,31.82,True,0,0.003135620391145899,2.2378655815394444,-6.854729961148299
1435,emotion_relay,000519,中兵红箭,2026-06-12,2026-06-16,2,4.24,4.24,-0.15,True,,,0.0,推荐,trade,0,morning,close_snapshot,unknown,1,cache_backfill,,2026-07-30 20:53:42,19.59,False,ok,2026-06-16,close,20.42,4.236855538540074,18.92,19.77,True,0,-0.0031444614599260845,2.2378655815394444,1.9989899570006298
1454,emotion_relay,000039,中集集团,2026-06-15,2026-06-17,2,-1.84,-1.08,-1.84,False,,,0.0,推荐,trade,0,morning,close_snapshot,unknown,1,cache_backfill,,2026-07-30 20:53:44,9.26,False,ok,2026-06-17,close,9.09,-1.8358531317494542,9.05,9.41,True,0,0.004146868250545888,0.8111682826659861,-2.6470214144154403
1455,emotion_relay,000050,深天马Ａ,2026-06-15,2026-06-17,2,15.99,15.99,5.46,True,,,0.0,强烈推荐,trade,0,morning,close_snapshot,unknown,1,cache_backfill,,2026-07-30 20:53:44,7.88,False,ok,2026-06-17,close,9.14,15.989847715736039,7.52,7.99,True,0,-0.00015228426396163286,0.8111682826659861,15.178679433070052
1474,emotion_relay,300014,亿纬锂能,2026-06-16,2026-06-18,2,2.71,4.07,2.71,True,,,0.0,推荐,trade,0,morning,close_snapshot,unknown,1,cache_backfill,,2026-07-30 20:53:47,64.9,False,ok,2026-06-18,close,66.66,2.7118644067796405,63.87,67.5,True,0,0.001864406779640504,1.1745966099057759,1.5372677968738646
1476,emotion_relay,300620,光库科技,2026-06-16,2026-06-18,2,4.68,5.86,4.68,True,,,0.0,推荐,trade,0,morning,close_snapshot,unknown,1,cache_backfill,,2026-07-30 20:53:47,373.34,False,ok,2026-06-18,close,390.8,4.676702201746408,359.02,395.5,True,0,-0.003297798253591999,1.1745966099057759,3.502105591840632
1494,emotion_relay,002436,兴森科技,2026-06-17,2026-06-22,2,14.38,14.38,11.72,True,,,0.0,强烈推荐,trade,0,morning,close_snapshot,unknown,1,cache_backfill,2026-06-17 09:41:30,2026-07-30 20:53:50,46.6,False,ok,2026-06-22,close,53.3,14.377682403433468,45.01,48.51,True,0,-0.0023175965665327425,2.601092186989873,11.776590216443594
1495,emotion_relay,000777,中核科技,2026-06-17,2026-06-22,2,-9.94,-7.35,-9.94,False,,,0.0,推荐,trade,0,morning,close_snapshot,unknown,1,cache_backfill,2026-06-17 09:41:30,2026-07-30 20:53:50,21.23,False,ok,2026-06-22,close,19.12,-9.938765897315117,20.72,21.86,True,0,0.0012341026848829983,2.601092186989873,-12.539858084304988
1496,emotion_relay,002254,泰和新材,2026-06-17,2026-06-22,2,0.28,4.88,0.28,True,,,0.0,推荐,trade,0,morning,close_snapshot,unknown,1,cache_backfill,2026-06-17 09:41:30,2026-07-30 20:53:50,17.83,False,ok,2026-06-22,close,17.88,0.2804262478968145,16.15,18.58,True,0,0.00042624789681444675,2.601092186989873,-2.3206659390930584
1512,emotion_relay,000534,万泽股份,2026-06-18,2026-06-23,2,-4.64,0.32,-4.64,False,,,0.0,强烈推荐,trade,0,morning,close_snapshot,unknown,1,cache_backfill,2026-06-18 09:41:26,2026-07-30 20:53:52,31.44,False,ok,2026-06-23,close,29.98,-4.643765903307894,29.63,32.36,True,0,-0.0037659033078947246,-0.4494495709891577,-4.194316332318737
1513,emotion_relay,000737,北方铜业,2026-06-18,2026-06-23,2,-7.97,1.69,-7.97,False,,,0.0,强烈推荐,trade,0,morning,close_snapshot,unknown,1,cache_backfill,2026-06-18 09:41:26,2026-07-30 20:53:52,15.43,False,ok,2026-06-23,close,14.2,-7.971484121840577,14.45,15.52,True,0,-0.0014841218405772238,-0.4494495709891577,-7.522034550851419
1514,emotion_relay,000060,中金岭南,2026-06-18,2026-06-23,2,-3.06,7.7,-3.06,False,,,0.0,推荐,trade,0,morning,close_snapshot,unknown,1,cache_backfill,2026-06-18 09:41:26,2026-07-30 20:53:52,8.18,False,ok,2026-06-23,close,7.93,-3.0562347188264005,7.85,8.28,True,0,0.003765281173599533,-0.4494495709891577,-2.606785147837243
1528,emotion_relay,000012,南  玻Ａ,2026-06-22,2026-06-24,2,4.51,5.42,4.51,True,,,0.0,推荐,trade,0,morning,close_snapshot,unknown,1,cache_backfill,2026-06-22 09:44:04,2026-07-30 20:53:54,4.43,False,ok,2026-06-24,close,4.63,4.514672686230248,4.32,4.73,True,0,0.004672686230247969,-2.305293241047801,6.819965927278049
1547,emotion_relay,601869,长飞光纤,2026-06-23,2026-06-25,2,2.21,3.1,2.21,True,,,0.0,推荐,trade,0,morning,close_snapshot,unknown,1,cache_backfill,2026-06-23 09:42:38,2026-07-30 20:53:57,562.57,False,ok,2026-06-25,close,575.0,2.209502817427156,539.46,570.58,True,0,-0.0004971825728441459,2.047205039649236,0.16229777777791998
1548,emotion_relay,002837,英维克,2026-06-23,2026-06-25,2,4.79,4.79,-0.18,True,,,0.0,推荐,trade,0,morning,close_snapshot,unknown,1,cache_backfill,2026-06-23 09:42:38,2026-07-30 20:53:57,83.01,False,ok,2026-06-25,close,86.99,4.794603059872293,79.0,85.03,True,0,0.004603059872293258,2.047205039649236,2.7473980202230575
1570,emotion_relay,000032,深桑达Ａ,2026-06-24,2026-06-26,2,-1.62,4.31,-1.62,False,,,0.0,强烈推荐,trade,0,morning,close_snapshot,unknown,1,cache_backfill,2026-06-24 09:42:23,2026-07-30 20:54:00,24.62,False,ok,2026-06-26,close,24.22,-1.624695369618201,22.98,25.34,True,0,-0.004695369618200829,-1.5132449393285952,-0.11145043028960577
1571,emotion_relay,000048,京基智农,2026-06-24,2026-06-26,2,1.45,4.15,1.45,True,,,0.0,推荐,trade,0,morning,close_snapshot,unknown,1,cache_backfill,2026-06-24 09:42:23,2026-07-30 20:54:00,21.42,False,ok,2026-06-26,close,21.73,1.4472455648926186,20.08,21.5,True,0,-0.002754435107381381,-1.5132449393285952,2.9604905042212137
1572,emotion_relay,000555,神州信息,2026-06-24,2026-06-26,2,-11.34,-5.63,-11.34,False,,,0.0,推荐,trade,0,morning,close_snapshot,unknown,1,cache_backfill,2026-06-24 09:42:23,2026-07-30 20:54:00,11.91,False,ok,2026-06-26,close,10.56,-11.335012594458437,11.21,12.15,True,0,0.00498740554156285,-1.5132449393285952,-9.821767655129841
1589,emotion_relay,001309,德明利,2026-06-25,2026-06-29,2,12.22,12.22,10.02,True,,,0.0,强烈推荐,trade,0,morning,close_snapshot,unknown,1,cache_backfill,2026-06-25 09:42:51,2026-07-30 20:54:03,864.4,False,ok,2026-06-29,close,970.0,12.216566404442396,829.19,891.0,True,0,-0.003433595557604363,-1.8561383239377727,14.072704728380169
1591,emotion_relay,002156,通富微电,2026-06-25,2026-06-29,2,-6.06,-6.06,-7.33,False,,,0.0,推荐,trade,0,morning,close_snapshot,unknown,1,cache_backfill,2026-06-25 09:42:51,2026-07-30 20:54:03,77.26,False,ok,2026-06-29,close,72.58,-6.057468288894652,74.0,79.38,True,0,0.002531711105347334,-1.8561383239377727,-4.20132996495688
1592,emotion_relay,000021,深科技,2026-06-25,2026-06-29,2,10.33,10.33,0.3,True,,,0.0,强烈推荐,trade,0,morning,close_snapshot,unknown,1,cache_backfill,2026-06-25 09:42:51,2026-07-30 20:54:03,53.35,False,ok,2026-06-29,close,58.86,10.328022492970934,52.0,54.27,True,0,-0.0019775070290659613,-1.8561383239377727,12.184160816908706
1608,emotion_relay,001389,广合科技,2026-06-26,2026-06-30,2,11.16,11.16,3.3,True,,,0.0,强烈推荐,trade,0,morning,close_snapshot,unknown,1,cache_backfill,2026-06-26 09:42:50,2026-07-30 20:54:05,213.44,False,ok,2026-06-30,close,237.25,11.155359820089949,207.11,220.88,True,0,-0.004640179910051501,2.284407853383774,8.870951966706174
1609,emotion_relay,000021,深科技,2026-06-26,2026-06-30,2,16.73,16.73,6.9,True,,,0.0,推荐,trade,0,morning,close_snapshot,unknown,1,cache_backfill,2026-06-26 09:42:50,2026-07-30 20:54:05,55.06,False,ok,2026-06-30,close,64.27,16.72720668361787,52.22,57.63,True,0,-0.00279331638213165,2.284407853383774,14.442798830234095
1610,emotion_relay,002119,康强电子,2026-06-26,2026-06-30,2,14.22,14.22,3.83,True,,,0.0,推荐,trade,0,morning,close_snapshot,unknown,1,cache_backfill,2026-06-26 09:42:50,2026-07-30 20:54:05,34.95,False,ok,2026-06-30,close,39.92,14.220314735336181,32.5,37.02,True,0,0.00031473533618076033,2.284407853383774,11.935906881952407
1629,emotion_relay,000417,合百集团,2026-06-29,2026-07-01,2,8.04,8.04,5.04,True,,,0.0,推荐,trade,0,morning,close_snapshot,unknown,1,cache_backfill,2026-06-29 09:43:23,2026-07-30 20:54:08,8.33,False,ok,2026-07-01,close,9.0,8.043217286914771,8.06,8.66,True,0,0.0032172869147721883,0.6507107888904073,7.392506498024364
1630,emotion_relay,000422,湖北宜化,2026-06-29,2026-07-01,2,9.14,9.14,1.89,True,,,0.0,推荐,trade,0,morning,close_snapshot,unknown,1,cache_backfill,2026-06-29 09:43:23,2026-07-30 20:54:08,13.79,False,ok,2026-07-01,close,15.05,9.137055837563457,13.51,13.99,True,0,-0.002944162436543607,0.6507107888904073,8.48634504867305
1646,emotion_relay,300476,胜宏科技,2026-06-30,2026-07-02,2,-11.14,-5.11,-11.14,False,,,0.0,推荐,trade,0,morning,close_snapshot,unknown,1,cache_backfill,2026-06-30 09:41:57,2026-07-30 20:54:10,344.47,False,ok,2026-07-02,close,306.09,-11.141753998896874,321.0,353.0,True,0,-0.0017539988968735543,-3.356408263596433,-7.7853457353004405
1665,emotion_relay,000938,紫光股份,2026-07-01,2026-07-03,2,-1.05,-1.05,-5.13,False,,,0.0,强烈推荐,trade,0,morning,close_snapshot,unknown,1,cache_backfill,2026-07-01 09:42:25,2026-07-30 20:54:13,30.6,False,ok,2026-07-03,close,30.28,-1.0457516339869244,29.45,31.29,True,0,0.004248366013075655,-2.355524724842595,1.3097730908556704
1666,emotion_relay,000100,TCL科技,2026-07-01,2026-07-03,2,-6.46,-1.99,-6.46,False,,,0.0,推荐,trade,0,morning,close_snapshot,unknown,1,cache_backfill,2026-07-01 09:42:25,2026-07-30 20:54:13,6.04,False,ok,2026-07-03,close,5.65,-6.4569536423841,5.86,6.26,True,0,0.003046357615899886,-2.355524724842595,-4.101428917541505
1671,emotion_relay,000603,盛达资源,2026-07-01,2026-07-03,2,-0.69,0.53,-0.69,False,,,0.0,推荐,trade,0,morning,close_snapshot,unknown,1,cache_backfill,2026-07-01 09:42:25,2026-07-30 20:54:14,24.59,False,ok,2026-07-03,close,24.42,-0.6913379422529453,23.57,25.41,True,0,-0.0013379422529453677,-2.355524724842595,1.6641867825896495
1685,emotion_relay,002594,比亚迪,2026-07-02,2026-07-06,2,2.92,4.01,2.92,True,,,0.0,推荐,trade,0,morning,close_snapshot,unknown,1,cache_backfill,2026-07-02 09:41:57,2026-07-30 20:54:16,85.06,False,ok,2026-07-06,close,87.54,2.915588996002816,81.9,85.67,True,0,-0.004411003997184082,0.6171685057041243,2.2984204902986916
1704,emotion_relay,002747,埃斯顿,2026-07-03,2026-07-07,2,15.59,15.59,8.59,True,,,0.0,推荐,trade,0,morning,close_snapshot,unknown,1,cache_backfill,2026-07-03 09:41:53,2026-07-30 20:54:18,42.39,False,ok,2026-07-07,close,49.0,15.593300306676095,41.02,44.77,True,0,0.003300306676095488,-1.0307362195048908,16.624036526180987
1705,emotion_relay,300328,宜安科技,2026-07-03,2026-07-07,2,-1.98,1.5,-1.98,False,,,0.0,推荐,trade,0,morning,close_snapshot,unknown,1,cache_backfill,2026-07-03 09:41:53,2026-07-30 20:54:18,14.67,False,ok,2026-07-07,close,14.38,-1.9768234492160808,14.3,15.34,True,0,0.0031765507839192075,-1.0307362195048908,-0.94608722971119
1707,emotion_relay,300503,昊志机电,2026-07-03,2026-07-07,2,-0.31,11.14,-0.31,False,,,0.0,推荐,trade,0,morning,close_snapshot,unknown,1,cache_backfill,2026-07-03 09:41:53,2026-07-30 20:54:19,98.79,False,ok,2026-07-07,close,98.48,-0.3137969430104248,96.22,113.57,True,0,-0.0037969430104248247,-1.0307362195048908,0.716939276494466
1725,emotion_relay,000506,招金黄金,2026-07-06,2026-07-08,2,-6.48,-6.48,-14.98,False,,,0.0,推荐,trade,0,morning,close_snapshot,unknown,1,cache_backfill,2026-07-06 09:42:59,2026-07-30 20:54:21,14.35,False,ok,2026-07-08,close,13.42,-6.480836236933795,13.02,14.8,True,0,-0.000836236933794865,-1.7858323007021948,-4.6950039362316005
1726,emotion_relay,000534,万泽股份,2026-07-06,2026-07-08,2,-11.95,-5.99,-11.95,False,,,0.0,推荐,trade,0,morning,close_snapshot,unknown,1,cache_backfill,2026-07-06 09:42:59,2026-07-30 20:54:21,33.55,False,ok,2026-07-08,close,29.54,-11.952309985096864,32.25,34.35,True,0,-0.002309985096864864,-1.7858323007021948,-10.16647768439467
1749,emotion_relay,000818,航锦科技,2026-07-07,2026-07-09,2,-11.1,-10.02,-11.1,False,,,0.0,强烈推荐,trade,0,morning,close_snapshot,unknown,1,cache_backfill,2026-07-07 09:41:50,2026-07-30 20:54:24,15.77,False,ok,2026-07-09,close,14.02,-11.097019657577679,15.2,16.95,True,0,0.002980342422320703,1.7538697816896542,-12.850889439267334
1750,emotion_relay,001270,铖昌科技,2026-07-07,2026-07-09,2,-3.21,-3.21,-10.8,False,,,0.0,强烈推荐,trade,0,morning,close_snapshot,unknown,1,cache_backfill,2026-07-07 09:41:50,2026-07-30 20:54:24,169.66,False,ok,2026-07-09,close,164.22,-3.206412825651306,158.88,172.88,True,0,0.0035871743486941554,1.7538697816896542,-4.96028260734096
1751,emotion_relay,000519,中兵红箭,2026-07-07,2026-07-09,2,-14.43,-12.09,-14.43,False,,,0.0,推荐,trade,0,morning,close_snapshot,unknown,1,cache_backfill,2026-07-07 09:41:50,2026-07-30 20:54:24,20.93,False,ok,2026-07-09,close,17.91,-14.429049211657908,19.82,21.23,True,0,0.000950788342091613,1.7538697816896542,-16.182918993347563
1778,emotion_relay,000062,深圳华强,2026-07-08,2026-07-10,2,-4.83,-2.93,-4.83,False,,,0.0,推荐,trade,0,morning,close_snapshot,unknown,1,cache_backfill,2026-07-08 09:42:49,2026-07-30 20:54:28,33.11,False,ok,2026-07-10,close,31.51,-4.8323769254001725,31.81,34.2,True,0,-0.002376925400172425,0.5311710787230917,-5.363548004123264
1779,emotion_relay,000571,新大洲A,2026-07-08,2026-07-10,2,-7.25,-5.94,-7.25,False,,,0.0,推荐,trade,0,morning,close_snapshot,unknown,1,cache_backfill,2026-07-08 09:42:49,2026-07-30 20:54:28,6.9,False,ok,2026-07-10,close,6.4,-7.246376811594201,6.52,6.93,True,0,0.003623188405798672,0.5311710787230917,-7.777547890317293
1780,emotion_relay,000759,中百集团,2026-07-08,2026-07-10,2,8.29,8.29,6.99,True,,,0.0,推荐,trade,0,morning,close_snapshot,unknown,1,cache_backfill,2026-07-08 09:42:49,2026-07-30 20:54:28,6.15,False,ok,2026-07-10,close,6.66,8.292682926829254,5.87,6.48,True,0,0.0026829268292551944,0.5311710787230917,7.761511848106163
1817,emotion_relay,000518,四环生物,2026-07-09,2026-07-13,2,-4.49,1.25,-4.49,False,,,0.0,推荐,trade,0,morning,close_snapshot,unknown,1,cache_backfill,2026-07-09 09:41:33,2026-07-30 20:54:33,4.01,False,ok,2026-07-13,close,3.83,-4.488778054862841,3.65,4.15,True,0,0.0012219451371588974,-3.7103875676484988,-0.7783904872143426
1818,emotion_relay,000032,深桑达Ａ,2026-07-09,2026-07-13,2,-8.41,-2.52,-8.41,False,,,0.0,推荐,trade,0,morning,close_snapshot,unknown,1,cache_backfill,2026-07-09 09:41:33,2026-07-30 20:54:33,22.24,False,ok,2026-07-13,close,20.37,-8.40827338129495,21.5,23.14,True,0,0.0017266187050495319,-3.7103875676484988,-4.697885813646452
1819,emotion_relay,000070,特发信息,2026-07-09,2026-07-13,2,-10.45,-0.5,-10.45,False,,,0.0,强烈推荐,trade,0,morning,close_snapshot,unknown,1,cache_backfill,2026-07-09 09:41:33,2026-07-30 20:54:33,18.09,False,ok,2026-07-13,close,16.2,-10.447761194029859,17.5,18.86,True,0,0.0022388059701405894,-3.7103875676484988,-6.73737362638136
1845,emotion_relay,000938,紫光股份,2026-07-10,2026-07-14,2,-2.99,0.73,-2.99,False,,,0.0,强烈推荐,trade,0,morning,close_snapshot,unknown,1,cache_backfill,2026-07-10 09:41:49,2026-07-30 20:54:37,38.12,False,ok,2026-07-14,close,36.98,-2.99055613850997,36.2,39.25,True,0,-0.0005561385099697169,0.328606778377627,-3.319162916887597
1846,emotion_relay,002156,通富微电,2026-07-10,2026-07-14,2,0.95,0.95,-4.63,True,,,0.0,强烈推荐,trade,0,morning,close_snapshot,unknown,1,cache_backfill,2026-07-10 09:41:49,2026-07-30 20:54:37,77.14,False,ok,2026-07-14,close,77.87,0.9463313456054001,70.78,77.67,True,0,-0.003668654394599846,0.328606778377627,0.6177245672277731
1847,emotion_relay,002208,合肥城建,2026-07-10,2026-07-14,2,-6.19,4.24,-6.19,False,,,0.0,推荐,trade,0,morning,close_snapshot,unknown,1,cache_backfill,2026-07-10 09:41:49,2026-07-30 20:54:37,20.03,False,ok,2026-07-14,close,18.79,-6.190713929106351,19.4,20.94,True,0,-0.000713929106350264,0.328606778377627,-6.519320707483978
1874,emotion_relay,002028,思源电气,2026-07-13,2026-07-15,2,-2.32,-0.53,-2.32,False,,,0.0,推荐,trade,0,morning,close_snapshot,unknown,1,cache_backfill,2026-07-13 09:42:12,2026-07-30 20:54:41,162.86,False,ok,2026-07-15,close,159.08,-2.321011912071713,148.51,165.1,True,0,-0.0010119120717133612,1.9465943118554652,-4.267606223927178
1876,emotion_relay,603893,瑞芯微,2026-07-13,2026-07-15,2,-6.06,-3.2,-6.06,False,,,0.0,推荐,trade,0,morning,close_snapshot,unknown,1,cache_backfill,2026-07-13 09:42:12,2026-07-30 20:54:41,224.07,False,ok,2026-07-15,close,210.5,-6.056143169545225,208.78,227.0,True,0,0.0038568304547750287,1.9465943118554652,-8.00273748140069
1911,emotion_relay,000661,长春高新,2026-07-14,2026-07-16,2,3.74,3.74,-1.57,True,,,0.0,强烈推荐,trade,0,morning,close_snapshot,unknown,1,cache_backfill,2026-07-14 09:41:04,2026-07-30 20:54:45,73.2,False,ok,2026-07-16,close,75.94,3.743169398907087,68.56,73.4,True,0,0.0031693989070866735,-2.044615865735422,5.787785264642508
1912,emotion_relay,000155,川能动力,2026-07-14,2026-07-16,2,-0.45,0.91,-0.45,False,,,0.0,推荐,trade,0,morning,close_snapshot,unknown,1,cache_backfill,2026-07-14 09:41:04,2026-07-30 20:54:46,10.99,False,ok,2026-07-16,close,10.94,-0.45495905368517775,10.73,11.22,True,0,-0.004959053685177739,-2.044615865735422,1.5896568120502441
1913,emotion_relay,000701,厦门信达,2026-07-14,2026-07-16,2,4.78,4.78,3.26,True,,,0.0,推荐,trade,0,morning,close_snapshot,unknown,1,cache_backfill,2026-07-14 09:41:04,2026-07-30 20:54:46,4.6,False,ok,2026-07-16,close,4.82,4.782608695652191,4.49,4.88,True,0,0.0026086956521904625,-2.044615865735422,6.827224561387613
1939,emotion_relay,000008,神州高铁,2026-07-15,2026-07-17,2,-14.87,-12.64,-14.87,False,,,0.0,推荐,trade,0,morning,close_snapshot,unknown,1,cache_backfill,2026-07-15 09:41:50,2026-07-30 20:54:49,2.69,False,ok,2026-07-17,close,2.29,-14.869888475836424,2.52,2.86,True,0,0.00011152416357518291,-5.383159451656427,-9.486729024179997
1942,emotion_relay,000567,海德股份,2026-07-15,2026-07-17,2,-11.7,-6.09,-11.7,False,,,0.0,强烈推荐,trade,0,morning,close_snapshot,unknown,1,cache_backfill,2026-07-15 09:41:50,2026-07-30 20:54:50,6.24,False,ok,2026-07-17,close,5.51,-11.698717948717952,6.14,6.59,True,0,0.0012820512820468366,-5.383159451656427,-6.3155584970615255
1977,emotion_relay,000829,天音控股,2026-07-16,2026-07-20,2,1.58,1.58,-2.03,True,,,0.0,强烈推荐,trade,0,morning,close_snapshot,unknown,1,cache_backfill,2026-07-16 09:42:00,2026-07-30 20:54:54,8.85,False,ok,2026-07-20,close,8.99,1.5819209039548143,8.14,9.12,True,0,0.001920903954814257,-2.1307117483925553,3.7126326523473696
1978,emotion_relay,000566,海南海药,2026-07-16,2026-07-20,2,-11.97,-6.08,-11.97,False,,,0.0,推荐,trade,0,morning,close_snapshot,unknown,1,cache_backfill,2026-07-16 09:42:00,2026-07-30 20:54:54,5.43,False,ok,2026-07-20,close,4.78,-11.970534069981575,5.26,5.67,True,0,-0.0005340699815743477,-2.1307117483925553,-9.83982232158902
2001,emotion_relay,000571,新大洲A,2026-07-17,2026-07-21,2,-13.11,-13.11,-14.94,False,,,0.0,推荐,trade,0,morning,close_snapshot,unknown,1,cache_backfill,2026-07-17 09:41:45,2026-07-30 20:54:58,6.56,False,ok,2026-07-21,close,5.7,-13.109756097560965,6.01,6.63,True,0,0.00024390243903482656,4.639553112097317,-17.749309209658282
2002,emotion_relay,000676,智度股份,2026-07-17,2026-07-21,2,5.17,5.17,-3.65,True,,,0.0,强烈推荐,trade,0,morning,close_snapshot,unknown,1,cache_backfill,2026-07-17 09:41:45,2026-07-30 20:54:58,6.58,False,ok,2026-07-21,close,6.92,5.167173252279622,6.36,6.84,True,0,-0.0028267477203778313,4.639553112097317,0.5276201401823055
2026,emotion_relay,000034,神州数码,2026-07-20,2026-07-22,2,6.94,6.94,-1.52,True,,,0.0,推荐,trade,0,morning,close_snapshot,unknown,1,cache_backfill,2026-07-20 09:43:25,2026-07-30 20:55:01,25.63,False,ok,2026-07-22,close,27.41,6.94498634412799,24.13,25.96,True,0,0.004986344127989817,2.5861619026079197,4.3588244415200705
2027,emotion_relay,000070,特发信息,2026-07-20,2026-07-22,2,-5.04,-2.34,-5.04,False,,,0.0,推荐,trade,0,morning,close_snapshot,unknown,1,cache_backfill,2026-07-20 09:43:25,2026-07-30 20:55:01,14.08,False,ok,2026-07-22,close,13.37,-5.0426136363636465,12.45,14.22,True,0,-0.002613636363646421,2.5861619026079197,-7.628775538971566
2040,emotion_relay,603799,华友钴业,2026-07-21,2026-07-23,2,4.95,4.95,0.53,True,,,0.0,推荐,trade,0,morning,close_snapshot,unknown,1,cache_backfill,2026-07-21 09:48:43,2026-07-30 20:55:03,39.59,False,ok,2026-07-23,close,41.55,4.950745137661006,37.58,39.68,True,0,0.0007451376610054794,-0.23695832445354004,5.187703462114546
2061,emotion_relay,001337,四川黄金,2026-07-22,2026-07-24,2,1.84,10.67,1.84,True,,,0.0,推荐,trade,0,morning,close_snapshot,unknown,1,cache_backfill,2026-07-22 09:48:09,2026-07-30 20:55:06,36.38,False,ok,2026-07-24,close,37.05,1.8416712479384145,35.3,37.75,True,0,0.001671247938414444,-1.4425808311639865,3.284252079102401
2062,emotion_relay,603005,晶方科技,2026-07-22,2026-07-24,2,-5.44,-5.2,-5.44,False,,,0.0,推荐,trade,0,morning,close_snapshot,unknown,1,cache_backfill,2026-07-22 09:48:09,2026-07-30 20:55:06,32.53,False,ok,2026-07-24,close,30.76,-5.441131263449117,31.1,33.18,True,0,-0.0011312634491167373,-1.4425808311639865,-3.9985504322851306
2063,emotion_relay,300489,光智科技,2026-07-22,2026-07-24,2,-10.21,-10.21,-11.72,False,,,0.0,推荐,trade,0,morning,close_snapshot,unknown,1,cache_backfill,2026-07-22 09:48:09,2026-07-30 20:55:06,199.36,False,ok,2026-07-24,close,179.0,-10.21268057784912,176.0,200.81,True,0,-0.0026805778491194587,-1.4425808311639865,-8.770099746685133
2088,emotion_relay,300975,商络电子,2026-07-23,2026-07-27,2,-2.19,-2.19,-5.59,False,,,0.0,推荐,trade,0,morning,close_snapshot,unknown,1,cache_backfill,2026-07-23 09:48:19,2026-07-30 20:55:09,27.38,False,ok,2026-07-27,close,26.78,-2.1913805697589384,25.72,27.7,True,0,-0.0013805697589384103,-0.5408206429780016,-1.6505599267809368
2089,emotion_relay,001337,四川黄金,2026-07-23,2026-07-27,2,1.41,1.41,-3.57,True,,,0.0,推荐,trade,0,morning,close_snapshot,unknown,1,cache_backfill,2026-07-23 09:48:19,2026-07-30 20:55:09,38.42,False,ok,2026-07-27,close,38.96,1.4055179593961409,36.61,40.26,True,0,-0.004482040603859039,-0.5408206429780016,1.9463386023741425
2090,emotion_relay,001270,铖昌科技,2026-07-23,2026-07-27,2,-2.86,-2.86,-7.93,False,,,0.0,推荐,trade,0,morning,close_snapshot,unknown,1,cache_backfill,2026-07-23 09:48:19,2026-07-30 20:55:10,105.0,False,ok,2026-07-27,close,102.0,-2.857142857142858,99.1,106.22,True,0,0.002857142857141781,-0.5408206429780016,-2.3163222141648565
2163,emotion_relay,002747,埃斯顿,2026-07-31,2026-08-02,2,0.03,0.03,0.03,True,,,0.0,强烈推荐,trade,0,morning,close_snapshot,unknown,1,cache_backfill,2026-07-31 09:48:27,2026-07-31 09:48:27,29.73,True,ok,2026-08-04,close,32.3,8.644466868482992,28.6,30.63,True,0,8.614466868482992,0.27745085218604526,8.367016016296947
2164,emotion_relay,600206,有研新材,2026-07-31,2026-08-02,2,-7.16,-7.16,-7.16,False,,,0.0,强烈推荐,trade,0,morning,close_snapshot,unknown,1,cache_backfill,2026-07-31 09:48:27,2026-07-31 09:48:27,38.12,True,ok,2026-08-04,close,36.19,-5.062959076600205,35.33,38.75,True,0,2.0970409233997955,0.27745085218604526,-5.34040992878625
2165,emotion_relay,300726,宏达电子,2026-07-31,2026-08-02,2,-6.23,-6.23,-6.23,False,,,0.0,推荐,trade,0,morning,close_snapshot,unknown,1,cache_backfill,2026-07-31 09:48:27,2026-07-31 09:48:27,50.71,True,ok,2026-08-04,close,49.54,-2.307237231315329,47.54,51.86,True,0,3.9227627686846716,0.27745085218604526,-2.584688083501374
2237,emotion_relay,600312,平高电气,2026-08-03,2026-08-05,2,1.21,2.08,1.21,True,,,0.0,推荐,trade,0,morning,close_snapshot,unknown,1,cache_backfill,2026-08-03 09:48:58,2026-08-03 09:48:58,20.69,False,ok,2026-08-05,close,20.94,1.2083131947800974,19.8,20.89,True,0,-0.0016868052199026096,2.530606315400208,-1.3222931206201105
2238,emotion_relay,000969,安泰科技,2026-08-03,2026-08-05,2,3.87,3.87,2.18,True,,,0.0,推荐,trade,0,morning,close_snapshot,unknown,1,cache_backfill,2026-08-03 09:48:58,2026-08-03 09:48:58,16.55,False,ok,2026-08-05,close,17.19,3.8670694864048283,16.18,16.75,True,0,-0.002930513595171824,2.530606315400208,1.3364631710046204
2297,emotion_relay,300620,光库科技,2026-08-04,2026-08-06,2,12.37,12.37,6.38,True,,,0.0,推荐,trade,0,morning,close_snapshot,unknown,1,cache_backfill,2026-08-04 09:49:25,2026-08-04 09:49:25,245.33,False,ok,2026-08-06,close,275.67,12.367015856193708,218.54,254.33,True,0,-0.002984143806290973,1.0949960116759083,11.2720198445178
2298,emotion_relay,300394,天孚通信,2026-08-04,2026-08-06,2,13.01,13.01,8.78,True,,,0.0,推荐,trade,0,morning,close_snapshot,unknown,1,cache_backfill,2026-08-04 09:49:25,2026-08-04 09:49:25,199.35,False,ok,2026-08-06,close,225.28,13.00727363932781,188.18,216.0,True,0,-0.002726360672189898,1.0949960116759083,11.912277627651902
2368,emotion_relay,601138,工业富联,2026-08-05,2026-08-07,2,5.87,6.01,5.87,True,,,0.0,强烈推荐,trade,0,morning,close_snapshot,unknown,1,cache_backfill,2026-08-05 09:48:09,2026-08-05 09:48:09,64.4,False,ok,2026-08-07,close,68.18,5.869565217391304,58.9,65.92,True,0,-0.000434782608696338,0.7790646501293352,5.0905005672619685
2369,emotion_relay,300604,长川科技,2026-08-05,2026-08-07,2,7.48,7.48,5.7,True,,,0.0,推荐,trade,0,morning,close_snapshot,unknown,1,cache_backfill,2026-08-05 09:48:09,2026-08-05 09:48:09,263.5,False,ok,2026-08-07,close,283.21,7.480075901328265,243.76,280.0,True,0,7.590132826429397e-05,0.7790646501293352,6.7010112511989295
2437,emotion_relay,300476,胜宏科技,2026-08-06,2026-08-08,2,12.54,12.54,12.54,True,,,0.0,强烈推荐,trade,0,morning,close_snapshot,unknown,1,cache_backfill,2026-08-06 09:49:53,2026-08-06 09:49:53,248.98,True,ok,2026-08-10,close,286.0,14.868664149730915,227.0,260.53,True,0,2.3286641497309155,1.090230494204869,13.778433655526046
2438,emotion_relay,000426,兴业银锡,2026-08-06,2026-08-08,2,2.76,2.76,2.76,True,,,0.0,推荐,trade,0,morning,close_snapshot,unknown,1,cache_backfill,2026-08-06 09:49:53,2026-08-06 09:49:53,38.42,True,ok,2026-08-10,close,40.67,5.856324830817283,36.94,38.91,True,0,3.0963248308172835,1.090230494204869,4.766094336612414
2498,emotion_relay,300759,康龙化成,2026-08-07,2026-08-09,2,5.16,5.16,5.16,True,,,0.0,推荐,trade,0,morning,close_snapshot,unknown,1,cache_backfill,2026-08-07 09:47:50,2026-08-07 09:47:50,43.06,True,ok,2026-08-11,close,47.59,10.52020436600094,39.6,45.3,True,0,5.360204366000939,-0.652900026414216,11.173104392415155
2558,emotion_relay,603065,宿迁联盛,2026-08-10,2026-08-12,2,-2.03,-1.39,-2.03,False,,,0.0,强烈推荐,trade,0,morning,close_snapshot,unknown,1,cache_backfill,2026-08-10 09:51:47,2026-08-10 09:51:47,17.25,False,ok,2026-08-12,close,16.9,-2.0289855072463836,16.59,17.75,True,0,0.001014492753616203,-0.23606875342938594,-1.7929167538169977
2559,emotion_relay,600961,株冶集团,2026-08-10,2026-08-12,2,-3.9,-3.9,-6.26,False,,,0.0,推荐,trade,0,morning,close_snapshot,unknown,1,cache_backfill,2026-08-10 09:51:47,2026-08-10 09:51:47,30.49,False,ok,2026-08-12,close,29.3,-3.9029189898327266,29.05,30.8,True,0,-0.0029189898327266484,-0.23606875342938594,-3.6668502364033406
2560,emotion_relay,603011,合锻智能,2026-08-10,2026-08-12,2,5.75,5.75,1.69,True,,,0.0,推荐,trade,0,morning,close_snapshot,unknown,1,cache_backfill,2026-08-10 09:51:47,2026-08-10 09:51:47,23.65,False,ok,2026-08-12,close,25.01,5.750528541226219,22.71,24.84,True,0,0.0005285412262185929,-0.23606875342938594,5.9865972946556045
2624,emotion_relay,603823,百合花,2026-08-11,2026-08-13,2,5.94,8.31,5.94,True,,,0.0,强烈推荐,trade,0,morning,close_snapshot,unknown,1,cache_backfill,2026-08-11 09:46:33,2026-08-11 09:46:33,71.74,False,ok,2026-08-13,close,76.0,5.938109841092842,67.91,75.22,True,0,-0.001890158907158046,0.003430686201566502,5.934679154891276
2625,emotion_relay,301047,义翘神州,2026-08-11,2026-08-13,2,0.71,0.71,-2.39,True,,,0.0,推荐,trade,0,morning,close_snapshot,unknown,1,cache_backfill,2026-08-11 09:46:33,2026-08-11 09:46:33,119.15,False,ok,2026-08-13,close,120.0,0.7133864876206486,111.35,126.98,True,0,0.003386487620648637,0.003430686201566502,0.7099558014190821
2684,emotion_relay,002437,誉衡药业,2026-08-12,2026-08-14,2,21.12,21.12,13.64,True,,,0.0,强烈推荐,trade,0,morning,close_snapshot,unknown,1,cache_backfill,2026-08-12 09:47:32,2026-08-12 09:47:32,3.74,False,ok,2026-08-14,close,4.53,21.122994652406412,3.51,3.86,True,0,0.002994652406410836,-0.5337972082235409,21.65679186062995
2685,emotion_relay,300534,陇神戎发,2026-08-12,2026-08-14,2,13.99,14.11,13.99,True,,,0.0,强烈推荐,trade,0,morning,close_snapshot,unknown,1,cache_backfill,2026-08-12 09:47:32,2026-08-12 09:47:32,16.58,False,ok,2026-08-14,close,18.9,13.992762364294343,15.7,17.5,True,0,0.002762364294342845,-0.5337972082235409,14.526559572517884
2736,emotion_relay,603186,华正新材,2026-08-13,2026-08-15,2,0.74,0.74,0.74,True,,,0.0,强烈推荐,trade,0,morning,close_snapshot,unknown,1,cache_backfill,2026-08-13 09:49:00,2026-08-13 09:49:00,166.32,True,ok,2026-08-17,close,184.31,10.816498316498313,151.4,167.68,True,0,10.076498316498313,1.6541772531866838,9.16232106331163
2737,emotion_relay,002491,通鼎互联,2026-08-13,2026-08-15,2,-2.19,-2.19,-2.19,False,,,0.0,强烈推荐,trade,0,morning,close_snapshot,unknown,1,cache_backfill,2026-08-13 09:49:00,2026-08-13 09:49:00,20.09,True,ok,2026-08-17,close,20.3,1.0452961672474004,18.68,20.72,True,0,3.2352961672474003,1.6541772531866838,-0.6088810859392835
2738,emotion_relay,002682,龙洲股份,2026-08-13,2026-08-15,2,-13.43,-13.43,-13.43,False,,,0.0,推荐,trade,0,morning,close_snapshot,unknown,1,cache_backfill,2026-08-13 09:49:00,2026-08-13 09:49:00,5.36,True,ok,2026-08-17,close,5.1,-4.850746268656724,5.07,5.53,True,0,8.579253731343275,1.6541772531866838,-6.504923521843408
2782,emotion_relay,002080,中材科技,2026-08-14,2026-08-16,2,-0.53,-0.53,-0.53,False,,,0.0,推荐,trade,0,morning,close_snapshot,unknown,1,cache_backfill,2026-08-14 09:47:58,2026-08-14 09:47:58,60.25,True,ok,2026-08-18,close,60.1,-0.24896265560165887,55.54,60.95,True,0,0.28103734439834116,1.2844308040498298,-1.5333934596514887
2855,emotion_relay,600186,莲花控股,2026-08-17,2026-08-19,2,-9.3,0.78,-9.3,False,,,0.0,强烈推荐,trade,0,morning,close_snapshot,unknown,1,cache_backfill,2026-08-17 09:48:10,2026-08-17 09:48:10,12.8,False,ok,2026-08-19,close,11.61,-9.296875000000004,12.34,13.22,True,0,0.003124999999997158,-3.2144439054228036,-6.0824310945772
2856,emotion_relay,002428,云南锗业,2026-08-17,2026-08-19,2,-3.15,0.19,-3.15,False,,,0.0,强烈推荐,trade,0,morning,close_snapshot,unknown,1,cache_backfill,2026-08-17 09:48:10,2026-08-17 09:48:10,108.1,False,ok,2026-08-19,close,104.7,-3.1452358926919444,102.77,109.66,True,0,0.004764107308055543,-3.2144439054228036,0.06920801273085919
2916,emotion_relay,600216,浙江医药,2026-08-18,2026-08-20,2,3.2,3.2,-1.0,True,,,0.0,强烈推荐,trade,0,morning,close_snapshot,unknown,1,cache_backfill,2026-08-18 09:47:55,2026-08-18 09:47:55,14.07,False,ok,2026-08-20,close,14.52,3.1982942430703654,13.53,14.29,True,0,-0.0017057569296348163,-2.8156019814592703,6.013896224529636
2917,emotion_relay,600141,兴发集团,2026-08-18,2026-08-20,2,-8.43,-6.74,-8.43,False,,,0.0,推荐,trade,0,morning,close_snapshot,unknown,1,cache_backfill,2026-08-18 09:47:55,2026-08-18 09:47:55,33.7,False,ok,2026-08-20,close,30.86,-8.4272997032641,33.18,34.49,True,0,0.0027002967358988883,-2.8156019814592703,-5.6116977218048305
2918,emotion_relay,600172,黄河旋风,2026-08-18,2026-08-20,2,-3.52,3.52,-3.52,False,,,0.0,推荐,trade,0,morning,close_snapshot,unknown,1,cache_backfill,2026-08-18 09:47:55,2026-08-18 09:47:55,13.93,False,ok,2026-08-20,close,13.44,-3.5175879396984966,13.71,14.7,True,0,0.002412060301503427,-2.8156019814592703,-0.7019859582392263
2985,emotion_relay,600354,敦煌种业,2026-08-19,2026-08-21,2,-13.69,-8.19,-13.69,False,,,0.0,强烈推荐,trade,0,morning,close_snapshot,unknown,1,cache_backfill,2026-08-19 09:54:45,2026-08-19 09:54:45,7.45,False,ok,2026-08-21,close,6.43,-13.691275167785244,6.78,7.68,True,0,-0.0012751677852449461,0.6581384705907967,-14.349413638376042
2986,emotion_relay,600367,红星发展,2026-08-19,2026-08-21,2,-13.02,-9.98,-13.02,False,,,0.0,强烈推荐,trade,0,morning,close_snapshot,unknown,1,cache_backfill,2026-08-19 09:54:45,2026-08-19 09:54:45,39.87,False,ok,2026-08-21,close,34.68,-13.017306245297211,36.36,40.88,True,0,0.002693754702788098,0.6581384705907967,-13.675444715888009
2987,emotion_relay,600108,亚盛集团,2026-08-19,2026-08-21,2,-10.33,-7.34,-10.33,False,,,0.0,推荐,trade,0,morning,close_snapshot,unknown,1,cache_backfill,2026-08-19 09:54:45,2026-08-19 09:54:45,3.68,False,ok,2026-08-21,close,3.3,-10.326086956521753,3.43,3.91,True,0,0.003913043478247502,0.6581384705907967,-10.984225427112548
3051,emotion_relay,301080,百普赛斯,2026-08-20,2026-08-22,2,8.89,8.89,8.89,True,,,0.0,强烈推荐,trade,0,morning,close_snapshot,unknown,1,cache_backfill,2026-08-20 09:52:26,2026-08-20 09:52:26,90.84,True,ok,2026-08-24,close,92.63,1.9704975781593914,89.27,102.79,True,0,-6.919502421840609,-0.6449295084644202,2.6154270866238116
3052,emotion_relay,603580,艾艾精工,2026-08-20,2026-08-22,2,11.22,11.22,11.22,True,,,0.0,推荐,trade,0,morning,close_snapshot,unknown,1,cache_backfill,2026-08-20 09:52:26,2026-08-20 09:52:26,72.63,True,ok,2026-08-24,close,72.8,0.23406305934188243,67.2,74.79,True,0,-10.985936940658117,-0.6449295084644202,0.8789925678063026
3104,emotion_relay,601126,四方股份,2026-08-21,2026-08-23,2,-2.11,-2.11,-2.11,False,,,0.0,强烈推荐,trade,0,morning,close_snapshot,unknown,1,cache_backfill,2026-08-21 09:46:40,2026-08-21 09:46:40,46.43,True,ok,2026-08-25,close,44.19,-4.824466939478789,43.15,47.5,True,0,-2.7144669394787893,-1.4477472991404894,-3.3767196403382997
3105,emotion_relay,002655,共达电声,2026-08-21,2026-08-23,2,3.39,3.39,3.39,True,,,0.0,强烈推荐,trade,0,morning,close_snapshot,unknown,1,cache_backfill,2026-08-21 09:46:40,2026-08-21 09:46:40,36.53,True,ok,2026-08-25,close,37.49,2.6279770052012097,33.82,37.77,True,0,-0.7620229947987904,-1.4477472991404894,4.0757243043416995
3178,emotion_relay,600611,大众交通,2026-08-24,2026-08-26,2,-0.64,-0.64,-2.13,False,,,0.0,强烈推荐,trade,0,morning,close_snapshot,unknown,1,cache_backfill,2026-08-24 09:50:13,2026-08-24 09:50:13,4.7,False,ok,2026-08-26,close,4.67,-0.638297872340432,4.56,4.86,True,0,0.001702127659568009,0.6061628750440917,-1.2444607473845237
3179,emotion_relay,600110,诺德股份,2026-08-24,2026-08-26,2,4.76,4.76,1.08,True,,,0.0,推荐,trade,0,morning,close_snapshot,unknown,1,cache_backfill,2026-08-24 09:50:13,2026-08-24 09:50:13,11.13,False,ok,2026-08-26,close,11.66,4.761904761904745,10.61,11.36,True,0,0.0019047619047452002,0.6061628750440917,4.155741886860653
3180,emotion_relay,600272,开开实业,2026-08-24,2026-08-26,2,21.97,21.97,10.87,True,,,0.0,推荐,trade,0,morning,close_snapshot,unknown,1,cache_backfill,2026-08-24 09:50:13,2026-08-24 09:50:13,17.3,False,ok,2026-08-26,close,21.1,21.965317919075144,15.83,18.15,True,0,-0.004682080924855114,0.6061628750440917,21.359155044031052
3243,emotion_relay,002015,协鑫能科,2026-08-25,2026-08-27,2,2.83,5.41,2.83,True,,,0.0,强烈推荐,trade,0,morning,close_snapshot,unknown,1,cache_backfill,2026-08-25 09:49:09,2026-08-25 09:49:09,16.26,False,ok,2026-08-27,close,16.72,2.8290282902828867,15.74,17.12,True,0,-0.000971709717113356,1.7190132753958087,1.110015014887078
3244,emotion_relay,600610,中毅达,2026-08-25,2026-08-27,2,-1.85,0.43,-1.85,False,,,0.0,推荐,trade,0,morning,close_snapshot,unknown,1,cache_backfill,2026-08-25 09:49:09,2026-08-25 09:49:09,9.2,False,ok,2026-08-27,close,9.03,-1.8478260869565166,8.58,9.53,True,0,0.0021739130434834664,1.7190132753958087,-3.5668393623523253
3309,emotion_relay,603083,剑桥科技,2026-08-26,2026-08-28,2,4.06,7.25,4.06,True,,,0.0,强烈推荐,trade,0,morning,close_snapshot,unknown,1,cache_backfill,2026-08-26 09:49:42,2026-08-26 09:49:42,184.81,False,ok,2026-08-28,close,192.31,4.058221957686281,175.5,190.85,True,0,-0.0017780423137185863,0.40058464882950506,3.657637308856776
3310,emotion_relay,002907,华森制药,2026-08-26,2026-08-28,2,-7.51,-2.74,-7.51,False,,,0.0,推荐,trade,0,morning,close_snapshot,unknown,1,cache_backfill,2026-08-26 09:49:42,2026-08-26 09:49:42,16.78,False,ok,2026-08-28,close,15.52,-7.5089392133492305,15.88,17.3,True,0,0.001060786650769252,0.40058464882950506,-7.909523862178736
3311,emotion_relay,603118,共进股份,2026-08-26,2026-08-28,2,3.56,6.43,3.56,True,,,0.0,推荐,trade,0,morning,close_snapshot,unknown,1,cache_backfill,2026-08-26 09:49:42,2026-08-26 09:49:42,17.12,False,ok,2026-08-28,close,17.73,3.5630841121495394,16.3,17.88,True,0,0.0030841121495392976,0.40058464882950506,3.1624994633200343
3381,emotion_relay,600498,烽火通信,2026-08-27,2026-08-29,2,-1.39,-1.39,-1.39,False,,,0.0,强烈推荐,trade,0,morning,close_snapshot,unknown,1,cache_backfill,2026-08-27 09:49:35,2026-08-27 09:49:35,41.76,True,ok,2026-08-31,close,42.46,1.676245210727978,38.82,42.88,True,0,3.0662452107279776,-0.11208825384209087,1.7883334645700688
3447,emotion_relay,600613,神奇制药,2026-08-28,2026-08-30,2,0.32,0.32,0.32,True,,,0.0,强烈推荐,trade,0,morning,close_snapshot,升温,3,contemporaneous,2026-08-28 09:48:29,2026-08-28 09:48:29,12.36,True,ok,2026-09-01,close,11.16,-9.708737864077666,11.13,12.77,True,0,-10.028737864077666,0.049032582802133184,-9.7577704468798
3448,emotion_relay,603618,杭电股份,2026-08-28,2026-08-30,2,-3.18,-3.18,-3.18,False,,,0.0,强烈推荐,trade,0,morning,close_snapshot,升温,3,contemporaneous,2026-08-28 09:48:29,2026-08-28 09:48:29,37.1,True,ok,2026-09-01,close,33.84,-8.787061994609157,35.65,38.62,True,0,-5.6070619946091576,0.049032582802133184,-8.836094577411291
3449,emotion_relay,300598,诚迈科技,2026-08-28,2026-08-30,2,-1.47,-1.47,-1.47,False,,,0.0,推荐,trade,0,morning,close_snapshot,升温,3,contemporaneous,2026-08-28 09:48:29,2026-08-28 09:48:29,34.09,True,ok,2026-09-01,close,34.86,2.258726899383978,32.45,34.96,True,0,3.728726899383978,0.049032582802133184,2.209694316581845
3513,emotion_relay,600183,生益科技,2026-08-31,2026-09-02,2,-6.96,-6.96,-7.32,False,,,0.0,推荐,trade,0,morning,close_snapshot,退潮,3,contemporaneous,2026-08-31 09:47:49,2026-08-31 09:47:50,155.83,False,ok,2026-09-02,close,144.98,-6.962715780016704,141.0,157.28,True,0,-0.002715780016703917,-1.6676432242399675,-5.295072555776736
3685,emotion_relay,300476,胜宏科技,2026-08-07,2026-08-11,2,3.6,7.92,3.6,True,,,0.0,推荐,trade,0,morning,close_snapshot,unknown,1,cache_backfill,2026-08-07 09:47:50,2026-08-31 17:00:33,265.0,False,ok,2026-08-11,close,274.53,3.596226415094339,255.9,286.15,True,0,-0.0037735849056610427,-0.652900026414216,4.249126441508555
3699,emotion_relay,603011,合锻智能,2026-08-12,2026-08-14,2,-4.49,-3.27,-4.49,False,,,0.0,强烈推荐,trade,0,morning,close_snapshot,unknown,1,cache_backfill,2026-08-12 09:47:32,2026-08-31 17:00:34,25.39,False,ok,2026-08-14,close,24.25,-4.489956675856643,24.05,25.5,True,0,4.332414335728174e-05,-0.5337972082235409,-3.956159467633102
3706,emotion_relay,000831,中国稀土,2026-08-14,2026-08-18,2,5.52,6.03,5.52,True,,,0.0,推荐,trade,0,morning,close_snapshot,unknown,1,cache_backfill,2026-08-14 09:47:58,2026-08-31 17:00:34,59.22,False,ok,2026-08-18,close,62.49,5.5217831813576534,55.73,60.95,True,0,0.0017831813576538735,1.2844308040498298,4.237352377307824
3708,emotion_relay,600722,金牛化工,2026-08-17,2026-08-19,2,7.0,8.5,7.0,True,,,0.0,推荐,trade,0,morning,close_snapshot,unknown,1,cache_backfill,2026-08-17 09:48:10,2026-08-31 17:00:34,12.0,False,ok,2026-08-19,close,12.84,7.000000000000006,11.71,12.41,True,0,6.217248937900877e-15,-3.2144439054228036,10.21444390542281
3726,emotion_relay,301047,义翘神州,2026-08-20,2026-08-24,2,-6.95,0.19,-6.95,False,,,0.0,推荐,trade,0,morning,close_snapshot,unknown,1,cache_backfill,2026-08-20 09:52:26,2026-08-31 17:00:35,118.57,False,ok,2026-08-24,close,110.33,-6.9494813190520315,112.1,134.26,True,0,0.0005186809479686971,-0.6449295084644202,-6.304551810587611
3735,emotion_relay,603580,艾艾精工,2026-08-21,2026-08-25,2,-5.89,-5.89,-8.19,False,,,0.0,推荐,trade,0,morning,close_snapshot,unknown,1,cache_backfill,2026-08-21 09:46:40,2026-08-31 17:00:35,79.29,False,ok,2026-08-25,close,74.62,-5.889771724050952,73.0,82.27,True,0,0.00022827594904750725,-1.4477472991404894,-4.442024424910462
3744,emotion_relay,600722,金牛化工,2026-08-25,2026-08-27,2,-7.65,-5.92,-7.65,False,,,0.0,推荐,trade,0,morning,close_snapshot,unknown,1,cache_backfill,2026-08-25 09:49:09,2026-08-31 17:00:36,15.03,False,ok,2026-08-27,close,13.88,-7.65136393878908,13.75,15.2,True,0,-0.0013639387890798105,1.7190132753958087,-9.370377214184888
3750,emotion_relay,600206,有研新材,2026-08-27,2026-08-31,2,-2.21,-2.21,-2.34,False,,,0.0,强烈推荐,trade,0,morning,close_snapshot,unknown,1,cache_backfill,2026-08-27 09:49:35,2026-08-31 17:00:36,52.89,False,ok,2026-08-31,close,51.72,-2.212138400453778,50.62,54.3,True,0,-0.002138400453778111,-0.11208825384209087,-2.100050146611687
3751,emotion_relay,600108,亚盛集团,2026-08-27,2026-08-31,2,0.54,3.53,0.54,True,,,0.0,推荐,trade,0,morning,close_snapshot,unknown,1,cache_backfill,2026-08-27 09:49:35,2026-08-31 17:00:36,3.68,False,ok,2026-08-31,close,3.7,0.5434782608695565,3.48,3.78,True,0,0.003478260869556493,-0.11208825384209087,0.6555665147116474
44,event_driven,002580,圣阳股份,2026-05-08,2026-05-15,5,-14.32,5.78,-14.32,False,True,True,22.87,强烈推荐,trade,1,morning,close_snapshot,unknown,1,cache_backfill,,2026-05-10 21:27:30,32.9,False,ok,2026-05-15,close,28.19,-14.316109422492396,30.3,32.9,True,0,0.0038905775076045757,-0.2528782346143399,-14.063231187878056
45,event_driven,603738,泰晶科技,2026-05-08,2026-05-15,5,18.23,18.23,10.0,True,False,True,19.97,推荐,trade,4,morning,close_snapshot,unknown,1,cache_backfill,,2026-05-10 21:27:30,47.01,False,ok,2026-05-15,close,55.58,18.230163794937248,45.65,47.01,True,0,0.00016379493724727467,-0.2528782346143399,18.483042029551587
46,event_driven,002317,众生药业,2026-05-08,2026-05-15,5,-4.79,-1.33,-5.81,False,True,False,19.75,推荐,trade,5,morning,close_snapshot,unknown,1,cache_backfill,,2026-05-10 21:27:30,22.54,False,ok,2026-05-15,close,21.46,-4.791481810115339,22.53,22.54,True,0,-0.0014818101153393215,-0.2528782346143399,-4.538603575501
47,event_driven,002866,传艺科技,2026-05-08,2026-07-29,5,-50.2,-50.2,-53.95,False,,,0.0,推荐,trade,6,,close_snapshot,unknown,1,late_record,,2026-05-10 21:27:30,29.34,True,ok,2026-05-15,close,22.87,-22.051806407634622,27.78,29.34,True,0,28.14819359236538,-0.2528782346143399,-21.798928173020283
48,event_driven,600078,澄星股份,2026-05-08,2026-07-29,5,-34.98,-34.98,-37.63,False,,,0.0,推荐,trade,8,,close_snapshot,unknown,1,late_record,,2026-05-10 21:27:30,14.75,True,ok,2026-05-15,close,15.47,4.881355932203402,13.6,14.75,True,0,39.861355932203395,-0.2528782346143399,5.134234166817741
49,event_driven,002624,完美世界,2026-05-08,2026-07-29,5,-40.74,-40.74,-45.24,False,,,0.0,推荐,trade,9,,close_snapshot,unknown,1,late_record,,2026-05-10 21:27:30,17.55,True,ok,2026-05-15,close,16.0,-8.83190883190883,17.49,17.55,True,0,31.908091168091172,-0.2528782346143399,-8.57903059729449
50,event_driven,600783,鲁信创投,2026-05-08,2026-07-29,5,-39.21,-39.21,-42.55,False,,,0.0,推荐,trade,10,,close_snapshot,unknown,1,late_record,,2026-05-10 21:27:30,24.84,True,ok,2026-05-15,close,20.87,-15.982286634460541,22.9,24.84,True,0,23.227713365539458,-0.2528782346143399,-15.729408399846202
89,event_driven,002199,东晶电子,2026-07-24,2026-07-29,5,13.47,13.47,-6.27,True,True,True,62.6,推荐,trade,1,morning,close_snapshot,unknown,1,cache_backfill,2026-07-24 09:49:57,2026-07-25 17:39:25,11.8,True,ok,2026-07-31,close,13.67,15.847457627118633,11.03,11.8,True,0,2.3774576271186323,-1.3118414175372406,17.159299044655874
103,event_driven,603690,至纯科技,2026-07-27,2026-08-01,5,-12.78,4.5,-12.78,False,True,True,69.5,推荐,trade,1,morning,close_snapshot,unknown,1,cache_backfill,2026-07-27 09:51:08,2026-07-27 09:51:08,24.88,True,ok,2026-08-03,close,21.2,-14.790996784565912,23.5,24.88,True,0,-2.010996784565913,-3.386546955510239,-11.404449829055674
123,event_driven,603068,博通集成,2026-07-29,2026-08-03,5,-9.64,-7.25,-9.99,False,True,False,65.2,推荐,trade,1,morning,close_snapshot,unknown,1,cache_backfill,2026-07-29 09:50:37,2026-07-29 09:50:37,39.72,True,ok,2026-08-05,close,39.66,-0.15105740181269312,34.98,39.72,True,0,9.488942598187307,1.2584071335098423,-1.4094645353225355
124,event_driven,002045,国光电器,2026-07-29,2026-08-03,5,0.47,0.47,-3.77,True,False,False,62.1,推荐,trade,2,morning,close_snapshot,unknown,1,cache_backfill,2026-07-29 09:50:37,2026-07-29 09:50:37,8.48,True,ok,2026-08-05,close,8.66,2.1226415094339535,7.74,8.48,True,0,1.6526415094339535,1.2584071335098423,0.8642343759241111
125,event_driven,002212,天融信,2026-07-29,2026-08-03,5,0.0,0.0,-4.7,False,False,False,60.7,推荐,trade,3,morning,close_snapshot,unknown,1,cache_backfill,2026-07-29 09:50:37,2026-07-29 09:50:37,6.6,True,ok,2026-08-05,close,6.69,1.3636363636363669,6.33,6.6,True,0,1.3636363636363669,1.2584071335098423,0.10522923012652452
150,event_driven,603659,璞泰来,2026-03-13,2026-03-20,5,-2.5,-0.46,-9.72,False,,,51.24,强烈推荐,trade,4,afternoon,close_snapshot,unknown,1,cache_backfill,,2026-07-30 20:37:05,32.41,False,ok,2026-03-20,close,31.6,-2.4992286331379066,29.73,32.41,True,0,0.0007713668620934477,-2.1871265372209847,-0.31210209591692184
151,event_driven,002056,横店东磁,2026-03-13,2026-03-20,5,-13.85,-8.32,-15.91,False,,,51.04,推荐,trade,5,afternoon,close_snapshot,unknown,1,cache_backfill,,2026-07-30 20:37:05,25.84,False,ok,2026-03-20,close,22.26,-13.854489164086681,23.6,25.84,True,0,-0.004489164086681541,-2.1871265372209847,-11.667362626865696
155,event_driven,600751,海航科技,2026-03-16,2026-03-23,5,-16.44,-0.69,-16.44,False,,,67.0,推荐,trade,1,afternoon,close_snapshot,unknown,1,cache_backfill,,2026-07-30 20:37:12,4.32,False,ok,2026-03-23,close,3.61,-16.435185185185198,3.92,4.32,True,0,0.004814814814803725,-5.427737201277527,-11.00744798390767
172,event_driven,603387,基蛋生物,2026-03-18,2026-03-25,5,-11.66,-1.73,-16.28,False,,,60.03,强烈推荐,trade,1,afternoon,close_snapshot,unknown,1,cache_backfill,,2026-07-30 20:37:37,10.38,False,ok,2026-03-25,close,9.17,-11.657032755298658,9.72,10.38,True,0,0.002967244701341798,-2.594492017525585,-9.062540737773073
173,event_driven,000539,粤电力Ａ,2026-03-18,2026-03-25,5,32.98,32.98,9.8,True,,,47.32,推荐,trade,4,afternoon,close_snapshot,unknown,1,cache_backfill,,2026-07-30 20:37:38,5.61,False,ok,2026-03-25,close,7.46,32.97682709447414,5.61,5.61,True,0,-0.0031729055258580274,-2.594492017525585,35.57131911199972
174,event_driven,603881,数据港,2026-03-19,2026-03-26,5,-3.77,-1.14,-8.88,False,,,41.75,强烈推荐,trade,7,manual,close_snapshot,unknown,1,cache_backfill,,2026-07-30 20:37:39,38.74,False,ok,2026-03-26,close,37.28,-3.7687145069695394,38.0,40.56,True,0,0.0012854930304606604,-2.306660121093118,-1.4620543858764212
175,event_driven,600602,云赛智联,2026-03-19,2026-03-26,5,-4.42,-1.42,-8.85,False,,,40.65,推荐,trade,8,manual,close_snapshot,unknown,1,cache_backfill,,2026-07-30 20:37:39,22.61,False,ok,2026-03-26,close,21.61,-4.422821760283058,22.31,23.3,True,0,-0.002821760283057806,-2.306660121093118,-2.1161616391899396
176,event_driven,000815,美利云,2026-03-19,2026-03-26,5,4.14,10.2,-1.92,True,,,33.18,推荐,trade,7,afternoon,close_snapshot,unknown,1,cache_backfill,,2026-07-30 20:37:40,19.32,False,ok,2026-03-26,close,20.12,4.140786749482395,18.22,19.32,True,0,0.0007867494823949883,-2.306660121093118,6.447446870575513
198,event_driven,605117,德业股份,2026-03-20,2026-03-27,5,-7.8,-2.71,-7.8,False,,,78.4,强烈推荐,trade,1,afternoon,close_snapshot,unknown,1,cache_backfill,,2026-07-30 20:38:11,140.81,False,ok,2026-03-27,close,129.83,-7.797741637667777,128.5,140.81,True,0,0.002258362332223207,-1.411204680513789,-6.386536957153988
205,event_driven,002150,正泰电源,2026-03-23,2026-03-30,5,-12.41,1.77,-12.41,False,,,59.78,推荐,trade,3,morning,close_snapshot,unknown,1,cache_backfill,,2026-07-30 20:38:21,38.37,False,ok,2026-03-30,close,33.61,-12.405525149856656,36.62,38.37,True,0,0.004474850143344256,1.673834314169298,-14.079359464025954
206,event_driven,600396,华电辽能,2026-03-23,2026-03-30,5,17.42,30.48,10.01,True,,,57.92,推荐,trade,4,morning,close_snapshot,unknown,1,cache_backfill,,2026-07-30 20:38:23,6.89,False,ok,2026-03-30,close,8.09,17.41654571843252,6.6,6.89,True,0,-0.003454281567481843,1.673834314169298,15.742711404263222
237,event_driven,002192,融捷股份,2026-03-24,2026-03-31,5,30.17,39.9,10.0,True,,,68.48,推荐,trade,2,morning,close_snapshot,unknown,1,cache_backfill,,2026-07-30 20:39:20,58.6,False,ok,2026-03-31,close,76.28,30.17064846416382,56.66,58.6,True,0,0.0006484641638166977,-0.5513194121643417,30.72196787632816
238,event_driven,000601,韶能股份,2026-03-24,2026-03-31,5,-15.01,10.05,-15.01,False,,,48.83,推荐,trade,8,morning,close_snapshot,unknown,1,cache_backfill,,2026-07-30 20:39:24,8.06,False,ok,2026-03-31,close,6.85,-15.012406947890833,7.33,8.06,True,0,-0.0024069478908330666,-0.5513194121643417,-14.461087535726492
279,event_driven,603115,海星股份,2026-03-26,2026-04-02,5,9.48,17.24,8.68,True,,,52.12,强烈推荐,trade,8,morning,close_snapshot,unknown,1,cache_backfill,,2026-07-30 20:40:38,39.96,False,ok,2026-04-02,close,43.75,9.48448448448449,37.61,39.96,True,0,0.00448448448448957,0.03082056401633171,9.45366392046816
280,event_driven,002471,中超控股,2026-03-26,2026-04-02,5,6.85,6.85,0.68,True,,,57.04,推荐,trade,3,morning,close_snapshot,unknown,1,cache_backfill,,2026-07-30 20:40:40,8.76,False,ok,2026-04-02,close,9.36,6.849315068493156,8.7,8.76,True,0,-0.0006849315068437889,0.03082056401633171,6.818494504476824
281,event_driven,002902,铭普光磁,2026-03-26,2026-04-02,5,-3.19,0.81,-8.37,False,,,55.54,推荐,trade,5,morning,close_snapshot,unknown,1,cache_backfill,,2026-07-30 20:40:44,28.55,False,ok,2026-04-02,close,27.64,-3.187390542907176,27.51,28.55,True,0,0.002609457092824119,0.03082056401633171,-3.2182111069235075
305,event_driven,603585,苏利股份,2026-03-27,2026-04-03,5,18.18,18.18,6.03,True,,,60.56,推荐,trade,4,morning,close_snapshot,unknown,1,cache_backfill,,2026-07-30 20:41:24,20.74,False,ok,2026-04-03,close,24.51,18.17743490838961,19.57,20.74,True,0,-0.002565091610389203,-1.3721052643268172,19.549540172716426
306,event_driven,002470,金正大,2026-03-27,2026-04-03,5,-11.65,4.21,-11.65,False,,,45.05,推荐,trade,8,morning,close_snapshot,unknown,1,cache_backfill,,2026-07-30 20:41:25,3.09,False,ok,2026-04-03,close,2.73,-11.650485436893199,2.73,3.09,True,0,-0.00048543689319835437,-1.3721052643268172,-10.278380172566381
333,event_driven,600598,北大荒,2026-03-30,2026-04-07,5,-7.95,-5.86,-9.81,False,,,30.84,推荐,trade,4,morning,close_snapshot,unknown,1,cache_backfill,,2026-07-30 20:42:19,17.74,False,ok,2026-04-07,close,16.33,-7.948139797068777,16.14,17.74,True,0,0.0018602029312235757,-1.1427108494083793,-6.805428947660397
359,event_driven,601908,京运通,2026-03-31,2026-04-08,5,-8.98,-2.2,-10.18,False,,,19.03,强烈推荐,trade,8,morning,close_snapshot,unknown,1,cache_backfill,,2026-07-30 20:43:05,5.01,False,ok,2026-04-08,close,4.56,-8.982035928143716,4.4,5.01,True,0,-0.0020359281437158927,3.269850900551674,-12.25188682869539
360,event_driven,002565,顺灏股份,2026-03-31,2026-04-08,5,1.06,1.06,-10.64,True,,,20.57,推荐,trade,6,morning,close_snapshot,unknown,1,cache_backfill,,2026-07-30 20:43:08,17.01,False,ok,2026-04-08,close,17.19,1.058201058201047,15.5,17.01,True,0,-0.0017989417989530132,3.269850900551674,-2.211649842350627
384,event_driven,002636,金安国纪,2026-04-01,2026-04-09,5,12.12,12.12,-12.48,True,,,20.9,强烈推荐,trade,6,morning,close_snapshot,unknown,1,cache_backfill,,2026-07-30 20:43:43,33.17,False,ok,2026-04-09,close,37.19,12.119384986433502,30.8,33.17,True,0,-0.0006150135664970691,0.887083054393778,11.232301932039725
385,event_driven,605006,山东玻纤,2026-04-01,2026-04-09,5,-4.86,-0.72,-5.07,False,,,64.88,推荐,trade,2,morning,close_snapshot,unknown,1,cache_backfill,,2026-07-30 20:43:47,9.67,False,ok,2026-04-09,close,9.2,-4.860392967942095,9.1,9.67,True,0,-0.00039296794209509045,0.887083054393778,-5.747476022335873
386,event_driven,603296,华勤技术,2026-04-01,2026-04-09,5,12.38,12.38,1.19,True,,,20.46,推荐,trade,7,afternoon,close_snapshot,unknown,1,cache_backfill,,2026-07-30 20:43:50,88.14,False,ok,2026-04-09,close,99.05,12.378034944406613,82.3,88.14,True,0,-0.0019650555933878877,0.887083054393778,11.490951890012834
403,event_driven,002008,大族激光,2026-04-08,2026-04-15,5,11.29,16.81,7.03,True,,,20.25,推荐,trade,3,manual,close_snapshot,unknown,1,cache_backfill,,2026-07-30 20:44:18,70.8,False,ok,2026-04-15,close,78.79,11.285310734463284,65.42,70.8,True,0,-0.004689265536715226,1.951666391038298,9.333644343424986
404,event_driven,002916,深南电路,2026-04-08,2026-04-15,5,14.07,20.32,2.31,True,,,20.01,推荐,trade,4,manual,close_snapshot,unknown,1,cache_backfill,,2026-07-30 20:44:19,237.51,False,ok,2026-04-15,close,270.93,14.070986484779603,222.33,237.51,True,0,0.0009864847796023923,1.951666391038298,12.119320093741305
419,event_driven,605189,富春染织,2026-04-09,2026-04-16,5,10.11,11.42,3.31,True,,,38.86,推荐,trade,2,morning,close_snapshot,unknown,1,cache_backfill,,2026-07-30 20:44:43,16.02,False,ok,2026-04-16,close,17.64,10.1123595505618,15.9,16.02,True,0,0.002359550561800816,3.7315328652583357,6.3808266853034645
420,event_driven,600330,天通股份,2026-04-09,2026-04-16,5,0.25,4.62,-3.55,True,,,12.35,推荐,trade,8,manual,close_snapshot,unknown,1,cache_backfill,,2026-07-30 20:44:44,19.7,False,ok,2026-04-16,close,19.75,0.2538071065989911,17.63,19.7,True,0,0.0038071065989910835,3.7315328652583357,-3.4777257586593446
421,event_driven,002636,金安国纪,2026-04-09,2026-04-16,5,4.17,4.3,-3.39,True,,,12.26,推荐,trade,4,afternoon,close_snapshot,unknown,1,cache_backfill,,2026-07-30 20:44:47,37.19,False,ok,2026-04-16,close,38.74,4.16778703952676,33.72,37.19,True,0,-0.0022129604732397112,3.7315328652583357,0.4362541742684245
552,event_driven,603327,福蓉科技,2026-04-15,2026-04-22,5,-0.09,1.9,-0.09,False,False,False,40.08,推荐,trade,2,afternoon,close_snapshot,unknown,1,cache_backfill,,2026-07-30 20:51:45,10.54,False,ok,2026-04-22,close,10.53,-0.0948766603415585,9.61,10.54,True,0,-0.004876660341558509,2.441278480337239,-2.5361551406787974
553,event_driven,603698,航天工程,2026-04-15,2026-04-22,5,18.9,18.9,7.72,True,False,True,19.88,推荐,trade,4,morning,close_snapshot,unknown,1,cache_backfill,,2026-07-30 20:51:45,39.53,False,ok,2026-04-22,close,47.0,18.897040222615736,38.1,39.53,True,0,-0.002959777384262452,2.441278480337239,16.455761742278497
589,event_driven,000815,美利云,2026-04-16,2026-04-23,5,-8.28,-1.17,-8.28,False,True,False,19.1,推荐,trade,6,afternoon,close_snapshot,unknown,1,cache_backfill,,2026-07-30 20:51:49,22.21,False,ok,2026-04-23,close,20.37,-8.284556506078344,20.16,22.21,True,0,-0.004556506078344569,1.049695879542556,-9.3342523856209
591,event_driven,603985,恒润股份,2026-04-16,2026-04-23,5,-0.49,3.79,-1.87,False,False,True,18.81,推荐,trade,8,afternoon,close_snapshot,unknown,1,cache_backfill,,2026-07-30 20:51:50,24.54,False,ok,2026-04-23,close,24.42,-0.4889975550122161,22.38,24.54,True,0,0.0010024449877839015,1.049695879542556,-1.538693434554772
722,event_driven,600641,先导基电,2026-04-22,2026-04-29,5,0.0,0.67,-2.0,False,False,False,21.47,强烈推荐,trade,1,afternoon,close_snapshot,unknown,1,cache_backfill,,2026-07-30 20:52:07,27.06,False,ok,2026-04-29,close,27.06,0.0,24.52,27.06,True,0,0.0,0.22335054993822823,-0.22335054993822823
724,event_driven,600736,苏州高新,2026-04-22,2026-04-29,5,10.38,11.7,0.53,True,False,True,19.31,推荐,trade,3,morning,close_snapshot,unknown,1,cache_backfill,,2026-07-30 20:52:07,7.61,False,ok,2026-04-29,close,8.4,10.381077529566362,7.26,7.61,True,0,0.0010775295663609796,0.22335054993822823,10.157726979628134
725,event_driven,603606,东方电缆,2026-04-22,2026-04-29,5,-5.67,-1.92,-7.51,False,True,False,19.48,推荐,trade,2,morning,close_snapshot,unknown,1,cache_backfill,,2026-07-30 20:52:07,67.2,False,ok,2026-04-29,close,63.39,-5.669642857142865,62.87,67.2,True,0,0.00035714285713517313,0.22335054993822823,-5.892993407081093
750,event_driven,002428,云南锗业,2026-04-23,2026-04-30,5,-15.41,-6.81,-16.36,False,True,False,22.93,强烈推荐,trade,1,morning,close_snapshot,unknown,1,cache_backfill,,2026-07-30 20:52:11,82.76,False,ok,2026-04-30,close,70.01,-15.405993233446114,74.7,82.76,True,0,0.0040067665538856545,0.4383316653887359,-15.84432489883485
751,event_driven,600986,浙文互联,2026-04-23,2026-04-30,5,-17.64,1.4,-17.64,False,True,False,22.91,强烈推荐,trade,1,afternoon,close_snapshot,unknown,1,cache_backfill,,2026-07-30 20:52:11,12.13,False,ok,2026-04-30,close,9.99,-17.642209398186314,11.22,12.13,True,0,-0.0022093981863129386,0.4383316653887359,-18.080541063575048
753,event_driven,600186,莲花控股,2026-04-23,2026-04-30,5,13.44,14.5,-3.28,True,False,True,22.15,强烈推荐,trade,2,afternoon,close_snapshot,unknown,1,cache_backfill,,2026-07-30 20:52:11,9.45,False,ok,2026-04-30,close,10.72,13.43915343915345,8.48,9.45,True,0,-0.0008465608465488828,0.4383316653887359,13.000821773764715
773,event_driven,600726,华电能源,2026-04-24,2026-05-06,5,19.31,22.41,10.0,True,False,True,22.94,强烈推荐,trade,1,morning,close_snapshot,unknown,1,cache_backfill,,2026-07-30 20:52:14,5.8,False,ok,2026-05-06,close,6.92,19.3103448275862,5.43,5.8,True,0,0.00034482758620058007,2.2585792253484227,17.051765602237776
774,event_driven,002549,凯美特气,2026-04-24,2026-05-06,5,-1.4,1.16,-4.21,False,False,False,21.08,强烈推荐,trade,2,morning,close_snapshot,unknown,1,cache_backfill,,2026-07-30 20:52:14,20.68,False,ok,2026-05-06,close,20.39,-1.4023210831721422,18.77,20.68,True,0,-0.002321083172142302,2.2585792253484227,-3.660900308520565
775,event_driven,600152,维科技术,2026-04-24,2026-05-06,5,16.44,21.06,10.03,True,False,True,20.38,推荐,trade,3,morning,close_snapshot,unknown,1,cache_backfill,,2026-07-30 20:52:14,12.96,False,ok,2026-05-06,close,15.09,16.435185185185187,11.75,12.96,True,0,-0.004814814814814383,2.2585792253484227,14.176605959836763
795,event_driven,600522,中天科技,2026-04-27,2026-05-07,5,5.06,5.06,-9.33,True,True,True,22.94,强烈推荐,trade,1,morning,close_snapshot,unknown,1,cache_backfill,,2026-07-30 20:52:17,36.53,False,ok,2026-05-07,close,38.38,5.0643306871065,34.23,36.53,True,0,0.004330687106500086,2.7156017145432365,2.348728972563263
796,event_driven,002217,合力泰,2026-04-27,2026-05-07,5,18.24,18.24,-2.36,True,False,True,19.77,推荐,trade,2,morning,close_snapshot,unknown,1,cache_backfill,,2026-07-30 20:52:17,2.96,False,ok,2026-05-07,close,3.5,18.243243243243246,2.74,2.96,True,0,0.003243243243247207,2.7156017145432365,15.52764152870001
797,event_driven,603773,沃格光电,2026-04-27,2026-05-07,5,6.97,8.75,-1.14,True,False,True,18.66,推荐,trade,3,morning,close_snapshot,unknown,1,cache_backfill,,2026-07-30 20:52:17,64.13,False,ok,2026-05-07,close,68.6,6.970216747232194,60.06,64.13,True,0,0.00021674723219433645,2.7156017145432365,4.254615032688958
816,event_driven,603259,药明康德,2026-04-28,2026-05-08,5,-3.41,0.64,-3.41,False,False,False,22.85,强烈推荐,trade,1,morning,close_snapshot,unknown,1,cache_backfill,,2026-07-30 20:52:19,110.57,False,ok,2026-05-08,close,106.8,-3.4096047752554925,108.02,110.57,True,0,0.00039522474450759404,2.389554054991261,-5.799158830246753
817,event_driven,002821,凯莱英,2026-04-28,2026-05-08,5,-4.56,-1.09,-4.56,False,False,False,18.7,推荐,trade,3,morning,close_snapshot,unknown,1,cache_backfill,,2026-07-30 20:52:20,129.49,False,ok,2026-05-08,close,123.58,-4.564059000695043,120.07,129.49,True,0,-0.004059000695042947,2.389554054991261,-6.953613055686303
818,event_driven,002902,铭普光磁,2026-04-28,2026-05-08,5,14.97,14.97,-3.43,True,False,True,18.57,推荐,trade,4,morning,close_snapshot,unknown,1,cache_backfill,,2026-07-30 20:52:20,31.47,False,ok,2026-05-08,close,36.18,14.966634890371777,29.18,31.47,True,0,-0.0033651096282234505,2.389554054991261,12.577080835380517
843,event_driven,603629,利通电子,2026-04-29,2026-05-11,5,24.02,27.65,9.99,True,False,True,22.91,强烈推荐,trade,1,morning,close_snapshot,unknown,1,cache_backfill,,2026-07-30 20:52:23,131.29,False,ok,2026-05-11,close,162.82,24.015538121715284,128.11,131.29,True,0,-0.004461878284715226,2.941366012868074,21.07417210884721
844,event_driven,002851,麦格米特,2026-04-29,2026-05-11,5,8.12,8.12,3.98,True,False,True,22.9,强烈推荐,trade,2,morning,close_snapshot,unknown,1,cache_backfill,,2026-07-30 20:52:23,115.61,False,ok,2026-05-11,close,125.0,8.122134763428779,109.5,115.61,True,0,0.002134763428779607,2.941366012868074,5.180768750560705
845,event_driven,600654,中安科,2026-04-29,2026-05-11,5,2.22,2.96,-3.45,True,False,True,19.95,推荐,trade,4,morning,close_snapshot,unknown,1,cache_backfill,,2026-07-30 20:52:23,4.06,False,ok,2026-05-11,close,4.15,2.2167487684729315,3.81,4.06,True,0,-0.003251231527068743,2.941366012868074,-0.7246172443951426
871,event_driven,002192,融捷股份,2026-04-30,2026-05-12,5,-7.87,1.79,-9.27,False,True,False,22.92,强烈推荐,trade,1,morning,close_snapshot,unknown,1,cache_backfill,,2026-07-30 20:52:26,109.22,False,ok,2026-05-12,close,100.62,-7.874015748031493,102.1,109.22,True,0,-0.0040157480314926275,2.92762480472446,-10.801640552755952
872,event_driven,000783,长江证券,2026-04-30,2026-05-12,5,11.89,11.89,2.88,True,False,True,21.83,强烈推荐,trade,2,morning,close_snapshot,unknown,1,cache_backfill,,2026-07-30 20:52:27,7.99,False,ok,2026-05-12,close,8.94,11.889862327909873,7.8,7.99,True,0,-0.00013767209012804926,2.92762480472446,8.962237523185411
875,event_driven,600158,中体产业,2026-04-30,2026-05-12,5,18.73,18.73,4.14,True,False,True,19.65,推荐,trade,3,morning,close_snapshot,unknown,1,cache_backfill,,2026-07-30 20:52:27,11.85,False,ok,2026-05-12,close,14.07,18.734177215189884,11.54,11.85,True,0,0.004177215189884009,2.92762480472446,15.806552410465425
900,event_driven,603986,兆易创新,2026-05-06,2026-05-13,5,6.02,6.02,-2.96,True,False,True,26.05,强烈推荐,trade,1,morning,close_snapshot,unknown,1,cache_backfill,,2026-07-30 20:52:30,344.29,False,ok,2026-05-13,close,365.0,6.015277818118436,330.0,344.29,True,0,-0.004722181881563259,2.4861136456370447,3.5291641724813916
901,event_driven,001309,德明利,2026-05-06,2026-05-13,5,17.76,17.76,3.54,True,False,True,23.85,强烈推荐,trade,2,morning,close_snapshot,unknown,1,cache_backfill,,2026-07-30 20:52:30,577.29,False,ok,2026-05-13,close,679.8,17.75710648027855,560.38,577.29,True,0,-0.002893519721450133,2.4861136456370447,15.270992834641508
902,event_driven,002156,通富微电,2026-05-06,2026-05-13,5,6.87,7.5,0.37,True,False,True,22.21,强烈推荐,trade,3,morning,close_snapshot,unknown,1,cache_backfill,,2026-07-30 20:52:30,56.95,False,ok,2026-05-13,close,60.86,6.865671641791038,56.94,56.95,True,0,-0.0043283582089621575,2.4861136456370447,4.379557996153993
923,event_driven,601991,大唐发电,2026-05-07,2026-05-14,5,42.86,46.23,9.92,True,False,True,22.93,强烈推荐,trade,1,morning,close_snapshot,unknown,1,cache_backfill,,2026-07-30 20:52:33,5.04,False,ok,2026-05-14,close,7.2,42.85714285714286,4.88,5.04,True,0,-0.0028571428571382285,0.28752109474319276,42.56962176239967
924,event_driven,603618,杭电股份,2026-05-07,2026-05-14,5,10.53,18.27,9.06,True,False,True,21.05,强烈推荐,trade,3,morning,close_snapshot,unknown,1,cache_backfill,,2026-07-30 20:52:33,34.2,False,ok,2026-05-14,close,37.8,10.526315789473673,32.45,34.2,True,0,-0.0036842105263268365,0.28752109474319276,10.23879469473048
925,event_driven,002491,通鼎互联,2026-05-07,2026-05-14,5,31.26,43.5,10.01,True,False,True,20.7,强烈推荐,trade,4,morning,close_snapshot,unknown,1,cache_backfill,,2026-07-30 20:52:33,18.78,False,ok,2026-05-14,close,24.65,31.256656017039397,18.55,18.78,True,0,-0.0033439829606045635,0.28752109474319276,30.969134922296206
962,event_driven,600869,远东股份,2026-05-12,2026-05-19,5,-6.11,0.74,-7.07,False,True,False,20.46,强烈推荐,trade,2,morning,close_snapshot,unknown,1,cache_backfill,,2026-07-30 20:52:40,22.9,False,ok,2026-05-19,close,21.5,-6.113537117903922,21.31,22.9,True,0,-0.0035371179039218603,-1.9233839593375213,-4.190153158566401
963,event_driven,000925,众合科技,2026-05-12,2026-05-19,5,-17.66,10.04,-17.66,False,True,True,18.77,推荐,trade,3,morning,close_snapshot,unknown,1,cache_backfill,,2026-07-30 20:52:40,10.76,False,ok,2026-05-19,close,8.86,-17.657992565055768,9.95,10.76,True,0,0.0020074349442325,-1.9233839593375213,-15.734608605718247
964,event_driven,000601,韶能股份,2026-05-12,2026-05-19,5,-1.48,10.01,-3.21,False,False,True,18.64,推荐,trade,4,morning,close_snapshot,unknown,1,cache_backfill,,2026-07-30 20:52:40,8.09,False,ok,2026-05-19,close,7.97,-1.4833127317676165,7.35,8.09,True,0,-0.0033127317676164836,-1.9233839593375213,0.4400712275699048
983,event_driven,002498,汉缆股份,2026-05-13,2026-05-20,5,-15.99,-7.81,-15.99,False,True,False,22.9,强烈推荐,trade,1,morning,close_snapshot,unknown,1,cache_backfill,,2026-07-30 20:52:43,11.01,False,ok,2026-05-20,close,9.25,-15.985467756584926,10.38,11.01,True,0,0.004532243415074078,-2.953780655177529,-13.031687101407396
984,event_driven,002929,润建股份,2026-05-13,2026-05-20,5,0.25,11.39,-1.0,True,False,True,20.64,强烈推荐,trade,3,morning,close_snapshot,unknown,1,cache_backfill,,2026-07-30 20:52:43,87.78,False,ok,2026-05-20,close,88.0,0.25062656641603454,78.65,87.78,True,0,0.0006265664160345352,-2.953780655177529,3.2044072215935637
985,event_driven,000767,晋控电力,2026-05-13,2026-05-20,5,-10.55,-0.59,-10.55,False,True,False,19.85,推荐,trade,4,morning,close_snapshot,unknown,1,cache_backfill,,2026-07-30 20:52:43,5.12,False,ok,2026-05-20,close,4.58,-10.546875,4.8,5.12,True,0,0.0031250000000007105,-2.953780655177529,-7.593094344822471
1009,event_driven,002290,禾盛新材,2026-05-14,2026-05-21,5,-10.43,-10.43,-17.85,False,True,False,22.06,强烈推荐,trade,2,morning,close_snapshot,unknown,1,cache_backfill,,2026-07-30 20:52:46,108.91,False,ok,2026-05-21,close,97.55,-10.430630796070151,102.5,108.91,True,0,-0.0006307960701512627,-2.675700972612216,-7.754929823457935
1010,event_driven,603118,共进股份,2026-05-14,2026-05-21,5,-20.79,-10.0,-20.79,False,True,False,22.95,强烈推荐,trade,1,morning,close_snapshot,unknown,1,cache_backfill,,2026-07-30 20:52:46,17.7,False,ok,2026-05-21,close,14.02,-20.7909604519774,17.0,17.7,True,0,-0.0009604519774022435,-2.675700972612216,-18.115259479365186
1011,event_driven,002929,润建股份,2026-05-14,2026-05-21,5,-16.28,1.26,-16.28,False,True,False,21.6,强烈推荐,trade,3,morning,close_snapshot,unknown,1,cache_backfill,,2026-07-30 20:52:46,96.56,False,ok,2026-05-21,close,80.84,-16.28003314001657,86.08,96.56,True,0,-3.314001656917753e-05,-2.675700972612216,-13.604332167404355
1032,event_driven,002407,多氟多,2026-05-15,2026-05-22,5,17.08,17.08,1.95,True,False,True,22.91,强烈推荐,trade,1,morning,close_snapshot,unknown,1,cache_backfill,,2026-07-30 20:52:49,36.47,False,ok,2026-05-22,close,42.7,17.082533589251447,35.12,36.47,True,0,0.0025335892514490865,-0.29817330268602227,17.38070689193747
1033,event_driven,603738,泰晶科技,2026-05-15,2026-05-22,5,-13.8,-7.34,-19.13,False,True,False,20.4,强烈推荐,trade,2,morning,close_snapshot,unknown,1,cache_backfill,,2026-07-30 20:52:49,58.28,False,ok,2026-05-22,close,50.24,-13.795470144131771,53.53,58.28,True,0,0.004529855868229404,-0.29817330268602227,-13.497296841445749
1034,event_driven,002181,粤 传 媒,2026-05-15,2026-05-22,5,-30.17,-10.01,-30.68,False,True,False,19.94,推荐,trade,3,morning,close_snapshot,unknown,1,cache_backfill,,2026-07-30 20:52:49,19.69,False,ok,2026-05-22,close,13.75,-30.16759776536313,17.48,19.69,True,0,0.002402234636871725,-0.29817330268602227,-29.86942446267711
1061,event_driven,002409,雅克科技,2026-05-18,2026-05-25,5,8.41,8.41,-3.65,True,False,True,22.17,强烈推荐,trade,1,morning,close_snapshot,unknown,1,cache_backfill,,2026-07-30 20:52:52,118.21,False,ok,2026-05-25,close,128.15,8.408764063953988,113.01,118.21,True,0,-0.0012359360460116875,1.8222744500902,6.5864896138637885
1062,event_driven,000988,华工科技,2026-05-18,2026-05-25,5,16.66,16.66,4.46,True,False,True,16.13,推荐,trade,2,morning,close_snapshot,unknown,1,cache_backfill,,2026-07-30 20:52:53,147.38,False,ok,2026-05-25,close,171.94,16.6644049396119,137.03,147.38,True,0,0.004404939611898584,1.8222744500902,14.842130489521699
1063,event_driven,000021,深科技,2026-05-18,2026-05-25,5,11.13,11.13,-1.78,True,False,True,12.76,推荐,trade,3,morning,close_snapshot,unknown,1,cache_backfill,,2026-07-30 20:52:53,37.03,False,ok,2026-05-25,close,41.15,11.126113961652706,35.4,37.03,True,0,-0.003886038347294729,1.8222744500902,9.303839511562506
1080,event_driven,000636,风华高科,2026-05-19,2026-05-26,5,28.82,28.82,5.04,True,False,True,22.91,强烈推荐,trade,1,morning,close_snapshot,unknown,1,cache_backfill,,2026-07-30 20:52:55,32.37,False,ok,2026-05-26,close,41.7,28.822984244671,29.03,32.37,True,0,0.002984244671001335,1.9569822455943742,26.866001999076627
1081,event_driven,002272,川润股份,2026-05-19,2026-05-26,5,-2.78,10.01,-2.78,False,False,True,21.43,强烈推荐,trade,2,morning,close_snapshot,unknown,1,cache_backfill,,2026-07-30 20:52:55,22.67,False,ok,2026-05-26,close,22.04,-2.7790030877812177,20.65,22.67,True,0,0.0009969122187820645,1.9569822455943742,-4.7359853333755915
1082,event_driven,600481,双良节能,2026-05-19,2026-05-26,5,-5.27,8.18,-5.27,False,False,True,20.72,强烈推荐,trade,3,morning,close_snapshot,unknown,1,cache_backfill,,2026-07-30 20:52:55,7.21,False,ok,2026-05-26,close,6.83,-5.270457697642161,6.61,7.21,True,0,-0.00045769764216174735,1.9569822455943742,-7.2274399432365355
1098,event_driven,603005,晶方科技,2026-05-20,2026-05-27,5,16.88,22.55,-1.96,True,False,True,26.21,强烈推荐,trade,1,morning,close_snapshot,unknown,1,cache_backfill,,2026-07-30 20:52:57,36.8,False,ok,2026-05-27,close,43.01,16.874999999999996,33.33,36.8,True,0,-0.005000000000002558,1.1847774548003454,15.690222545199651
1100,event_driven,600563,法拉电子,2026-05-20,2026-05-27,5,4.93,7.29,-2.46,True,False,True,13.88,推荐,trade,3,morning,close_snapshot,unknown,1,cache_backfill,,2026-07-30 20:52:58,162.36,False,ok,2026-05-27,close,170.37,4.933481152993346,150.55,162.36,True,0,0.0034811529933467256,1.1847774548003454,3.748703698193001
1101,event_driven,002796,世嘉科技,2026-05-20,2026-05-27,5,-6.55,0.9,-6.55,False,True,False,12.53,推荐,trade,5,morning,close_snapshot,unknown,1,cache_backfill,,2026-07-30 20:52:58,53.25,False,ok,2026-05-27,close,49.76,-6.553990610328642,50.4,53.25,True,0,-0.003990610328641786,1.1847774548003454,-7.738768065128987
1121,event_driven,601975,招商南油,2026-05-21,2026-05-28,5,-16.72,-1.02,-16.72,False,True,False,20.56,强烈推荐,trade,2,morning,close_snapshot,unknown,1,cache_backfill,,2026-07-30 20:53:00,5.86,False,ok,2026-05-28,close,4.88,-16.723549488054612,5.33,5.86,True,0,-0.0035494880546131924,2.7411093224059657,-19.464658810460577
1123,event_driven,600360,华微电子,2026-05-21,2026-05-28,5,1.74,1.74,-12.34,True,True,False,21.78,强烈推荐,trade,1,morning,close_snapshot,unknown,1,cache_backfill,,2026-07-30 20:53:00,12.07,False,ok,2026-05-28,close,12.28,1.73985086992543,10.89,12.07,True,0,-0.00014913007456995864,2.7411093224059657,-1.0012584524805357
1124,event_driven,000100,TCL科技,2026-05-21,2026-05-28,5,-1.29,0.65,-5.81,False,True,False,16.26,推荐,trade,3,morning,close_snapshot,unknown,1,cache_backfill,,2026-07-30 20:53:01,4.65,False,ok,2026-05-28,close,4.59,-1.2903225806451757,4.24,4.65,True,0,-0.0003225806451756519,2.7411093224059657,-4.031431903051141
1140,event_driven,603228,景旺电子,2026-05-22,2026-05-29,5,-4.02,6.06,-4.02,False,False,True,22.89,强烈推荐,trade,1,morning,close_snapshot,unknown,1,cache_backfill,,2026-07-30 20:53:03,82.5,False,ok,2026-05-29,close,79.18,-4.024242424242419,78.4,82.5,True,0,-0.004242424242419496,0.9704650058822262,-4.994707430124645
1142,event_driven,600186,莲花控股,2026-05-22,2026-05-29,5,-13.62,12.26,-13.62,False,True,True,21.63,强烈推荐,trade,2,morning,close_snapshot,unknown,1,cache_backfill,,2026-07-30 20:53:03,11.75,False,ok,2026-05-29,close,10.15,-13.617021276595743,10.86,11.75,True,0,0.0029787234042562005,0.9704650058822262,-14.587486282477968
1144,event_driven,603256,宏和科技,2026-05-22,2026-05-29,5,26.84,26.84,10.0,True,False,True,21.37,强烈推荐,trade,3,morning,close_snapshot,unknown,1,cache_backfill,,2026-07-30 20:53:03,159.37,False,ok,2026-05-29,close,202.15,26.84319508062998,147.99,159.37,True,0,0.0031950806299789747,0.9704650058822262,25.872730074747754
1197,event_driven,600360,华微电子,2026-05-27,2026-06-03,5,10.22,10.22,-0.26,True,False,True,61.7,推荐,trade,1,morning,close_snapshot,unknown,1,cache_backfill,,2026-07-30 20:53:10,11.64,False,ok,2026-06-03,close,12.83,10.223367697594487,10.42,11.64,True,0,0.0033676975944860743,0.6242652556859296,9.599102441908556
1944,event_driven,688048,长光华芯,2026-07-15,2026-07-22,5,-33.67,-5.71,-33.67,False,True,False,69.1,推荐,trade,1,manual,close_snapshot,unknown,1,cache_backfill,2026-07-15 11:22:02,2026-07-30 20:54:50,452.34,False,ok,2026-07-22,close,300.03,-33.67157447937392,438.22,475.91,True,0,-0.0015744793739216334,-1.452751118706097,-32.21882336066783
1945,event_driven,300346,南大光电,2026-07-15,2026-07-22,5,-17.58,-8.59,-24.22,False,True,False,67.6,推荐,trade,2,manual,close_snapshot,unknown,1,cache_backfill,2026-07-15 11:22:02,2026-07-30 20:54:50,67.17,False,ok,2026-07-22,close,55.36,-17.58225398243264,66.35,71.6,True,0,-0.0022539824326415214,-1.452751118706097,-16.129502863726543
1946,event_driven,300487,蓝晓科技,2026-07-15,2026-07-22,5,-9.2,-0.73,-10.92,False,True,False,67.2,推荐,trade,3,manual,close_snapshot,unknown,1,cache_backfill,2026-07-15 11:22:02,2026-07-30 20:54:50,72.43,False,ok,2026-07-22,close,65.77,-9.195084909567875,71.8,75.5,True,0,0.004915090432124458,-1.452751118706097,-7.742333790861778
2032,event_driven,603619,中曼石油,2026-07-20,2026-07-27,5,4.72,20.3,-0.56,True,False,True,70.9,推荐,trade,1,manual_repair,close_snapshot,unknown,1,cache_backfill,2026-07-20 21:06:36,2026-07-30 20:55:02,19.51,False,ok,2026-07-27,close,20.43,4.71553049718092,18.43,19.51,True,0,-0.004469502819079985,2.2640877537883464,2.4514427433925734
2043,event_driven,002197,证通电子,2026-07-21,2026-07-28,5,5.05,20.98,5.05,True,False,True,66.7,推荐,trade,1,morning,close_snapshot,unknown,1,cache_backfill,2026-07-21 09:50:01,2026-07-30 20:55:03,6.34,False,ok,2026-07-28,close,6.66,5.047318611987395,5.55,6.34,True,0,-0.0026813880126050904,-3.58096146420408,8.628280076191475
2064,event_driven,603629,利通电子,2026-07-22,2026-07-29,5,-18.08,1.98,-18.08,False,True,False,69.5,推荐,trade,1,morning,close_snapshot,unknown,1,cache_backfill,2026-07-22 09:49:00,2026-07-30 20:55:06,118.34,False,ok,2026-07-29,close,96.95,-18.075038026026704,112.8,118.34,True,0,0.0049619739732946755,-2.4798399063859278,-15.595198119640775
2065,event_driven,603619,中曼石油,2026-07-22,2026-07-29,5,-0.09,9.98,-4.26,False,False,True,62.5,推荐,trade,2,morning,close_snapshot,unknown,1,cache_backfill,2026-07-22 09:49:00,2026-07-30 20:55:06,21.34,False,ok,2026-07-29,close,21.32,-0.09372071227741197,19.53,21.34,True,0,-0.0037207122774119694,-2.4798399063859278,2.386119194108516
2091,event_driven,000636,风华高科,2026-07-23,2026-07-30,5,11.16,11.16,-11.47,True,True,True,65.8,推荐,trade,1,morning,close_snapshot,unknown,1,cache_backfill,2026-07-23 09:49:17,2026-07-30 20:55:10,45.43,False,ok,2026-07-30,close,50.5,11.160026414263701,42.48,45.43,True,0,2.6414263700758056e-05,-3.770727580372246,14.930753994635946
2092,event_driven,002955,鸿合科技,2026-07-23,2026-07-30,5,-4.01,4.72,-4.01,False,False,True,60.9,推荐,trade,2,morning,close_snapshot,unknown,1,cache_backfill,2026-07-23 09:49:17,2026-07-30 20:55:10,32.18,False,ok,2026-07-30,close,30.89,-4.008701056556863,29.15,32.18,True,0,0.0012989434431371905,-3.770727580372246,-0.2379734761846164
2166,event_driven,603986,兆易创新,2026-07-31,2026-08-05,5,-5.58,-5.58,-16.53,False,True,False,68.2,推荐,trade,1,morning,close_snapshot,unknown,1,cache_backfill,2026-07-31 09:49:49,2026-07-31 09:49:49,408.21,True,ok,2026-08-07,close,417.05,2.1655520442909415,378.0,408.21,True,0,7.745552044290942,2.3155049910640324,-0.1499529467730909
2167,event_driven,002384,东山精密,2026-07-31,2026-08-05,5,6.1,6.1,-8.52,True,True,True,66.9,推荐,trade,2,morning,close_snapshot,unknown,1,cache_backfill,2026-07-31 09:49:49,2026-07-31 09:49:49,177.98,True,ok,2026-08-07,close,195.27,9.714574671311404,170.32,177.98,True,0,3.614574671311404,2.3155049910640324,7.399069680247371
2168,event_driven,001309,德明利,2026-07-31,2026-08-05,5,-9.98,-9.98,-18.66,False,True,False,66.4,推荐,trade,3,morning,close_snapshot,unknown,1,cache_backfill,2026-07-31 09:49:49,2026-07-31 09:49:49,429.04,True,ok,2026-08-07,close,404.16,-5.798993100876371,385.04,429.04,True,0,4.18100689912363,2.3155049910640324,-8.114498091940403
2299,event_driven,603629,利通电子,2026-08-04,2026-08-09,5,24.4,24.4,10.0,True,False,True,67.6,推荐,trade,1,morning,close_snapshot,unknown,3,cache_backfill,2026-08-04 09:50:26,2026-08-04 09:50:26,102.41,True,ok,2026-08-11,close,118.22,15.437945513133489,99.39,102.41,True,0,-8.96205448686651,1.3662455199274781,14.07169999320601
2300,event_driven,002579,中京电子,2026-08-04,2026-08-09,5,28.39,28.39,10.0,True,False,True,62.1,推荐,trade,2,morning,close_snapshot,unknown,3,cache_backfill,2026-08-04 09:50:26,2026-08-04 09:50:26,11.8,True,ok,2026-08-11,close,14.58,23.5593220338983,10.76,11.8,True,0,-4.8306779661017,1.3662455199274781,22.193076513970823
2301,event_driven,001388,信通电子,2026-08-04,2026-08-09,5,2.54,4.42,1.61,True,False,True,60.4,推荐,trade,3,morning,close_snapshot,unknown,3,cache_backfill,2026-08-04 09:50:26,2026-08-04 09:50:26,22.42,True,ok,2026-08-11,close,23.87,6.467439785905449,20.6,22.42,True,0,3.927439785905449,1.3662455199274781,5.101194265977971
2370,event_driven,603773,沃格光电,2026-08-05,2026-08-10,5,21.71,21.71,10.0,True,False,True,66.9,推荐,trade,1,morning,close_snapshot,unknown,3,cache_backfill,2026-08-05 09:49:10,2026-08-05 09:49:10,78.57,True,ok,2026-08-12,close,98.1,24.856815578465064,73.53,78.57,True,0,3.1468155784650627,0.703498169874317,24.153317408590745
2439,event_driven,603228,景旺电子,2026-08-06,2026-08-11,5,3.43,11.21,3.43,True,False,True,66.2,推荐,trade,1,morning,close_snapshot,unknown,3,cache_backfill,2026-08-06 09:50:50,2026-08-06 09:50:50,86.32,True,ok,2026-08-13,close,97.2,12.60426320667285,76.78,86.32,True,0,9.174263206672851,0.27175139906820966,12.332511807604641
2440,event_driven,002552,宝鼎科技,2026-08-06,2026-08-11,5,26.21,26.21,10.01,True,False,True,61.4,推荐,trade,2,morning,close_snapshot,unknown,3,cache_backfill,2026-08-06 09:50:50,2026-08-06 09:50:50,43.27,True,ok,2026-08-13,close,58.66,35.567367691241024,40.81,43.27,True,0,9.357367691241024,0.27175139906820966,35.29561629217282
2686,event_driven,603232,格尔软件,2026-08-12,2026-08-17,5,-11.94,-8.67,-11.94,False,True,False,62.0,推荐,trade,1,morning,close_snapshot,unknown,4,cache_backfill,2026-08-12 09:48:35,2026-08-12 09:48:35,18.0,True,ok,2026-08-19,close,14.52,-19.333333333333336,16.86,18.0,True,0,-7.393333333333336,-2.1791034594493275,-17.15422987388401
2783,event_driven,603186,华正新材,2026-08-14,2026-08-19,5,4.45,10.0,0.0,True,False,True,63.2,推荐,trade,1,morning,close_snapshot,unknown,4,cache_backfill,2026-08-14 09:49:24,2026-08-14 09:49:24,167.55,True,ok,2026-08-21,close,172.37,2.8767532079976066,155.1,167.55,True,0,-1.5732467920023936,-1.0068840175915472,3.883637225589154
2857,event_driven,600353,旭光电子,2026-08-17,2026-08-22,5,12.16,12.16,-1.0,True,False,True,68.3,推荐,trade,1,morning,close_snapshot,unknown,4,cache_backfill,2026-08-17 09:49:08,2026-08-17 09:49:08,34.13,True,ok,2026-08-24,close,37.02,8.467623791385881,33.0,34.13,True,0,-3.692376208614119,-3.753770222100361,12.221394013486242
2858,event_driven,603002,宏昌电子,2026-08-17,2026-08-22,5,-6.08,1.42,-7.22,False,True,False,67.9,推荐,trade,2,morning,close_snapshot,unknown,4,cache_backfill,2026-08-17 09:49:08,2026-08-17 09:49:08,17.59,True,ok,2026-08-24,close,15.66,-10.972143263217738,16.2,17.59,True,0,-4.892143263217738,-3.753770222100361,-7.218373041117378
2859,event_driven,603936,博敏电子,2026-08-17,2026-08-22,5,1.27,10.01,0.92,True,False,True,63.4,推荐,trade,3,morning,close_snapshot,unknown,4,cache_backfill,2026-08-17 09:49:08,2026-08-17 09:49:08,17.38,True,ok,2026-08-24,close,17.21,-0.9781357882623576,16.01,17.38,True,0,-2.2481357882623576,-3.753770222100361,2.7756344338380035
2988,event_driven,603290,斯达半导,2026-08-19,2026-08-24,5,-7.3,-2.34,-7.3,False,True,False,68.6,推荐,trade,1,morning,close_snapshot,unknown,4,cache_backfill,2026-08-19 09:55:50,2026-08-19 09:55:50,100.31,True,ok,2026-08-26,close,91.04,-9.241351809390885,88.24,100.31,True,0,-1.941351809390885,0.04554666899121429,-9.2868984783821
3106,event_driven,600460,士兰微,2026-08-21,2026-08-26,5,-7.86,0.0,-7.86,False,True,False,68.6,推荐,trade,1,morning,close_snapshot,unknown,4,cache_backfill,2026-08-21 09:47:19,2026-08-21 09:47:19,35.89,True,ok,2026-08-28,close,34.17,-4.792421287266646,32.22,35.89,True,0,3.0675787127333543,-0.21043971508366566,-4.581981572182981
3107,event_driven,603626,科森科技,2026-08-21,2026-08-26,5,5.25,7.51,0.0,True,False,True,63.0,推荐,trade,2,morning,close_snapshot,unknown,4,cache_backfill,2026-08-21 09:47:19,2026-08-21 09:47:19,18.65,True,ok,2026-08-28,close,19.29,3.43163538873994,17.49,18.65,True,0,-1.8183646112600602,-0.21043971508366566,3.6420751038236054
3181,event_driven,002017,东信和平,2026-08-24,2026-08-29,5,1.31,6.07,1.31,True,False,True,63.9,推荐,trade,1,morning,close_snapshot,unknown,4,cache_backfill,2026-08-24 09:50:51,2026-08-24 09:50:51,15.98,True,ok,2026-08-31,close,15.87,-0.6883604505632079,15.09,15.98,True,0,-1.998360450563208,1.3578399037502686,-2.0462003543134766
3450,event_driven,002396,星网锐捷,2026-08-28,2026-09-02,5,8.56,10.0,0.0,True,False,True,62.6,推荐,trade,1,morning,close_snapshot,unknown,5,contemporaneous,2026-08-28 09:49:35,2026-08-28 09:49:35,36.69,True,ok,2026-09-04,close,37.01,0.8721722540201648,33.4,36.69,True,0,-7.687827745979836,-1.326266277298782,2.198438531318947
3572,event_driven,002036,联创电子,2026-07-20,2026-08-03,5,5.04,10.38,3.66,True,False,True,64.0,推荐,trade,2,manual_repair,close_snapshot,unknown,1,cache_backfill,2026-07-20 21:06:36,2026-08-31 17:00:30,6.55,True,missing_price,,,,,,,,,,,
3577,event_driven,002036,联创电子,2026-07-21,2026-08-04,5,-1.66,0.28,-5.83,False,True,False,65.6,推荐,trade,2,morning,close_snapshot,unknown,1,cache_backfill,2026-07-21 09:50:01,2026-08-31 17:00:30,7.21,True,missing_price,,,,,,,,,,,
3631,event_driven,002199,东晶电子,2026-07-28,2026-08-04,5,11.18,17.01,1.07,True,False,True,63.2,推荐,trade,1,morning,close_snapshot,unknown,1,cache_backfill,2026-07-28 09:50:51,2026-08-31 17:00:31,12.17,False,ok,2026-08-04,close,13.53,11.17502054231716,10.72,12.17,True,0,-0.004979457682839694,0.6873807314553781,10.487639810861783
3678,event_driven,603629,利通电子,2026-08-05,2026-08-12,5,5.96,13.09,4.94,True,False,True,65.0,推荐,trade,2,morning,close_snapshot,unknown,3,cache_backfill,2026-08-05 09:49:10,2026-08-31 17:00:32,112.65,False,ok,2026-08-12,close,119.36,5.956502441189526,107.53,112.65,True,0,-0.0034975588104737554,0.703498169874317,5.253004271315209
3679,event_driven,002579,中京电子,2026-08-05,2026-08-12,5,15.33,16.72,7.32,True,False,True,62.7,推荐,trade,3,morning,close_snapshot,unknown,3,cache_backfill,2026-08-05 09:49:10,2026-08-31 17:00:32,12.98,False,ok,2026-08-12,close,14.97,15.331278890600931,12.15,12.98,True,0,0.0012788906009308931,0.703498169874317,14.627780720726614
3701,event_driven,603629,利通电子,2026-08-13,2026-08-20,5,-0.56,8.79,-0.56,False,False,True,69.7,推荐,trade,1,morning,close_snapshot,unknown,4,cache_backfill,2026-08-13 09:49:56,2026-08-31 17:00:34,131.3,False,ok,2026-08-20,close,130.57,-0.5559786747905693,124.78,131.3,True,0,0.0040213252094307705,-1.526602986738701,0.9706243119481317
3716,event_driven,603936,博敏电子,2026-08-18,2026-08-25,5,-9.99,-6.33,-9.99,False,True,False,63.3,推荐,trade,1,morning,close_snapshot,unknown,4,cache_backfill,2026-08-18 09:48:25,2026-08-31 17:00:34,19.12,False,ok,2026-08-25,close,17.21,-9.98953974895398,18.14,19.12,True,0,0.0004602510460198772,-3.6772532116187584,-6.312286537335222
3727,event_driven,002579,中京电子,2026-08-20,2026-08-27,5,-5.04,-2.81,-10.73,False,True,False,66.2,推荐,trade,1,morning,close_snapshot,unknown,4,cache_backfill,2026-08-20 09:53:31,2026-08-31 17:00:35,15.29,False,ok,2026-08-27,close,14.52,-5.035971223021585,13.9,15.29,True,0,0.004028776978414861,0.817157476457453,-5.853128699479038
138,breakthrough,301536,星宸科技,2026-03-13,2026-03-20,5,2.99,7.46,1.93,True,,,92.0,强烈推荐,trade,1,morning,close_snapshot,unknown,1,cache_backfill,,2026-07-30 20:36:48,73.98,False,ok,2026-03-20,close,76.19,2.987293863206264,73.41,76.73,True,0,-0.0027061367937362135,-2.1871265372209847,5.174420400427248
140,breakthrough,688256,寒武纪,2026-03-13,2026-03-20,5,-6.49,-0.56,-6.49,False,,,88.0,强烈推荐,trade,2,morning,close_snapshot,unknown,1,cache_backfill,,2026-07-30 20:36:49,1096.1,False,ok,2026-03-20,close,1025.0,-6.486634431165028,1084.97,1127.05,True,0,0.003365568834972521,-2.1871265372209847,-4.2995078939440425
142,breakthrough,002415,海康威视,2026-03-13,2026-03-20,5,-18.17,-15.9,-18.3,False,,,85.0,推荐,trade,3,morning,close_snapshot,unknown,1,cache_backfill,,2026-07-30 20:36:49,38.25,False,ok,2026-03-20,close,31.3,-18.16993464052288,31.62,32.02,False,19.456589631480313,6.535947712293932e-05,-2.1871265372209847,-15.982808103301894
158,breakthrough,600683,京投发展,2026-03-17,2026-03-24,5,3.32,3.32,-6.27,True,,,100.0,推荐,trade,1,morning,close_snapshot,unknown,1,cache_backfill,,2026-07-30 20:37:13,10.53,False,ok,2026-03-24,close,10.88,3.3238366571699984,10.28,10.6,True,0,0.003836657169998592,-3.5088324592878695,6.832669116457868
159,breakthrough,300080,易成新能,2026-03-17,2026-03-24,5,-2.96,-2.34,-9.97,False,,,100.0,推荐,trade,3,morning,close_snapshot,unknown,1,cache_backfill,,2026-07-30 20:37:17,6.42,False,ok,2026-03-24,close,6.23,-2.9595015576323935,5.85,6.78,True,0,0.0004984423676064331,-3.5088324592878695,0.5493309016554759
163,breakthrough,300961,深水海纳,2026-03-18,2026-03-25,5,-19.45,-12.7,-27.43,False,,,100.0,强烈推荐,trade,1,premarket,close_snapshot,unknown,1,cache_backfill,,2026-07-30 20:37:20,17.17,False,ok,2026-03-25,close,13.83,-19.452533488642988,15.47,16.55,False,3.746223564954687,-0.002533488642988857,-2.594492017525585,-16.858041471117403
164,breakthrough,300080,易成新能,2026-03-18,2026-03-25,5,-1.88,-1.88,-9.69,False,,,100.0,强烈推荐,trade,2,premarket,close_snapshot,unknown,1,cache_backfill,,2026-07-30 20:37:22,6.4,False,ok,2026-03-25,close,6.28,-1.8750000000000044,6.06,6.46,True,0,0.0049999999999954525,-2.594492017525585,0.7194920175255803
165,breakthrough,603175,超颖电子,2026-03-18,2026-03-25,5,-7.83,-4.33,-18.07,False,,,100.0,推荐,trade,3,premarket,close_snapshot,unknown,1,cache_backfill,,2026-07-30 20:37:26,95.8,False,ok,2026-03-25,close,88.3,-7.828810020876831,90.15,99.99,True,0,0.0011899791231693158,-2.594492017525585,-5.234318003351246
177,breakthrough,300302,同有科技,2026-03-19,2026-03-26,5,-20.37,-7.6,-20.37,False,,,100.0,强烈推荐,trade,4,manual,close_snapshot,unknown,1,cache_backfill,,2026-07-30 20:37:41,26.71,False,ok,2026-03-26,close,21.27,-20.366903781355305,26.01,28.39,True,0,0.003096218644696336,-2.306660121093118,-18.060243660262188
178,breakthrough,603985,恒润股份,2026-03-19,2026-03-26,5,-2.99,-2.29,-8.86,False,,,100.0,推荐,trade,3,manual,close_snapshot,unknown,1,cache_backfill,,2026-07-30 20:37:45,20.1,False,ok,2026-03-26,close,19.5,-2.9850746268656803,18.12,20.35,True,0,0.004925373134319955,-2.306660121093118,-0.6784145057725621
179,breakthrough,300867,圣元环保,2026-03-19,2026-03-26,5,-1.17,2.34,-5.28,False,,,100.0,推荐,trade,5,manual,close_snapshot,unknown,1,cache_backfill,,2026-07-30 20:37:47,22.18,False,ok,2026-03-26,close,21.92,-1.172227231740297,20.8,24.56,True,0,-0.002227231740297153,-2.306660121093118,1.134432889352821
189,breakthrough,603985,恒润股份,2026-03-20,2026-03-27,5,-3.49,-0.61,-7.29,False,,,100.0,强烈推荐,trade,2,premarket,close_snapshot,unknown,1,cache_backfill,,2026-07-30 20:37:56,19.76,False,ok,2026-03-27,close,19.07,-3.491902834008098,19.0,20.33,True,0,-0.0019028340080979866,-1.411204680513789,-2.080698153494309
190,breakthrough,300302,同有科技,2026-03-20,2026-03-27,5,-20.08,-14.86,-20.08,False,,,100.0,推荐,trade,3,premarket,close_snapshot,unknown,1,cache_backfill,,2026-07-30 20:37:59,26.44,False,ok,2026-03-27,close,21.13,-20.083207261724667,24.61,27.68,True,0,-0.003207261724668342,-1.411204680513789,-18.672002581210876
191,breakthrough,603803,瑞斯康达,2026-03-20,2026-03-27,5,-1.22,12.3,-1.22,False,,,100.0,推荐,trade,5,premarket,close_snapshot,unknown,1,cache_backfill,,2026-07-30 20:38:04,13.9,False,ok,2026-03-27,close,13.73,-1.2230215827338076,13.2,15.29,True,0,-0.003021582733807593,-1.411204680513789,0.18818309777998143
210,breakthrough,002594,比亚迪,2026-03-23,2026-03-30,5,-3.59,-3.05,-6.24,False,,,91.0,强烈推荐,trade,2,manual,close_snapshot,unknown,1,cache_backfill,,2026-07-30 20:38:29,110.0,False,ok,2026-03-30,close,106.05,-3.590909090909089,103.18,111.82,True,0,-0.0009090909090891941,1.673834314169298,-5.264743405078387
211,breakthrough,600815,厦工股份,2026-03-23,2026-03-30,5,10.08,10.85,0.78,True,,,95.0,推荐,trade,1,manual,close_snapshot,unknown,1,cache_backfill,,2026-07-30 20:38:30,3.87,False,ok,2026-03-30,close,4.26,10.077519379844958,3.46,3.97,True,0,-0.0024806201550422458,1.673834314169298,8.40368506567566
221,breakthrough,600982,宁波能源,2026-03-24,2026-03-31,5,4.56,28.95,4.56,True,,,87.0,推荐,trade,1,premarket,close_snapshot,unknown,1,cache_backfill,,2026-07-30 20:38:56,5.7,False,ok,2026-03-31,close,5.96,4.561403508771922,5.42,6.27,True,0,0.0014035087719221906,-0.5513194121643417,5.112722920936264
222,breakthrough,688429,时创能源,2026-03-24,2026-03-31,5,-18.26,-3.8,-18.26,False,,,77.0,推荐,trade,4,premarket,close_snapshot,unknown,1,cache_backfill,,2026-07-30 20:38:58,17.36,False,ok,2026-03-31,close,14.19,-18.260368663594473,15.67,17.49,True,0,-0.0003686635944717409,-0.5513194121643417,-17.70904925143013
248,breakthrough,000966,长源电力,2026-03-25,2026-04-01,5,-18.85,2.44,-18.85,False,,,91.0,强烈推荐,trade,1,manual,close_snapshot,unknown,1,cache_backfill,,2026-07-30 20:39:39,5.73,False,ok,2026-04-01,close,4.65,-18.848167539267013,5.14,5.77,True,0,0.0018324607329880394,-0.25124133052120134,-18.596926208745813
249,breakthrough,002082,万邦德,2026-03-25,2026-04-01,5,54.92,54.92,10.45,True,,,87.0,推荐,trade,2,manual,close_snapshot,unknown,1,cache_backfill,,2026-07-30 20:39:40,21.43,False,ok,2026-04-01,close,33.2,54.92300513299115,20.3,21.77,True,0,0.0030051329911486846,-0.25124133052120134,55.174246463512354
265,breakthrough,002082,万邦德,2026-03-26,2026-04-02,5,47.92,47.92,11.52,True,,,91.0,推荐,trade,1,afternoon,close_snapshot,unknown,1,cache_backfill,,2026-07-30 20:40:14,23.35,False,ok,2026-04-02,close,34.54,47.922912205567435,21.52,23.67,True,0,0.0029122055674335456,0.03082056401633171,47.892091641551104
266,breakthrough,600780,通宝能源,2026-03-26,2026-04-02,5,-20.61,-3.15,-20.61,False,,,91.0,推荐,trade,3,afternoon,close_snapshot,unknown,1,cache_backfill,,2026-07-30 20:40:15,8.25,False,ok,2026-04-02,close,6.55,-20.606060606060606,7.44,8.45,True,0,0.003939393939393909,0.03082056401633171,-20.636881170076936
267,breakthrough,688353,华盛锂电,2026-03-26,2026-04-02,5,-1.33,8.46,-1.33,False,,,85.0,推荐,trade,4,afternoon,close_snapshot,unknown,1,cache_backfill,,2026-07-30 20:40:15,121.42,False,ok,2026-04-02,close,119.8,-1.3342118267171799,109.89,128.17,True,0,-0.00421182671717979,0.03082056401633171,-1.3650323907335116
289,breakthrough,688353,华盛锂电,2026-03-27,2026-04-03,5,-14.84,-0.61,-14.84,False,,,90.0,强烈推荐,trade,1,afternoon,close_snapshot,unknown,1,cache_backfill,,2026-07-30 20:40:52,131.58,False,ok,2026-04-03,close,112.06,-14.835081319349452,119.8,137.89,True,0,0.004918680650547458,-1.3721052643268172,-13.462976055022635
290,breakthrough,300501,海顺新材,2026-03-27,2026-04-03,5,-1.51,-0.84,-2.91,False,,,87.0,推荐,trade,3,premarket,close_snapshot,unknown,1,cache_backfill,,2026-07-30 20:40:52,17.9,False,ok,2026-04-03,close,17.63,-1.508379888268152,17.4,19.26,True,0,0.0016201117318479508,-1.3721052643268172,-0.13627462394133483
291,breakthrough,002460,赣锋锂业,2026-03-27,2026-04-03,5,0.95,1.46,-2.14,True,,,82.0,推荐,trade,2,afternoon,close_snapshot,unknown,1,cache_backfill,,2026-07-30 20:40:57,79.0,False,ok,2026-04-03,close,79.75,0.9493670886076,71.49,79.67,True,0,-0.0006329113923999596,-1.3721052643268172,2.3214723529344172
316,breakthrough,600773,西藏城投,2026-03-30,2026-04-07,5,-11.42,-7.46,-11.42,False,,,100.0,强烈推荐,trade,1,premarket,close_snapshot,unknown,1,cache_backfill,,2026-07-30 20:41:40,19.7,False,ok,2026-04-07,close,17.45,-11.421319796954311,19.2,20.18,True,0,-0.0013197969543110588,-1.1427108494083793,-10.278608947545932
317,breakthrough,000048,京基智农,2026-03-30,2026-04-07,5,-27.4,6.29,-27.4,False,,,100.0,强烈推荐,trade,1,afternoon,close_snapshot,unknown,1,cache_backfill,,2026-07-30 20:41:41,22.26,False,ok,2026-04-07,close,16.16,-27.403414195867025,20.5,22.61,True,0,-0.003414195867026848,-1.1427108494083793,-26.260703346458648
318,breakthrough,603876,鼎胜新材,2026-03-30,2026-04-07,5,-7.12,-4.79,-7.16,False,,,100.0,强烈推荐,trade,2,afternoon,close_snapshot,unknown,1,cache_backfill,,2026-07-30 20:41:44,23.61,False,ok,2026-04-07,close,21.93,-7.11562897077509,22.2,23.95,True,0,0.004371029224910394,-1.1427108494083793,-5.97291812136671
340,breakthrough,600152,维科技术,2026-03-31,2026-04-08,5,-12.0,-8.21,-16.24,False,,,92.0,强烈推荐,trade,1,premarket,close_snapshot,unknown,1,cache_backfill,,2026-07-30 20:42:27,11.33,False,ok,2026-04-08,close,9.97,-12.003530450132383,10.41,11.81,True,0,-0.003530450132382512,3.269850900551674,-15.273381350684057
341,breakthrough,301399,英特科技,2026-03-31,2026-04-08,5,-8.39,-2.45,-14.81,False,,,83.0,强烈推荐,trade,2,manual,close_snapshot,unknown,1,cache_backfill,,2026-07-30 20:42:28,24.91,False,ok,2026-04-08,close,22.82,-8.390204737053386,22.53,25.38,True,0,-0.0002047370533855286,3.269850900551674,-11.66005563760506
342,breakthrough,603017,中衡设计,2026-03-31,2026-04-08,5,-17.11,4.4,-21.51,False,,,83.0,强烈推荐,trade,3,afternoon,close_snapshot,unknown,1,cache_backfill,,2026-07-30 20:42:31,16.83,False,ok,2026-04-08,close,13.95,-17.112299465240632,15.51,17.34,True,0,-0.0022994652406325145,3.269850900551674,-20.382150365792306
367,breakthrough,301399,英特科技,2026-04-01,2026-04-09,5,-11.05,-8.32,-14.74,False,,,88.0,强烈推荐,trade,2,premarket,close_snapshot,unknown,1,cache_backfill,,2026-07-30 20:43:18,24.89,False,ok,2026-04-09,close,22.14,-11.048613901165128,23.3,24.61,False,1.137748882568057,0.0013860988348728398,0.887083054393778,-11.935696955558907
368,breakthrough,300759,康龙化成,2026-04-01,2026-04-09,5,0.43,0.66,-1.15,True,,,85.0,强烈推荐,trade,1,afternoon,close_snapshot,unknown,1,cache_backfill,,2026-07-30 20:43:18,30.42,False,ok,2026-04-09,close,30.55,0.42735042735042583,28.03,30.65,True,0,-0.002649572649574161,0.887083054393778,-0.45973262704335216
369,breakthrough,601002,晋亿实业,2026-04-01,2026-04-09,5,-2.99,-2.99,-14.76,False,,,91.0,推荐,trade,1,premarket,close_snapshot,unknown,1,cache_backfill,,2026-07-30 20:43:19,6.03,False,ok,2026-04-09,close,5.85,-2.9850746268656803,5.65,5.91,False,2.0304568527918843,0.004925373134319955,0.887083054393778,-3.8721576812594583
405,breakthrough,300502,新易盛,2026-04-09,2026-04-16,5,7.18,7.18,-0.9,True,,,100.0,强烈推荐,trade,1,premarket,close_snapshot,unknown,1,cache_backfill,,2026-07-30 20:44:19,501.5,False,ok,2026-04-16,close,537.5,7.178464606181456,488.0,497.8,False,0.7432703897147341,-0.0015353938185436178,3.7315328652583357,3.4469317409231204
406,breakthrough,603182,嘉华股份,2026-04-09,2026-04-16,5,-16.84,-11.75,-18.64,False,,,91.0,强烈推荐,trade,1,afternoon,close_snapshot,unknown,1,cache_backfill,,2026-07-30 20:44:21,17.7,False,ok,2026-04-16,close,14.72,-16.836158192090387,16.57,17.86,True,0,0.003841807909612527,3.7315328652583357,-20.567691057348725
407,breakthrough,002273,水晶光电,2026-04-09,2026-04-16,5,-2.06,0.67,-3.46,False,,,90.0,强烈推荐,trade,3,afternoon,close_snapshot,unknown,1,cache_backfill,,2026-07-30 20:44:21,30.07,False,ok,2026-04-16,close,29.45,-2.0618556701030966,28.23,30.55,True,0,-0.0018556701030965073,3.7315328652583357,-5.793388535361432
428,breakthrough,605178,时空科技,2026-04-10,2026-04-17,5,9.8,9.8,-3.06,True,False,True,100.0,强烈推荐,trade,1,manual,close_snapshot,unknown,1,cache_backfill,,2026-07-30 20:44:56,79.1,False,ok,2026-04-17,close,86.85,9.797724399494312,76.18,79.41,True,0,-0.0022756005056887574,1.9863821747541976,7.811342224740114
429,breakthrough,300522,世名科技,2026-04-10,2026-04-17,5,5.86,5.86,-2.51,True,False,True,85.0,强烈推荐,trade,3,afternoon,close_snapshot,unknown,1,cache_backfill,,2026-07-30 20:44:56,13.14,False,ok,2026-04-17,close,13.91,5.859969558599687,12.22,13.29,True,0,-3.0441400313385714e-05,1.9863821747541976,3.8735873838454893
430,breakthrough,300782,卓胜微,2026-04-10,2026-04-17,5,8.68,9.77,4.0,True,False,True,100.0,推荐,trade,2,manual,close_snapshot,unknown,1,cache_backfill,,2026-07-30 20:44:59,97.53,False,ok,2026-04-17,close,106.0,8.684507331077619,96.43,102.3,True,0,0.004507331077618915,1.9863821747541976,6.698125156323421
455,breakthrough,301228,实朴检测,2026-04-13,2026-04-20,5,18.71,20.65,10.96,True,False,True,100.0,强烈推荐,trade,1,manual,close_snapshot,unknown,1,cache_backfill,,2026-07-30 20:45:49,48.0,False,ok,2026-04-20,close,56.98,18.70833333333333,44.55,48.38,True,0,-0.0016666666666722563,2.3953165524143616,16.313016780918968
456,breakthrough,002876,三利谱,2026-04-13,2026-04-20,5,-2.0,-1.13,-3.76,False,False,False,100.0,强烈推荐,trade,2,manual,close_snapshot,unknown,1,cache_backfill,,2026-07-30 20:45:55,30.04,False,ok,2026-04-20,close,29.44,-1.9973368841544548,27.53,30.6,True,0,0.0026631158455452386,2.3953165524143616,-4.392653436568816
457,breakthrough,301372,科净源,2026-04-13,2026-04-20,5,6.01,7.5,-1.13,True,False,True,96.0,强烈推荐,trade,1,premarket,close_snapshot,unknown,1,cache_backfill,,2026-07-30 20:45:55,30.94,False,ok,2026-04-20,close,32.8,6.011635423400108,28.76,30.98,True,0,0.001635423400108138,2.3953165524143616,3.6163188709857463
491,breakthrough,300817,双飞集团,2026-04-14,2026-04-21,5,-0.74,2.76,-0.74,False,False,False,85.0,强烈推荐,trade,2,afternoon,close_snapshot,unknown,1,cache_backfill,,2026-07-30 20:51:37,20.29,False,ok,2026-04-21,close,20.14,-0.7392804337111758,18.91,21.65,True,0,0.0007195662888241916,1.4191879658305817,-2.1584683995417575
492,breakthrough,300767,震安科技,2026-04-14,2026-04-21,5,0.49,4.8,-1.25,True,False,True,81.0,强烈推荐,trade,3,afternoon,close_snapshot,unknown,1,cache_backfill,,2026-07-30 20:51:37,22.48,False,ok,2026-04-21,close,22.59,0.48932384341637825,20.91,22.88,True,0,-0.0006761565836217454,1.4191879658305817,-0.9298641224142035
493,breakthrough,002653,海思科,2026-04-14,2026-04-21,5,-4.54,-3.43,-7.6,False,True,False,91.0,推荐,trade,2,premarket,close_snapshot,unknown,1,cache_backfill,,2026-07-30 20:51:37,60.63,False,ok,2026-04-21,close,57.88,-4.535708395183901,57.03,58.88,False,2.9721467391304435,0.004291604816098804,1.4191879658305817,-5.954896361014483
527,breakthrough,600233,圆通速递,2026-04-15,2026-04-22,5,1.54,1.54,-2.75,True,False,,91.0,强烈推荐,trade,1,afternoon,close_snapshot,unknown,1,cache_backfill,,2026-07-30 20:51:41,21.42,False,ok,2026-04-22,close,21.75,1.540616246498594,20.78,21.81,True,0,0.0006162464985939309,2.441278480337239,-0.900662233838645
528,breakthrough,301557,常友科技,2026-04-15,2026-04-22,5,-6.46,0.77,-6.47,False,True,,85.0,推荐,trade,2,afternoon,close_snapshot,unknown,1,cache_backfill,,2026-07-30 20:51:42,113.76,False,ok,2026-04-22,close,106.41,-6.46097046413503,107.34,114.82,True,0,-0.0009704641350296583,2.441278480337239,-8.90224894447227
529,breakthrough,301358,湖南裕能,2026-04-15,2026-04-22,5,0.76,1.6,-1.21,True,False,,86.0,推荐,trade,3,premarket,close_snapshot,unknown,1,cache_backfill,,2026-07-30 20:51:42,84.15,False,ok,2026-04-22,close,84.79,0.7605466428995955,79.96,83.6,False,0.657894736842124,0.0005466428995954953,2.441278480337239,-1.6807318374376434
569,breakthrough,600233,圆通速递,2026-04-16,2026-04-23,5,4.09,4.09,-3.12,True,False,,96.0,强烈推荐,trade,1,premarket,close_snapshot,unknown,1,cache_backfill,,2026-07-30 20:51:47,21.5,False,ok,2026-04-23,close,22.38,4.0930232558139545,21.16,21.85,True,0,0.003023255813954684,1.049695879542556,3.0433273762713986
570,breakthrough,300853,申昊科技,2026-04-16,2026-04-23,5,12.1,14.18,6.11,True,False,,80.0,强烈推荐,trade,4,afternoon,close_snapshot,unknown,1,cache_backfill,,2026-07-30 20:51:47,23.06,False,ok,2026-04-23,close,25.85,12.098872506504787,20.82,23.64,True,0,-0.0011274934952130167,1.049695879542556,11.04917662696223
571,breakthrough,300657,弘信电子,2026-04-16,2026-04-23,5,4.38,4.38,-2.16,True,False,,87.0,推荐,trade,1,afternoon,close_snapshot,unknown,1,cache_backfill,,2026-07-30 20:51:47,35.58,False,ok,2026-04-23,close,37.14,4.384485666104565,32.8,36.27,True,0,0.004485666104565134,1.049695879542556,3.334789786562009
607,breakthrough,000819,岳阳兴长,2026-04-17,2026-04-24,5,4.14,7.4,-2.57,True,False,True,90.0,强烈推荐,trade,1,afternoon,close_snapshot,unknown,1,cache_backfill,,2026-07-30 20:51:52,15.94,False,ok,2026-04-24,close,16.6,4.140526976160608,14.72,16.07,True,0,0.0005269761606081502,0.8607071332954019,3.279819842865206
610,breakthrough,301345,涛涛车业,2026-04-17,2026-04-24,5,17.54,17.54,-2.37,True,False,True,100.0,强烈推荐,trade,1,premarket,close_snapshot,unknown,1,cache_backfill,,2026-07-30 20:51:52,241.67,False,ok,2026-04-24,close,284.05,17.53630984400216,237.0,243.99,True,0,-0.0036901559978375076,0.8607071332954019,16.67560271070676
611,breakthrough,300866,安克创新,2026-04-17,2026-04-24,5,0.78,1.09,-3.04,True,False,False,95.0,推荐,trade,2,premarket,close_snapshot,unknown,1,cache_backfill,,2026-07-30 20:51:52,120.68,False,ok,2026-04-24,close,121.62,0.7789194564136626,116.77,120.4,False,0.23255813953488857,-0.001080543586337468,0.8607071332954019,-0.08178767688173938
643,breakthrough,301307,美利信,2026-04-20,2026-04-27,5,2.67,2.67,-8.0,True,True,False,96.0,强烈推荐,trade,1,premarket,close_snapshot,unknown,1,cache_backfill,,2026-07-30 20:51:57,45.4,False,ok,2026-04-27,close,46.61,2.665198237885469,43.82,45.71,True,0,-0.004801762114531094,0.28397625613776345,2.3812219817477054
644,breakthrough,300620,光库科技,2026-04-20,2026-04-27,5,-4.82,9.01,-5.56,False,True,True,95.0,推荐,trade,2,premarket,close_snapshot,unknown,1,cache_backfill,,2026-07-30 20:51:57,251.83,False,ok,2026-04-27,close,239.7,-4.81674145256722,244.44,262.98,True,0,0.003258547432780645,0.28397625613776345,-5.100717708704983
645,breakthrough,002515,金字火腿,2026-04-20,2026-04-27,5,-2.97,2.66,-2.97,False,False,False,90.0,推荐,trade,5,premarket,close_snapshot,unknown,1,cache_backfill,,2026-07-30 20:51:57,6.4,False,ok,2026-04-27,close,6.21,-2.968750000000009,6.1,6.45,True,0,0.0012499999999913136,0.28397625613776345,-3.2527262561377723
677,breakthrough,301081,严牌股份,2026-04-21,2026-04-28,5,-3.55,-2.83,-11.13,False,True,False,100.0,强烈推荐,trade,1,premarket,close_snapshot,unknown,1,cache_backfill,,2026-07-30 20:52:01,16.62,False,ok,2026-04-28,close,16.03,-3.5499398315282815,15.97,16.6,True,0.12048192771083599,6.016847171830264e-05,-0.20532718120804816,-3.3446126503202334
679,breakthrough,001286,陕西能源,2026-04-21,2026-04-28,5,-1.01,-1.01,-3.72,False,False,False,96.0,强烈推荐,trade,2,afternoon,close_snapshot,unknown,1,cache_backfill,,2026-07-30 20:52:02,11.83,False,ok,2026-04-28,close,11.71,-1.0143702451394732,11.05,11.94,True,0,-0.00437024513947315,-0.20532718120804816,-0.809043063931425
680,breakthrough,601002,晋亿实业,2026-04-21,2026-04-28,5,-6.14,-0.75,-7.19,False,True,False,92.0,强烈推荐,trade,2,premarket,close_snapshot,unknown,1,cache_backfill,,2026-07-30 20:52:02,6.68,False,ok,2026-04-28,close,6.27,-6.137724550898205,6.46,6.69,True,0,0.002275449101794891,-0.20532718120804816,-5.932397369690157
711,breakthrough,000049,德赛电池,2026-04-22,2026-04-29,5,0.3,0.3,-4.55,True,True,False,95.0,强烈推荐,trade,1,premarket,close_snapshot,unknown,1,cache_backfill,,2026-07-30 20:52:06,29.64,False,ok,2026-04-29,close,29.73,0.30364372469635637,29.42,31.5,True,0,0.0036437246963563763,0.22335054993822823,0.08029317475812814
712,breakthrough,301236,软通动力,2026-04-22,2026-04-29,5,-8.94,1.59,-8.94,False,True,False,90.0,强烈推荐,trade,3,afternoon,close_snapshot,unknown,1,cache_backfill,,2026-07-30 20:52:06,43.31,False,ok,2026-04-29,close,39.44,-8.935580697298551,39.66,44.59,True,0,0.004419302701448302,0.22335054993822823,-9.15893124723678
713,breakthrough,301198,喜悦智行,2026-04-22,2026-04-29,5,11.51,11.51,5.63,True,False,True,86.0,推荐,trade,2,premarket,close_snapshot,unknown,1,cache_backfill,,2026-07-30 20:52:06,15.64,False,ok,2026-04-29,close,17.44,11.508951406649626,15.6,17.09,True,0,-0.0010485933503741052,0.22335054993822823,11.285600856711397
90,volume_price,603296,华勤技术,2026-07-24,2026-07-29,5,-5.88,-0.78,-5.88,False,True,False,91.0,强烈推荐,trade,2,premarket,close_snapshot,unknown,1,cache_backfill,2026-07-24 02:33:04,2026-07-25 17:39:25,88.88,True,ok,2026-07-31,close,81.28,-8.550855085508546,86.01,91.88,True,0,-2.6708550855085464,-1.3118414175372406,-7.239013667971306
98,volume_price,002353,杰瑞股份,2026-07-27,2026-08-01,5,-1.89,1.76,-8.42,False,True,False,76.0,推荐,trade,2,premarket,close_snapshot,unknown,1,cache_backfill,2026-07-27 02:33:16,2026-07-27 02:33:16,137.29,True,ok,2026-08-03,close,130.75,-4.7636390123097065,135.0,151.02,True,0,-2.873639012309707,-3.386546955510239,-1.3770920567994676
118,volume_price,002407,多氟多,2026-07-29,2026-08-03,5,-12.25,-8.07,-12.25,False,True,False,77.0,推荐,trade,2,premarket,close_snapshot,unknown,1,cache_backfill,2026-07-29 02:33:02,2026-07-29 02:33:02,34.2,True,ok,2026-08-05,close,32.81,-4.064327485380115,30.78,33.55,False,1.9374068554396606,8.185672514619885,1.2584071335098423,-5.322734618889958
129,volume_price,301526,国际复材,2026-07-30,2026-08-04,5,-0.73,5.93,-7.68,False,True,True,77.0,推荐,trade,1,premarket,close_snapshot,unknown,1,cache_backfill,2026-07-30 02:32:30,2026-07-30 02:32:30,30.2,True,ok,2026-08-06,close,35.2,16.556291390728497,29.68,35.47,True,0,17.286291390728497,2.2328846610340847,14.323406729694412
139,volume_price,002371,北方华创,2026-03-13,2026-03-20,5,24.79,24.79,19.81,True,,,91.0,强烈推荐,trade,2,morning,close_snapshot,unknown,1,cache_backfill,,2026-07-30 20:36:48,375.6,False,ok,2026-03-20,close,468.72,24.792332268370608,449.1,464.7,False,-16.366065464261858,0.0023322683706084035,-2.1871265372209847,26.97945880559159
141,volume_price,601127,赛力斯,2026-03-13,2026-03-20,5,1.28,4.81,1.28,True,,,87.0,推荐,trade,3,morning,close_snapshot,unknown,1,cache_backfill,,2026-07-30 20:36:49,98.5,False,ok,2026-03-20,close,99.76,1.2791878172588866,99.22,102.0,False,-0.7256601491634762,-0.0008121827411133875,-2.1871265372209847,3.4663143544798714
143,volume_price,603259,药明康德,2026-03-13,2026-03-20,5,0.03,2.88,0.03,True,,,95.0,强烈推荐,trade,1,morning,close_snapshot,unknown,1,cache_backfill,,2026-07-30 20:36:49,90.87,False,ok,2026-03-20,close,90.9,0.03301419610433065,90.72,92.15,True,0,0.003014196104330652,-2.1871265372209847,2.2201407333253154
166,volume_price,002463,沪电股份,2026-03-18,2026-03-25,5,-3.59,0.86,-6.25,False,,,85.0,强烈推荐,trade,1,premarket,close_snapshot,unknown,1,cache_backfill,,2026-07-30 20:37:29,85.59,False,ok,2026-03-25,close,82.52,-3.586867624722523,86.3,93.96,False,-0.8227114716106487,0.0031323752774770064,-2.594492017525585,-0.9923756071969381
167,volume_price,600519,贵州茅台,2026-03-18,2026-03-25,5,-5.03,-2.16,-5.23,False,,,85.0,推荐,trade,2,premarket,close_snapshot,unknown,1,cache_backfill,,2026-07-30 20:37:30,1485.0,False,ok,2026-03-25,close,1410.27,-5.0323232323232325,1463.15,1496.5,True,0,-0.0023232323232322827,-2.594492017525585,-2.4378312147976477
168,volume_price,600930,华电新能,2026-03-18,2026-03-25,5,9.12,9.12,-2.06,True,,,85.0,推荐,trade,3,premarket,close_snapshot,unknown,1,cache_backfill,,2026-07-30 20:37:33,6.8,False,ok,2026-03-25,close,7.42,9.117647058823541,6.55,6.97,True,0,-0.00235294117645779,-2.594492017525585,11.712139076349127
180,volume_price,002565,顺灏股份,2026-03-19,2026-03-26,5,-11.59,-0.59,-11.59,False,,,85.0,推荐,trade,1,manual,close_snapshot,unknown,1,cache_backfill,,2026-07-30 20:37:48,17.08,False,ok,2026-03-26,close,15.1,-11.592505854800928,16.51,17.48,True,0,-0.00250585480092802,-2.306660121093118,-9.28584573370781
181,volume_price,300166,东方国信,2026-03-19,2026-03-26,5,-12.01,-5.22,-14.75,False,,,85.0,推荐,trade,2,manual,close_snapshot,unknown,1,cache_backfill,,2026-07-30 20:37:48,16.48,False,ok,2026-03-26,close,14.5,-12.014563106796118,15.04,17.33,True,0,-0.004563106796117822,-2.306660121093118,-9.707902985702999
199,volume_price,000815,美利云,2026-03-20,2026-03-27,5,3.2,8.29,-1.32,True,,,85.0,推荐,trade,2,manual,close_snapshot,unknown,1,cache_backfill,,2026-07-30 20:38:13,19.66,False,ok,2026-03-27,close,20.29,3.2044760935910466,18.95,20.59,True,0,0.004476093591046393,-1.411204680513789,4.615680774104836
223,volume_price,300207,欣旺达,2026-03-24,2026-03-31,5,-9.96,-0.82,-9.96,False,,,99.0,强烈推荐,trade,1,premarket,close_snapshot,unknown,1,cache_backfill,,2026-07-30 20:38:58,28.0,False,ok,2026-03-31,close,25.21,-9.964285714285715,26.4,28.22,True,0,-0.004285714285714448,-0.5513194121643417,-9.412966302121374
224,volume_price,688183,生益电子,2026-03-24,2026-03-31,5,-3.12,0.52,-6.57,False,,,88.0,强烈推荐,trade,3,manual,close_snapshot,unknown,1,cache_backfill,,2026-07-30 20:38:59,86.35,False,ok,2026-03-31,close,83.66,-3.115228720324259,81.3,87.87,True,0,0.004771279675741091,-0.5513194121643417,-2.5639093081599174
225,volume_price,300751,迈为股份,2026-03-24,2026-03-31,5,-20.23,2.56,-20.23,False,,,91.0,推荐,trade,2,premarket,close_snapshot,unknown,1,cache_backfill,,2026-07-30 20:39:00,286.7,False,ok,2026-03-31,close,228.7,-20.230205790024414,262.88,286.84,True,0,-0.00020579002441323269,-0.5513194121643417,-19.67888637786007
250,volume_price,002428,云南锗业,2026-03-25,2026-04-01,5,2.15,7.16,-4.42,True,,,80.0,推荐,trade,1,manual,close_snapshot,unknown,1,cache_backfill,,2026-07-30 20:39:40,48.85,False,ok,2026-04-01,close,49.9,2.149437052200609,46.81,49.13,True,0,-0.0005629477993909227,-0.25124133052120134,2.4006783827218103
268,volume_price,600157,永泰能源,2026-03-26,2026-04-02,5,-10.61,-0.51,-10.61,False,,,73.0,推荐,trade,5,premarket,close_snapshot,unknown,1,cache_backfill,,2026-07-30 20:40:20,1.98,False,ok,2026-04-02,close,1.77,-10.606060606060607,1.92,1.99,True,0,0.003939393939392133,0.03082056401633171,-10.63688117007694
292,volume_price,002491,通鼎互联,2026-03-27,2026-04-03,5,10.56,10.56,2.55,True,,,84.0,强烈推荐,trade,2,afternoon,close_snapshot,unknown,1,cache_backfill,,2026-07-30 20:41:00,11.36,False,ok,2026-04-03,close,12.56,10.563380281690149,10.5,11.79,True,0,0.003380281690148479,-1.3721052643268172,11.935485546016967
293,volume_price,300136,信维通信,2026-03-27,2026-04-03,5,-3.92,1.04,-4.31,False,,,76.0,强烈推荐,trade,2,premarket,close_snapshot,unknown,1,cache_backfill,,2026-07-30 20:41:01,64.29,False,ok,2026-04-03,close,61.77,-3.919738684087737,60.52,63.5,False,1.2440944881889848,0.0002613159122630826,-1.3721052643268172,-2.5476334197609196
294,volume_price,002466,天齐锂业,2026-03-27,2026-04-03,5,-4.46,-1.36,-4.46,False,,,88.0,推荐,trade,1,afternoon,close_snapshot,unknown,1,cache_backfill,,2026-07-30 20:41:06,58.03,False,ok,2026-04-03,close,55.44,-4.463208685162856,53.5,58.26,True,0,-0.0032086851628561064,-1.3721052643268172,-3.091103420836039
319,volume_price,300497,富祥药业,2026-03-30,2026-04-07,5,-1.41,0.16,-7.12,False,,,82.0,推荐,trade,3,premarket,close_snapshot,unknown,1,cache_backfill,,2026-07-30 20:41:49,19.09,False,ok,2026-04-07,close,18.82,-1.4143530644316393,19.03,20.55,True,0,-0.0043530644316394085,-1.1427108494083793,-0.27164221502326
320,volume_price,002709,天赐材料,2026-03-30,2026-04-07,5,-5.23,-0.24,-5.7,False,,,74.0,推荐,trade,5,premarket,close_snapshot,unknown,1,cache_backfill,,2026-07-30 20:41:50,46.11,False,ok,2026-04-07,close,43.7,-5.2266319670353445,45.89,48.55,True,0,0.0033680329646559315,-1.1427108494083793,-4.083921117626965
343,volume_price,603601,再升科技,2026-03-31,2026-04-08,5,-8.82,-4.92,-11.96,False,,,92.0,强烈推荐,trade,1,manual,close_snapshot,unknown,1,cache_backfill,,2026-07-30 20:42:32,15.64,False,ok,2026-04-08,close,14.26,-8.823529411764708,14.22,15.95,True,0,-0.0035294117647080014,3.269850900551674,-12.093380312316382
344,volume_price,002850,科达利,2026-03-31,2026-04-08,5,0.84,2.45,-2.37,True,,,91.0,强烈推荐,trade,2,manual,close_snapshot,unknown,1,cache_backfill,,2026-07-30 20:42:33,179.5,False,ok,2026-04-08,close,181.0,0.8356545961002881,175.65,183.99,True,0,-0.0043454038997118305,3.269850900551674,-2.434196304451386
345,volume_price,002792,通宇通讯,2026-03-31,2026-04-08,5,9.97,9.97,-7.62,True,,,85.0,强烈推荐,trade,3,manual,close_snapshot,unknown,1,cache_backfill,,2026-07-30 20:42:33,44.62,False,ok,2026-04-08,close,49.07,9.973106230389961,42.61,46.72,True,0,0.003106230389960274,3.269850900551674,6.703255329838287
370,volume_price,002361,神剑股份,2026-04-01,2026-04-09,5,-5.64,-0.58,-12.31,False,,,92.0,强烈推荐,trade,1,afternoon,close_snapshot,unknown,1,cache_backfill,,2026-07-30 20:43:19,17.39,False,ok,2026-04-09,close,16.41,-5.635422656699252,16.0,18.0,True,0,0.004577343300748105,0.887083054393778,-6.52250571109303
371,volume_price,002792,通宇通讯,2026-04-01,2026-04-09,5,6.33,10.15,-7.47,True,,,92.0,强烈推荐,trade,2,premarket,close_snapshot,unknown,1,cache_backfill,,2026-07-30 20:43:19,44.55,False,ok,2026-04-09,close,47.37,6.329966329966341,42.0,44.94,True,0,-3.367003365895016e-05,0.887083054393778,5.442883275572563
372,volume_price,603601,再升科技,2026-04-01,2026-04-09,5,-12.14,-7.94,-12.14,False,,,92.0,推荐,trade,1,premarket,close_snapshot,unknown,1,cache_backfill,,2026-07-30 20:43:23,15.49,False,ok,2026-04-09,close,13.61,-12.136862491930279,14.51,15.93,True,0,0.003137508069722017,0.887083054393778,-13.023945546324057
408,volume_price,002273,水晶光电,2026-04-09,2026-04-16,5,-1.87,0.87,-3.27,False,,,99.0,强烈推荐,trade,1,afternoon,close_snapshot,unknown,1,cache_backfill,,2026-07-30 20:44:22,30.01,False,ok,2026-04-16,close,29.45,-1.86604465178275,28.23,30.55,True,0,0.0039553482172500765,3.7315328652583357,-5.597577517041086
409,volume_price,000977,浪潮信息,2026-04-09,2026-04-16,5,5.98,6.91,4.76,True,,,80.0,推荐,trade,3,afternoon,close_snapshot,unknown,1,cache_backfill,,2026-07-30 20:44:27,64.43,False,ok,2026-04-16,close,68.28,5.975477262144957,61.3,65.66,True,0,-0.004522737855043424,3.7315328652583357,2.2439443968866213
410,volume_price,002475,立讯精密,2026-04-09,2026-04-16,5,10.49,10.49,6.34,True,,,79.0,推荐,trade,4,afternoon,close_snapshot,unknown,1,cache_backfill,,2026-07-30 20:44:28,54.71,False,ok,2026-04-16,close,60.45,10.491683421677944,51.3,55.78,True,0,0.001683421677943997,3.7315328652583357,6.7601505564196085
433,volume_price,000977,浪潮信息,2026-04-10,2026-04-17,5,0.99,1.95,0.64,True,False,False,99.0,强烈推荐,trade,1,afternoon,close_snapshot,unknown,1,cache_backfill,,2026-07-30 20:45:08,67.56,False,ok,2026-04-17,close,68.23,0.9917110716400224,65.28,69.2,True,0,0.0017110716400223769,1.9863821747541976,-0.9946711031141753
434,volume_price,000938,紫光股份,2026-04-10,2026-04-17,5,2.52,4.52,1.7,True,False,False,91.0,推荐,trade,3,manual,close_snapshot,unknown,1,cache_backfill,,2026-07-30 20:45:13,27.02,False,ok,2026-04-17,close,27.7,2.5166543301258226,26.74,27.76,True,0,-0.0033456698741773927,1.9863821747541976,0.530272155371625
435,volume_price,002475,立讯精密,2026-04-10,2026-04-17,5,1.84,3.03,-0.12,True,False,False,87.0,推荐,trade,2,afternoon,close_snapshot,unknown,1,cache_backfill,,2026-07-30 20:45:14,58.67,False,ok,2026-04-17,close,59.75,1.8408044997443307,54.9,59.18,True,0,0.0008044997443306112,1.9863821747541976,-0.14557767500986696
460,volume_price,002475,立讯精密,2026-04-13,2026-04-20,5,12.98,12.98,1.03,True,False,True,99.0,强烈推荐,trade,1,premarket,close_snapshot,unknown,1,cache_backfill,,2026-07-30 20:45:59,58.18,False,ok,2026-04-20,close,65.73,12.976968030250946,57.5,59.52,True,0,-0.0030319697490543973,2.3953165524143616,10.581651477836584
461,volume_price,000977,浪潮信息,2026-04-13,2026-04-20,5,8.33,8.33,0.73,True,False,True,99.0,强烈推荐,trade,2,premarket,close_snapshot,unknown,1,cache_backfill,,2026-07-30 20:46:03,67.5,False,ok,2026-04-20,close,73.12,8.325925925925937,65.81,70.19,True,0,-0.004074074074063461,2.3953165524143616,5.930609373511575
462,volume_price,002466,天齐锂业,2026-04-13,2026-04-20,5,12.04,12.04,3.62,True,False,True,99.0,推荐,trade,3,premarket,close_snapshot,unknown,1,cache_backfill,,2026-07-30 20:46:04,59.64,False,ok,2026-04-20,close,66.82,12.038900067069068,59.43,62.47,True,0,-0.0010999329309306916,2.3953165524143616,9.643583514654708
496,volume_price,000938,紫光股份,2026-04-14,2026-04-21,5,-2.23,0.6,-2.69,False,False,False,99.0,强烈推荐,trade,2,premarket,close_snapshot,unknown,1,cache_backfill,,2026-07-30 20:51:37,28.24,False,ok,2026-04-21,close,27.61,-2.230878186968832,27.52,28.18,False,0.21291696238465718,-0.0008781869688321287,1.4191879658305817,-3.650066152799414
497,volume_price,603799,华友钴业,2026-04-14,2026-04-21,5,1.83,2.94,-2.43,True,False,False,99.0,强烈推荐,trade,2,manual,close_snapshot,unknown,1,cache_backfill,,2026-07-30 20:51:38,64.32,False,ok,2026-04-21,close,65.5,1.834577114427871,61.0,64.4,True,0,0.00457711442787101,1.4191879658305817,0.41538914859728937
501,volume_price,600118,中国卫星,2026-04-14,2026-04-21,5,18.73,18.73,1.3,True,False,True,91.0,推荐,trade,3,manual,close_snapshot,unknown,1,cache_backfill,,2026-07-30 20:51:38,84.39,False,ok,2026-04-21,close,100.2,18.734447209384996,79.91,84.4,True,0,0.004447209384995432,1.4191879658305817,17.315259243554415
531,volume_price,600118,中国卫星,2026-04-15,2026-04-22,5,12.86,15.89,-1.12,True,False,,87.0,强烈推荐,trade,2,afternoon,close_snapshot,unknown,1,cache_backfill,,2026-07-30 20:51:42,86.46,False,ok,2026-04-22,close,97.58,12.861438815637305,85.0,88.35,True,0,0.0014388156373055239,2.441278480337239,10.420160335300066
533,volume_price,603799,华友钴业,2026-04-15,2026-04-22,5,0.64,2.94,0.64,True,False,,99.0,强烈推荐,trade,2,premarket,close_snapshot,unknown,1,cache_backfill,,2026-07-30 20:51:42,64.32,False,ok,2026-04-22,close,64.73,0.6374378109452961,62.61,65.37,True,0,-0.002562189054703956,2.441278480337239,-1.8038406693919429
534,volume_price,600879,航天电子,2026-04-15,2026-04-22,5,8.76,10.14,-0.09,True,False,,83.0,推荐,trade,4,afternoon,close_snapshot,unknown,1,cache_backfill,,2026-07-30 20:51:43,23.18,False,ok,2026-04-22,close,25.21,8.75754961173425,22.76,23.84,True,0,-0.0024503882657498366,2.441278480337239,6.316271131397011
574,volume_price,600118,中国卫星,2026-04-16,2026-04-23,5,18.22,18.22,-0.41,True,False,,99.0,强烈推荐,trade,1,premarket,close_snapshot,unknown,1,cache_backfill,,2026-07-30 20:51:48,86.28,False,ok,2026-04-23,close,102.0,18.219749652294848,84.55,86.74,True,0,-0.0002503477051511993,1.049695879542556,17.17005377275229
575,volume_price,603083,剑桥科技,2026-04-16,2026-04-23,5,30.63,36.87,15.49,True,False,,92.0,推荐,trade,2,premarket,close_snapshot,unknown,1,cache_backfill,,2026-07-30 20:51:48,125.8,False,ok,2026-04-23,close,164.33,30.627980922098573,122.5,132.65,True,0,-0.0020190779014264137,1.049695879542556,29.57828504255602
576,volume_price,600879,航天电子,2026-04-16,2026-04-23,5,7.84,10.04,0.95,True,False,,91.0,推荐,trade,4,premarket,close_snapshot,unknown,1,cache_backfill,,2026-07-30 20:51:48,23.2,False,ok,2026-04-23,close,25.02,7.844827586206904,22.63,23.5,True,0,0.004827586206904044,1.049695879542556,6.795131706664348
612,volume_price,000657,中钨高新,2026-04-17,2026-04-24,5,-0.7,5.34,-0.7,False,False,True,99.0,强烈推荐,trade,1,afternoon,close_snapshot,unknown,1,cache_backfill,,2026-07-30 20:51:52,55.57,False,ok,2026-04-24,close,55.18,-0.7018175274428606,53.37,57.09,True,0,-0.001817527442860678,0.8607071332954019,-1.5625246607382626
613,volume_price,300750,宁德时代,2026-04-17,2026-04-24,5,-2.0,-1.41,-4.73,False,True,False,95.0,推荐,trade,2,premarket,close_snapshot,unknown,1,cache_backfill,,2026-07-30 20:51:53,453.98,False,ok,2026-04-24,close,444.9,-2.0000881096083667,441.01,457.64,True,0,-8.810960836669324e-05,0.8607071332954019,-2.8607952429037686
614,volume_price,601778,晶科科技,2026-04-17,2026-04-24,5,0.99,1.27,-10.56,True,True,False,92.0,推荐,trade,2,afternoon,close_snapshot,unknown,1,cache_backfill,,2026-07-30 20:51:53,7.1,False,ok,2026-04-24,close,7.17,0.9859154929577452,6.86,7.33,True,0,-0.004084507042254826,0.8607071332954019,0.12520835966234323
648,volume_price,300450,先导智能,2026-04-20,2026-04-27,5,2.55,5.0,1.71,True,False,True,99.0,强烈推荐,trade,2,premarket,close_snapshot,unknown,1,cache_backfill,,2026-07-30 20:51:58,56.0,False,ok,2026-04-27,close,57.43,2.5535714285714217,55.83,57.57,True,0,0.0035714285714218974,0.28397625613776345,2.2695951724336583
649,volume_price,000657,中钨高新,2026-04-20,2026-04-27,5,-4.08,3.58,-4.08,False,False,False,99.0,推荐,trade,1,premarket,close_snapshot,unknown,1,cache_backfill,,2026-07-30 20:51:58,56.12,False,ok,2026-04-27,close,53.83,-4.080541696364925,57.16,60.75,False,-1.8194541637508777,-0.0005416963649249595,0.28397625613776345,-4.3645179525026885
650,volume_price,600410,华胜天成,2026-04-20,2026-04-27,5,-10.16,-0.73,-10.16,False,True,False,84.0,推荐,trade,4,premarket,close_snapshot,unknown,1,cache_backfill,,2026-07-30 20:51:58,28.94,False,ok,2026-04-27,close,26.0,-10.158949550794748,28.82,29.88,True,0,0.00105044920525188,0.28397625613776345,-10.44292580693251
682,volume_price,000547,航天发展,2026-04-21,2026-04-28,5,-18.26,-5.39,-18.26,False,True,False,95.0,强烈推荐,trade,2,premarket,close_snapshot,unknown,1,cache_backfill,,2026-07-30 20:52:02,28.75,False,ok,2026-04-28,close,23.5,-18.260869565217387,27.52,29.07,True,0,-0.0008695652173855706,-0.20532718120804816,-18.05554238400934
684,volume_price,600118,中国卫星,2026-04-21,2026-04-28,5,-2.02,3.04,-2.72,False,False,False,91.0,强烈推荐,trade,1,afternoon,close_snapshot,unknown,1,cache_backfill,,2026-07-30 20:52:03,98.99,False,ok,2026-04-28,close,96.99,-2.0204061016264263,96.5,100.6,True,0,-0.0004061016264262918,-0.20532718120804816,-1.8150789204183782
685,volume_price,300223,北京君正,2026-04-21,2026-04-28,5,2.46,2.46,-1.4,True,False,False,91.0,推荐,trade,5,premarket,close_snapshot,unknown,1,cache_backfill,,2026-07-30 20:52:03,121.04,False,ok,2026-04-28,close,124.02,2.4619960343687852,117.17,121.81,True,0,0.00199603436878526,-0.20532718120804816,2.6673232155768334
716,volume_price,600522,中天科技,2026-04-22,2026-04-29,5,5.67,10.3,2.37,True,False,True,91.0,强烈推荐,trade,1,premarket,close_snapshot,unknown,1,cache_backfill,,2026-07-30 20:52:06,32.44,False,ok,2026-04-29,close,34.28,5.672009864365002,32.5,34.84,False,-0.18461538461539417,0.0020098643650019454,0.22335054993822823,5.448659314426774
742,volume_price,000938,紫光股份,2026-04-23,2026-04-30,5,2.89,4.28,0.74,True,False,False,91.0,强烈推荐,trade,1,afternoon,close_snapshot,unknown,1,cache_backfill,,2026-07-30 20:52:09,31.09,False,ok,2026-04-30,close,31.99,2.8948214860083477,30.1,31.81,True,0,0.004821486008347531,0.4383316653887359,2.4564898206196117
810,volume_price,002812,恩捷股份,2026-04-28,2026-05-08,5,0.52,8.29,0.52,True,False,True,99.0,推荐,trade,2,premarket,close_snapshot,unknown,1,cache_backfill,,2026-07-30 20:52:18,80.85,False,ok,2026-05-08,close,81.27,0.5194805194805197,76.77,81.25,True,0,-0.0005194805194803642,2.389554054991261,-1.8700735355107412
859,volume_price,002594,比亚迪,2026-04-30,2026-05-12,5,-5.85,-4.41,-5.85,False,True,False,80.0,推荐,trade,4,premarket,close_snapshot,unknown,1,cache_backfill,,2026-07-30 20:52:25,105.4,False,ok,2026-05-12,close,99.23,-5.853889943074009,102.37,105.45,True,0,-0.003889943074009139,2.92762480472446,-8.781514747798468
888,volume_price,002851,麦格米特,2026-05-06,2026-05-13,5,14.68,14.68,2.07,True,False,True,81.0,推荐,trade,4,premarket,close_snapshot,unknown,1,cache_backfill,,2026-07-30 20:52:28,120.21,False,ok,2026-05-13,close,137.86,14.682638715581087,119.39,123.0,True,0,0.00263871558108697,2.4861136456370447,12.196525069944041
913,volume_price,600111,北方稀土,2026-05-07,2026-05-14,5,-4.05,4.2,-4.05,False,False,False,99.0,推荐,trade,1,premarket,close_snapshot,unknown,1,cache_backfill,,2026-07-30 20:52:32,55.52,False,ok,2026-05-14,close,53.27,-4.05259365994236,54.58,56.48,True,0,-0.0025936599423603823,0.28752109474319276,-4.340114754685553
973,volume_price,600089,特变电工,2026-05-13,2026-05-20,5,-7.77,-4.08,-7.77,False,True,False,99.0,强烈推荐,trade,1,premarket,close_snapshot,unknown,1,cache_backfill,,2026-07-30 20:52:41,28.94,False,ok,2026-05-20,close,26.69,-7.774706288873534,28.54,29.67,True,0,-0.004706288873534525,-2.953780655177529,-4.820925633696005
998,volume_price,600406,国电南瑞,2026-05-14,2026-05-21,5,-8.42,-3.75,-8.42,False,True,False,95.0,强烈推荐,trade,1,premarket,close_snapshot,unknown,1,cache_backfill,,2026-07-30 20:52:44,28.02,False,ok,2026-05-21,close,25.66,-8.422555317630264,27.26,28.48,True,0,-0.0025553176302643976,-2.675700972612216,-5.746854345018049
1022,volume_price,000981,山子高科,2026-05-15,2026-05-22,5,-10.11,-3.91,-10.11,False,True,False,99.0,强烈推荐,trade,1,premarket,close_snapshot,unknown,1,cache_backfill,,2026-07-30 20:52:47,4.35,False,ok,2026-05-22,close,3.91,-10.114942528735627,4.33,4.58,True,0,-0.004942528735627505,-0.29817330268602227,-9.816769226049605
1047,volume_price,300442,润泽科技,2026-05-18,2026-05-25,5,-7.69,-4.03,-10.62,False,True,False,99.0,强烈推荐,trade,1,premarket,close_snapshot,unknown,1,cache_backfill,,2026-07-30 20:52:51,102.46,False,ok,2026-05-25,close,94.58,-7.690806168260778,98.26,105.18,True,0,-0.0008061682607776177,1.8222744500902,-9.513080618350978
1048,volume_price,300115,长盈精密,2026-05-18,2026-05-25,5,-2.62,0.0,-2.78,False,False,False,91.0,推荐,trade,2,premarket,close_snapshot,unknown,1,cache_backfill,,2026-07-30 20:52:51,38.1,False,ok,2026-05-25,close,37.1,-2.6246719160105014,37.2,39.15,True,0,-0.00467191601050132,1.8222744500902,-4.446946366100701
1111,volume_price,300346,南大光电,2026-05-21,2026-05-28,5,-3.45,1.7,-6.27,False,True,False,99.0,强烈推荐,trade,1,premarket,close_snapshot,unknown,1,cache_backfill,,2026-07-30 20:52:59,59.98,False,ok,2026-05-28,close,57.91,-3.4511503834611545,55.1,60.88,True,0,-0.0011503834611543695,2.7411093224059657,-6.19225970586712
1169,volume_price,300476,胜宏科技,2026-05-26,2026-06-02,5,-8.98,-1.1,-10.73,False,True,False,91.0,推荐,trade,1,premarket,close_snapshot,unknown,1,cache_backfill,,2026-07-30 20:53:07,383.5,False,ok,2026-06-02,close,349.08,-8.975228161668847,376.66,400.0,True,0,0.004771838331153688,-0.6728174863829706,-8.302410675285877
1203,volume_price,600667,太极实业,2026-05-28,2026-06-04,5,17.53,17.53,-7.61,True,True,True,92.0,推荐,trade,2,premarket,close_snapshot,unknown,1,cache_backfill,,2026-07-30 20:53:11,13.92,False,ok,2026-06-04,close,16.36,17.52873563218391,13.13,13.92,True,0,-0.0012643678160912941,-0.19250296588871896,17.721238598072627
1244,volume_price,600601,方正科技,2026-06-01,2026-06-08,5,-10.28,-5.66,-10.28,False,True,False,83.0,推荐,trade,5,premarket,close_snapshot,unknown,1,cache_backfill,,2026-07-30 20:53:16,13.43,False,ok,2026-06-08,close,12.05,-10.275502606105725,12.29,13.45,True,0,0.004497393894274282,-2.6963870642781385,-7.579115541827587
1424,volume_price,600160,XD巨化股,2026-06-12,2026-06-22,5,18.37,18.37,7.61,True,False,True,87.0,推荐,trade,2,premarket,close_snapshot,unknown,1,cache_backfill,,2026-07-30 20:53:41,41.0,False,ok,2026-06-22,close,48.53,18.36585365853658,41.1,43.05,False,-0.24330900243308973,-0.004146341463421521,5.91000812170841,12.45584553682817
1444,volume_price,600030,中信证券,2026-06-15,2026-06-23,5,7.72,8.94,1.03,True,False,True,87.0,推荐,trade,4,premarket,close_snapshot,unknown,1,cache_backfill,,2026-07-30 20:53:43,26.29,False,ok,2026-06-23,close,28.32,7.721567135793084,26.44,27.4,False,-0.5673222390317756,0.0015671357930839847,0.5658552939565187,7.155711841836565
1446,volume_price,000657,中钨高新,2026-06-15,2026-06-23,5,29.75,37.13,13.33,True,False,True,99.0,强烈推荐,trade,1,premarket,close_snapshot,unknown,1,cache_backfill,,2026-07-30 20:53:43,79.0,False,ok,2026-06-23,close,102.5,29.746835443037977,77.99,86.9,True,0,-0.003164556962023113,0.5658552939565187,29.180980149081456
1461,volume_price,600030,中信证券,2026-06-16,2026-06-24,5,3.83,6.63,-1.12,True,False,True,87.0,强烈推荐,trade,3,premarket,close_snapshot,unknown,1,cache_backfill,,2026-07-30 20:53:45,26.86,False,ok,2026-06-24,close,27.89,3.83469843633657,26.63,27.29,True,0,0.004698436336569856,1.2036697698511567,2.6310286664854132
1484,volume_price,600111,北方稀土,2026-06-17,2026-06-25,5,-5.35,4.17,-5.35,False,True,False,92.0,推荐,trade,2,premarket,close_snapshot,unknown,1,cache_backfill,2026-06-17 02:32:03,2026-07-30 20:53:48,51.98,False,ok,2026-06-25,close,49.2,-5.34821085032704,50.01,51.2,False,1.5234374999999911,0.0017891496729598444,1.7988842902305402,-7.14709514055758
1555,volume_price,300782,卓胜微,2026-06-24,2026-07-01,5,-8.27,-2.28,-11.52,False,True,False,99.0,强烈推荐,trade,1,premarket,close_snapshot,unknown,1,cache_backfill,2026-06-24 02:32:41,2026-07-30 20:53:58,113.92,False,ok,2026-07-01,close,104.5,-8.268960674157299,108.55,114.56,True,0,0.0010393258427008334,0.32287953518292944,-8.591840209340228
1617,volume_price,000100,TCL科技,2026-06-29,2026-07-06,5,-3.89,13.33,-3.89,False,False,True,91.0,强烈推荐,trade,1,premarket,close_snapshot,unknown,1,cache_backfill,2026-06-29 02:32:36,2026-07-30 20:54:07,5.4,False,ok,2026-07-06,close,5.19,-3.888888888888886,5.2,5.57,True,0,0.0011111111111139493,-1.723592020978626,-2.16529686791026
1672,volume_price,000938,紫光股份,2026-07-02,2026-07-09,5,19.21,19.21,1.17,True,False,True,99.0,强烈推荐,trade,1,premarket,close_snapshot,unknown,1,cache_backfill,2026-07-02 02:32:31,2026-07-30 20:54:14,29.93,False,ok,2026-07-09,close,35.68,19.21149348479787,28.7,30.42,True,0,0.001493484797869371,1.3301332003407884,17.88136028445708
1673,volume_price,002202,金风科技,2026-07-02,2026-07-09,5,-17.56,-0.28,-17.56,False,True,False,99.0,推荐,trade,2,premarket,close_snapshot,unknown,1,cache_backfill,2026-07-02 02:32:31,2026-07-30 20:54:14,24.66,False,ok,2026-07-09,close,20.33,-17.558799675588,23.49,24.6,False,0.24390243902439046,0.001200324412000242,1.3301332003407884,-18.888932875928788
1690,volume_price,002050,三花智控,2026-07-03,2026-07-10,5,-3.83,2.74,-6.48,False,True,False,80.0,强烈推荐,trade,4,premarket,close_snapshot,unknown,1,cache_backfill,2026-07-03 02:32:52,2026-07-30 20:54:16,44.92,False,ok,2026-07-10,close,43.2,-3.8290293855743562,43.99,49.41,True,0,0.0009706144256438343,-1.2676134873414235,-2.5614158982329327
1692,volume_price,002261,拓维信息,2026-07-03,2026-07-10,5,7.33,7.33,-3.65,True,False,True,76.0,推荐,trade,5,premarket,close_snapshot,unknown,1,cache_backfill,2026-07-03 02:32:52,2026-07-30 20:54:16,29.89,False,ok,2026-07-10,close,32.08,7.3268651722984135,28.83,30.0,True,0,-0.0031348277015865733,-1.2676134873414235,8.594478659639837
1693,volume_price,300058,蓝色光标,2026-07-03,2026-07-10,5,-2.95,-2.95,-13.56,False,True,False,72.0,推荐,trade,7,premarket,close_snapshot,unknown,1,cache_backfill,2026-07-03 02:32:52,2026-07-30 20:54:17,14.23,False,ok,2026-07-10,close,13.81,-2.951510892480669,13.15,13.82,False,2.966714905933432,-0.001510892480668602,-1.2676134873414235,-1.6838974051392452
1735,volume_price,600580,卧龙电驱,2026-07-07,2026-07-14,5,-16.59,-11.24,-17.59,False,True,False,92.0,推荐,trade,2,premarket,close_snapshot,unknown,1,cache_backfill,2026-07-07 02:32:23,2026-07-30 20:54:22,37.91,False,ok,2026-07-14,close,31.62,-16.591928251121068,35.81,39.19,True,0,-0.001928251121068314,0.08847600088475183,-16.68040425200582
1736,volume_price,600988,赤峰黄金,2026-07-07,2026-07-14,5,10.6,10.6,-0.89,True,False,True,84.0,推荐,trade,5,premarket,close_snapshot,unknown,1,cache_backfill,2026-07-07 02:32:23,2026-07-30 20:54:22,31.6,False,ok,2026-07-14,close,34.95,10.601265822784821,30.23,31.49,False,0.3493172435693914,0.0012658227848216796,0.08847600088475183,10.51278982190007
1789,volume_price,000066,中国长城,2026-07-09,2026-07-16,5,-15.38,0.73,-15.38,False,True,False,91.0,推荐,trade,3,premarket,close_snapshot,unknown,1,cache_backfill,2026-07-09 02:32:24,2026-07-30 20:54:29,19.31,False,ok,2026-07-16,close,16.34,-15.380631796996369,18.18,20.0,True,0,-0.0006317969963678394,-3.6478402726651926,-11.732791524331176
1790,volume_price,603268,松发股份,2026-07-09,2026-07-16,5,-7.26,-2.7,-7.26,False,True,False,99.0,推荐,trade,1,premarket,close_snapshot,unknown,1,cache_backfill,2026-07-09 02:32:24,2026-07-30 20:54:29,167.77,False,ok,2026-07-16,close,155.59,-7.259939202479593,151.51,168.75,True,0,6.079752040655251e-05,-3.6478402726651926,-3.6120989298144006
1792,volume_price,300458,全志科技,2026-07-09,2026-07-16,5,-3.12,0.68,-5.41,False,True,False,91.0,推荐,trade,4,premarket,close_snapshot,unknown,1,cache_backfill,2026-07-09 02:32:24,2026-07-30 20:54:30,39.76,False,ok,2026-07-16,close,38.52,-3.118712273641844,38.21,40.78,True,0,0.001287726358156327,-3.6478402726651926,0.5291279990233488
1854,volume_price,002364,中恒电气,2026-07-13,2026-07-20,5,-32.61,-4.37,-32.61,False,True,False,87.0,推荐,trade,2,premarket,close_snapshot,unknown,1,cache_backfill,2026-07-13 02:32:32,2026-07-30 20:54:38,56.05,False,ok,2026-07-20,close,37.77,-32.613737734165916,51.57,56.95,True,0,-0.0037377341659166063,-2.0671383359813333,-30.546599398184583
1856,volume_price,002851,麦格米特,2026-07-13,2026-07-20,5,-24.02,6.41,-24.02,False,True,True,84.0,推荐,trade,3,premarket,close_snapshot,unknown,1,cache_backfill,2026-07-13 02:32:32,2026-07-30 20:54:38,161.79,False,ok,2026-07-20,close,122.93,-24.018789789232954,157.22,170.55,True,0,0.0012102107670450835,-2.0671383359813333,-21.95165145325162
1857,volume_price,603019,中科曙光,2026-07-13,2026-07-20,5,-15.31,-5.21,-18.24,False,True,False,99.0,强烈推荐,trade,1,premarket,close_snapshot,unknown,1,cache_backfill,2026-07-13 02:32:32,2026-07-30 20:54:38,107.5,False,ok,2026-07-20,close,91.04,-15.311627906976744,103.0,113.0,True,0,-0.0016279069767435317,-2.0671383359813333,-13.24448957099541
1886,volume_price,601398,工商银行,2026-07-14,2026-07-21,5,0.4,2.79,-1.86,True,False,False,95.0,推荐,trade,1,premarket,close_snapshot,unknown,1,cache_backfill,2026-07-14 02:32:25,2026-07-30 20:54:42,7.53,False,ok,2026-07-21,close,7.56,0.3984063745019917,7.42,7.54,True,0,-0.0015936254980083442,-1.1939956218075753,1.592401996309567
1954,volume_price,603501,豪威集团,2026-07-16,2026-07-23,5,-13.01,-6.3,-13.01,False,True,False,99.0,强烈推荐,trade,1,premarket,close_snapshot,unknown,1,cache_backfill,2026-07-16 02:32:11,2026-07-30 20:54:51,111.12,False,ok,2026-07-23,close,96.66,-13.012958963282939,108.0,113.77,True,0,-0.0029589632829392087,0.6293591689138678,-13.642318132196806
1956,volume_price,603259,药明康德,2026-07-16,2026-07-23,5,-3.08,-3.08,-10.35,False,True,False,87.0,推荐,trade,5,premarket,close_snapshot,unknown,1,cache_backfill,2026-07-16 02:32:11,2026-07-30 20:54:52,131.5,False,ok,2026-07-23,close,127.45,-3.079847908745248,125.0,131.4,True,0.07610350076103778,0.00015209125475212915,0.6293591689138678,-3.7092070776591157
1987,volume_price,300760,迈瑞医疗,2026-07-17,2026-07-24,5,-2.61,2.79,-2.61,False,False,False,87.0,强烈推荐,trade,1,premarket,close_snapshot,unknown,1,cache_backfill,2026-07-17 02:31:51,2026-07-30 20:54:56,150.31,False,ok,2026-07-24,close,146.38,-2.6145965005655025,147.55,152.93,True,0,-0.004596500565502648,2.6515201695700874,-5.26611667013559
2008,volume_price,603228,景旺电子,2026-07-20,2026-07-27,5,14.45,14.45,2.91,True,False,True,84.0,推荐,trade,2,premarket,close_snapshot,unknown,1,cache_backfill,2026-07-20 02:32:28,2026-07-30 20:54:59,71.7,False,ok,2026-07-27,close,82.06,14.449093444909344,69.0,76.15,True,0,-0.0009065550906548481,2.2640877537883464,12.185005691120999
2009,volume_price,001896,豫能控股,2026-07-20,2026-07-27,5,1.36,14.54,1.36,True,False,True,84.0,推荐,trade,3,premarket,close_snapshot,unknown,1,cache_backfill,2026-07-20 02:32:28,2026-07-30 20:54:59,13.96,False,ok,2026-07-27,close,14.15,1.3610315186246336,12.56,15.0,True,0,0.0010315186246334651,2.2640877537883464,-0.9030562351637128
2036,volume_price,000858,五 粮 液,2026-07-21,2026-07-28,5,-1.89,-1.84,-3.5,False,False,False,95.0,强烈推荐,trade,2,premarket,close_snapshot,unknown,1,cache_backfill,2026-07-21 02:32:44,2026-07-30 20:55:02,76.24,False,ok,2026-07-28,close,74.8,-1.8887722980062915,74.14,76.76,True,0,0.0012277019937083633,-3.58096146420408,1.6921891661977884
2080,volume_price,603993,洛阳钼业,2026-07-23,2026-07-30,5,-3.31,-1.27,-3.31,False,False,False,87.0,推荐,trade,4,premarket,close_snapshot,unknown,1,cache_backfill,2026-07-23 02:34:01,2026-07-30 20:55:08,19.61,False,ok,2026-07-30,close,18.96,-3.314635390107079,19.3,20.59,True,0,-0.004635390107079029,-3.770727580372246,0.4560921902651671
2141,volume_price,601888,中国中免,2026-07-31,2026-08-05,5,-2.91,-0.12,-2.91,False,False,False,95.0,推荐,trade,2,premarket,close_snapshot,unknown,1,cache_backfill,2026-07-31 02:32:55,2026-07-31 02:32:55,58.08,True,ok,2026-08-07,close,55.82,-3.8911845730027483,56.2,58.06,True,0.03444712366516001,-0.9811845730027482,2.3155049910640324,-6.206689564066781
2280,volume_price,002517,恺英网络,2026-08-04,2026-08-09,5,-0.39,2.11,-0.56,False,False,False,99.0,强烈推荐,trade,1,premarket,close_snapshot,unknown,2,cache_backfill,2026-08-04 02:33:00,2026-08-04 02:33:00,18.0,True,ok,2026-08-11,close,17.96,-0.22222222222221255,17.7,19.01,True,0,0.16777777777778746,1.3662455199274781,-1.5884677421496907
2420,volume_price,603259,药明康德,2026-08-06,2026-08-11,5,8.62,9.38,4.96,True,False,True,91.0,强烈推荐,trade,1,premarket,close_snapshot,unknown,2,cache_backfill,2026-08-06 02:32:58,2026-08-06 02:32:58,147.5,True,ok,2026-08-13,close,162.33,10.054237288135592,141.45,149.37,True,0,1.4342372881355931,0.27175139906820966,9.782485889067383
2605,volume_price,603799,华友钴业,2026-08-11,2026-08-16,5,-8.07,-5.84,-8.47,False,True,False,99.0,强烈推荐,trade,2,premarket,close_snapshot,unknown,2,cache_backfill,2026-08-11 02:33:19,2026-08-11 02:33:19,46.07,True,ok,2026-08-18,close,41.87,-9.116561753852837,43.6,45.2,False,1.9247787610619405,-1.0465617538528367,1.32981973888191,-10.446381492734748
2606,volume_price,300759,康龙化成,2026-08-11,2026-08-16,5,4.44,5.89,1.85,True,False,True,91.0,推荐,trade,4,premarket,close_snapshot,unknown,2,cache_backfill,2026-08-11 02:33:19,2026-08-11 02:33:19,47.03,True,ok,2026-08-18,close,51.15,8.760365724005958,46.0,50.23,True,0,4.320365724005957,1.32981973888191,7.430545985124048
2899,volume_price,603629,利通电子,2026-08-18,2026-08-23,5,-11.81,-5.52,-11.81,False,True,False,92.0,推荐,trade,1,premarket,close_snapshot,unknown,2,cache_backfill,2026-08-18 02:32:44,2026-08-18 02:32:44,142.84,True,ok,2026-08-25,close,119.3,-16.47997759731168,135.9,143.66,True,0,-4.66997759731168,-3.6772532116187584,-12.802724385692922
2962,volume_price,600703,三安光电,2026-08-19,2026-08-24,5,-13.15,-7.01,-13.15,False,True,False,91.0,强烈推荐,trade,3,premarket,close_snapshot,unknown,2,cache_backfill,2026-08-19 02:39:26,2026-08-19 02:39:26,14.83,True,ok,2026-08-26,close,13.03,-12.137559002022936,13.4,14.28,False,3.851540616246507,1.0124409979770643,0.04554666899121429,-12.18310567101415
3031,volume_price,301358,湖南裕能,2026-08-20,2026-08-25,5,-12.53,-5.9,-12.53,False,True,False,95.0,推荐,trade,2,premarket,close_snapshot,unknown,2,cache_backfill,2026-08-20 02:33:29,2026-08-20 02:33:29,71.5,True,ok,2026-08-27,close,62.48,-12.615384615384617,63.77,70.79,False,1.0029665206950034,-0.08538461538461739,0.817157476457453,-13.43254209184207
3032,volume_price,601919,中远海控,2026-08-20,2026-08-25,5,3.14,5.26,2.78,True,False,True,95.0,推荐,trade,3,premarket,close_snapshot,unknown,2,cache_backfill,2026-08-20 02:33:29,2026-08-20 02:33:29,16.55,True,ok,2026-08-27,close,17.11,3.383685800604219,16.42,16.83,True,0,0.24368580060421907,0.817157476457453,2.5665283241467662
3222,volume_price,000426,兴业银锡,2026-08-25,2026-08-30,5,-1.68,-1.68,-4.85,False,True,False,99.0,推荐,trade,1,premarket,close_snapshot,unknown,3,contemporaneous,2026-08-25 02:33:18,2026-08-25 02:33:18,42.29,True,ok,2026-09-01,close,39.28,-7.117521872783161,38.79,41.5,False,1.9036144578313152,-5.437521872783162,1.3051319960545094,-8.42265386883767
3223,volume_price,002460,赣锋锂业,2026-08-25,2026-08-30,5,-1.13,-1.13,-3.83,False,False,False,91.0,推荐,trade,4,premarket,close_snapshot,unknown,3,contemporaneous,2026-08-25 02:33:18,2026-08-25 02:33:18,55.63,True,ok,2026-09-01,close,52.53,-5.572532806039909,52.92,55.77,True,0,-4.442532806039909,1.3051319960545094,-6.877664802094419
3357,volume_price,002837,英维克,2026-08-27,2026-09-01,5,6.17,9.89,3.88,True,False,True,91.0,推荐,trade,1,premarket,close_snapshot,unknown,4,contemporaneous,2026-08-27 02:33:48,2026-08-27 02:33:48,62.07,True,ok,2026-09-03,close,68.49,10.343160947317532,61.48,66.0,True,0,4.173160947317532,-1.6780842627227677,12.0212452100403
3423,volume_price,600362,江西铜业,2026-08-28,2026-09-02,5,-5.39,-0.39,-5.39,False,True,False,91.0,推荐,trade,5,premarket,close_snapshot,unknown,4,contemporaneous,2026-08-28 02:33:12,2026-08-28 02:33:12,49.2,True,ok,2026-09-04,close,45.86,-6.788617886178871,48.31,49.77,True,0,-1.3986178861788714,-1.326266277298782,-5.462351608880089
2,overnight,000901,航天科技,2026-05-08,2026-05-11,1,0.888,0.888,0.888,True,False,False,100.0,强烈推荐,trade,1,afternoon,historical_open_proxy,unknown,1,cache_backfill,,2026-05-09 23:44:01,24.76,False,ok,2026-05-11,open,24.98,0.8885298869143687,23.7,24.83,True,0,0.0005298869143687268,1.6406296503835405,-0.7520997634691717
3,overnight,300668,杰恩股份,2026-05-08,2026-05-11,1,0.472,0.472,0.472,True,False,False,98.0,强烈推荐,trade,5,afternoon,historical_open_proxy,unknown,1,cache_backfill,,2026-05-09 23:44:01,65.69,False,ok,2026-05-11,open,66.0,0.47191353326230256,62.28,68.19,True,0,-8.646673769741042e-05,1.6406296503835405,-1.168716117121238
91,overnight,002860,星帅尔,2026-07-24,2026-07-27,1,1.92,1.92,1.92,True,False,True,90.0,强烈推荐,trade,1,afternoon,historical_open_proxy,unknown,1,cache_backfill,2026-07-24 14:32:27,2026-07-25 17:39:25,17.71,False,ok,2026-07-27,open,18.05,1.9198193111236606,16.4,18.38,True,0,-0.00018068887633937436,1.1451457135544185,0.774673597569242
92,overnight,300626,华瑞股份,2026-07-24,2026-07-27,1,-0.604,-0.604,-0.604,False,False,False,79.0,推荐,trade,2,afternoon,historical_open_proxy,unknown,1,cache_backfill,2026-07-24 14:32:27,2026-07-25 17:39:25,28.14,False,ok,2026-07-27,open,27.97,-0.6041222459132967,26.26,31.98,True,0,-0.00012224591329668133,1.1451457135544185,-1.7492679594677152
93,overnight,603496,恒为科技,2026-07-24,2026-07-27,1,-2.055,-2.055,-2.055,False,False,False,76.0,推荐,trade,3,afternoon,historical_open_proxy,unknown,1,cache_backfill,2026-07-24 14:32:27,2026-07-25 17:39:25,26.28,False,ok,2026-07-27,open,25.74,-2.0547945205479534,24.9,26.5,True,0,0.00020547945204674178,1.1451457135544185,-3.199940234102372
106,overnight,002860,星帅尔,2026-07-27,2026-07-28,1,-1.306,-1.306,-1.306,False,False,False,93.0,强烈推荐,trade,1,afternoon,historical_open_proxy,unknown,1,cache_backfill,2026-07-27 14:35:44,2026-07-27 14:35:44,18.38,False,ok,2026-07-28,open,18.14,-1.3057671381936808,17.89,18.81,True,0,0.00023286180631920672,-2.8264110257887887,1.5206438875951078
107,overnight,002067,景兴纸业,2026-07-27,2026-07-28,1,-1.395,-1.395,-1.395,False,False,False,72.0,推荐,trade,2,afternoon,historical_open_proxy,unknown,1,cache_backfill,2026-07-27 14:35:44,2026-07-27 14:35:44,4.3,False,ok,2026-07-28,open,4.24,-1.3953488372092981,4.16,4.39,True,0,-0.0003488372092981251,-2.8264110257887887,1.4310621885794905
108,overnight,603124,江南新材,2026-07-27,2026-07-28,1,-1.238,-1.238,-1.238,False,False,False,71.0,推荐,trade,3,afternoon,historical_open_proxy,unknown,1,cache_backfill,2026-07-27 14:35:44,2026-07-27 14:35:44,126.05,False,ok,2026-07-28,open,124.49,-1.2376041253470915,119.0,129.2,True,0,0.0003958746529084678,-2.8264110257887887,1.5888069004416971
116,overnight,002440,闰土股份,2026-07-28,2026-07-29,1,0.0,0.0,0.0,False,False,False,94.0,强烈推荐,trade,1,afternoon,historical_open_proxy,unknown,1,cache_backfill,2026-07-28 14:32:22,2026-07-28 14:32:22,12.4,False,ok,2026-07-29,open,12.4,0.0,11.63,12.79,True,0,0.0,0.6727183599152697,-0.6727183599152697
117,overnight,603123,翠微股份,2026-07-28,2026-07-29,1,-1.774,-1.774,-1.774,False,False,False,86.0,强烈推荐,trade,2,afternoon,historical_open_proxy,unknown,1,cache_backfill,2026-07-28 14:32:22,2026-07-28 14:32:22,9.02,False,ok,2026-07-29,open,8.86,-1.7738359201773801,8.43,9.15,True,0,0.00016407982261990028,0.6727183599152697,-2.44655428009265
126,overnight,605196,华通线缆,2026-07-29,2026-07-30,1,-1.448,-1.448,-1.448,False,False,False,87.0,强烈推荐,trade,1,afternoon,historical_open_proxy,unknown,1,cache_backfill,2026-07-29 14:31:50,2026-07-29 14:31:50,32.47,False,ok,2026-07-30,open,32.0,-1.4474899907606975,29.95,33.7,True,0,0.0005100092393024447,-1.098633555494688,-0.3488564352660095
127,overnight,000690,宝新能源,2026-07-29,2026-07-30,1,-2.358,-2.358,-2.358,False,True,False,81.0,推荐,trade,2,afternoon,historical_open_proxy,unknown,1,cache_backfill,2026-07-29 14:31:50,2026-07-29 14:31:50,5.09,False,ok,2026-07-30,open,4.97,-2.3575638506876273,4.76,5.32,True,0,0.0004361493123727911,-1.098633555494688,-1.2589302951929393
128,overnight,300531,优博讯,2026-07-29,2026-07-30,1,-1.012,-1.012,-1.012,False,False,False,75.0,推荐,trade,3,afternoon,historical_open_proxy,unknown,1,cache_backfill,2026-07-29 14:31:50,2026-07-29 14:31:50,16.8,False,ok,2026-07-30,open,16.63,-1.0119047619047694,15.67,16.98,True,0,9.523809523059867e-05,-1.098633555494688,0.08672879358991858
135,overnight,002832,比音勒芬,2026-07-30,2026-07-31,1,-4.353,-4.353,-4.353,False,True,False,99.0,强烈推荐,trade,1,afternoon,actual_trade,unknown,1,cache_backfill,2026-07-30 14:32:19,2026-07-30 14:32:19,25.25,False,ok,2026-07-31,open,23.79,-5.782178217821787,23.85,25.98,True,0,-1.4291782178217876,0.8457663328732323,-6.62794455069502
136,overnight,301357,北方长龙,2026-07-30,2026-07-31,1,-8.419,-8.419,-8.419,False,True,False,92.0,强烈推荐,trade,2,afternoon,historical_open_proxy,unknown,1,cache_backfill,2026-07-30 14:32:19,2026-07-30 14:32:19,96.09,False,ok,2026-07-31,open,88.0,-8.41919034238735,88.09,102.1,True,0,-0.000190342387350384,0.8457663328732323,-9.264956675260583
137,overnight,600326,西藏天路,2026-07-30,2026-07-31,1,-3.385,-3.385,-3.385,False,True,False,84.0,推荐,trade,3,afternoon,historical_open_proxy,unknown,1,cache_backfill,2026-07-30 14:32:19,2026-07-30 14:32:19,7.09,False,ok,2026-07-31,open,6.85,-3.38504936530325,6.71,7.25,True,0,-4.936530325005961e-05,0.8457663328732323,-4.230815698176482
259,overnight,002039,黔源电力,2026-03-25,2026-03-26,1,1.599,1.599,1.599,True,,,86.0,强烈推荐,trade,1,manual,historical_open_proxy,unknown,1,cache_backfill,,2026-07-30 20:40:03,20.64,False,ok,2026-03-26,open,20.97,1.5988372093023173,19.6,21.49,True,0,-0.00016279069768265764,-1.3210004694246047,2.919837678726922
260,overnight,003036,泰坦股份,2026-03-25,2026-03-26,1,-0.3,-0.3,-0.3,False,,,86.0,推荐,trade,2,manual,historical_open_proxy,unknown,1,cache_backfill,,2026-07-30 20:40:09,23.31,False,ok,2026-03-26,open,23.24,-0.30030030030030463,22.15,23.74,True,0,-0.0003003003003046456,-1.3210004694246047,1.0207001691243
261,overnight,002181,粤 传 媒,2026-03-25,2026-03-26,1,1.373,1.373,1.373,True,,,83.0,推荐,trade,3,manual,historical_open_proxy,unknown,1,cache_backfill,,2026-07-30 20:40:10,11.65,False,ok,2026-03-26,open,11.81,1.3733905579399242,11.13,11.86,True,0,0.0003905579399241521,-1.3210004694246047,2.694391027364529
288,overnight,002183,怡 亚 通,2026-03-26,2026-03-27,1,-1.767,-1.767,-1.767,False,,,85.0,推荐,trade,1,afternoon,historical_open_proxy,unknown,1,cache_backfill,,2026-07-30 20:40:52,5.66,False,ok,2026-03-27,open,5.56,-1.7667844522968323,5.4,5.76,True,0,0.00021554770316756233,0.5592369007019427,-2.326021352998775
313,overnight,002840,华统股份,2026-03-27,2026-03-30,1,-1.409,-1.409,-1.409,False,,,85.0,强烈推荐,trade,1,afternoon,historical_open_proxy,unknown,1,cache_backfill,,2026-07-30 20:41:34,11.36,False,ok,2026-03-30,open,11.2,-1.4084507042253502,10.79,11.52,True,0,0.000549295774649794,-0.2358652947094586,-1.1725854095158916
314,overnight,000045,深纺织Ａ,2026-03-27,2026-03-30,1,-0.708,-0.708,-0.708,False,,,83.0,推荐,trade,2,afternoon,historical_open_proxy,unknown,1,cache_backfill,,2026-07-30 20:41:35,14.13,False,ok,2026-03-30,open,14.03,-0.7077140835102691,13.31,14.42,True,0,0.00028591648973086414,-0.2358652947094586,-0.4718487888008105
315,overnight,603063,禾望电气,2026-03-27,2026-03-30,1,-2.25,-2.25,-2.25,False,,,78.0,推荐,trade,3,afternoon,historical_open_proxy,unknown,1,cache_backfill,,2026-07-30 20:41:39,34.66,False,ok,2026-03-30,open,33.88,-2.2504327755337394,32.38,34.77,True,0,-0.0004327755337394379,-0.2358652947094586,-2.014567480824281
337,overnight,603165,荣晟环保,2026-03-30,2026-03-31,1,0.382,0.382,0.382,True,,,96.0,强烈推荐,trade,1,afternoon,historical_open_proxy,unknown,1,cache_backfill,,2026-07-30 20:42:26,15.72,False,ok,2026-03-31,open,15.78,0.3816793893129722,14.8,16.06,True,0,-0.00032061068702782247,-0.9327797504424473,1.3144591397554195
338,overnight,603115,海星股份,2026-03-30,2026-03-31,1,-1.087,-1.087,-1.087,False,,,95.0,强烈推荐,trade,2,afternoon,historical_open_proxy,unknown,1,cache_backfill,,2026-07-30 20:42:27,45.09,False,ok,2026-03-31,open,44.6,-1.0867154579729421,41.55,47.0,True,0,0.0002845420270578547,-0.9327797504424473,-0.1539357075304948
339,overnight,002431,棕榈股份,2026-03-30,2026-03-31,1,-0.692,-0.692,-0.692,False,,,86.0,推荐,trade,3,afternoon,historical_open_proxy,unknown,1,cache_backfill,,2026-07-30 20:42:27,2.89,False,ok,2026-03-31,open,2.87,-0.692041522491349,2.74,2.92,True,0,-4.1522491349033075e-05,-0.9327797504424473,0.24073822795109834
364,overnight,603227,雪峰科技,2026-03-31,2026-04-01,1,0.0,0.0,0.0,False,,,88.0,强烈推荐,trade,1,manual,historical_open_proxy,unknown,1,cache_backfill,,2026-07-30 20:43:13,9.88,False,ok,2026-04-01,open,9.88,0.0,9.4,10.1,True,0,0.0,1.7082954124110872,-1.7082954124110872
365,overnight,003036,泰坦股份,2026-03-31,2026-04-01,1,-1.893,-1.893,-1.893,False,,,84.0,强烈推荐,trade,2,afternoon,historical_open_proxy,unknown,1,cache_backfill,,2026-07-30 20:43:14,27.99,False,ok,2026-04-01,open,27.46,-1.8935334047874175,26.85,28.88,True,0,-0.0005334047874174797,1.7082954124110872,-3.6018288171985047
366,overnight,000048,京基智农,2026-03-31,2026-04-01,1,-1.437,-1.437,-1.437,False,,,81.0,强烈推荐,trade,2,manual,historical_open_proxy,unknown,1,cache_backfill,,2026-07-30 20:43:16,23.66,False,ok,2026-04-01,open,23.32,-1.4370245139475935,23.06,24.24,True,0,-2.4513947593396423e-05,1.7082954124110872,-3.1453199263586806
393,overnight,600645,中源协和,2026-04-01,2026-04-02,1,1.981,1.981,1.981,True,,,69.0,推荐,trade,1,afternoon,historical_open_proxy,unknown,1,cache_backfill,,2026-07-30 20:43:57,32.3,False,ok,2026-04-02,open,32.94,1.981424148606803,31.1,32.94,True,0,0.0004241486068028433,-1.0419635577885389,3.023387706395342
487,overnight,301511,德福科技,2026-04-13,2026-04-14,1,0.812,0.812,0.812,True,False,False,87.0,强烈推荐,trade,2,manual,historical_open_proxy,unknown,1,cache_backfill,,2026-07-30 20:51:36,45.58,False,ok,2026-04-14,open,45.95,0.8117595436595071,43.33,46.1,True,0,-0.00024045634049296716,1.1865738299452255,-0.37481428628571845
488,overnight,002132,恒星科技,2026-04-13,2026-04-14,1,0.0,0.0,0.0,False,False,False,84.0,推荐,trade,3,manual,historical_open_proxy,unknown,1,cache_backfill,,2026-07-30 20:51:36,4.18,False,ok,2026-04-14,open,4.18,0.0,4.0,4.22,True,0,0.0,1.1865738299452255,-1.1865738299452255
489,overnight,300821,东岳硅材,2026-04-13,2026-04-14,1,-2.21,-2.21,-2.21,False,True,False,80.0,推荐,trade,5,manual,historical_open_proxy,unknown,1,cache_backfill,,2026-07-30 20:51:37,14.03,False,ok,2026-04-14,open,13.72,-2.209550962223794,13.31,14.38,True,0,0.0004490377762058628,1.1865738299452255,-3.3961247921690196
518,overnight,002181,粤 传 媒,2026-04-14,2026-04-15,1,1.135,1.135,1.135,True,False,False,81.0,强烈推荐,trade,4,afternoon,historical_open_proxy,unknown,1,cache_backfill,,2026-07-30 20:51:40,13.21,False,ok,2026-04-15,open,13.36,1.1355034065102076,12.85,14.0,True,0,0.0005034065102076379,-0.34097096960826745,1.476474376118475
519,overnight,300082,奥克股份,2026-04-14,2026-04-15,1,1.039,1.039,1.039,True,False,False,89.0,强烈推荐,trade,1,afternoon,historical_open_proxy,unknown,1,cache_backfill,,2026-07-30 20:51:40,11.55,False,ok,2026-04-15,open,11.67,1.0389610389610393,10.92,11.79,True,0,-3.8961038960616534e-05,-0.34097096960826745,1.3799320085693068
520,overnight,300006,莱美药业,2026-04-14,2026-04-15,1,1.618,1.618,1.618,True,False,False,86.0,推荐,trade,2,manual,historical_open_proxy,unknown,1,cache_backfill,,2026-07-30 20:51:41,6.18,False,ok,2026-04-15,open,6.28,1.6181229773462924,5.98,6.22,True,0,0.00012297734629229673,-0.34097096960826745,1.9590939469545599
566,overnight,002645,华宏科技,2026-04-15,2026-04-16,1,-1.295,-1.295,-1.295,False,False,False,100.0,强烈推荐,trade,1,manual,historical_open_proxy,unknown,1,cache_backfill,,2026-07-30 20:51:46,21.62,False,ok,2026-04-16,open,21.34,-1.295097132284928,20.53,22.5,True,0,-9.713228492813641e-05,1.0962061789658861,-2.391303311250814
567,overnight,603958,哈森股份,2026-04-15,2026-04-16,1,-1.169,-1.169,-1.169,False,False,False,91.0,推荐,trade,2,manual,historical_open_proxy,unknown,1,cache_backfill,,2026-07-30 20:51:47,24.8,False,ok,2026-04-16,open,24.51,-1.1693548387096686,23.11,25.1,True,0,-0.0003548387096685701,1.0962061789658861,-2.2655610176755547
604,overnight,002176,江特电机,2026-04-16,2026-04-17,1,0.621,0.621,0.621,True,False,False,91.0,强烈推荐,trade,1,afternoon,historical_open_proxy,unknown,1,cache_backfill,,2026-07-30 20:51:52,11.28,False,ok,2026-04-17,open,11.35,0.6205673758865382,10.89,11.37,True,0,-0.0004326241134617881,-0.16763043611358608,0.7881978120001243
605,overnight,300490,华自科技,2026-04-16,2026-04-17,1,0.872,0.872,0.872,True,False,False,87.0,推荐,trade,3,afternoon,historical_open_proxy,unknown,1,cache_backfill,,2026-07-30 20:51:52,19.5,False,ok,2026-04-17,open,19.67,0.8717948717948731,18.53,19.92,True,0,-0.0002051282051268588,-0.16763043611358608,1.0394253079084592
637,overnight,300490,华自科技,2026-04-17,2026-04-20,1,0.834,0.834,0.834,True,False,False,100.0,强烈推荐,trade,1,manual,historical_open_proxy,unknown,1,cache_backfill,,2026-07-30 20:51:56,20.38,False,ok,2026-04-20,open,20.55,0.8341511285574255,19.38,20.9,True,0,0.00015112855742549502,0.6084163200223314,0.2257348085350941
638,overnight,002062,宏润建设,2026-04-17,2026-04-20,1,0.952,0.952,0.952,True,False,False,91.0,强烈推荐,trade,1,afternoon,historical_open_proxy,unknown,1,cache_backfill,,2026-07-30 20:51:56,8.4,False,ok,2026-04-20,open,8.48,0.952380952380949,7.87,8.6,True,0,0.00038095238094904005,0.6084163200223314,0.34396463235861763
640,overnight,002439,启明星辰,2026-04-17,2026-04-20,1,0.785,0.785,0.785,True,False,False,94.0,推荐,trade,2,manual,historical_open_proxy,unknown,1,cache_backfill,,2026-07-30 20:51:56,15.28,False,ok,2026-04-20,open,15.4,0.7853403141361293,14.76,15.49,True,0,0.00034031413612922723,0.6084163200223314,0.1769239941137979
674,overnight,300617,安靠智电,2026-04-20,2026-04-21,1,2.407,2.407,2.407,True,False,True,92.0,强烈推荐,trade,1,afternoon,historical_open_proxy,unknown,1,cache_backfill,,2026-07-30 20:52:01,63.14,False,ok,2026-04-21,open,64.66,2.407348748812166,60.0,65.48,True,0,0.0003487488121658444,0.22196811730679222,2.1853806315053736
675,overnight,300693,盛弘股份,2026-04-20,2026-04-21,1,-1.153,-1.153,-1.153,False,False,False,92.0,强烈推荐,trade,2,afternoon,historical_open_proxy,unknown,1,cache_backfill,,2026-07-30 20:52:01,52.93,False,ok,2026-04-21,open,52.32,-1.1524655204987688,52.45,55.18,True,0,0.0005344795012311998,0.22196811730679222,-1.374433637805561
676,overnight,000901,航天科技,2026-04-20,2026-04-21,1,0.168,0.168,0.168,True,False,False,88.0,推荐,trade,4,afternoon,historical_open_proxy,unknown,1,cache_backfill,,2026-07-30 20:52:01,23.86,False,ok,2026-04-21,open,23.9,0.16764459346185756,23.16,23.94,True,0,-0.0003554065381424498,0.22196811730679222,-0.05432352384493466
709,overnight,002647,仁东控股,2026-04-21,2026-04-22,1,-0.25,-0.25,-0.25,False,False,False,100.0,强烈推荐,trade,1,afternoon,historical_open_proxy,unknown,1,cache_backfill,,2026-07-30 20:52:05,11.99,False,ok,2026-04-22,open,11.96,-0.2502085070892335,11.54,12.47,True,0,-0.00020850708923347838,0.6633808724832324,-0.9135893795724659
736,overnight,002935,天奥电子,2026-04-22,2026-04-23,1,-0.141,-0.141,-0.141,False,False,False,100.0,强烈推荐,trade,1,afternoon,historical_open_proxy,unknown,1,cache_backfill,,2026-07-30 20:52:09,21.33,False,ok,2026-04-23,open,21.3,-0.14064697608999754,20.25,21.89,True,0,0.0003530239100024424,-0.277104693486796,0.13645771739679846
737,overnight,300292,吴通控股,2026-04-22,2026-04-23,1,4.288,4.288,4.288,True,False,True,92.0,强烈推荐,trade,3,manual,historical_open_proxy,unknown,1,cache_backfill,,2026-07-30 20:52:09,5.13,False,ok,2026-04-23,open,5.35,4.288499025341119,4.92,5.18,True,0,0.0004990253411190082,-0.277104693486796,4.565603718827916
738,overnight,300766,每日互动,2026-04-22,2026-04-23,1,-1.177,-1.177,-1.177,False,False,False,90.0,强烈推荐,trade,6,manual,historical_open_proxy,unknown,1,cache_backfill,,2026-07-30 20:52:09,39.93,False,ok,2026-04-23,open,39.46,-1.1770598547457989,37.5,40.21,True,0,-5.985474579883743e-05,-0.277104693486796,-0.8999551612590029
762,overnight,002803,吉宏股份,2026-04-23,2026-04-24,1,-1.698,-1.698,-1.698,False,False,False,95.0,强烈推荐,trade,3,manual,historical_open_proxy,unknown,1,cache_backfill,,2026-07-30 20:52:12,19.44,False,ok,2026-04-24,open,19.11,-1.6975308641975384,18.65,19.64,True,0,0.00046913580246155107,-0.3543424711626608,-1.3431883930348776
763,overnight,000026,飞亚达,2026-04-23,2026-04-24,1,-0.443,-0.443,-0.443,False,False,False,95.0,推荐,trade,2,manual,historical_open_proxy,unknown,1,cache_backfill,,2026-07-30 20:52:12,18.08,False,ok,2026-04-24,open,18.0,-0.4424778761061843,17.01,19.14,True,0,0.0005221238938157291,-0.3543424711626608,-0.08813540494352345
764,overnight,603319,美湖股份,2026-04-23,2026-04-24,1,0.876,0.876,0.876,True,False,False,94.0,推荐,trade,2,afternoon,historical_open_proxy,unknown,1,cache_backfill,,2026-07-30 20:52:13,37.68,False,ok,2026-04-24,open,38.01,0.8757961783439461,35.75,38.15,True,0,-0.00020382165605392633,-0.3543424711626608,1.230138649506607
803,overnight,000990,诚志股份,2026-04-27,2026-04-28,1,-1.442,-1.442,-1.442,False,False,False,100.0,强烈推荐,trade,1,manual,historical_open_proxy,unknown,1,cache_backfill,,2026-07-30 20:52:18,12.48,False,ok,2026-04-28,open,12.3,-1.4423076923076872,11.77,12.84,True,0,-0.0003076923076872351,-0.2670327712510079,-1.1752749210566793
804,overnight,000690,宝新能源,2026-04-27,2026-04-28,1,-1.105,-1.105,-1.105,False,False,False,100.0,强烈推荐,trade,2,afternoon,historical_open_proxy,unknown,1,cache_backfill,,2026-07-30 20:52:18,5.43,False,ok,2026-04-28,open,5.37,-1.104972375690605,5.17,5.54,True,0,2.762430939506899e-05,-0.2670327712510079,-0.837939604439597
805,overnight,000539,粤电力Ａ,2026-04-27,2026-04-28,1,-2.19,-2.19,-2.19,False,True,False,99.0,强烈推荐,trade,5,manual,historical_open_proxy,unknown,1,cache_backfill,,2026-07-30 20:52:18,6.85,False,ok,2026-04-28,open,6.7,-2.1897810218978075,6.4,7.07,True,0,0.000218978102192402,-0.2670327712510079,-1.9227482506467997
827,overnight,603985,恒润股份,2026-04-28,2026-04-29,1,0.037,0.037,0.037,True,False,False,98.0,强烈推荐,trade,2,afternoon,historical_open_proxy,unknown,1,cache_backfill,,2026-07-30 20:52:21,27.24,False,ok,2026-04-29,open,27.25,0.036710719530108626,26.0,27.66,True,0,-0.00028928046989137174,1.0957902236345296,-1.059079504104421
828,overnight,000990,诚志股份,2026-04-28,2026-04-29,1,-1.69,-1.69,-1.69,False,False,False,97.0,强烈推荐,trade,1,manual,historical_open_proxy,unknown,1,cache_backfill,,2026-07-30 20:52:21,13.02,False,ok,2026-04-29,open,12.8,-1.6897081413210335,12.1,13.18,True,0,0.0002918586789664168,1.0957902236345296,-2.785498364955563
830,overnight,605268,王力安防,2026-04-28,2026-04-29,1,0.787,0.787,0.787,True,False,False,92.0,强烈推荐,trade,2,manual,historical_open_proxy,unknown,1,cache_backfill,,2026-07-30 20:52:21,13.97,False,ok,2026-04-29,open,14.08,0.7874015748031482,12.85,14.23,True,0,0.00040157480314817473,1.0957902236345296,-0.3083886488313814
852,overnight,002181,粤 传 媒,2026-04-29,2026-04-30,1,1.401,1.401,1.401,True,False,False,100.0,强烈推荐,trade,1,manual,historical_open_proxy,unknown,1,cache_backfill,,2026-07-30 20:52:24,14.99,False,ok,2026-04-30,open,15.2,1.4009339559706513,14.35,15.32,True,0,-6.604402934873299e-05,-0.06319706466265673,1.464131020633308
853,overnight,300267,尔康制药,2026-04-29,2026-04-30,1,0.709,0.709,0.709,True,False,False,97.0,强烈推荐,trade,2,afternoon,historical_open_proxy,unknown,1,cache_backfill,,2026-07-30 20:52:24,4.23,False,ok,2026-04-30,open,4.26,0.7092198581560183,4.07,4.3,True,0,0.0002198581560183266,-0.06319706466265673,0.772416922818675
854,overnight,300821,东岳硅材,2026-04-29,2026-04-30,1,-0.837,-0.837,-0.837,False,False,False,91.0,强烈推荐,trade,3,manual,historical_open_proxy,unknown,1,cache_backfill,,2026-07-30 20:52:24,15.53,False,ok,2026-04-30,open,15.4,-0.8370895041854398,14.87,15.9,True,0,-8.950418543984817e-05,-0.06319706466265673,-0.7738924395227831
880,overnight,300267,尔康制药,2026-04-30,2026-05-06,1,3.425,3.425,3.425,True,False,True,95.0,强烈推荐,trade,1,afternoon,historical_open_proxy,unknown,1,cache_backfill,,2026-07-30 20:52:27,4.38,False,ok,2026-05-06,open,4.53,3.424657534246589,4.23,4.58,True,0,-0.0003424657534107922,1.4515394264151826,1.9731181078314064
881,overnight,300723,一品红,2026-04-30,2026-05-06,1,-3.11,-3.11,-3.11,False,True,False,95.0,强烈推荐,trade,2,afternoon,historical_open_proxy,unknown,1,cache_backfill,,2026-07-30 20:52:27,41.8,False,ok,2026-05-06,open,40.5,-3.1100478468899406,39.23,42.5,True,0,-4.784688994075026e-05,1.4515394264151826,-4.561587273305124
882,overnight,002947,恒铭达,2026-04-30,2026-05-06,1,0.911,0.911,0.911,True,False,False,90.0,强烈推荐,trade,4,afternoon,historical_open_proxy,unknown,1,cache_backfill,,2026-07-30 20:52:28,81.26,False,ok,2026-05-06,open,82.0,0.9106571498892491,75.6,82.7,True,0,-0.0003428501107509696,1.4515394264151826,-0.5408822765259336
907,overnight,002111,威海广泰,2026-05-06,2026-05-07,1,-0.351,-0.351,-0.351,False,False,False,84.0,推荐,trade,4,afternoon,historical_open_proxy,unknown,1,cache_backfill,,2026-07-30 20:52:31,11.39,False,ok,2026-05-07,open,11.35,-0.351185250219499,11.12,11.51,True,0,-0.00018525021949900022,0.48020438417171185,-0.8313896343912108
908,overnight,000404,长虹华意,2026-05-06,2026-05-07,1,-0.694,-0.694,-0.694,False,False,False,81.0,推荐,trade,5,afternoon,historical_open_proxy,unknown,1,cache_backfill,,2026-07-30 20:52:31,8.64,False,ok,2026-05-07,open,8.58,-0.6944444444444531,8.29,8.73,True,0,-0.00044444444445312925,0.48020438417171185,-1.174648828616165
932,overnight,000600,建投能源,2026-05-07,2026-05-08,1,-0.602,-0.602,-0.602,False,False,False,100.0,强烈推荐,trade,1,afternoon,historical_open_proxy,unknown,1,cache_backfill,,2026-07-30 20:52:34,9.96,False,ok,2026-05-08,open,9.9,-0.6024096385542244,9.62,10.04,True,0,-0.00040963855422437856,-0.5836127260223978,-0.01879691253182658
933,overnight,000539,粤电力Ａ,2026-05-07,2026-05-08,1,-0.966,-0.966,-0.966,False,False,False,94.0,强烈推荐,trade,3,afternoon,historical_open_proxy,unknown,1,cache_backfill,,2026-07-30 20:52:34,7.25,False,ok,2026-05-08,open,7.18,-0.96551724137931,6.99,7.38,True,0,0.00048275862068991593,-0.5836127260223978,-0.3819045153569123
935,overnight,000980,众泰汽车,2026-05-07,2026-05-08,1,-1.145,-1.145,-1.145,False,False,False,90.0,强烈推荐,trade,5,afternoon,historical_open_proxy,unknown,1,cache_backfill,,2026-07-30 20:52:34,2.62,False,ok,2026-05-08,open,2.59,-1.1450381679389388,2.52,2.73,True,0,-3.816793893873793e-05,-0.5836127260223978,-0.561425441916541
946,overnight,000690,宝新能源,2026-05-11,2026-05-12,1,-0.701,-0.701,-0.701,False,False,False,99.0,强烈推荐,trade,2,manual,historical_open_proxy,unknown,1,cache_backfill,,2026-07-30 20:52:38,5.71,False,ok,2026-05-12,open,5.67,-0.7005253940455369,5.51,5.75,True,0,0.00047460595446302545,-0.07653720637177397,-0.623988187673763
947,overnight,300725,药石科技,2026-05-11,2026-05-12,1,-0.371,-0.371,-0.371,False,False,False,98.0,强烈推荐,trade,4,manual,historical_open_proxy,unknown,1,cache_backfill,,2026-07-30 20:52:38,40.45,False,ok,2026-05-12,open,40.3,-0.370828182941918,38.32,40.72,True,0,0.0001718170580820022,-0.07653720637177397,-0.294290976570144
970,overnight,001317,三羊马,2026-05-12,2026-05-13,1,-0.068,-0.068,-0.068,False,False,False,100.0,强烈推荐,trade,1,afternoon,historical_open_proxy,unknown,1,cache_backfill,,2026-07-30 20:52:41,59.24,False,ok,2026-05-13,open,59.2,-0.06752194463199857,56.34,60.5,True,0,0.0004780553680014399,1.0163599801942258,-1.0838819248262244
992,overnight,000791,甘肃能源,2026-05-13,2026-05-14,1,-0.494,-0.494,-0.494,False,False,False,100.0,强烈推荐,trade,1,afternoon,historical_open_proxy,unknown,1,cache_backfill,,2026-07-30 20:52:44,10.13,False,ok,2026-05-14,open,10.08,-0.49358341559724295,9.75,10.52,True,0,0.00041658440275704756,-1.6753562182644566,1.1817728026672136
993,overnight,000539,粤电力Ａ,2026-05-13,2026-05-14,1,-1.048,-1.048,-1.048,False,False,False,98.0,强烈推荐,trade,4,afternoon,historical_open_proxy,unknown,1,cache_backfill,,2026-07-30 20:52:44,7.63,False,ok,2026-05-14,open,7.55,-1.0484927916120546,7.28,7.9,True,0,-0.0004927916120545106,-1.6753562182644566,0.626863426652402
995,overnight,002317,众生药业,2026-05-13,2026-05-14,1,-0.822,-0.822,-0.822,False,False,False,96.0,强烈推荐,trade,5,afternoon,historical_open_proxy,unknown,1,cache_backfill,,2026-07-30 20:52:44,21.89,False,ok,2026-05-14,open,21.71,-0.8222932846048359,21.16,22.15,True,0,-0.00029328460483590835,-1.6753562182644566,0.8530629336596207
1018,overnight,300816,艾可蓝,2026-05-14,2026-05-15,1,-2.18,-2.18,-2.18,False,True,False,100.0,强烈推荐,trade,2,afternoon,historical_open_proxy,unknown,1,cache_backfill,,2026-07-30 20:52:47,94.05,False,ok,2026-05-15,open,92.0,-2.1796916533758592,87.77,94.27,True,0,0.0003083466241409205,-1.119317950596188,-1.0603737027796711
1019,overnight,300863,卡倍亿,2026-05-14,2026-05-15,1,0.139,0.139,0.139,True,False,False,100.0,强烈推荐,trade,3,afternoon,historical_open_proxy,unknown,1,cache_backfill,,2026-07-30 20:52:47,71.92,False,ok,2026-05-15,open,72.02,0.13904338153503115,66.0,73.26,True,0,4.3381535031139506e-05,-1.119317950596188,1.2583613321312193
1042,overnight,002034,旺能环境,2026-05-15,2026-05-18,1,1.444,1.444,1.444,True,False,False,99.0,强烈推荐,trade,2,afternoon,historical_open_proxy,unknown,1,cache_backfill,,2026-07-30 20:52:50,22.86,False,ok,2026-05-18,open,23.19,1.4435695538057791,21.89,23.8,True,0,-0.00043044619422083485,-0.536465010422682,1.9800345642284611
1043,overnight,000551,创元科技,2026-05-15,2026-05-18,1,-0.468,-0.468,-0.468,False,False,False,91.0,强烈推荐,trade,5,afternoon,historical_open_proxy,unknown,1,cache_backfill,,2026-07-30 20:52:50,17.08,False,ok,2026-05-18,open,17.0,-0.4683840749414414,16.32,17.65,True,0,-0.0003840749414413813,-0.536465010422682,0.06808093548124061
1066,overnight,002068,黑猫股份,2026-05-18,2026-05-19,1,-1.932,-1.932,-1.932,False,False,False,100.0,强烈推荐,trade,1,afternoon,historical_open_proxy,unknown,1,cache_backfill,,2026-07-30 20:52:53,10.35,False,ok,2026-05-19,open,10.15,-1.9323671497584516,9.68,10.75,True,0,-0.0003671497584516459,0.400536255151529,-2.3329034049099806
1067,overnight,300709,精研科技,2026-05-18,2026-05-19,1,-2.141,-2.141,-2.141,False,True,False,96.0,强烈推荐,trade,3,afternoon,historical_open_proxy,unknown,1,cache_backfill,,2026-07-30 20:52:53,49.05,False,ok,2026-05-19,open,48.0,-2.1406727828746086,46.03,49.58,True,0,0.00032721712539141024,0.400536255151529,-2.5412090380261376
1068,overnight,600078,澄星股份,2026-05-18,2026-05-19,1,-0.373,-0.373,-0.373,False,False,False,95.0,强烈推荐,trade,4,afternoon,historical_open_proxy,unknown,1,cache_backfill,,2026-07-30 20:52:53,16.1,False,ok,2026-05-19,open,16.04,-0.3726708074534346,15.75,16.88,True,0,0.0003291925465653822,0.400536255151529,-0.7732070626049636
1086,overnight,003043,华亚智能,2026-05-19,2026-05-20,1,2.805,2.805,2.805,True,False,True,100.0,强烈推荐,trade,1,afternoon,historical_open_proxy,unknown,1,cache_backfill,,2026-07-30 20:52:56,63.11,False,ok,2026-05-20,open,64.88,2.804626842021851,59.16,63.4,True,0,-0.00037315797814896356,-0.044921778407880364,2.8495486204297316
1088,overnight,002301,齐心集团,2026-05-19,2026-05-20,1,0.704,0.704,0.704,True,False,False,97.0,强烈推荐,trade,3,afternoon,historical_open_proxy,unknown,1,cache_backfill,,2026-07-30 20:52:56,8.52,False,ok,2026-05-20,open,8.58,0.7042253521126751,8.04,8.6,True,0,0.00022535211267515898,-0.044921778407880364,0.7491471305205555
1104,overnight,002226,江南化工,2026-05-20,2026-05-21,1,-2.171,-2.171,-2.171,False,False,False,96.0,强烈推荐,trade,3,afternoon,historical_open_proxy,unknown,1,cache_backfill,,2026-07-30 20:52:58,6.45,False,ok,2026-05-21,open,6.31,-2.170542635658923,6.17,6.63,True,0,0.0004573643410767936,-1.3936132929267875,-0.7769293427321355
1105,overnight,300210,森远股份,2026-05-20,2026-05-21,1,-0.962,-0.962,-0.962,False,False,False,93.0,强烈推荐,trade,5,afternoon,historical_open_proxy,unknown,1,cache_backfill,,2026-07-30 20:52:58,12.47,False,ok,2026-05-21,open,12.35,-0.9623095429029727,11.86,12.55,True,0,-0.0003095429029726926,-1.3936132929267875,0.4313037500238148
1126,overnight,002965,祥鑫科技,2026-05-21,2026-05-22,1,0.449,0.449,0.449,True,False,False,86.0,强烈推荐,trade,3,afternoon,historical_open_proxy,unknown,1,cache_backfill,,2026-07-30 20:53:01,37.85,False,ok,2026-05-22,open,38.02,0.44914134742404244,36.33,38.59,True,0,0.00014134742404242617,1.29623047814178,-0.8470891307177375
1128,overnight,003036,泰坦股份,2026-05-21,2026-05-22,1,0.842,0.842,0.842,True,False,False,86.0,强烈推荐,trade,4,afternoon,historical_open_proxy,unknown,1,cache_backfill,,2026-07-30 20:53:01,47.5,False,ok,2026-05-22,open,47.9,0.8421052631578885,45.61,49.41,True,0,0.00010526315788850216,1.29623047814178,-0.45412521498389147
1129,overnight,300403,汉宇集团,2026-05-21,2026-05-22,1,-0.326,-0.326,-0.326,False,False,False,78.0,推荐,trade,5,afternoon,historical_open_proxy,unknown,1,cache_backfill,,2026-07-30 20:53:01,12.29,False,ok,2026-05-22,open,12.25,-0.32546786004881145,11.94,12.63,True,0,0.0005321399511885594,1.29623047814178,-1.6216983381905914
1147,overnight,003043,华亚智能,2026-05-22,2026-05-25,1,-0.185,-0.185,-0.185,False,False,False,97.0,强烈推荐,trade,1,afternoon,historical_open_proxy,unknown,1,cache_backfill,,2026-07-30 20:53:04,64.82,False,ok,2026-05-25,open,64.7,-0.18512804689908569,61.5,65.2,True,0,-0.00012804689908568756,1.5789147798807024,-1.764042826779788
1148,overnight,002119,康强电子,2026-05-22,2026-05-25,1,0.846,0.846,0.846,True,False,False,91.0,强烈推荐,trade,2,afternoon,historical_open_proxy,unknown,1,cache_backfill,,2026-07-30 20:53:04,23.63,False,ok,2026-05-25,open,23.83,0.8463817181548761,22.45,23.83,True,0,0.0003817181548760873,1.5789147798807024,-0.7325330617258263
1149,overnight,300397,天和防务,2026-05-22,2026-05-25,1,0.138,0.138,0.138,True,False,False,89.0,强烈推荐,trade,4,afternoon,historical_open_proxy,unknown,1,cache_backfill,,2026-07-30 20:53:04,14.52,False,ok,2026-05-25,open,14.54,0.13774104683195176,14.08,14.6,True,0,-0.0002589531680482482,1.5789147798807024,-1.4411737330487506
1164,overnight,002077,大港股份,2026-05-25,2026-05-26,1,0.0,0.0,0.0,False,False,False,96.0,强烈推荐,trade,1,afternoon,historical_open_proxy,unknown,1,cache_backfill,,2026-07-30 20:53:06,18.7,False,ok,2026-05-26,open,18.7,0.0,17.86,18.98,True,0,0.0,0.5333631339401901,-0.5333631339401901
1165,overnight,300652,雷迪克,2026-05-25,2026-05-26,1,1.01,1.01,1.01,True,False,False,93.0,强烈推荐,trade,2,afternoon,historical_open_proxy,unknown,1,cache_backfill,,2026-07-30 20:53:06,51.48,False,ok,2026-05-26,open,52.0,1.0101010101010166,49.7,52.1,True,0,0.00010101010101659647,0.5333631339401901,0.4767378761608265
1166,overnight,300222,科大智能,2026-05-25,2026-05-26,1,-1.827,-1.827,-1.827,False,False,False,91.0,强烈推荐,trade,3,afternoon,historical_open_proxy,unknown,1,cache_backfill,,2026-07-30 20:53:06,14.78,False,ok,2026-05-26,open,14.51,-1.826792963464141,13.87,14.9,True,0,0.00020703653585885107,0.5333631339401901,-2.360156097404331
1185,overnight,600784,鲁银投资,2026-05-26,2026-05-27,1,0.0,0.0,0.0,False,False,False,95.0,强烈推荐,trade,4,afternoon,historical_open_proxy,unknown,1,cache_backfill,,2026-07-30 20:53:09,8.44,False,ok,2026-05-27,open,8.44,0.0,8.01,8.8,True,0,0.0,-0.8019644896268163,0.8019644896268163
1186,overnight,301626,苏州天脉,2026-05-26,2026-05-27,1,0.597,0.597,0.597,True,False,False,95.0,强烈推荐,trade,3,afternoon,historical_open_proxy,unknown,1,cache_backfill,,2026-07-30 20:53:09,325.23,False,ok,2026-05-27,open,327.17,0.5965009377978614,310.0,333.0,True,0,-0.0004990622021385782,-0.8019644896268163,1.3984654274246777
1187,overnight,000536,华映科技,2026-05-26,2026-05-27,1,-1.956,-1.956,-1.956,False,False,False,90.0,强烈推荐,trade,5,afternoon,historical_open_proxy,unknown,1,cache_backfill,,2026-07-30 20:53:09,4.6,False,ok,2026-05-27,open,4.51,-1.9565217391304346,4.29,4.71,True,0,-0.0005217391304346286,-0.8019644896268163,-1.1545572495036183
1200,overnight,000600,建投能源,2026-05-27,2026-05-28,1,-0.552,-0.552,-0.552,False,False,False,91.0,强烈推荐,trade,4,afternoon,historical_open_proxy,unknown,1,cache_backfill,,2026-07-30 20:53:11,10.86,False,ok,2026-05-28,open,10.8,-0.5524861878452914,10.31,11.0,True,0,-0.0004861878452913082,0.12306012220439921,-0.6755463100496906
1218,overnight,300809,华辰装备,2026-05-28,2026-05-29,1,-1.308,-1.308,-1.308,False,False,False,93.0,强烈推荐,trade,1,afternoon,historical_open_proxy,unknown,1,cache_backfill,,2026-07-30 20:53:13,40.52,False,ok,2026-05-29,open,39.99,-1.3079960513326827,38.45,41.36,True,0,3.94866731734389e-06,-0.44951273958581117,-0.8584833117468715
1219,overnight,002922,伊戈尔,2026-05-28,2026-05-29,1,0.21,0.21,0.21,True,False,False,78.0,推荐,trade,2,afternoon,historical_open_proxy,unknown,1,cache_backfill,,2026-07-30 20:53:13,47.5,False,ok,2026-05-29,open,47.6,0.21052631578948322,44.9,47.73,True,0,0.0005263157894832282,-0.44951273958581117,0.6600390553752944
1220,overnight,300046,台基股份,2026-05-28,2026-05-29,1,0.195,0.195,0.195,True,False,False,76.0,推荐,trade,3,afternoon,historical_open_proxy,unknown,1,cache_backfill,,2026-07-30 20:53:13,35.93,False,ok,2026-05-29,open,36.0,0.19482326746451673,34.3,36.18,True,0,-0.0001767325354832816,-0.44951273958581117,0.6443360070503279
1240,overnight,000722,湖南发展,2026-05-29,2026-06-01,1,1.429,1.429,1.429,True,False,False,72.0,推荐,trade,5,afternoon,historical_open_proxy,unknown,1,cache_backfill,,2026-07-30 20:53:16,14.69,False,ok,2026-06-01,open,14.9,1.4295439074200278,13.92,15.25,True,0,0.000543907420027745,-0.9783079728215904,2.4078518802416182
1241,overnight,002317,众生药业,2026-05-29,2026-06-01,1,-0.042,-0.042,-0.042,False,False,False,74.0,推荐,trade,4,afternoon,historical_open_proxy,unknown,1,cache_backfill,,2026-07-30 20:53:16,23.57,False,ok,2026-06-01,open,23.56,-0.042426813746299086,22.5,23.96,True,0,-0.00042681374629908314,-0.9783079728215904,0.9358811590752913
1259,overnight,000531,穗恒运Ａ,2026-06-01,2026-06-02,1,-2.948,-2.948,-2.948,False,True,False,100.0,强烈推荐,trade,1,afternoon,historical_open_proxy,unknown,1,cache_backfill,,2026-07-30 20:53:18,8.14,False,ok,2026-06-02,open,7.9,-2.9484029484029506,7.51,8.23,True,0,-0.0004029484029506314,1.4512020411786342,-4.399604989581585
1260,overnight,603637,镇海股份,2026-06-01,2026-06-02,1,0.509,0.509,0.509,True,False,False,99.0,强烈推荐,trade,2,afternoon,historical_open_proxy,unknown,1,cache_backfill,,2026-07-30 20:53:19,21.62,False,ok,2026-06-02,open,21.73,0.5087881591119281,20.25,22.15,True,0,-0.00021184088807191248,1.4512020411786342,-0.9424138820667061
1261,overnight,002951,金时科技,2026-06-01,2026-06-02,1,5.724,5.724,5.724,True,False,True,96.0,强烈推荐,trade,3,afternoon,historical_open_proxy,unknown,1,cache_backfill,,2026-07-30 20:53:19,18.17,False,ok,2026-06-02,open,19.21,5.7237204182718715,17.01,19.4,True,0,-0.0002795817281286972,1.4512020411786342,4.272518377093237
1279,overnight,301123,奕东电子,2026-06-02,2026-06-03,1,0.24,0.24,0.24,True,False,False,92.0,强烈推荐,trade,2,afternoon,historical_open_proxy,unknown,1,cache_backfill,,2026-07-30 20:53:21,91.79,False,ok,2026-06-03,open,92.01,0.2396775247848426,87.03,93.3,True,0,-0.00032247521515738065,0.49343176194815985,-0.25375423716331724
1280,overnight,603324,盛剑科技,2026-06-02,2026-06-03,1,-3.903,-3.903,-3.903,False,True,False,93.0,强烈推荐,trade,1,afternoon,historical_open_proxy,unknown,1,cache_backfill,,2026-07-30 20:53:21,34.08,False,ok,2026-06-03,open,32.75,-3.9025821596244126,32.82,34.96,True,0,0.0004178403755874527,0.49343176194815985,-4.396013921572573
1281,overnight,600237,XD铜峰电,2026-06-02,2026-06-03,1,2.182,2.182,2.182,True,False,True,91.0,强烈推荐,trade,3,afternoon,historical_open_proxy,unknown,1,cache_backfill,,2026-07-30 20:53:21,10.54,False,ok,2026-06-03,open,10.77,2.182163187855801,9.99,10.88,True,0,0.00016318785580127226,0.49343176194815985,1.6887314259076414
1299,overnight,001269,欧晶科技,2026-06-03,2026-06-04,1,0.072,0.072,0.072,True,False,False,100.0,强烈推荐,trade,1,afternoon,historical_open_proxy,unknown,1,cache_backfill,,2026-07-30 20:53:24,27.9,False,ok,2026-06-04,open,27.92,0.07168458781363629,26.07,28.6,True,0,-0.0003154121863637033,-0.6896398120195046,0.7613243998331409
1300,overnight,603800,洪田股份,2026-06-03,2026-06-04,1,0.419,0.419,0.419,True,False,False,100.0,强烈推荐,trade,2,afternoon,historical_open_proxy,unknown,1,cache_backfill,,2026-07-30 20:53:24,73.89,False,ok,2026-06-04,open,74.2,0.41954256326972583,68.01,75.97,True,0,0.0005425632697258487,-0.6896398120195046,1.1091823752892305
1305,overnight,000966,长源电力,2026-06-03,2026-06-04,1,-0.916,-0.916,-0.916,False,False,False,91.0,强烈推荐,trade,3,afternoon,historical_open_proxy,unknown,1,cache_backfill,,2026-07-30 20:53:24,5.46,False,ok,2026-06-04,open,5.41,-0.9157509157509125,5.11,5.67,True,0,0.0002490842490875389,-0.6896398120195046,-0.22611110373140786
1319,overnight,300863,卡倍亿,2026-06-04,2026-06-05,1,1.084,1.084,1.084,True,False,False,95.0,强烈推荐,trade,1,afternoon,historical_open_proxy,unknown,1,cache_backfill,,2026-07-30 20:53:27,71.97,False,ok,2026-06-05,open,72.75,1.0837849103793262,67.8,73.19,True,0,-0.0002150896206738473,-1.7907130842550578,2.874497994634384
1320,overnight,300304,云意电气,2026-06-04,2026-06-05,1,-0.522,-0.522,-0.522,False,False,False,93.0,强烈推荐,trade,2,afternoon,historical_open_proxy,unknown,1,cache_backfill,,2026-07-30 20:53:27,15.33,False,ok,2026-06-05,open,15.25,-0.5218525766470972,14.53,15.46,True,0,0.00014742335290285347,-1.7907130842550578,1.2688605076079607
1322,overnight,605006,山东玻纤,2026-06-04,2026-06-05,1,-0.556,-0.556,-0.556,False,False,False,92.0,强烈推荐,trade,3,afternoon,historical_open_proxy,unknown,1,cache_backfill,,2026-07-30 20:53:27,18.0,False,ok,2026-06-05,open,17.9,-0.5555555555555647,16.38,18.9,True,0,0.0004444444444353657,-1.7907130842550578,1.2351575286994931
1337,overnight,601011,宝泰隆,2026-06-05,2026-06-08,1,-3.323,-3.323,-3.323,False,True,False,86.0,强烈推荐,trade,1,afternoon,historical_open_proxy,unknown,1,cache_backfill,,2026-07-30 20:53:29,3.31,False,ok,2026-06-08,open,3.2,-3.3232628398791486,3.12,3.42,True,0,-0.0002628398791486575,-2.144108683557122,-1.1791541563220265
1339,overnight,000966,长源电力,2026-06-05,2026-06-08,1,0.183,0.183,0.183,True,False,False,85.0,强烈推荐,trade,2,afternoon,historical_open_proxy,unknown,1,cache_backfill,,2026-07-30 20:53:29,5.45,False,ok,2026-06-08,open,5.46,0.18348623853210455,5.24,5.81,True,0,0.0004862385321045548,-2.144108683557122,2.3275949220892267
1340,overnight,603032,德新科技,2026-06-05,2026-06-08,1,-1.191,-1.191,-1.191,False,False,False,84.0,推荐,trade,3,afternoon,historical_open_proxy,unknown,1,cache_backfill,,2026-07-30 20:53:29,25.18,False,ok,2026-06-08,open,24.88,-1.1914217633042123,23.33,26.44,True,0,-0.0004217633042122859,-2.144108683557122,0.9526869202529098
1358,overnight,603039,泛微网络,2026-06-08,2026-06-09,1,0.461,0.461,0.461,True,False,False,81.0,推荐,trade,2,afternoon,historical_open_proxy,unknown,1,cache_backfill,,2026-07-30 20:53:32,41.21,False,ok,2026-06-09,open,41.4,0.461053142441159,38.33,41.93,True,0,5.314244115900424e-05,1.870528933053861,-1.409475790612702
1359,overnight,002681,奋达科技,2026-06-08,2026-06-09,1,-0.187,-0.187,-0.187,False,False,False,77.0,推荐,trade,3,afternoon,historical_open_proxy,unknown,1,cache_backfill,,2026-07-30 20:53:32,5.35,False,ok,2026-06-09,open,5.34,-0.18691588785045843,5.12,5.52,True,0,8.411214954157087e-05,1.870528933053861,-2.0574448209043195
1360,overnight,300925,法本信息,2026-06-08,2026-06-09,1,0.16,0.16,0.16,True,False,False,73.0,推荐,trade,4,afternoon,historical_open_proxy,unknown,1,cache_backfill,,2026-07-30 20:53:32,18.7,False,ok,2026-06-09,open,18.73,0.16042780748664054,17.38,19.38,True,0,0.0004278074866405357,1.870528933053861,-1.7101011255672205
1377,overnight,000727,冠捷科技,2026-06-09,2026-06-10,1,-0.669,-0.669,-0.669,False,False,False,85.0,强烈推荐,trade,1,afternoon,historical_open_proxy,unknown,1,cache_backfill,,2026-07-30 20:53:35,2.99,False,ok,2026-06-10,open,2.97,-0.6688963210702337,2.84,3.09,True,0,0.00010367892976637094,-1.1083320664499463,0.43943574537971264
1378,overnight,000837,秦川机床,2026-06-09,2026-06-10,1,-0.607,-0.607,-0.607,False,False,False,75.0,推荐,trade,2,afternoon,historical_open_proxy,unknown,1,cache_backfill,,2026-07-30 20:53:35,13.18,False,ok,2026-06-10,open,13.1,-0.6069802731411222,12.7,13.6,True,0,1.972685887774439e-05,-1.1083320664499463,0.5013517933088241
1379,overnight,300465,高伟达,2026-06-09,2026-06-10,1,-0.81,-0.81,-0.81,False,False,False,74.0,推荐,trade,3,afternoon,historical_open_proxy,unknown,1,cache_backfill,,2026-07-30 20:53:35,16.04,False,ok,2026-06-10,open,15.91,-0.8104738154613433,15.56,16.24,True,0,-0.00047381546134328545,-1.1083320664499463,0.29785825098860297
1400,overnight,300700,岱勒新材,2026-06-10,2026-06-11,1,-1.698,-1.698,-1.698,False,False,False,98.0,强烈推荐,trade,1,afternoon,historical_open_proxy,unknown,1,cache_backfill,,2026-07-30 20:53:37,22.38,False,ok,2026-06-11,open,22.0,-1.6979445933869464,21.06,22.83,True,0,5.540661305358796e-05,-0.5513215501864788,-1.1466230432004676
1401,overnight,603386,骏亚科技,2026-06-10,2026-06-11,1,-0.965,-0.965,-0.965,False,False,False,94.0,强烈推荐,trade,2,afternoon,historical_open_proxy,unknown,1,cache_backfill,,2026-07-30 20:53:37,18.66,False,ok,2026-06-11,open,18.48,-0.9646302250803873,17.46,19.36,True,0,0.0003697749196126532,-0.5513215501864788,-0.41330867489390855
1402,overnight,002955,鸿合科技,2026-06-10,2026-06-11,1,-1.505,-1.505,-1.505,False,False,False,91.0,强烈推荐,trade,3,afternoon,historical_open_proxy,unknown,1,cache_backfill,,2026-07-30 20:53:37,29.9,False,ok,2026-06-11,open,29.45,-1.5050167224080258,28.2,30.03,True,0,-1.6722408025859892e-05,-0.5513215501864788,-0.953695172221547
1417,overnight,603328,依顿电子,2026-06-11,2026-06-12,1,1.321,1.321,1.321,True,False,False,91.0,强烈推荐,trade,1,afternoon,historical_open_proxy,unknown,1,cache_backfill,,2026-07-30 20:53:39,13.63,False,ok,2026-06-12,open,13.81,1.3206162876008731,12.25,13.99,True,0,-0.0003837123991268232,1.1627537634385732,0.15786252416229996
1418,overnight,603203,快克智能,2026-06-11,2026-06-12,1,2.631,2.631,2.631,True,False,True,89.0,强烈推荐,trade,2,afternoon,historical_open_proxy,unknown,1,cache_backfill,,2026-07-30 20:53:39,57.01,False,ok,2026-06-12,open,58.51,2.6311173478337224,54.03,59.9,True,0,0.00011734783372263635,1.1627537634385732,1.4683635843951492
1419,overnight,300488,恒锋工具,2026-06-11,2026-06-12,1,0.391,0.391,0.391,True,False,False,77.0,推荐,trade,3,afternoon,historical_open_proxy,unknown,1,cache_backfill,,2026-07-30 20:53:40,38.35,False,ok,2026-06-12,open,38.5,0.39113428943937656,36.13,39.5,True,0,0.0001342894393765448,1.1627537634385732,-0.7716194739991966
1437,overnight,603039,泛微网络,2026-06-12,2026-06-15,1,-1.443,-1.443,-1.443,False,False,False,100.0,强烈推荐,trade,1,afternoon,historical_open_proxy,unknown,1,cache_backfill,,2026-07-30 20:53:42,47.82,False,ok,2026-06-15,open,47.13,-1.4429109159347475,44.66,48.2,True,0,8.908406525254264e-05,2.39443872296603,-3.8373496389007777
1438,overnight,600458,时代新材,2026-06-12,2026-06-15,1,1.399,1.399,1.399,True,False,False,93.0,强烈推荐,trade,2,afternoon,historical_open_proxy,unknown,1,cache_backfill,,2026-07-30 20:53:43,15.73,False,ok,2026-06-15,open,15.95,1.3986013986013957,15.1,16.0,True,0,-0.00039860139860437016,2.39443872296603,-0.9958373243646346
1439,overnight,603212,赛伍技术,2026-06-12,2026-06-15,1,-0.859,-0.859,-0.859,False,False,False,93.0,强烈推荐,trade,3,afternoon,historical_open_proxy,unknown,1,cache_backfill,,2026-07-30 20:53:43,16.3,False,ok,2026-06-15,open,16.16,-0.8588957055214785,15.34,16.5,True,0,0.00010429447852144946,2.39443872296603,-3.2533344284875088
1456,overnight,002057,中钢天源,2026-06-15,2026-06-16,1,-1.081,-1.081,-1.081,False,False,False,100.0,强烈推荐,trade,1,afternoon,historical_open_proxy,unknown,1,cache_backfill,,2026-07-30 20:53:44,12.03,False,ok,2026-06-16,open,11.9,-1.0806317539484578,11.67,12.2,True,0,0.00036824605154217593,-0.15291176296224895,-0.9277199909862088
1457,overnight,000859,国风新材,2026-06-15,2026-06-16,1,-1.078,-1.078,-1.078,False,False,False,94.0,强烈推荐,trade,2,afternoon,historical_open_proxy,unknown,1,cache_backfill,,2026-07-30 20:53:45,11.13,False,ok,2026-06-16,open,11.01,-1.0781671159029727,10.76,11.18,True,0,-0.00016711590297258105,-0.15291176296224895,-0.9252553529407237
1459,overnight,003043,华亚智能,2026-06-15,2026-06-16,1,-2.282,-2.282,-2.282,False,True,False,87.0,强烈推荐,trade,3,afternoon,historical_open_proxy,unknown,1,cache_backfill,,2026-07-30 20:53:45,84.57,False,ok,2026-06-16,open,82.64,-2.282133144140941,79.0,85.1,True,0,-0.00013314414094089955,-0.15291176296224895,-2.129221381178692
1477,overnight,000859,国风新材,2026-06-16,2026-06-17,1,-1.639,-1.639,-1.639,False,False,False,97.0,强烈推荐,trade,1,afternoon,historical_open_proxy,unknown,1,cache_backfill,,2026-07-30 20:53:47,11.59,False,ok,2026-06-17,open,11.4,-1.6393442622950727,10.94,12.1,True,0,-0.0003442622950726726,0.9655564950872719,-2.6049007573823446
1478,overnight,002549,凯美特气,2026-06-16,2026-06-17,1,-2.311,-2.311,-2.311,False,True,False,81.0,推荐,trade,3,afternoon,historical_open_proxy,unknown,1,cache_backfill,,2026-07-30 20:53:48,17.74,False,ok,2026-06-17,open,17.33,-2.3111612175873764,16.91,17.85,True,0,-0.00016121758737641656,0.9655564950872719,-3.2767177126746483
1479,overnight,000593,德龙汇能,2026-06-16,2026-06-17,1,0.338,0.338,0.338,True,False,False,79.0,推荐,trade,4,afternoon,historical_open_proxy,unknown,1,cache_backfill,,2026-07-30 20:53:48,23.68,False,ok,2026-06-17,open,23.76,0.33783783783785104,22.53,24.11,True,0,-0.00016216216214898216,0.9655564950872719,-0.6277186572494209
1497,overnight,000920,沃顿科技,2026-06-17,2026-06-18,1,-1.27,-1.27,-1.27,False,False,False,98.0,强烈推荐,trade,2,afternoon,historical_open_proxy,unknown,1,cache_backfill,2026-06-17 14:32:30,2026-07-30 20:53:50,14.96,False,ok,2026-06-18,open,14.77,-1.2700534759358395,13.89,15.39,True,0,-5.347593583948651e-05,0.20704101683297615,-1.4770944927688157
1498,overnight,300031,宝通科技,2026-06-17,2026-06-18,1,1.725,1.725,1.725,True,False,True,86.0,强烈推荐,trade,4,afternoon,historical_open_proxy,unknown,1,cache_backfill,2026-06-17 14:32:30,2026-07-30 20:53:51,27.83,False,ok,2026-06-18,open,28.31,1.7247574559827505,26.59,28.2,True,0,-0.00024254401724954633,0.20704101683297615,1.5177164391497744
1499,overnight,301182,凯旺科技,2026-06-17,2026-06-18,1,-0.995,-0.995,-0.995,False,False,False,92.0,强烈推荐,trade,3,afternoon,historical_open_proxy,unknown,1,cache_backfill,2026-06-17 14:32:30,2026-07-30 20:53:51,98.45,False,ok,2026-06-18,open,97.47,-0.9954291518537328,92.02,101.25,True,0,-0.00042915185373282316,0.20704101683297615,-1.202470168686709
1515,overnight,002965,祥鑫科技,2026-06-18,2026-06-22,1,2.459,2.459,2.459,True,False,True,92.0,强烈推荐,trade,3,afternoon,historical_open_proxy,unknown,1,cache_backfill,2026-06-18 14:32:37,2026-07-30 20:53:52,43.92,False,ok,2026-06-22,open,45.0,2.4590163934426146,41.79,44.27,True,0,1.639344261450404e-05,2.3891047434029256,0.06991165003968902
1531,overnight,000593,德龙汇能,2026-06-22,2026-06-23,1,-1.516,-1.516,-1.516,False,False,False,97.0,强烈推荐,trade,1,afternoon,historical_open_proxy,unknown,1,cache_backfill,2026-06-22 14:32:43,2026-07-30 20:53:54,26.38,False,ok,2026-06-23,open,25.98,-1.5163002274450332,24.41,26.6,True,0,-0.00030022744503321874,-2.7723206697683134,1.2560204423232801
1532,overnight,300557,理工光科,2026-06-22,2026-06-23,1,-1.151,-1.151,-1.151,False,False,False,93.0,强烈推荐,trade,2,afternoon,historical_open_proxy,unknown,1,cache_backfill,2026-06-22 14:32:43,2026-07-30 20:53:55,33.89,False,ok,2026-06-23,open,33.5,-1.1507819415756848,31.45,34.07,True,0,0.00021805842431521505,-2.7723206697683134,1.6215387281926286
1533,overnight,300655,晶瑞电材,2026-06-22,2026-06-23,1,2.412,2.412,2.412,True,False,True,92.0,强烈推荐,trade,3,afternoon,historical_open_proxy,unknown,1,cache_backfill,2026-06-22 14:32:43,2026-07-30 20:53:55,17.0,False,ok,2026-06-23,open,17.41,2.4117647058823577,16.52,17.22,True,0,-0.0002352941176422263,-2.7723206697683134,5.184085375650671
1549,overnight,002083,孚日股份,2026-06-23,2026-06-24,1,11.004,11.004,11.004,True,False,True,94.0,强烈推荐,trade,2,afternoon,historical_open_proxy,unknown,1,cache_backfill,2026-06-23 14:32:35,2026-07-30 20:53:57,11.45,False,ok,2026-06-24,open,12.71,11.004366812227095,10.79,11.88,True,0,0.0003668122270958918,0.48034410770441127,10.524022704522684
1550,overnight,002312,川发龙蟒,2026-06-23,2026-06-24,1,-1.042,-1.042,-1.042,False,False,False,71.0,推荐,trade,3,afternoon,historical_open_proxy,unknown,1,cache_backfill,2026-06-23 14:32:35,2026-07-30 20:53:57,9.6,False,ok,2026-06-24,open,9.5,-1.041666666666663,9.56,9.95,True,0,0.0003333333333370714,0.48034410770441127,-1.5220107743710742
1573,overnight,300557,理工光科,2026-06-24,2026-06-25,1,-0.511,-0.511,-0.511,False,False,False,97.0,强烈推荐,trade,1,afternoon,historical_open_proxy,unknown,1,cache_backfill,2026-06-24 14:32:07,2026-07-30 20:54:00,35.23,False,ok,2026-06-25,open,35.05,-0.5109281862049397,33.2,35.65,True,0,7.181379506027152e-05,1.5593705872118724,-2.070298773416812
1574,overnight,002654,万润科技,2026-06-24,2026-06-25,1,2.015,2.015,2.015,True,False,True,95.0,强烈推荐,trade,2,afternoon,historical_open_proxy,unknown,1,cache_backfill,2026-06-24 14:32:07,2026-07-30 20:54:00,18.86,False,ok,2026-06-25,open,19.24,2.0148462354188768,17.85,19.15,True,0,-0.00015376458112337232,1.5593705872118724,0.45547564820700437
1575,overnight,300174,元力股份,2026-06-24,2026-06-25,1,11.181,11.181,11.181,True,False,True,85.0,强烈推荐,trade,4,afternoon,historical_open_proxy,unknown,1,cache_backfill,2026-06-24 14:32:07,2026-07-30 20:54:01,30.14,False,ok,2026-06-25,open,33.51,11.181154611811529,27.7,32.13,True,0,0.00015461181152964798,1.5593705872118724,9.621784024599656
1593,overnight,002803,吉宏股份,2026-06-25,2026-06-26,1,-1.427,-1.427,-1.427,False,False,False,100.0,强烈推荐,trade,1,afternoon,historical_open_proxy,unknown,1,cache_backfill,2026-06-25 14:32:20,2026-07-30 20:54:03,27.34,False,ok,2026-06-26,open,26.95,-1.4264813460131642,26.14,28.0,True,0,0.0005186539868358153,-3.025437740284065,1.5989563942709006
1594,overnight,603223,恒通股份,2026-06-25,2026-06-26,1,-0.584,-0.584,-0.584,False,False,False,100.0,强烈推荐,trade,2,afternoon,historical_open_proxy,unknown,1,cache_backfill,2026-06-25 14:32:20,2026-07-30 20:54:04,11.98,False,ok,2026-06-26,open,11.91,-0.5843071786310494,11.31,12.61,True,0,-0.000307178631049454,-3.025437740284065,2.4411305616530155
1595,overnight,603380,易德龙,2026-06-25,2026-06-26,1,-2.001,-2.001,-2.001,False,False,False,100.0,强烈推荐,trade,3,afternoon,historical_open_proxy,unknown,1,cache_backfill,2026-06-25 14:32:20,2026-07-30 20:54:04,45.47,False,ok,2026-06-26,open,44.56,-2.0013195513525317,43.54,47.34,True,0,-0.00031955135253181055,-3.025437740284065,1.0241181889315332
1612,overnight,300093,金刚光伏,2026-06-26,2026-06-29,1,-0.039,-0.039,-0.039,False,False,False,93.0,强烈推荐,trade,1,afternoon,historical_open_proxy,unknown,1,cache_backfill,2026-06-26 14:31:57,2026-07-30 20:54:06,25.61,False,ok,2026-06-29,open,25.6,-0.03904724716906616,25.17,27.49,True,0,-4.724716906615717e-05,1.2057795251652514,-1.2448267723343176
1613,overnight,300820,英杰电气,2026-06-26,2026-06-29,1,1.272,1.272,1.272,True,False,False,90.0,强烈推荐,trade,2,afternoon,historical_open_proxy,unknown,1,cache_backfill,2026-06-26 14:31:57,2026-07-30 20:54:06,83.34,False,ok,2026-06-29,open,84.4,1.2718982481401575,77.89,85.6,True,0,-0.00010175185984251378,1.2057795251652514,0.06611872297490606
1614,overnight,603800,洪田股份,2026-06-26,2026-06-29,1,-0.237,-0.237,-0.237,False,False,False,86.0,强烈推荐,trade,3,afternoon,historical_open_proxy,unknown,1,cache_backfill,2026-06-26 14:31:57,2026-07-30 20:54:06,88.76,False,ok,2026-06-29,open,88.55,-0.23659305993691815,83.4,92.23,True,0,0.00040694006308183983,1.2057795251652514,-1.4423725851021696
1633,overnight,300093,金刚光伏,2026-06-29,2026-06-30,1,-1.525,-1.525,-1.525,False,False,False,98.0,强烈推荐,trade,1,afternoon,historical_open_proxy,unknown,1,cache_backfill,2026-06-29 14:32:26,2026-07-30 20:54:09,26.89,False,ok,2026-06-30,open,26.48,-1.5247303830420278,25.2,27.27,True,0,0.0002696169579721186,1.0657774025151667,-2.5905077855571945
1634,overnight,300293,蓝英装备,2026-06-29,2026-06-30,1,-1.598,-1.598,-1.598,False,False,False,91.0,强烈推荐,trade,2,afternoon,historical_open_proxy,unknown,1,cache_backfill,2026-06-29 14:32:26,2026-07-30 20:54:09,20.02,False,ok,2026-06-30,open,19.7,-1.5984015984015998,18.6,20.33,True,0,-0.00040159840159970095,1.0657774025151667,-2.6641790009167665
1635,overnight,603668,天马科技,2026-06-29,2026-06-30,1,-0.704,-0.704,-0.704,False,False,False,89.0,强烈推荐,trade,4,afternoon,historical_open_proxy,unknown,1,cache_backfill,2026-06-29 14:32:26,2026-07-30 20:54:09,12.79,False,ok,2026-06-30,open,12.7,-0.703674745895233,12.09,13.18,True,0,0.0003252541047669144,1.0657774025151667,-1.7694521484103998
1647,overnight,002452,长高电气,2026-06-30,2026-07-01,1,-0.706,-0.706,-0.706,False,False,False,98.0,强烈推荐,trade,3,afternoon,historical_open_proxy,unknown,1,cache_backfill,2026-06-30 14:33:49,2026-07-30 20:54:10,12.75,False,ok,2026-07-01,open,12.66,-0.7058823529411784,12.18,12.9,True,0,0.00011764705882155724,-0.41068957691946517,-0.29519277602171323
1648,overnight,002158,汉钟精机,2026-06-30,2026-07-01,1,-1.308,-1.308,-1.308,False,False,False,96.0,强烈推荐,trade,4,afternoon,historical_open_proxy,unknown,1,cache_backfill,2026-06-30 14:33:49,2026-07-30 20:54:10,36.71,False,ok,2026-07-01,open,36.23,-1.3075456278943132,34.89,37.35,True,0,0.00045437210568688435,-0.41068957691946517,-0.896856050974848
1649,overnight,300041,回天新材,2026-06-30,2026-07-01,1,-0.392,-0.392,-0.392,False,False,False,92.0,强烈推荐,trade,7,afternoon,historical_open_proxy,unknown,1,cache_backfill,2026-06-30 14:33:49,2026-07-30 20:54:10,15.32,False,ok,2026-07-01,open,15.26,-0.3916449086161955,14.6,15.67,True,0,0.00035509138380451777,-0.41068957691946517,0.019044668303269674
1667,overnight,002787,华源控股,2026-07-01,2026-07-02,1,-5.241,-5.241,-5.241,False,True,False,95.0,强烈推荐,trade,2,afternoon,historical_open_proxy,unknown,1,cache_backfill,2026-07-01 14:32:50,2026-07-30 20:54:13,33.77,False,ok,2026-07-02,open,32.0,-5.24133846609417,32.0,34.99,True,0,-0.00033846609417054196,-2.9578663354157375,-2.2834721306784327
1668,overnight,000756,新华制药,2026-07-01,2026-07-02,1,-1.834,-1.834,-1.834,False,False,False,85.0,强烈推荐,trade,4,afternoon,historical_open_proxy,unknown,1,cache_backfill,2026-07-01 14:32:50,2026-07-30 20:54:14,14.72,False,ok,2026-07-02,open,14.45,-1.8342391304347894,13.55,15.0,True,0,-0.00023913043478929197,-2.9578663354157375,1.1236272049809481
1669,overnight,301312,智立方,2026-07-01,2026-07-02,1,-4.442,-4.442,-4.442,False,True,False,84.0,推荐,trade,5,afternoon,historical_open_proxy,unknown,1,cache_backfill,2026-07-01 14:32:50,2026-07-30 20:54:14,120.0,False,ok,2026-07-02,open,114.67,-4.441666666666666,114.58,130.99,True,0,0.0003333333333337407,-2.9578663354157375,-1.483800331250929
1686,overnight,600458,时代新材,2026-07-02,2026-07-03,1,-1.897,-1.897,-1.897,False,False,False,88.0,强烈推荐,trade,3,afternoon,historical_open_proxy,unknown,1,cache_backfill,2026-07-02 14:32:33,2026-07-30 20:54:16,17.4,False,ok,2026-07-03,open,17.07,-1.8965517241379182,15.68,18.25,True,0,0.00044827586208184833,0.6207011200465518,-2.51725284418447
1687,overnight,002437,誉衡药业,2026-07-02,2026-07-03,1,-1.672,-1.672,-1.672,False,False,False,81.0,推荐,trade,4,afternoon,historical_open_proxy,unknown,1,cache_backfill,2026-07-02 14:32:33,2026-07-30 20:54:16,2.99,False,ok,2026-07-03,open,2.94,-1.6722408026755953,2.84,3.01,True,0,-0.00024080267559534185,0.6207011200465518,-2.292941922722147
1688,overnight,002123,梦网科技,2026-07-02,2026-07-03,1,0.614,0.614,0.614,True,False,False,79.0,推荐,trade,5,afternoon,historical_open_proxy,unknown,1,cache_backfill,2026-07-02 14:32:33,2026-07-30 20:54:16,8.15,False,ok,2026-07-03,open,8.2,0.6134969325153339,7.86,8.4,True,0,-0.0005030674846661087,0.6207011200465518,-0.007204187531217876
1706,overnight,301382,蜂助手,2026-07-03,2026-07-06,1,1.652,1.652,1.652,True,False,False,87.0,强烈推荐,trade,2,afternoon,historical_open_proxy,unknown,1,cache_backfill,2026-07-03 14:32:53,2026-07-30 20:54:19,47.21,False,ok,2026-07-06,open,47.99,1.652192332133029,45.05,49.56,True,0,0.0001923321330290495,-0.0035108226270508247,1.6557031547600798
1708,overnight,300065,海兰信,2026-07-03,2026-07-06,1,2.329,2.329,2.329,True,False,True,84.0,推荐,trade,3,afternoon,historical_open_proxy,unknown,1,cache_backfill,2026-07-03 14:32:53,2026-07-30 20:54:19,22.33,False,ok,2026-07-06,open,22.85,2.3287057769816544,21.52,22.62,True,0,-0.0002942230183458072,-0.0035108226270508247,2.332216599608705
1709,overnight,300943,春晖智控,2026-07-03,2026-07-06,1,2.187,2.187,2.187,True,False,True,84.0,推荐,trade,4,afternoon,historical_open_proxy,unknown,1,cache_backfill,2026-07-03 14:32:53,2026-07-30 20:54:19,46.64,False,ok,2026-07-06,open,47.66,2.1869639794168005,44.27,48.88,True,0,-3.602058319929213e-05,-0.0035108226270508247,2.1904748020438514
1729,overnight,300668,杰恩股份,2026-07-06,2026-07-07,1,-0.094,-0.094,-0.094,False,False,False,88.0,强烈推荐,trade,1,afternoon,historical_open_proxy,unknown,1,cache_backfill,2026-07-06 14:34:13,2026-07-30 20:54:21,63.54,False,ok,2026-07-07,open,63.48,-0.09442870632673239,60.98,69.66,True,0,-0.00042870632673239206,-1.0272614622056975,0.9328327558789651
1730,overnight,300756,金马游乐,2026-07-06,2026-07-07,1,0.983,0.983,0.983,True,False,False,87.0,强烈推荐,trade,2,afternoon,historical_open_proxy,unknown,1,cache_backfill,2026-07-06 14:34:13,2026-07-30 20:54:21,33.57,False,ok,2026-07-07,open,33.9,0.9830205540661163,32.54,35.79,True,0,2.0554066116340586e-05,-1.0272614622056975,2.010282016271814
1731,overnight,603590,康辰药业,2026-07-06,2026-07-07,1,0.332,0.332,0.332,True,False,False,85.0,强烈推荐,trade,3,afternoon,historical_open_proxy,unknown,1,cache_backfill,2026-07-06 14:34:13,2026-07-30 20:54:21,33.11,False,ok,2026-07-07,open,33.22,0.33222591362125353,31.5,34.88,True,0,0.0002259136212535151,-1.0272614622056975,1.359487375826951
1753,overnight,301000,肇民科技,2026-07-07,2026-07-08,1,-0.927,-0.927,-0.927,False,False,False,91.0,强烈推荐,trade,1,afternoon,historical_open_proxy,unknown,1,cache_backfill,2026-07-07 14:31:44,2026-07-30 20:54:24,34.5,False,ok,2026-07-08,open,34.18,-0.927536231884063,33.73,37.21,True,0,-0.0005362318840629321,-0.7664442246455794,-0.1610920072384836
1754,overnight,002605,姚记科技,2026-07-07,2026-07-08,1,0.301,0.301,0.301,True,False,False,85.0,强烈推荐,trade,2,afternoon,historical_open_proxy,unknown,1,cache_backfill,2026-07-07 14:31:44,2026-07-30 20:54:24,19.94,False,ok,2026-07-08,open,20.0,0.30090270812437314,18.88,20.55,True,0,-9.729187562684816e-05,-0.7664442246455794,1.0673469327699525
1755,overnight,603906,龙蟠科技,2026-07-07,2026-07-08,1,-0.702,-0.702,-0.702,False,False,False,77.0,推荐,trade,3,afternoon,historical_open_proxy,unknown,1,cache_backfill,2026-07-07 14:31:44,2026-07-30 20:54:25,29.91,False,ok,2026-07-08,open,29.7,-0.7021063189568744,28.55,30.65,True,0,-0.00010631895687440718,-0.7664442246455794,0.06433790568870501
1783,overnight,300019,硅宝科技,2026-07-08,2026-07-09,1,-3.732,-3.732,-3.732,False,True,False,100.0,强烈推荐,trade,1,afternoon,historical_open_proxy,unknown,1,cache_backfill,2026-07-08 14:32:24,2026-07-30 20:54:28,20.63,False,ok,2026-07-09,open,19.86,-3.732428502181284,19.48,21.0,True,0,-0.0004285021812839851,2.539780003490688,-6.272208505671973
1784,overnight,605208,永茂泰,2026-07-08,2026-07-09,1,-2.878,-2.878,-2.878,False,True,False,96.0,强烈推荐,trade,2,afternoon,historical_open_proxy,unknown,1,cache_backfill,2026-07-08 14:32:24,2026-07-30 20:54:29,17.72,False,ok,2026-07-09,open,17.21,-2.8781038374717682,16.45,17.98,True,0,-0.00010383747176812008,2.539780003490688,-5.417883840962457
1785,overnight,300065,海兰信,2026-07-08,2026-07-09,1,1.409,1.409,1.409,True,False,False,85.0,强烈推荐,trade,3,afternoon,historical_open_proxy,unknown,1,cache_backfill,2026-07-08 14:32:24,2026-07-30 20:54:29,24.14,False,ok,2026-07-09,open,24.48,1.4084507042253502,22.61,24.5,True,0,-0.000549295774649794,2.539780003490688,-1.1313292992653379
1821,overnight,300684,中石科技,2026-07-09,2026-07-10,1,1.601,1.601,1.601,True,False,False,86.0,强烈推荐,trade,1,afternoon,historical_open_proxy,unknown,1,cache_backfill,2026-07-09 14:31:58,2026-07-30 20:54:33,68.09,False,ok,2026-07-10,open,69.18,1.600822440887062,62.8,68.55,True,0,-0.0001775591129380416,-1.9588582350178796,3.5596806759049415
1822,overnight,002292,奥飞娱乐,2026-07-09,2026-07-10,1,-1.444,-1.444,-1.444,False,False,False,85.0,强烈推荐,trade,2,afternoon,historical_open_proxy,unknown,1,cache_backfill,2026-07-09 14:31:58,2026-07-30 20:54:34,7.62,False,ok,2026-07-10,open,7.51,-1.4435695538057791,7.12,7.9,True,0,0.00043044619422083485,-1.9588582350178796,0.5152886812121005
1823,overnight,003043,华亚智能,2026-07-09,2026-07-10,1,1.179,1.179,1.179,True,False,False,85.0,强烈推荐,trade,3,afternoon,historical_open_proxy,unknown,1,cache_backfill,2026-07-09 14:31:58,2026-07-30 20:54:34,101.8,False,ok,2026-07-10,open,103.0,1.1787819253438192,95.51,104.66,True,0,-0.00021807465618084443,-1.9588582350178796,3.137640160361699
1853,overnight,002437,誉衡药业,2026-07-10,2026-07-13,1,0.323,0.323,0.323,True,False,False,83.0,推荐,trade,1,afternoon,historical_open_proxy,unknown,1,cache_backfill,2026-07-10 14:32:39,2026-07-30 20:54:38,3.1,False,ok,2026-07-13,open,3.11,0.3225806451612856,2.88,3.2,True,0,-0.00041935483871441415,-1.7865248212115548,2.1091054663728404
1880,overnight,000990,诚志股份,2026-07-13,2026-07-14,1,0.11,0.11,0.11,True,False,False,74.0,推荐,trade,1,afternoon,historical_open_proxy,unknown,1,cache_backfill,2026-07-13 14:31:34,2026-07-30 20:54:42,9.07,False,ok,2026-07-14,open,9.08,0.11025358324145973,8.49,9.35,True,0,0.0002535832414597289,2.153606310884304,-2.0433527276428443
1915,overnight,002546,新联电子,2026-07-14,2026-07-15,1,0.0,0.0,0.0,False,False,False,93.0,强烈推荐,trade,1,afternoon,historical_open_proxy,unknown,1,cache_backfill,2026-07-14 14:32:03,2026-07-30 20:54:46,8.48,False,ok,2026-07-15,open,8.48,0.0,7.86,8.7,True,0,0.0,-0.20264776399459006,0.20264776399459006
1949,overnight,002768,国恩股份,2026-07-15,2026-07-16,1,0.034,0.034,0.034,True,False,False,88.0,强烈推荐,trade,1,afternoon,historical_open_proxy,unknown,1,cache_backfill,2026-07-15 14:32:02,2026-07-30 20:54:51,58.98,False,ok,2026-07-16,open,59.0,0.03390979993218579,57.4,61.98,True,0,-9.02000678142112e-05,-1.8457083885200398,1.8796181884522256
1950,overnight,301345,涛涛车业,2026-07-15,2026-07-16,1,-1.874,-1.874,-1.874,False,False,False,81.0,推荐,trade,2,afternoon,historical_open_proxy,unknown,1,cache_backfill,2026-07-15 14:32:02,2026-07-30 20:54:51,266.31,False,ok,2026-07-16,open,261.32,-1.8737561488490928,253.0,273.11,True,0,0.0002438511509073038,-1.8457083885200398,-0.028047760329052984
1951,overnight,300766,每日互动,2026-07-15,2026-07-16,1,-0.243,-0.243,-0.243,False,False,False,74.0,推荐,trade,3,afternoon,historical_open_proxy,unknown,1,cache_backfill,2026-07-15 14:32:02,2026-07-30 20:54:51,20.54,False,ok,2026-07-16,open,20.49,-0.24342745861734016,20.22,21.43,True,0,-0.00042745861734017065,-1.8457083885200398,1.6022809299026997
1981,overnight,603757,大元泵业,2026-07-16,2026-07-17,1,-0.863,-0.863,-0.863,False,False,False,88.0,强烈推荐,trade,1,afternoon,historical_open_proxy,unknown,1,cache_backfill,2026-07-16 14:31:59,2026-07-30 20:54:55,79.96,False,ok,2026-07-17,open,79.27,-0.8629314657328635,71.08,83.97,True,0,6.853426713648858e-05,-3.60396983673269,2.7410383709998265
1982,overnight,603686,福龙马,2026-07-16,2026-07-17,1,-0.154,-0.154,-0.154,False,False,False,73.0,推荐,trade,3,afternoon,historical_open_proxy,unknown,1,cache_backfill,2026-07-16 14:31:59,2026-07-30 20:54:55,12.97,False,ok,2026-07-17,open,12.95,-0.15420200462606948,12.34,13.32,True,0,-0.00020200462606947966,-3.60396983673269,3.4497678321066205
1983,overnight,002315,焦点科技,2026-07-16,2026-07-17,1,-0.241,-0.241,-0.241,False,False,False,70.0,推荐,trade,4,afternoon,historical_open_proxy,unknown,1,cache_backfill,2026-07-16 14:31:59,2026-07-30 20:54:55,24.91,False,ok,2026-07-17,open,24.85,-0.24086712163788881,23.62,25.25,True,0,0.00013287836211117732,-3.60396983673269,3.363102715094801
2030,overnight,000948,南天信息,2026-07-20,2026-07-21,1,-2.037,-2.037,-2.037,False,True,False,88.0,强烈推荐,trade,1,afternoon,historical_open_proxy,unknown,1,cache_backfill,2026-07-20 14:30:59,2026-07-30 20:55:02,14.73,False,ok,2026-07-21,open,14.43,-2.0366598778004175,13.74,14.98,True,0,0.00034012219958245993,3.064380034447356,-5.101039912247773
2052,overnight,000539,粤电力Ａ,2026-07-21,2026-07-22,1,-3.146,-3.146,-3.146,False,True,False,73.0,推荐,trade,1,afternoon,historical_open_proxy,unknown,1,cache_backfill,2026-07-21 14:33:39,2026-07-30 20:55:04,6.04,False,ok,2026-07-22,open,5.85,-3.145695364238421,5.47,6.11,True,0,0.00030463576157879757,-0.46399942606709654,-2.6816959381713246
2053,overnight,002537,海联金汇,2026-07-21,2026-07-22,1,-1.423,-1.423,-1.423,False,False,False,71.0,推荐,trade,2,afternoon,historical_open_proxy,unknown,1,cache_backfill,2026-07-21 14:33:39,2026-07-30 20:55:04,5.62,False,ok,2026-07-22,open,5.54,-1.4234875444839923,5.38,5.91,True,0,-0.0004875444839922416,-0.46399942606709654,-0.9594881184168957
2054,overnight,300377,赢时胜,2026-07-21,2026-07-22,1,-0.838,-0.838,-0.838,False,False,False,71.0,推荐,trade,3,afternoon,historical_open_proxy,unknown,1,cache_backfill,2026-07-21 14:33:39,2026-07-30 20:55:05,14.32,False,ok,2026-07-22,open,14.2,-0.8379888268156499,13.09,14.47,True,0,1.1173184350066201e-05,-0.46399942606709654,-0.37398940074855336
2075,overnight,002439,启明星辰,2026-07-22,2026-07-23,1,-1.06,-1.06,-1.06,False,False,False,92.0,强烈推荐,trade,1,afternoon,historical_open_proxy,unknown,1,cache_backfill,2026-07-22 14:33:29,2026-07-30 20:55:07,14.15,False,ok,2026-07-23,open,14.0,-1.0600706713780994,13.2,14.33,True,0,-7.067137809935176e-05,0.2280994819004345,-1.288170153278534
2076,overnight,600797,浙大网新,2026-07-22,2026-07-23,1,-0.285,-0.285,-0.285,False,False,False,88.0,强烈推荐,trade,2,afternoon,historical_open_proxy,unknown,1,cache_backfill,2026-07-22 14:33:29,2026-07-30 20:55:07,7.02,False,ok,2026-07-23,open,7.0,-0.2849002849002802,6.66,7.26,True,0,9.97150997197882e-05,0.2280994819004345,-0.5129997668007147
2077,overnight,002891,中宠股份,2026-07-22,2026-07-23,1,-1.315,-1.315,-1.315,False,False,False,86.0,强烈推荐,trade,3,afternoon,historical_open_proxy,unknown,1,cache_backfill,2026-07-22 14:33:29,2026-07-30 20:55:08,30.41,False,ok,2026-07-23,open,30.01,-1.3153567905294317,28.25,31.16,True,0,-0.0003567905294317164,0.2280994819004345,-1.5434562724298662
2099,overnight,603580,艾艾精工,2026-07-23,2026-07-24,1,-1.017,-1.017,-1.017,False,False,False,97.0,强烈推荐,trade,1,afternoon,historical_open_proxy,unknown,1,cache_backfill,2026-07-23 14:32:03,2026-07-30 20:55:11,41.3,False,ok,2026-07-24,open,40.88,-1.0169491525423568,39.8,43.5,True,0,5.0847457643055094e-05,-1.666878172588837,0.6499290200464802
2100,overnight,600936,北投科技,2026-07-23,2026-07-24,1,-1.768,-1.768,-1.768,False,False,False,78.0,推荐,trade,2,afternoon,historical_open_proxy,unknown,1,cache_backfill,2026-07-23 14:32:03,2026-07-30 20:55:11,5.09,False,ok,2026-07-24,open,5.0,-1.7681728880157177,4.93,5.17,True,0,-0.00017288801571768708,-1.666878172588837,-0.10129471542688062
2101,overnight,001280,中国铀业,2026-07-23,2026-07-24,1,-1.407,-1.407,-1.407,False,False,False,73.0,推荐,trade,5,afternoon,historical_open_proxy,unknown,1,cache_backfill,2026-07-23 14:32:03,2026-07-30 20:55:11,63.99,False,ok,2026-07-24,open,63.09,-1.406469760900142,61.2,64.99,True,0,0.0005302390998580542,-1.666878172588837,0.2604084116886951
2201,overnight,002315,焦点科技,2026-07-31,2026-08-03,1,1.902,1.902,1.902,True,False,True,80.0,推荐,trade,1,afternoon,actual_trade,unknown,1,cache_backfill,2026-07-31 14:33:02,2026-07-31 14:45:10,26.89,False,ok,2026-08-03,open,27.3,1.5247303830420167,25.48,27.5,True,0,-0.3772696169579832,-0.9812126759949358,2.5059430590369525
2202,overnight,300315,掌趣科技,2026-07-31,2026-08-03,1,-0.228,-0.228,-0.228,False,False,False,80.0,推荐,trade,2,afternoon,actual_trade,unknown,1,cache_backfill,2026-07-31 14:33:02,2026-07-31 14:45:10,4.39,False,ok,2026-08-03,open,4.38,-0.2277904328018221,4.16,4.46,True,0,0.00020956719817791236,-0.9812126759949358,0.7534222431931137
2203,overnight,300459,汤姆猫,2026-07-31,2026-08-03,1,0.524,0.524,0.524,True,False,False,79.0,推荐,trade,3,afternoon,actual_trade,unknown,1,cache_backfill,2026-07-31 14:33:02,2026-07-31 14:45:10,3.85,False,ok,2026-08-03,open,3.83,-0.5194805194805197,3.64,3.94,True,0,-1.0434805194805197,-0.9812126759949358,0.4617321565144161
2265,overnight,002218,拓日新能,2026-08-03,2026-08-04,1,0.966,0.966,0.966,True,False,False,83.0,推荐,trade,4,afternoon,actual_trade,unknown,2,cache_backfill,2026-08-03 14:33:00,2026-08-03 14:45:20,4.13,False,ok,2026-08-04,open,4.16,0.7263922518159882,3.98,4.16,True,0,-0.23960774818401176,1.2711360764926738,-0.5447438246766856
2331,overnight,000779,甘咨询,2026-08-04,2026-08-05,1,-0.875,-0.875,-0.875,False,False,False,100.0,强烈推荐,trade,1,afternoon,actual_trade,unknown,2,cache_backfill,2026-08-04 14:33:26,2026-08-04 14:45:21,13.76,False,ok,2026-08-05,open,13.7,-0.43604651162790775,13.33,14.02,True,0,0.43895348837209225,1.243661607544544,-1.6797081191724517
2332,overnight,002229,鸿博股份,2026-08-04,2026-08-05,1,0.544,0.544,0.544,True,False,False,92.0,强烈推荐,trade,2,afternoon,actual_trade,unknown,2,cache_backfill,2026-08-04 14:33:26,2026-08-04 14:45:21,11.0,False,ok,2026-08-05,open,10.98,-0.181818181818183,10.65,11.1,True,0,-0.725818181818183,1.243661607544544,-1.425479789362727
2333,overnight,300067,安诺其,2026-08-04,2026-08-05,1,-1.394,-1.394,-1.394,False,False,False,83.0,推荐,trade,3,afternoon,actual_trade,unknown,2,cache_backfill,2026-08-04 14:33:26,2026-08-04 14:45:21,5.73,False,ok,2026-08-05,open,5.66,-1.221640488656195,5.49,5.79,True,0,0.172359511343805,1.243661607544544,-2.465302096200739
2403,overnight,002083,孚日股份,2026-08-05,2026-08-06,1,-0.343,-0.343,-0.343,False,False,False,94.0,强烈推荐,trade,1,afternoon,actual_trade,unknown,2,cache_backfill,2026-08-05 14:34:37,2026-08-05 14:45:06,11.63,False,ok,2026-08-06,open,11.56,-0.6018916595012969,11.06,11.71,True,0,-0.25889165950129683,-0.14683941049556948,-0.4550522490057274
2404,overnight,300170,汉得信息,2026-08-05,2026-08-06,1,-0.968,-0.968,-0.968,False,False,False,92.0,强烈推荐,trade,2,afternoon,actual_trade,unknown,2,cache_backfill,2026-08-05 14:34:37,2026-08-05 14:45:06,17.58,False,ok,2026-08-06,open,17.1,-2.7303754266211455,16.7,18.25,True,0,-1.7623754266211455,-0.14683941049556948,-2.583536016125576
2467,overnight,002796,世嘉科技,2026-08-06,2026-08-07,1,3.368,3.368,3.368,True,False,True,82.0,推荐,trade,1,afternoon,actual_trade,unknown,2,cache_backfill,2026-08-06 14:36:22,2026-08-06 14:45:21,29.1,False,ok,2026-08-07,open,29.19,0.3092783505154628,27.15,29.47,True,0,-3.058721649484537,0.9272656520420863,-0.6179873015266235
2468,overnight,300343,联创股份,2026-08-06,2026-08-07,1,-1.597,-1.597,-1.597,False,False,False,81.0,推荐,trade,2,afternoon,actual_trade,unknown,2,cache_backfill,2026-08-06 14:36:22,2026-08-06 14:45:21,6.19,False,ok,2026-08-07,open,6.14,-0.8077544426494443,5.81,6.39,True,0,0.7892455573505557,0.9272656520420863,-1.7350200946915306
2592,overnight,002969,嘉美包装,2026-08-10,2026-08-11,1,-2.075,-2.075,-2.075,False,True,False,87.0,强烈推荐,trade,2,afternoon,actual_trade,unknown,2,cache_backfill,2026-08-10 14:33:13,2026-08-10 14:45:31,14.38,False,ok,2026-08-11,open,14.19,-1.3212795549374268,14.0,14.69,True,0,0.7537204450625734,-0.8130548147392114,-0.5082247401982154
2593,overnight,300997,欢乐家,2026-08-10,2026-08-11,1,-1.212,-1.212,-1.212,False,False,False,84.0,推荐,trade,4,afternoon,actual_trade,unknown,2,cache_backfill,2026-08-10 14:33:13,2026-08-10 14:45:31,18.18,False,ok,2026-08-11,open,17.88,-1.650165016501659,17.15,18.47,True,0,-0.43816501650165907,-0.8130548147392114,-0.8371102017624477
2654,overnight,000571,新大洲A,2026-08-11,2026-08-12,1,-7.588,-7.588,-7.588,False,True,False,92.0,强烈推荐,trade,1,afternoon,actual_trade,unknown,2,cache_backfill,2026-08-11 14:33:58,2026-08-11 14:45:29,7.45,False,ok,2026-08-12,open,7.08,-4.966442953020134,6.78,7.55,True,0,2.6215570469798664,0.5817157290529895,-5.548158682073123
2655,overnight,300634,彩讯股份,2026-08-11,2026-08-12,1,-2.076,-2.076,-2.076,False,True,False,84.0,推荐,trade,4,afternoon,actual_trade,unknown,2,cache_backfill,2026-08-11 14:33:58,2026-08-11 14:45:29,21.17,False,ok,2026-08-12,open,21.08,-0.42512990080303403,19.94,22.24,True,0,1.650870099196966,0.5817157290529895,-1.0068456298560235
2656,overnight,002251,步步高,2026-08-11,2026-08-12,1,1.542,1.542,1.542,True,False,False,74.0,推荐,trade,5,afternoon,actual_trade,unknown,2,contemporaneous,,2026-08-11 14:45:29,3.88,False,ok,2026-08-12,open,3.83,-1.2886597938144284,3.69,4.06,True,0,-2.8306597938144282,0.5817157290529895,-1.870375522867418
2713,overnight,002969,嘉美包装,2026-08-12,2026-08-13,1,-0.944,-0.944,-0.944,False,False,False,85.0,强烈推荐,trade,4,afternoon,actual_trade,unknown,2,cache_backfill,2026-08-12 14:32:43,2026-08-12 14:45:28,14.82,False,ok,2026-08-13,open,14.8,-0.13495276653171517,14.04,15.0,True,0,0.8090472334682848,-0.5749405233941407,0.4399877568624255
2714,overnight,300401,花园生物,2026-08-12,2026-08-13,1,1.285,1.285,1.285,True,False,False,83.0,推荐,trade,5,afternoon,actual_trade,unknown,2,cache_backfill,2026-08-12 14:32:43,2026-08-12 14:45:28,15.46,False,ok,2026-08-13,open,15.51,0.32341526520049957,15.05,15.86,True,0,-0.9615847347995004,-0.5749405233941407,0.8983557885946403
2764,overnight,301550,斯菱智驱,2026-08-13,2026-08-14,1,-0.778,-0.778,-0.778,False,False,False,87.0,强烈推荐,trade,2,afternoon,actual_trade,unknown,3,cache_backfill,2026-08-13 14:34:23,2026-08-13 14:45:05,92.16,False,ok,2026-08-14,open,90.17,-2.159288194444442,87.0,93.66,True,0,-1.381288194444442,0.04138123264616489,-2.200669427090607
2765,overnight,600129,太极集团,2026-08-13,2026-08-14,1,-2.173,-2.173,-2.173,False,True,False,84.0,推荐,trade,4,afternoon,actual_trade,unknown,3,contemporaneous,,2026-08-13 14:45:05,16.61,False,ok,2026-08-14,open,16.4,-1.2642986152920033,15.72,17.0,True,0,0.9087013847079968,0.04138123264616489,-1.3056798479381682
2766,overnight,002445,中南文化,2026-08-13,2026-08-14,1,-0.949,-0.949,-0.949,False,False,False,83.0,推荐,trade,5,afternoon,actual_trade,unknown,3,contemporaneous,,2026-08-13 14:45:05,3.17,False,ok,2026-08-14,open,3.11,-1.8927444794952675,3.04,3.34,True,0,-0.9437444794952675,0.04138123264616489,-1.9341257121414324
2811,overnight,002153,石基信息,2026-08-14,2026-08-17,1,-5.017,-5.017,-5.017,False,True,False,91.0,强烈推荐,trade,1,afternoon,actual_trade,unknown,3,cache_backfill,2026-08-14 14:32:57,2026-08-14 14:45:36,8.76,False,ok,2026-08-17,open,8.6,-1.82648401826484,8.33,9.22,True,0,3.1905159817351603,1.6121289017291485,-3.4386129199939885
2812,overnight,002757,南兴股份,2026-08-14,2026-08-17,1,-1.278,-1.278,-1.278,False,False,False,81.0,推荐,trade,2,afternoon,actual_trade,unknown,3,cache_backfill,2026-08-14 14:32:57,2026-08-14 14:45:36,18.02,False,ok,2026-08-17,open,17.98,-0.221975582685896,17.27,18.19,True,0,1.056024417314104,1.6121289017291485,-1.8341044844150445
2813,overnight,002192,融捷股份,2026-08-14,2026-08-17,1,-0.49,-0.49,-0.49,False,False,False,80.0,推荐,trade,3,afternoon,actual_trade,unknown,3,cache_backfill,2026-08-14 14:32:57,2026-08-14 14:45:36,73.54,False,ok,2026-08-17,open,74.0,0.6255099265705555,71.7,75.19,True,0,1.1155099265705555,1.6121289017291485,-0.986618975158593
2948,overnight,002957,科瑞技术,2026-08-18,2026-08-19,1,-4.693,-4.693,-4.693,False,True,False,85.0,强烈推荐,trade,4,afternoon,actual_trade,unknown,3,cache_backfill,2026-08-18 14:32:49,2026-08-18 14:45:16,43.68,False,ok,2026-08-19,open,41.65,-4.647435897435903,42.9,44.68,True,0,0.04556410256409649,-2.90130157581453,-1.7461343216213732
2949,overnight,300602,飞荣达,2026-08-18,2026-08-19,1,-2.327,-2.327,-2.327,False,True,False,85.0,强烈推荐,trade,5,afternoon,historical_open_proxy,unknown,3,cache_backfill,2026-08-18 14:32:49,2026-08-18 14:45:16,43.41,False,ok,2026-08-19,open,42.4,-2.3266528449665924,41.11,44.65,True,0,0.0003471550334075424,-2.90130157581453,0.5746487308479375
3071,overnight,002385,大北农,2026-08-20,2026-08-21,1,-3.235,-3.235,-3.235,False,True,False,91.0,强烈推荐,trade,2,afternoon,actual_trade,unknown,3,cache_backfill,2026-08-20 14:32:58,2026-08-20 14:45:06,3.39,False,ok,2026-08-21,open,3.31,-2.359882005899705,3.12,3.47,True,0,0.8751179941002949,0.5693756463992061,-2.929257652298911
3072,overnight,000628,高新发展,2026-08-20,2026-08-21,1,-0.049,-0.049,-0.049,False,False,False,86.0,强烈推荐,trade,3,afternoon,actual_trade,unknown,3,cache_backfill,2026-08-20 14:32:58,2026-08-20 14:45:06,41.18,False,ok,2026-08-21,open,41.24,0.14570179698882857,39.31,42.45,True,0,0.19470179698882856,0.5693756463992061,-0.42367384941037756
3073,overnight,000973,佛塑科技,2026-08-20,2026-08-21,1,-1.738,-1.738,-1.738,False,False,False,81.0,推荐,trade,5,afternoon,actual_trade,unknown,3,cache_backfill,2026-08-20 14:32:58,2026-08-20 14:45:06,14.38,False,ok,2026-08-21,open,14.45,0.48678720445061163,13.83,14.83,True,0,2.2247872044506116,0.5693756463992061,-0.0825884419485945
3135,overnight,002957,科瑞技术,2026-08-21,2026-08-24,1,-0.283,-0.283,-0.283,False,False,False,87.0,强烈推荐,trade,1,afternoon,actual_trade,unknown,3,cache_backfill,2026-08-21 14:32:32,2026-08-21 14:45:05,42.62,False,ok,2026-08-24,open,43.16,1.2670107930549124,39.91,43.84,True,0,1.5500107930549123,-1.2074303405572695,2.474441133612182
3136,overnight,301550,斯菱智驱,2026-08-21,2026-08-24,1,2.64,2.64,2.64,True,False,True,84.0,推荐,trade,2,afternoon,actual_trade,unknown,3,cache_backfill,2026-08-21 14:32:32,2026-08-21 14:45:05,87.74,False,ok,2026-08-24,open,88.22,0.5470708912696631,82.77,89.5,True,0,-2.092929108730337,-1.2074303405572695,1.7545012318269326
3137,overnight,603162,海通发展,2026-08-21,2026-08-24,1,1.137,1.137,1.137,True,False,False,82.0,推荐,trade,3,afternoon,actual_trade,unknown,3,cache_backfill,2026-08-21 14:32:32,2026-08-21 14:45:05,12.35,False,ok,2026-08-24,open,12.25,-0.8097165991902799,11.66,12.68,True,0,-1.94671659919028,-1.2074303405572695,0.39771374136698956
3212,overnight,002274,华昌化工,2026-08-24,2026-08-25,1,-1.312,-1.312,-1.312,False,False,False,96.0,强烈推荐,trade,1,afternoon,actual_trade,unknown,3,cache_backfill,2026-08-24 14:31:53,2026-08-24 14:45:34,6.07,False,ok,2026-08-25,open,6.06,-0.16474464579901982,5.79,6.16,True,0,1.1472553542009802,-0.2432540821760587,0.07850943637703889
3213,overnight,601015,陕西黑猫,2026-08-24,2026-08-25,1,-0.545,-0.545,-0.545,False,False,False,90.0,强烈推荐,trade,2,afternoon,actual_trade,unknown,3,cache_backfill,2026-08-24 14:31:53,2026-08-24 14:45:34,3.68,False,ok,2026-08-25,open,3.65,-0.815217391304357,3.6,3.78,True,0,-0.27021739130435696,-0.2432540821760587,-0.5719633091282983
3214,overnight,601011,宝泰隆,2026-08-24,2026-08-25,1,-3.667,-3.667,-3.667,False,True,False,86.0,强烈推荐,trade,3,afternoon,actual_trade,unknown,3,cache_backfill,2026-08-24 14:31:53,2026-08-24 14:45:34,3.0,False,ok,2026-08-25,open,2.9,-3.3333333333333326,2.71,3.08,True,0,0.3336666666666672,-0.2432540821760587,-3.090079251157274
3274,overnight,002213,大为股份,2026-08-25,2026-08-26,1,-2.423,-2.423,-2.423,False,True,False,82.0,推荐,trade,2,afternoon,actual_trade,unknown,4,cache_backfill,2026-08-25 14:32:58,2026-08-25 14:45:33,32.66,False,ok,2026-08-26,open,32.63,-0.09185548071033445,29.65,33.28,True,0,2.3311445192896656,0.8514882371161825,-0.9433437178265169
3275,overnight,002443,金洲管道,2026-08-25,2026-08-26,1,0.307,0.307,0.307,True,False,False,82.0,推荐,trade,3,afternoon,actual_trade,unknown,4,cache_backfill,2026-08-25 14:32:58,2026-08-25 14:45:33,9.75,False,ok,2026-08-26,open,9.82,0.7179487179487243,9.1,9.96,True,0,0.4109487179487243,0.8514882371161825,-0.1335395191674582
3276,overnight,002824,和胜股份,2026-08-25,2026-08-26,1,-1.269,-1.269,-1.269,False,False,False,74.0,推荐,trade,5,afternoon,actual_trade,unknown,4,contemporaneous,2026-08-25 14:45:33,2026-08-25 14:45:33,25.13,False,ok,2026-08-26,open,25.26,0.5173099880620979,23.35,25.5,True,0,1.7863099880620978,0.8514882371161825,-0.33417824905408455
3337,overnight,300601,康泰生物,2026-08-26,2026-08-27,1,-1.917,-1.917,-1.917,False,False,False,90.0,强烈推荐,trade,1,afternoon,actual_trade,unknown,4,cache_backfill,2026-08-26 14:32:22,2026-08-26 14:45:18,13.55,False,ok,2026-08-27,open,13.33,-1.6236162361623618,13.18,13.9,True,0,0.2933837638376382,0.8602005319345851,-2.483816768096947
3338,overnight,300130,新国都,2026-08-26,2026-08-27,1,-0.101,-0.101,-0.101,False,False,False,71.0,推荐,trade,2,afternoon,actual_trade,unknown,4,cache_backfill,2026-08-26 14:32:22,2026-08-26 14:45:18,19.7,False,ok,2026-08-27,open,19.65,-0.2538071065989911,18.9,20.0,True,0,-0.15280710659899108,0.8602005319345851,-1.1140076385335762
3408,overnight,002215,诺 普 信,2026-08-27,2026-08-28,1,-1.048,-1.048,-1.048,False,False,False,100.0,强烈推荐,trade,1,afternoon,actual_trade,unknown,4,cache_backfill,2026-08-27 14:33:08,2026-08-27 14:45:09,10.47,False,ok,2026-08-28,open,10.42,-0.47755491881567025,10.02,10.55,True,0,0.5704450811843298,-0.4556959838281749,-0.02185893498749536
3409,overnight,000523,红棉股份,2026-08-27,2026-08-28,1,2.332,2.332,2.332,True,False,True,98.0,强烈推荐,trade,2,afternoon,actual_trade,unknown,4,cache_backfill,2026-08-27 14:33:08,2026-08-27 14:45:09,3.42,False,ok,2026-08-28,open,3.46,1.1695906432748648,3.24,3.45,True,0,-1.162409356725135,-0.4556959838281749,1.6252866271030397
3410,overnight,300192,科德教育,2026-08-27,2026-08-28,1,1.054,1.054,1.054,True,False,False,94.0,强烈推荐,trade,3,afternoon,actual_trade,unknown,4,cache_backfill,2026-08-27 14:33:08,2026-08-27 14:45:09,17.01,False,ok,2026-08-28,open,17.2,1.1169900058788818,16.33,17.3,True,0,0.0629900058788817,-0.4556959838281749,1.5726859897070566
3482,overnight,000523,红棉股份,2026-08-28,2026-08-31,1,-3.39,-3.39,-3.39,False,True,False,100.0,强烈推荐,trade,1,afternoon,actual_trade,unknown,4,cache_backfill,2026-08-28 14:32:28,2026-08-28 14:45:15,3.55,False,ok,2026-08-31,open,3.5,-1.4084507042253502,3.4,3.63,True,0,1.9815492957746499,0.3451807045938615,-1.7536314088192118
3483,overnight,300328,宜安科技,2026-08-28,2026-08-31,1,-3.242,-3.242,-3.242,False,True,False,96.0,强烈推荐,trade,3,afternoon,actual_trade,unknown,4,cache_backfill,2026-08-28 14:32:28,2026-08-28 14:45:15,17.97,False,ok,2026-08-31,open,17.4,-3.171953255425708,16.8,18.1,True,0,0.07004674457429205,0.3451807045938615,-3.5171339600195695
3484,overnight,002470,金正大,2026-08-28,2026-08-31,1,-0.922,-0.922,-0.922,False,False,False,94.0,强烈推荐,trade,4,afternoon,actual_trade,unknown,4,cache_backfill,2026-08-28 14:32:28,2026-08-28 14:45:15,2.17,False,ok,2026-08-31,open,2.16,-0.4608294930875445,2.01,2.18,True,0,0.46117050691245554,0.3451807045938615,-0.806010197681406
3680,overnight,002530,金财互联,2026-08-05,2026-08-06,1,-1.457,-1.457,-1.457,False,False,False,86.0,强烈推荐,trade,4,afternoon,historical_open_proxy,unknown,2,cache_backfill,2026-08-05 14:34:37,2026-08-31 17:00:32,7.55,False,ok,2026-08-06,open,7.44,-1.4569536423840956,7.24,7.8,True,0,4.6357615904435434e-05,-0.14683941049556948,-1.3101142318885262
3683,overnight,001337,四川黄金,2026-08-06,2026-08-07,1,0.469,0.469,0.469,True,False,False,79.0,推荐,trade,4,afternoon,historical_open_proxy,unknown,2,cache_backfill,2026-08-06 14:36:22,2026-08-31 17:00:33,44.79,False,ok,2026-08-07,open,45.0,0.46885465505692725,43.97,46.87,True,0,-0.00014534494307272272,0.9272656520420863,-0.4584109969851591
3687,overnight,300593,新雷能,2026-08-07,2026-08-10,1,2.151,2.151,2.151,True,False,True,84.0,推荐,trade,1,afternoon,historical_open_proxy,unknown,2,cache_backfill,2026-08-07 14:34:15,2026-08-31 17:00:33,27.9,False,ok,2026-08-10,open,28.5,2.1505376344086002,26.28,28.32,True,0,-0.00046236559139956057,0.16146760849005126,1.989070025918549
3688,overnight,300263,隆华科技,2026-08-07,2026-08-10,1,2.196,2.196,2.196,True,False,True,82.0,推荐,trade,3,afternoon,historical_open_proxy,unknown,2,cache_backfill,2026-08-07 14:34:15,2026-08-31 17:00:33,10.02,False,ok,2026-08-10,open,10.24,2.1956087824351433,9.44,10.14,True,0,-0.00039121756485682724,0.16146760849005126,2.034141173945092
3689,overnight,002793,罗欣药业,2026-08-07,2026-08-10,1,0.759,0.759,0.759,True,False,False,81.0,推荐,trade,4,afternoon,historical_open_proxy,unknown,2,cache_backfill,2026-08-07 14:34:15,2026-08-31 17:00:33,5.27,False,ok,2026-08-10,open,5.31,0.7590132827324458,5.05,5.34,True,0,1.328273244582956e-05,0.16146760849005126,0.5975456742423946
3697,overnight,603626,科森科技,2026-08-11,2026-08-12,1,0.979,0.979,0.979,True,False,False,89.0,强烈推荐,trade,3,afternoon,historical_open_proxy,unknown,2,cache_backfill,2026-08-11 14:33:58,2026-08-31 17:00:33,16.34,False,ok,2026-08-12,open,16.5,0.9791921664626724,15.43,16.94,True,0,0.000192166462672394,0.5817157290529895,0.39747643740968286
3703,overnight,603012,创力集团,2026-08-13,2026-08-14,1,0.758,0.758,0.758,True,False,False,88.0,强烈推荐,trade,1,afternoon,historical_open_proxy,unknown,3,cache_backfill,2026-08-13 14:34:23,2026-08-31 17:00:34,9.24,False,ok,2026-08-14,open,9.31,0.7575757575757569,8.97,9.48,True,0,-0.0004242424242431042,0.04138123264616489,0.716194524929592
3704,overnight,300199,翰宇药业,2026-08-13,2026-08-14,1,-2.758,-2.758,-2.758,False,True,False,85.0,强烈推荐,trade,3,afternoon,historical_open_proxy,unknown,3,cache_backfill,2026-08-13 14:34:23,2026-08-31 17:00:34,26.83,False,ok,2026-08-14,open,26.09,-2.758106597092802,25.9,27.7,True,0,-0.00010659709280202989,0.04138123264616489,-2.799487829738967
3711,overnight,300249,依米康,2026-08-17,2026-08-18,1,-0.446,-0.446,-0.446,False,False,False,84.0,推荐,trade,1,afternoon,historical_open_proxy,unknown,3,cache_backfill,2026-08-17 14:35:22,2026-08-31 17:00:34,13.44,False,ok,2026-08-18,open,13.38,-0.44642857142855874,12.95,13.54,True,0,-0.00042857142855873276,-0.3224989981227999,-0.12392957330575882
3712,overnight,002361,神剑股份,2026-08-17,2026-08-18,1,1.71,1.71,1.71,True,False,True,82.0,推荐,trade,3,afternoon,historical_open_proxy,unknown,3,cache_backfill,2026-08-17 14:35:22,2026-08-31 17:00:34,12.28,False,ok,2026-08-18,open,12.49,1.7100977198697187,11.87,12.35,True,0,9.771986971873758e-05,-0.3224989981227999,2.0325967179925186
3713,overnight,301005,超捷股份,2026-08-17,2026-08-18,1,0.843,0.843,0.843,True,False,False,84.0,推荐,trade,2,afternoon,historical_open_proxy,unknown,3,cache_backfill,2026-08-17 14:35:22,2026-08-31 17:00:34,87.8,False,ok,2026-08-18,open,88.54,0.842824601366754,85.01,88.85,True,0,-0.00017539863324600447,-0.3224989981227999,1.1653235994895539
3717,overnight,600216,浙江医药,2026-08-18,2026-08-19,1,-1.743,-1.743,-1.743,False,False,False,95.0,强烈推荐,trade,1,afternoon,historical_open_proxy,unknown,3,cache_backfill,2026-08-18 14:32:49,2026-08-31 17:00:35,13.77,False,ok,2026-08-19,open,13.53,-1.7429193899782147,13.53,14.29,True,0,8.061002178538779e-05,-2.90130157581453,1.1583821858363152
3722,overnight,000525,红太阳,2026-08-19,2026-08-20,1,-2.058,-2.058,-2.058,False,False,False,71.0,推荐,trade,1,afternoon,historical_open_proxy,unknown,3,cache_backfill,2026-08-19 14:32:04,2026-08-31 17:00:35,4.86,False,ok,2026-08-20,open,4.76,-2.0576131687242927,4.48,4.98,True,0,0.0003868312757071557,0.08826029158586213,-2.145873460310155
144,moving_average,002475,立讯精密,2026-03-13,2026-03-27,10,18.8,19.65,8.69,True,,,94.0,强烈推荐,trade,1,morning,close_snapshot,unknown,1,cache_backfill,,2026-07-30 20:36:56,42.6,False,ok,2026-03-27,close,50.61,18.802816901408438,49.05,50.28,False,-13.149847094801215,0.0028169014084369337,-3.567466385672746,22.370283287081183
145,moving_average,601012,隆基绿能,2026-03-13,2026-03-27,10,-18.95,-16.67,-19.61,False,,,90.0,强烈推荐,trade,2,morning,close_snapshot,unknown,1,cache_backfill,,2026-07-30 20:36:57,22.85,False,ok,2026-03-27,close,18.52,-18.94967177242889,18.78,19.47,False,17.360041088854672,0.0003282275711100624,-3.567466385672746,-15.382205386756143
146,moving_average,300059,东方财富,2026-03-13,2026-03-27,10,1.37,13.77,0.9,True,,,87.0,推荐,trade,3,morning,close_snapshot,unknown,1,cache_backfill,,2026-07-30 20:36:57,18.95,False,ok,2026-03-27,close,19.21,1.3720316622691353,21.06,21.46,False,-10.018993352326689,0.0020316622691352038,-3.567466385672746,4.939498047941882
160,moving_average,300720,海川智能,2026-03-17,2026-03-31,10,17.89,36.8,0.29,True,,,95.0,强烈推荐,trade,1,morning,close_snapshot,unknown,1,cache_backfill,,2026-07-30 20:37:18,52.55,False,ok,2026-03-31,close,61.95,17.88772597526167,48.22,52.88,True,0,-0.0022740247383303824,-4.0408069969638305,21.9285329722255
161,moving_average,002730,电光科技,2026-03-17,2026-03-31,10,26.13,26.13,2.0,True,,,95.0,强烈推荐,trade,2,morning,close_snapshot,unknown,1,cache_backfill,,2026-07-30 20:37:19,21.01,False,ok,2026-03-31,close,26.5,26.130414088529253,19.48,21.57,True,0,0.0004140885292542862,-4.0408069969638305,30.171221085493084
162,moving_average,300840,酷特智能,2026-03-17,2026-03-31,10,-11.91,1.77,-16.52,False,,,87.0,推荐,trade,3,morning,close_snapshot,unknown,1,cache_backfill,,2026-07-30 20:37:20,19.73,False,ok,2026-03-31,close,17.38,-11.910795742524083,18.6,20.28,True,0,-0.0007957425240832094,-4.0408069969638305,-7.869988745560253
185,moving_average,688106,金宏气体,2026-03-19,2026-04-02,10,-5.41,10.08,-8.71,False,,,95.0,强烈推荐,trade,3,manual,close_snapshot,unknown,1,cache_backfill,,2026-07-30 20:37:54,27.89,False,ok,2026-04-02,close,26.38,-5.414126927214058,26.51,28.89,True,0,-0.0041269272140578295,-2.2765504827360505,-3.1375764444780074
186,moving_average,300302,同有科技,2026-03-19,2026-04-02,10,-26.81,-6.41,-26.81,False,,,95.0,推荐,trade,5,manual,close_snapshot,unknown,1,cache_backfill,,2026-07-30 20:37:55,26.37,False,ok,2026-04-02,close,19.3,-26.810769814182787,26.01,28.39,True,0,-0.0007698141827887639,-2.2765504827360505,-24.534219331446735
212,moving_average,301309,万得凯,2026-03-23,2026-04-21,10,-0.28,14.06,-8.89,False,,,95.0,强烈推荐,trade,1,manual,close_snapshot,unknown,1,cache_backfill,,2026-07-30 20:38:32,35.42,True,missing_price,,,,,,,,,,,
213,moving_average,301292,海科新源,2026-03-23,2026-04-07,10,27.24,46.8,2.15,True,,,91.0,强烈推荐,trade,2,manual,close_snapshot,unknown,1,cache_backfill,,2026-07-30 20:38:32,67.56,False,ok,2026-04-07,close,85.96,27.235050325636468,61.0,68.85,True,0,-0.004949674363530221,0.5119963784517845,26.723053947184685
214,moving_average,603803,瑞斯康达,2026-03-23,2026-04-07,10,-9.51,7.58,-14.27,False,,,88.0,强烈推荐,trade,4,manual,close_snapshot,unknown,1,cache_backfill,,2026-07-30 20:38:34,14.51,False,ok,2026-04-07,close,13.13,-9.510682288077177,12.7,14.61,True,0,-0.0006822880771775175,0.5119963784517845,-10.022678666528961
226,moving_average,000968,蓝焰控股,2026-03-24,2026-04-08,10,-14.18,5.18,-14.18,False,,,93.0,强烈推荐,trade,3,premarket,close_snapshot,unknown,1,cache_backfill,,2026-07-30 20:39:01,11.0,False,ok,2026-04-08,close,9.44,-14.181818181818183,10.04,10.68,False,2.9962546816479474,-0.0018181818181837173,2.700504165623774,-16.882322347441956
227,moving_average,300389,艾比森,2026-03-24,2026-04-08,10,-12.16,0.24,-18.08,False,,,87.0,强烈推荐,trade,3,manual,close_snapshot,unknown,1,cache_backfill,,2026-07-30 20:39:05,20.47,False,ok,2026-04-08,close,17.98,-12.164142647777233,19.22,21.34,True,0,-0.004142647777232611,2.700504165623774,-14.864646813401006
228,moving_average,600982,宁波能源,2026-03-24,2026-04-08,10,-5.79,28.95,-8.95,False,,,96.0,推荐,trade,1,premarket,close_snapshot,unknown,1,cache_backfill,,2026-07-30 20:39:06,5.7,False,ok,2026-04-08,close,5.37,-5.789473684210522,5.42,6.27,True,0,0.0005263157894779269,2.700504165623774,-8.489977849834297
251,moving_average,000966,长源电力,2026-03-25,2026-04-09,10,-23.86,2.98,-23.86,False,,,92.0,推荐,trade,1,manual,close_snapshot,unknown,1,cache_backfill,,2026-07-30 20:39:47,5.7,False,ok,2026-04-09,close,4.34,-23.859649122807024,5.14,5.77,True,0,0.0003508771929752186,0.6336130046038946,-24.49326212741092
252,moving_average,300385,雪浪环境,2026-03-25,2026-04-09,10,-25.8,1.33,-25.8,False,,,88.0,推荐,trade,3,manual,close_snapshot,unknown,1,cache_backfill,,2026-07-30 20:39:48,20.35,False,ok,2026-04-09,close,15.1,-25.798525798525805,18.2,21.77,True,0,0.0014742014741955245,0.6336130046038946,-26.4321388031297
253,moving_average,600930,华电新能,2026-03-25,2026-04-09,10,-22.49,-7.07,-22.88,False,,,80.0,推荐,trade,5,manual,close_snapshot,unknown,1,cache_backfill,,2026-07-30 20:39:49,7.78,False,ok,2026-04-09,close,6.03,-22.493573264781485,7.03,7.88,True,0,-0.0035732647814867846,0.6336130046038946,-23.12718626938538
269,moving_average,000973,佛塑科技,2026-03-26,2026-04-10,10,-1.84,6.12,-5.9,False,,,95.0,强烈推荐,trade,2,afternoon,close_snapshot,unknown,1,cache_backfill,,2026-07-30 20:40:22,18.46,False,ok,2026-04-10,close,18.12,-1.8418201516793076,16.91,18.73,True,0,-0.0018201516793074912,3.551958334170857,-5.393778485850165
270,moving_average,300668,杰恩设计,2026-03-26,2026-04-10,10,41.61,41.61,2.94,True,,,95.0,推荐,trade,2,premarket,close_snapshot,unknown,1,cache_backfill,,2026-07-30 20:40:22,36.0,False,ok,2026-04-10,close,50.98,41.61111111111111,35.49,43.2,True,0,0.001111111111107732,3.551958334170857,38.05915277694025
271,moving_average,002082,万邦德,2026-03-26,2026-04-10,10,38.48,68.4,21.0,True,,,95.0,推荐,trade,3,premarket,close_snapshot,unknown,1,cache_backfill,,2026-07-30 20:40:23,21.52,False,ok,2026-04-10,close,29.8,38.47583643122676,21.52,23.67,True,0,-0.004163568773236648,3.551958334170857,34.923878097055905
295,moving_average,600773,西藏城投,2026-03-27,2026-04-13,10,-2.22,-0.91,-12.02,False,,,87.0,强烈推荐,trade,2,afternoon,close_snapshot,unknown,1,cache_backfill,,2026-07-30 20:41:07,19.8,False,ok,2026-04-13,close,19.36,-2.2222222222222254,17.76,20.05,True,0,-0.002222222222225234,3.1888454815805156,-5.4110677038027415
296,moving_average,603115,海星股份,2026-03-27,2026-04-13,10,4.74,18.67,4.28,True,,,95.0,推荐,trade,1,premarket,close_snapshot,unknown,1,cache_backfill,,2026-07-30 20:41:09,39.48,False,ok,2026-04-13,close,41.35,4.736575481256344,38.0,43.43,True,0,-0.003424518743655902,3.1888454815805156,1.5477299996758287
297,moving_average,605299,舒华体育,2026-03-27,2026-04-13,10,-5.41,20.04,-5.41,False,,,88.0,推荐,trade,1,manual,close_snapshot,unknown,1,cache_backfill,,2026-07-30 20:41:09,19.21,False,ok,2026-04-13,close,18.17,-5.413846954711088,16.14,19.25,True,0,-0.003846954711088202,3.1888454815805156,-8.602692436291605
321,moving_average,000048,京基智农,2026-03-30,2026-04-14,10,-29.65,6.29,-31.04,False,,,100.0,强烈推荐,trade,1,afternoon,close_snapshot,unknown,1,cache_backfill,,2026-07-30 20:41:53,22.26,False,ok,2026-04-14,close,15.66,-29.64959568733154,20.5,22.61,True,0,0.0004043126684578624,4.660114204298793,-34.309709891630334
322,moving_average,002432,九安医疗,2026-03-30,2026-04-14,10,3.97,23.95,-1.67,True,,,95.0,强烈推荐,trade,2,afternoon,close_snapshot,unknown,1,cache_backfill,,2026-07-30 20:41:53,74.83,False,ok,2026-04-14,close,77.8,3.9689963918214666,65.7,75.5,True,0,-0.0010036081785336215,4.660114204298793,-0.6911178124773265
323,moving_average,600773,西藏城投,2026-03-30,2026-04-14,10,4.82,4.82,-11.57,True,,,95.0,强烈推荐,trade,3,premarket,close_snapshot,unknown,1,cache_backfill,,2026-07-30 20:41:55,19.7,False,ok,2026-04-14,close,20.65,4.822335025380697,19.2,20.18,True,0,0.0023350253806970755,4.660114204298793,0.16222082108190428
346,moving_average,000048,京基智农,2026-03-31,2026-04-15,10,-34.99,-10.99,-35.83,False,,,100.0,强烈推荐,trade,1,manual,close_snapshot,unknown,1,cache_backfill,,2026-07-30 20:42:36,23.92,False,ok,2026-04-15,close,15.55,-34.991638795986624,23.06,24.24,True,0,-0.001638795986622199,5.2853338726531085,-40.27697266863973
347,moving_average,002082,万邦德,2026-03-31,2026-04-15,10,-4.09,22.35,-4.09,False,,,92.0,强烈推荐,trade,2,manual,close_snapshot,unknown,1,cache_backfill,,2026-07-30 20:42:37,29.62,False,ok,2026-04-15,close,28.41,-4.085077650236335,27.01,30.2,True,0,0.004922349763664791,5.2853338726531085,-9.370411522889444
348,moving_average,301399,英特科技,2026-03-31,2026-04-15,10,-1.79,0.73,-13.46,False,,,88.0,强烈推荐,trade,3,manual,close_snapshot,unknown,1,cache_backfill,,2026-07-30 20:42:40,24.52,False,ok,2026-04-15,close,24.08,-1.794453507340954,22.53,25.38,True,0,-0.004453507340953955,5.2853338726531085,-7.0797873799940625
373,moving_average,301201,诚达药业,2026-04-01,2026-04-16,10,-16.83,21.37,-16.83,False,,,91.0,强烈推荐,trade,1,premarket,close_snapshot,unknown,1,cache_backfill,,2026-07-30 20:43:27,51.7,False,ok,2026-04-16,close,43.0,-16.827852998065772,52.21,61.26,False,-0.9768243631488205,0.0021470019342260116,4.651717715368964,-21.479570713434736
374,moving_average,301399,英特科技,2026-04-01,2026-04-16,10,-1.73,-0.76,-14.74,False,,,88.0,强烈推荐,trade,2,premarket,close_snapshot,unknown,1,cache_backfill,,2026-07-30 20:43:27,24.89,False,ok,2026-04-16,close,24.46,-1.7276014463640021,23.3,24.61,False,1.137748882568057,0.0023985536359978354,4.651717715368964,-6.379319161732965
375,moving_average,603016,新宏泰,2026-04-01,2026-04-16,10,-1.25,6.17,-12.4,False,,,87.0,强烈推荐,trade,3,premarket,close_snapshot,unknown,1,cache_backfill,,2026-07-30 20:43:28,48.13,False,ok,2026-04-16,close,47.53,-1.2466237274049496,44.42,50.9,True,0,0.003376272595050356,4.651717715368964,-5.898341442773914
411,moving_average,000703,恒逸石化,2026-04-09,2026-04-23,10,-7.01,-0.87,-7.01,False,,,91.0,强烈推荐,trade,3,afternoon,close_snapshot,unknown,1,cache_backfill,,2026-07-30 20:44:28,16.11,False,ok,2026-04-23,close,14.98,-7.0142768466790795,14.59,16.17,True,0,-0.004276846679079682,4.820398491531286,-11.834675338210365
412,moving_average,300782,卓胜微,2026-04-09,2026-04-23,10,7.74,17.83,2.71,True,,,92.0,推荐,trade,2,afternoon,close_snapshot,unknown,1,cache_backfill,,2026-07-30 20:44:29,97.25,False,ok,2026-04-23,close,104.78,7.742930591259634,88.88,101.18,True,0,0.0029305912596333528,4.820398491531286,2.9225320997283477
413,moving_average,301309,万得凯,2026-04-09,2026-04-23,10,-16.04,-12.38,-20.12,False,,,88.0,推荐,trade,3,premarket,close_snapshot,unknown,1,cache_backfill,,2026-07-30 20:44:30,40.4,False,ok,2026-04-23,close,33.92,-16.039603960396033,36.06,40.38,True,0.04952947003467045,0.00039603960396661364,4.820398491531286,-20.86000245192732
448,moving_average,000762,西藏矿业,2026-04-10,2026-04-24,10,14.93,14.93,0.48,True,False,True,88.0,推荐,trade,2,manual,close_snapshot,unknown,1,cache_backfill,,2026-07-30 20:45:33,33.5,False,ok,2026-04-24,close,38.5,14.925373134328357,30.51,33.88,True,0,-0.0046268656716428325,2.864186241122213,12.061186893206145
465,moving_average,000967,盈峰环境,2026-04-13,2026-04-27,10,25.88,37.7,14.16,True,False,True,95.0,强烈推荐,trade,2,premarket,close_snapshot,unknown,1,cache_backfill,,2026-07-30 20:46:08,10.24,False,ok,2026-04-27,close,12.89,25.87890625,10.23,10.88,True,0,-0.0010937499999990052,2.686094938820327,23.192811311179675
466,moving_average,300051,琏升科技,2026-04-13,2026-04-27,10,23.23,36.97,5.83,True,False,True,87.0,强烈推荐,trade,5,afternoon,close_snapshot,unknown,1,cache_backfill,,2026-07-30 20:46:09,13.39,False,ok,2026-04-27,close,16.5,23.22628827483195,12.11,13.99,True,0,-0.0037117251680491847,2.686094938820327,20.540193336011626
467,moving_average,605376,博迁新材,2026-04-13,2026-04-27,10,4.94,4.94,-5.83,True,True,False,87.0,推荐,trade,4,afternoon,close_snapshot,unknown,1,cache_backfill,,2026-07-30 20:51:34,113.4,False,ok,2026-04-27,close,119.0,4.938271604938271,104.2,115.0,True,0,-0.00172839506172906,2.686094938820327,2.2521766661179443
499,moving_average,002653,海思科,2026-04-14,2026-04-28,10,-5.86,-2.69,-7.6,False,True,False,91.0,强烈推荐,trade,2,premarket,close_snapshot,unknown,1,cache_backfill,,2026-07-30 20:51:38,60.63,False,ok,2026-04-28,close,57.08,-5.855187201055589,57.03,58.88,False,2.9721467391304435,0.004812798944411334,1.210946805976243,-7.066134007031832
502,moving_average,300936,中英科技,2026-04-14,2026-04-28,10,1.57,8.89,-5.43,True,False,True,90.0,强烈推荐,trade,3,manual,close_snapshot,unknown,1,cache_backfill,,2026-07-30 20:51:38,70.0,False,ok,2026-04-28,close,71.1,1.571428571428557,64.64,74.4,True,0,0.0014285714285569018,1.210946805976243,0.36048176545231403
503,moving_average,002950,奥美医疗,2026-04-14,2026-04-28,10,-2.95,-1.44,-10.42,False,True,False,91.0,强烈推荐,trade,3,premarket,close_snapshot,unknown,1,cache_backfill,,2026-07-30 20:51:38,14.59,False,ok,2026-04-28,close,14.16,-2.947224126113779,14.06,14.84,True,0,0.0027758738862213583,1.210946805976243,-4.158170932090021
537,moving_average,300936,中英科技,2026-04-15,2026-04-29,10,0.46,8.89,0.46,True,False,,90.0,强烈推荐,trade,3,premarket,close_snapshot,unknown,1,cache_backfill,,2026-07-30 20:51:43,70.0,False,ok,2026-04-29,close,70.32,0.45714285714284486,65.68,69.9,False,0.14306151645206988,-0.0028571428571551594,2.6700816391868276,-2.2129387820439828
538,moving_average,301306,西测测试,2026-04-15,2026-04-29,10,-14.88,2.44,-14.88,False,True,,88.0,推荐,trade,2,afternoon,close_snapshot,unknown,1,cache_backfill,,2026-07-30 20:51:43,175.11,False,ok,2026-04-29,close,149.05,-14.882074124835821,161.0,185.79,True,0,-0.002074124835820257,2.6700816391868276,-17.55215576402265
539,moving_average,300559,佳发教育,2026-04-15,2026-04-29,10,-5.72,3.43,-13.26,False,True,,87.0,推荐,trade,3,afternoon,close_snapshot,unknown,1,cache_backfill,,2026-07-30 20:51:43,14.86,False,ok,2026-04-29,close,14.01,-5.720053835800809,13.52,15.24,True,0,-5.383580080930983e-05,2.6700816391868276,-8.390135474987638
578,moving_average,000762,西藏矿业,2026-04-16,2026-04-30,10,4.82,5.36,-3.63,True,False,,87.0,强烈推荐,trade,3,afternoon,close_snapshot,unknown,1,cache_backfill,,2026-07-30 20:51:48,36.92,False,ok,2026-04-30,close,38.7,4.821235102925248,33.85,37.11,True,0,0.0012351029252473111,1.4926286943615974,3.32860640856365
579,moving_average,301087,可孚医疗,2026-04-16,2026-04-30,10,-8.33,0.09,-9.49,False,True,,84.0,推荐,trade,2,premarket,close_snapshot,unknown,1,cache_backfill,,2026-07-30 20:51:48,57.84,False,ok,2026-04-30,close,53.02,-8.333333333333337,56.74,57.99,True,0,-0.003333333333337407,1.4926286943615974,-9.825962027694935
580,moving_average,300938,信测标准,2026-04-16,2026-04-30,10,14.89,16.43,-0.85,True,False,,87.0,推荐,trade,4,afternoon,close_snapshot,unknown,1,cache_backfill,,2026-07-30 20:51:48,49.48,False,ok,2026-04-30,close,56.85,14.894907033144712,44.67,54.66,True,0,0.0049070331447111926,1.4926286943615974,13.402278338783114
617,moving_average,301345,涛涛车业,2026-04-17,2026-05-06,10,12.02,17.54,-2.37,True,False,True,95.0,推荐,trade,1,premarket,close_snapshot,unknown,1,cache_backfill,,2026-07-30 20:51:54,241.67,False,ok,2026-05-06,close,270.71,12.016385980883015,237.0,243.99,True,0,-0.003614019116984224,3.1387261111475384,8.877659869735478
619,moving_average,002859,洁美科技,2026-04-17,2026-05-06,10,-0.14,2.0,-8.84,False,True,False,95.0,推荐,trade,1,afternoon,close_snapshot,unknown,1,cache_backfill,,2026-07-30 20:51:54,50.0,False,ok,2026-05-06,close,49.93,-0.13999999999999568,47.47,50.9,True,0,4.3298697960381105e-15,3.1387261111475384,-3.278726111147534
625,moving_average,300866,安克创新,2026-04-17,2026-05-06,10,1.96,3.94,-3.04,True,False,False,92.0,强烈推荐,trade,2,premarket,close_snapshot,unknown,1,cache_backfill,,2026-07-30 20:51:55,120.68,False,ok,2026-05-06,close,123.05,1.963871395425909,116.77,120.4,False,0.23255813953488857,0.0038713954259090855,3.1387261111475384,-1.1748547157216294
653,moving_average,601208,东材科技,2026-04-20,2026-05-07,10,22.95,22.95,-7.08,True,True,True,92.0,强烈推荐,trade,2,premarket,close_snapshot,unknown,1,cache_backfill,,2026-07-30 20:51:58,36.73,False,ok,2026-05-07,close,45.16,22.95126599509938,35.42,36.65,False,0.21828103683492195,0.0012659950993807456,3.0072896347615563,19.943976360337825
654,moving_average,300848,美瑞新材,2026-04-20,2026-05-07,10,7.85,11.74,-0.68,True,False,True,86.0,强烈推荐,trade,3,afternoon,close_snapshot,unknown,1,cache_backfill,,2026-07-30 20:51:58,16.18,False,ok,2026-05-07,close,17.45,7.8491965389369645,14.91,16.76,True,0,-0.0008034610630351935,3.0072896347615563,4.841906904175408
655,moving_average,001400,江顺科技,2026-04-20,2026-05-07,10,1.13,2.43,-6.78,True,True,False,84.0,推荐,trade,5,afternoon,close_snapshot,unknown,1,cache_backfill,,2026-07-30 20:51:58,208.55,False,ok,2026-05-07,close,210.9,1.126828098777266,188.01,212.96,True,0,-0.0031719012227338084,3.0072896347615563,-1.8804615359842902
688,moving_average,601002,晋亿实业,2026-04-21,2026-05-08,10,-8.53,-0.75,-8.53,False,True,False,91.0,推荐,trade,4,premarket,close_snapshot,unknown,1,cache_backfill,,2026-07-30 20:52:03,6.68,False,ok,2026-05-08,close,6.11,-8.532934131736514,6.46,6.69,True,0,-0.0029341317365148,2.1793204697986512,-10.712254601535165
689,moving_average,301217,铜冠铜箔,2026-04-21,2026-05-08,10,76.87,76.89,-6.11,True,True,True,83.0,推荐,trade,5,afternoon,close_snapshot,unknown,1,cache_backfill,,2026-07-30 20:52:03,50.06,False,ok,2026-05-08,close,88.54,76.86775868957253,46.2,50.88,True,0,-0.002241310427478993,2.1793204697986512,74.68843821977387
717,moving_average,000049,德赛电池,2026-04-22,2026-05-11,10,-3.31,0.3,-4.55,False,False,False,95.0,强烈推荐,trade,1,premarket,close_snapshot,unknown,1,cache_backfill,,2026-07-30 20:52:06,29.64,False,ok,2026-05-11,close,28.66,-3.306342780026994,29.42,31.5,True,0,0.003657219973006054,3.17128611997175,-6.477628899998744
718,moving_average,600864,哈投股份,2026-04-22,2026-05-11,10,-17.73,-2.93,-18.53,False,True,False,95.0,推荐,trade,1,afternoon,close_snapshot,unknown,1,cache_backfill,,2026-07-30 20:52:07,7.5,False,ok,2026-05-11,close,6.17,-17.733333333333334,6.9,7.69,True,0,-0.0033333333333338544,3.17128611997175,-20.904619453305084
719,moving_average,000938,紫光股份,2026-04-22,2026-05-11,10,5.63,10.57,4.0,True,False,True,92.0,推荐,trade,3,afternoon,close_snapshot,unknown,1,cache_backfill,,2026-07-30 20:52:07,30.0,False,ok,2026-05-11,close,31.69,5.633333333333335,27.45,30.37,True,0,0.0033333333333347426,3.17128611997175,2.4620472133615845
4,northbound,002475,立讯精密,2026-05-08,2026-05-29,15,2.35,11.93,-5.22,True,False,True,51.0,强烈推荐,trade,2,afternoon,close_snapshot,unknown,1,cache_backfill,,2026-05-09 23:44:10,71.61,False,ok,2026-05-29,close,73.29,2.346041055718495,67.11,72.08,True,0,-0.003958944281504895,0.41482703908735097,1.9312140166311442
5,northbound,600893,航发动力,2026-05-08,2026-05-29,15,-17.26,2.39,-17.26,False,True,False,47.0,推荐,trade,3,afternoon,close_snapshot,unknown,1,cache_backfill,,2026-05-09 23:44:10,50.18,False,ok,2026-05-29,close,41.52,-17.257871662016733,47.34,51.31,True,0,0.0021283379832688354,0.41482703908735097,-17.672698701104082
6,northbound,601872,招商轮船,2026-05-08,2026-05-29,15,-17.44,-4.37,-17.44,False,True,False,47.0,推荐,trade,4,afternoon,close_snapshot,unknown,1,cache_backfill,,2026-05-09 23:44:10,19.21,False,ok,2026-05-29,close,15.86,-17.43883394065592,18.09,19.86,True,0,0.0011660593440829814,0.41482703908735097,-17.853660979743267
85,northbound,002281,光迅科技,2026-07-24,2026-08-08,15,1.53,1.53,-19.89,True,True,False,48.0,推荐,trade,2,afternoon,close_snapshot,unknown,1,cache_backfill,2026-07-24 13:04:02,2026-07-25 17:16:15,190.14,True,ok,2026-08-14,close,191.52,0.7257810034711376,182.0,195.5,True,0,-0.8042189965288624,0.3589872644482295,0.3667937390229081
86,northbound,000938,紫光股份,2026-07-24,2026-08-08,15,-9.74,-1.47,-21.38,False,True,False,48.0,推荐,trade,3,afternoon,close_snapshot,unknown,1,cache_backfill,2026-07-24 13:04:02,2026-07-25 17:16:15,42.1,True,ok,2026-08-14,close,39.95,-5.106888361045126,41.0,43.47,True,0,4.633111638954874,0.3589872644482295,-5.465875625493355
104,northbound,603259,药明康德,2026-07-27,2026-08-11,15,28.28,29.19,-1.5,True,False,True,48.0,推荐,trade,2,afternoon,close_snapshot,unknown,1,cache_backfill,2026-07-27 13:02:09,2026-07-27 13:02:09,124.89,True,ok,2026-08-17,close,166.89,33.6295940427576,122.17,128.0,True,0,5.349594042757602,0.8223407897618884,32.807253252995714
105,northbound,601899,紫金矿业,2026-07-27,2026-08-11,15,5.77,13.01,1.02,True,False,True,48.0,推荐,trade,5,afternoon,close_snapshot,unknown,1,cache_backfill,2026-07-27 13:02:09,2026-07-27 13:02:09,31.37,True,ok,2026-08-17,close,33.36,6.343640420784191,31.13,32.45,True,0,0.5736404207841916,0.8223407897618884,5.521299631022303
115,northbound,002241,歌尔股份,2026-07-28,2026-08-12,15,-2.0,3.0,-2.0,False,False,False,41.0,推荐,trade,3,afternoon,close_snapshot,unknown,1,cache_backfill,2026-07-28 13:02:12,2026-07-28 13:02:12,23.02,True,ok,2026-08-18,close,22.48,-2.3457862728062495,22.55,23.41,True,0,-0.3457862728062495,3.4202717134403704,-5.76605798624662
134,northbound,300750,宁德时代,2026-07-30,2026-08-14,15,-0.62,2.22,-2.12,False,False,False,52.0,推荐,trade,1,afternoon,close_snapshot,unknown,1,cache_backfill,2026-07-30 13:01:48,2026-07-30 13:01:48,396.4,True,ok,2026-08-20,close,385.0,-2.8758829465186597,389.8,403.8,True,0,-2.2558829465186596,0.9457724870981066,-3.8216554336167663
215,northbound,600312,平高电气,2026-03-23,2026-04-14,15,-7.57,2.97,-7.57,False,,,66.0,强烈推荐,trade,1,afternoon,close_snapshot,unknown,1,cache_backfill,,2026-07-30 20:38:34,20.86,False,ok,2026-04-14,close,19.28,-7.574304889741123,20.5,21.51,True,0,-0.004304889741122864,6.411951109099134,-13.986255998840257
216,northbound,300760,迈瑞医疗,2026-03-23,2026-04-14,15,-4.13,2.03,-6.61,False,,,62.0,强烈推荐,trade,3,manual,close_snapshot,unknown,1,cache_backfill,,2026-07-30 20:38:37,167.37,False,ok,2026-04-14,close,160.46,-4.128577403357825,165.17,168.75,True,0,0.0014225966421745895,6.411951109099134,-10.540528512456959
217,northbound,002028,思源电气,2026-03-23,2026-04-14,15,1.92,5.31,-0.95,True,,,62.0,推荐,trade,2,afternoon,close_snapshot,unknown,1,cache_backfill,,2026-07-30 20:38:39,202.12,False,ok,2026-04-14,close,206.01,1.9245992479715035,199.6,205.5,True,0,0.004599247971503573,6.411951109099134,-4.487351861127631
242,northbound,300408,三环集团,2026-03-24,2026-04-15,15,24.94,24.94,1.09,True,,,55.0,强烈推荐,trade,2,morning,close_snapshot,unknown,1,cache_backfill,,2026-07-30 20:39:27,52.28,False,ok,2026-04-15,close,65.32,24.942616679418506,51.36,54.27,True,0,0.0026166794185051856,4.704875388851137,20.23774129056737
243,northbound,002410,广联达,2026-03-24,2026-04-15,15,1.33,2.85,-3.38,True,,,55.0,推荐,trade,1,morning,close_snapshot,unknown,1,cache_backfill,,2026-07-30 20:39:29,11.24,False,ok,2026-04-15,close,11.39,1.3345195729537407,11.14,11.42,True,0,0.004519572953740614,4.704875388851137,-3.3703558158973967
244,northbound,600970,中材国际,2026-03-24,2026-04-15,15,5.81,12.41,0.3,True,,,51.0,推荐,trade,3,morning,close_snapshot,unknown,1,cache_backfill,,2026-07-30 20:39:33,9.99,False,ok,2026-04-15,close,10.57,5.805805805805808,9.86,10.2,True,0,-0.004194194194191425,4.704875388851137,1.1009304169546708
254,northbound,600176,中国巨石,2026-03-25,2026-04-16,15,31.0,31.0,-3.49,True,,,59.0,推荐,trade,1,manual,close_snapshot,unknown,1,cache_backfill,,2026-07-30 20:39:49,25.19,False,ok,2026-04-16,close,33.0,31.00436681222707,24.68,25.57,True,0,0.004366812227068806,4.388789347367572,26.6155774648595
255,northbound,002543,万和电气,2026-03-25,2026-04-16,15,-9.32,-2.12,-11.97,False,,,55.0,推荐,trade,2,manual,close_snapshot,unknown,1,cache_backfill,,2026-07-30 20:39:50,9.44,False,ok,2026-04-16,close,8.56,-9.32203389830507,8.93,9.55,True,0,-0.002033898305070281,4.388789347367572,-13.710823245672643
256,northbound,002831,裕同科技,2026-03-25,2026-04-16,15,7.01,12.04,-6.65,True,,,55.0,推荐,trade,4,manual,close_snapshot,unknown,1,cache_backfill,,2026-07-30 20:39:54,33.96,False,ok,2026-04-16,close,36.34,7.008244994110724,32.6,35.46,True,0,-0.0017550058892759068,4.388789347367572,2.619455646743152
285,northbound,600036,招商银行,2026-03-26,2026-04-17,15,0.05,1.04,-1.32,True,,,51.0,强烈推荐,trade,4,afternoon,close_snapshot,unknown,1,cache_backfill,,2026-07-30 20:40:46,39.5,False,ok,2026-04-17,close,39.52,0.0506329113924231,39.14,39.69,True,0,0.0006329113924230939,5.608895976129702,-5.558263064737279
286,northbound,600900,长江电力,2026-03-26,2026-04-17,15,-3.51,-0.33,-3.51,False,,,51.0,推荐,trade,3,afternoon,close_snapshot,unknown,1,cache_backfill,,2026-07-30 20:40:48,27.34,False,ok,2026-04-17,close,26.38,-3.5113386978785743,27.1,27.45,True,0,-0.0013386978785745463,5.608895976129702,-9.120234674008277
287,northbound,600971,恒源煤电,2026-03-26,2026-04-17,15,-10.0,-2.62,-10.5,False,,,51.0,推荐,trade,5,afternoon,close_snapshot,unknown,1,cache_backfill,,2026-07-30 20:40:51,8.0,False,ok,2026-04-17,close,7.2,-9.999999999999998,7.84,8.2,True,0,1.7763568394002505e-15,5.608895976129702,-15.6088959761297
309,northbound,601872,招商轮船,2026-03-27,2026-04-20,15,10.29,17.86,-5.43,True,,,51.0,强烈推荐,trade,4,afternoon,close_snapshot,unknown,1,cache_backfill,,2026-07-30 20:41:32,17.3,False,ok,2026-04-20,close,19.08,10.289017341040442,16.3,17.69,True,0,-0.0009826589595576252,5.660544977646098,4.628472363394343
311,northbound,300206,理邦仪器,2026-03-27,2026-04-20,15,3.97,4.04,-9.9,True,,,55.0,推荐,trade,1,afternoon,close_snapshot,unknown,1,cache_backfill,,2026-07-30 20:41:33,14.35,False,ok,2026-04-20,close,14.92,3.9721254355400637,13.55,14.42,True,0,0.0021254355400635028,5.660544977646098,-1.6884195421060344
312,northbound,002745,木林森,2026-03-27,2026-04-20,15,-1.02,-1.02,-6.57,False,,,51.0,推荐,trade,3,afternoon,close_snapshot,unknown,1,cache_backfill,,2026-07-30 20:41:34,8.83,False,ok,2026-04-20,close,8.74,-1.0192525481313663,8.5,9.31,True,0,0.0007474518686336751,5.660544977646098,-6.679797525777465
324,northbound,000988,华工科技,2026-03-30,2026-04-21,15,6.19,14.3,-8.37,True,,,51.0,强烈推荐,trade,5,premarket,close_snapshot,unknown,1,cache_backfill,,2026-07-30 20:41:56,109.5,False,ok,2026-04-21,close,116.28,6.191780821917803,105.57,110.5,True,0,0.0017808219178023776,6.145437950110755,0.04634287180704799
325,northbound,300206,理邦仪器,2026-03-30,2026-04-21,15,4.26,4.33,-9.64,True,,,55.0,推荐,trade,1,premarket,close_snapshot,unknown,1,cache_backfill,,2026-07-30 20:41:58,14.31,False,ok,2026-04-21,close,14.92,4.262753319357082,13.94,14.26,False,0.3506311360448766,0.00275331935708234,6.145437950110755,-1.8826846307536726
326,northbound,000960,锡业股份,2026-03-30,2026-04-21,15,16.95,16.95,-6.8,True,,,51.0,推荐,trade,4,premarket,close_snapshot,unknown,1,cache_backfill,,2026-07-30 20:42:00,32.5,False,ok,2026-04-21,close,38.01,16.953846153846143,31.03,32.53,True,0,0.0038461538461440625,6.145437950110755,10.80840820373539
349,northbound,002831,裕同科技,2026-03-31,2026-04-22,15,15.75,15.87,-2.67,True,,,55.0,推荐,trade,1,premarket,close_snapshot,unknown,1,cache_backfill,,2026-07-30 20:42:42,32.96,False,ok,2026-04-22,close,38.15,15.746359223300965,31.5,33.38,True,0,-0.0036407766990347312,7.855642071437408,7.890717151863558
350,northbound,600033,福建高速,2026-03-31,2026-04-22,15,-4.45,-0.52,-4.97,False,,,51.0,推荐,trade,5,premarket,close_snapshot,unknown,1,cache_backfill,,2026-07-30 20:42:42,3.82,False,ok,2026-04-22,close,3.65,-4.450261780104714,3.77,3.9,True,0,-0.0002617801047142265,7.855642071437408,-12.305903851542123
351,northbound,600970,中材国际,2026-03-31,2026-04-22,15,-1.26,8.5,-1.74,False,,,51.0,推荐,trade,3,premarket,close_snapshot,unknown,1,cache_backfill,,2026-07-30 20:42:42,10.35,False,ok,2026-04-22,close,10.22,-1.256038647342983,10.31,10.49,True,0,0.0039613526570170254,7.855642071437408,-9.111680718780391
390,northbound,300408,三环集团,2026-04-01,2026-04-23,15,27.76,27.76,-3.08,True,,,55.0,强烈推荐,trade,5,afternoon,close_snapshot,unknown,1,cache_backfill,,2026-07-30 20:43:52,54.87,False,ok,2026-04-23,close,70.1,27.756515400036452,54.06,55.58,True,0,-0.0034845999635493285,5.7502424840976785,22.006272915938773
391,northbound,600362,江西铜业,2026-04-01,2026-04-23,15,0.09,5.83,-4.84,True,,,55.0,推荐,trade,2,afternoon,close_snapshot,unknown,1,cache_backfill,,2026-07-30 20:43:56,44.62,False,ok,2026-04-23,close,44.66,0.08964589870013029,43.8,45.23,True,0,-0.00035410129986970795,5.7502424840976785,-5.660596585397548
392,northbound,300685,艾德生物,2026-04-01,2026-04-23,15,-4.55,0.94,-5.45,False,,,55.0,推荐,trade,3,afternoon,close_snapshot,unknown,1,cache_backfill,,2026-07-30 20:43:57,23.3,False,ok,2026-04-23,close,22.24,-4.549356223175971,22.42,23.34,True,0,0.0006437768240283859,5.7502424840976785,-10.299598707273649
425,northbound,002409,雅克科技,2026-04-09,2026-04-30,15,0.41,7.25,-0.88,True,,,51.0,强烈推荐,trade,4,afternoon,close_snapshot,unknown,1,cache_backfill,,2026-07-30 20:44:52,84.36,False,ok,2026-04-30,close,84.71,0.4148885727833118,82.27,85.78,True,0,0.00488857278331184,5.2798594899063245,-4.864970917123013
426,northbound,600176,中国巨石,2026-04-09,2026-04-30,15,25.05,29.39,5.8,True,,,59.0,推荐,trade,1,afternoon,close_snapshot,unknown,1,cache_backfill,,2026-07-30 20:44:53,27.59,False,ok,2026-04-30,close,34.5,25.04530627038781,26.4,28.05,True,0,-0.004693729612188946,5.2798594899063245,19.765446780481486
427,northbound,601231,环旭电子,2026-04-09,2026-04-30,15,4.42,22.32,-1.55,True,,,55.0,推荐,trade,2,afternoon,close_snapshot,unknown,1,cache_backfill,,2026-07-30 20:44:54,36.2,False,ok,2026-04-30,close,37.8,4.41988950276242,34.65,37.49,True,0,-0.00011049723758027596,5.2798594899063245,-0.8599699871439048
450,northbound,600183,生益科技,2026-04-10,2026-05-06,15,31.08,31.08,2.95,True,False,True,55.0,强烈推荐,trade,2,manual,close_snapshot,unknown,1,cache_backfill,,2026-07-30 20:45:34,61.65,False,ok,2026-05-06,close,80.81,31.078669910786715,59.2,62.26,True,0,-0.0013300892132832587,5.187455381887918,25.891214528898796
451,northbound,600176,中国巨石,2026-04-10,2026-05-06,15,26.89,26.89,6.65,True,False,True,59.0,推荐,trade,1,manual,close_snapshot,unknown,1,cache_backfill,,2026-07-30 20:45:35,29.16,False,ok,2026-05-06,close,37.0,26.88614540466392,28.1,29.85,True,0,-0.0038545953360795693,5.187455381887918,21.698690022776002
452,northbound,603766,隆鑫通用,2026-04-10,2026-05-06,15,-0.71,3.37,-2.98,False,False,False,55.0,推荐,trade,4,manual,close_snapshot,unknown,1,cache_backfill,,2026-07-30 20:45:37,15.43,False,ok,2026-05-06,close,15.32,-0.7128969539857422,14.91,15.45,True,0,-0.00289695398574219,5.187455381887918,-5.900352335873659
483,northbound,600183,生益科技,2026-04-13,2026-05-07,15,30.66,30.66,6.47,True,False,True,55.0,强烈推荐,trade,1,afternoon,close_snapshot,unknown,1,cache_backfill,,2026-07-30 20:51:36,62.76,False,ok,2026-05-07,close,82.0,30.656469088591454,60.28,64.5,True,0,-0.0035309114085464444,5.474640293576405,25.18182879501505
484,northbound,300408,三环集团,2026-04-13,2026-05-07,15,41.92,41.92,3.59,True,False,True,55.0,推荐,trade,2,afternoon,close_snapshot,unknown,1,cache_backfill,,2026-07-30 20:51:36,61.29,False,ok,2026-05-07,close,86.98,41.91548376570404,58.64,61.9,True,0,-0.004516234295962818,5.474640293576405,36.44084347212763
522,northbound,002409,雅克科技,2026-04-14,2026-05-08,15,0.87,4.53,-5.07,True,False,False,51.0,推荐,trade,2,manual,close_snapshot,unknown,1,cache_backfill,,2026-07-30 20:51:41,88.09,False,ok,2026-05-08,close,88.86,0.8741060279259694,86.26,88.64,True,0,0.004106027925969369,3.6294370894734973,-2.755331061547528
524,northbound,002035,华帝股份,2026-04-14,2026-05-08,15,-8.54,-0.31,-8.54,False,True,False,55.0,推荐,trade,1,manual,close_snapshot,unknown,1,cache_backfill,,2026-07-30 20:51:41,6.44,False,ok,2026-05-08,close,5.89,-8.54037267080746,6.15,6.5,True,0,-0.00037267080746161696,3.6294370894734973,-12.169809760280959
561,northbound,600276,恒瑞医药,2026-04-15,2026-05-11,15,-7.8,-1.0,-9.04,False,True,False,51.0,强烈推荐,trade,5,afternoon,close_snapshot,unknown,1,cache_backfill,,2026-07-30 20:51:46,58.05,False,ok,2026-05-11,close,53.52,-7.803617571059418,57.04,58.45,True,0,-0.0036175710594177346,5.689984525905767,-13.493602096965184
562,northbound,600312,平高电气,2026-04-15,2026-05-11,15,11.08,11.08,-1.04,True,False,True,55.0,推荐,trade,2,afternoon,close_snapshot,unknown,1,cache_backfill,,2026-07-30 20:51:46,20.12,False,ok,2026-05-11,close,22.35,11.083499005964214,19.36,20.39,True,0,0.0034990059642137084,5.689984525905767,5.393514480058447
563,northbound,000921,海信家电,2026-04-15,2026-05-11,15,9.28,9.28,-0.8,True,False,True,51.0,推荐,trade,3,afternoon,close_snapshot,unknown,1,cache_backfill,,2026-07-30 20:51:46,22.64,False,ok,2026-05-11,close,24.74,9.275618374558302,22.0,22.78,True,0,-0.004381625441697068,5.689984525905767,3.5856338486525354
599,northbound,002028,思源电气,2026-04-16,2026-05-12,15,-8.08,3.8,-9.63,False,True,False,55.0,推荐,trade,1,afternoon,close_snapshot,unknown,1,cache_backfill,,2026-07-30 20:51:51,215.79,False,ok,2026-05-12,close,198.35,-8.08193150748413,207.65,216.88,True,0,-0.0019315074841301794,4.463952066984622,-12.545883574468753
601,northbound,601231,环旭电子,2026-04-16,2026-05-12,15,13.24,17.27,0.11,True,False,True,51.0,强烈推荐,trade,4,afternoon,close_snapshot,unknown,1,cache_backfill,,2026-07-30 20:51:51,37.76,False,ok,2026-05-12,close,42.76,13.241525423728806,36.21,38.41,True,0,0.0015254237288058192,4.463952066984622,8.777573356744185
602,northbound,603986,兆易创新,2026-04-16,2026-05-12,15,25.44,28.49,2.53,True,False,True,51.0,推荐,trade,3,afternoon,close_snapshot,unknown,1,cache_backfill,,2026-07-30 20:51:51,281.84,False,ok,2026-05-12,close,353.55,25.44351405052514,268.59,287.0,True,0,0.0035140505251369802,4.463952066984622,20.979561983540517
639,northbound,603986,兆易创新,2026-04-17,2026-05-13,15,24.47,24.47,-0.92,True,False,True,51.0,推荐,trade,4,afternoon,close_snapshot,unknown,1,cache_backfill,,2026-07-30 20:51:56,293.24,False,ok,2026-05-13,close,365.0,24.47142272541263,282.9,295.66,True,0,0.0014227254126311095,5.702872054933006,18.768550670479623
670,northbound,600312,平高电气,2026-04-20,2026-05-14,15,7.39,13.29,2.27,True,False,True,55.0,强烈推荐,trade,1,afternoon,close_snapshot,unknown,1,cache_backfill,,2026-07-30 20:52:00,20.7,False,ok,2026-05-14,close,22.23,7.391304347826089,20.02,21.42,True,0,0.001304347826089014,3.303457321584724,4.087847026241365
671,northbound,002106,莱宝高科,2026-04-20,2026-05-14,15,-2.4,0.27,-7.2,False,True,False,53.0,推荐,trade,2,afternoon,close_snapshot,unknown,1,cache_backfill,,2026-07-30 20:52:01,11.25,False,ok,2026-05-14,close,10.98,-2.399999999999991,10.69,11.38,True,0,8.881784197001252e-15,3.303457321584724,-5.703457321584715
673,northbound,601231,环旭电子,2026-04-20,2026-05-14,15,1.06,6.62,-9.33,True,True,True,51.0,推荐,trade,3,afternoon,close_snapshot,unknown,1,cache_backfill,,2026-07-30 20:52:01,41.69,False,ok,2026-05-14,close,42.13,1.0554089709762682,39.38,42.8,True,0,-0.004591029023731874,3.303457321584724,-2.248048350608456
705,northbound,002831,裕同科技,2026-04-21,2026-05-15,15,10.73,17.52,-1.07,True,False,True,51.0,强烈推荐,trade,2,afternoon,close_snapshot,unknown,1,cache_backfill,,2026-07-30 20:52:05,37.45,False,ok,2026-05-15,close,41.47,10.734312416555403,35.92,38.63,True,0,0.004312416555402265,1.9209312080537,8.813381208501703
706,northbound,600096,云天化,2026-04-21,2026-05-15,15,-4.82,7.91,-4.85,False,False,True,51.0,强烈推荐,trade,4,manual,close_snapshot,unknown,1,cache_backfill,,2026-07-30 20:52:05,33.99,False,ok,2026-05-15,close,32.35,-4.8249485142689,32.68,34.4,True,0,-0.004948514268900084,1.9209312080537,-6.7458797223226
707,northbound,002409,雅克科技,2026-04-21,2026-05-15,15,21.56,21.56,-5.41,True,True,True,51.0,推荐,trade,1,afternoon,close_snapshot,unknown,1,cache_backfill,,2026-07-30 20:52:05,88.4,False,ok,2026-05-15,close,107.46,21.56108597285067,84.92,88.7,True,0,0.0010859728506709132,1.9209312080537,19.640154764796968
733,northbound,600312,平高电气,2026-04-22,2026-05-18,15,0.55,8.06,-0.78,True,False,True,55.0,推荐,trade,1,afternoon,close_snapshot,unknown,1,cache_backfill,,2026-07-30 20:52:08,21.7,False,ok,2026-05-18,close,21.82,0.55299539170508,21.06,21.99,True,0,0.0029953917050800083,0.7060960949073269,-0.1531007032022469
759,northbound,600276,恒瑞医药,2026-04-23,2026-05-19,15,-8.2,-0.16,-8.2,False,True,False,51.0,强烈推荐,trade,4,afternoon,close_snapshot,unknown,1,cache_backfill,,2026-07-30 20:52:12,56.2,False,ok,2026-05-19,close,51.59,-8.202846975088962,56.03,57.96,True,0,-0.002846975088962367,1.390418128294546,-9.593265103383509
778,northbound,000921,海信家电,2026-04-24,2026-05-20,15,7.77,8.6,-1.32,True,False,True,51.0,强烈推荐,trade,2,afternoon,close_snapshot,unknown,1,cache_backfill,,2026-07-30 20:52:14,22.78,False,ok,2026-05-20,close,24.55,7.769973661106233,22.08,22.84,True,0,-2.6338893766464366e-05,1.7052566691198257,6.0647169919864075
780,northbound,600971,恒源煤电,2026-04-24,2026-05-20,15,-3.54,5.94,-3.92,False,False,False,51.0,推荐,trade,1,afternoon,close_snapshot,unknown,1,cache_backfill,,2026-07-30 20:52:15,7.91,False,ok,2026-05-20,close,7.63,-3.539823008849563,7.78,8.03,True,0,0.0001769911504370114,1.7052566691198257,-5.245079677969389
781,northbound,600096,云天化,2026-04-24,2026-05-20,15,-9.05,5.34,-10.08,False,True,False,51.0,推荐,trade,3,afternoon,close_snapshot,unknown,1,cache_backfill,,2026-07-30 20:52:15,34.82,False,ok,2026-05-20,close,31.67,-9.046524985640437,33.76,35.7,True,0,0.003475014359564099,1.7052566691198257,-10.751781654760261
800,northbound,002106,莱宝高科,2026-04-27,2026-05-21,15,-1.28,3.11,-4.48,False,False,False,55.0,推荐,trade,1,afternoon,close_snapshot,unknown,1,cache_backfill,,2026-07-30 20:52:17,10.94,False,ok,2026-05-21,close,10.8,-1.279707495429605,10.4,10.96,True,0,0.00029250457039498023,0.25466626143642035,-1.5343737568660254
801,northbound,002402,和而泰,2026-04-27,2026-05-21,15,-8.01,1.64,-8.01,False,True,False,47.0,推荐,trade,3,afternoon,close_snapshot,unknown,1,cache_backfill,,2026-07-30 20:52:17,32.94,False,ok,2026-05-21,close,30.3,-8.014571948998173,31.6,33.59,True,0,-0.0045719489981728145,0.25466626143642035,-8.269238210434594
822,northbound,000528,柳 工,2026-04-28,2026-05-22,15,-7.19,2.33,-8.0,False,True,False,51.0,强烈推荐,trade,4,afternoon,close_snapshot,unknown,1,cache_backfill,,2026-07-30 20:52:20,9.87,False,ok,2026-05-22,close,9.16,-7.193515704153997,9.6,9.91,True,0,-0.0035157041539966016,1.8261068763253396,-9.019622580479336
823,northbound,002831,裕同科技,2026-04-28,2026-05-22,15,11.49,17.1,-1.5,True,False,True,51.0,推荐,trade,5,afternoon,close_snapshot,unknown,1,cache_backfill,,2026-07-30 20:52:20,38.12,False,ok,2026-05-22,close,42.5,11.49003147953831,37.25,39.43,True,0,3.147953830939798e-05,1.8261068763253396,9.663924603212969
824,northbound,600096,云天化,2026-04-28,2026-05-22,15,-10.02,2.63,-12.4,False,True,False,51.0,推荐,trade,2,afternoon,close_snapshot,unknown,1,cache_backfill,,2026-07-30 20:52:20,35.74,False,ok,2026-05-22,close,32.16,-10.016787912702874,35.41,36.62,True,0,0.003212087297125521,1.8261068763253396,-11.842894789028215
848,northbound,000921,海信家电,2026-04-29,2026-05-25,15,5.72,5.72,-0.17,True,False,False,51.0,强烈推荐,trade,2,afternoon,close_snapshot,unknown,1,cache_backfill,,2026-07-30 20:52:23,23.6,False,ok,2026-05-25,close,24.95,5.720338983050843,22.68,23.85,True,0,0.0003389830508435665,2.312721527539585,3.407617455511258
849,northbound,300760,迈瑞医疗,2026-04-29,2026-05-25,15,-8.3,3.07,-8.68,False,True,False,55.0,推荐,trade,1,afternoon,close_snapshot,unknown,1,cache_backfill,,2026-07-30 20:52:24,167.54,False,ok,2026-05-25,close,153.63,-8.302494926584691,162.11,169.01,True,0,-0.0024949265846903046,2.312721527539585,-10.615216454124276
876,northbound,600563,法拉电子,2026-04-30,2026-05-26,15,37.17,47.04,3.53,True,False,True,51.0,推荐,trade,1,afternoon,close_snapshot,unknown,1,cache_backfill,,2026-07-30 20:52:27,118.47,False,ok,2026-05-26,close,162.51,37.17396809318814,117.1,120.45,True,0,0.003968093188134958,2.9234644738949545,34.250503619293184
877,northbound,600460,士兰微,2026-04-30,2026-05-26,15,17.5,18.51,2.22,True,False,True,47.0,推荐,trade,3,afternoon,close_snapshot,unknown,1,cache_backfill,,2026-07-30 20:52:27,28.85,False,ok,2026-05-26,close,33.9,17.504332755632568,28.42,29.17,True,0,0.004332755632567853,2.9234644738949545,14.580868281737613
905,northbound,605117,德业股份,2026-05-06,2026-05-27,15,-22.26,7.79,-26.28,False,True,True,47.0,推荐,trade,5,afternoon,close_snapshot,unknown,1,cache_backfill,,2026-07-30 20:52:31,157.44,False,ok,2026-05-27,close,122.4,-22.256097560975608,147.55,159.93,True,0,0.0039024390243938,0.6372652544857749,-22.893362815461384
928,northbound,002475,立讯精密,2026-05-07,2026-05-28,15,4.76,15.34,-2.33,True,False,True,51.0,强烈推荐,trade,2,afternoon,close_snapshot,unknown,1,cache_backfill,,2026-07-30 20:52:34,69.49,False,ok,2026-05-28,close,72.8,4.7632752914088305,66.29,70.3,True,0,0.0032752914088307605,0.2795627393883393,4.483712552020491
930,northbound,002831,裕同科技,2026-05-07,2026-05-28,15,2.03,14.46,2.03,True,False,True,51.0,推荐,trade,1,afternoon,close_snapshot,unknown,1,cache_backfill,,2026-07-30 20:52:34,39.0,False,ok,2026-05-28,close,39.79,2.025641025641023,37.5,39.85,True,0,-0.004358974358976919,0.2795627393883393,1.7460782862526836
967,northbound,600312,平高电气,2026-05-12,2026-06-02,15,-9.0,3.44,-9.0,False,True,False,55.0,推荐,trade,2,afternoon,close_snapshot,unknown,1,cache_backfill,,2026-07-30 20:52:40,22.67,False,ok,2026-06-02,close,20.63,-8.998676665196303,21.97,22.98,True,0,0.0013233348036969517,-0.6768322874667776,-8.321844377729526
988,northbound,600312,平高电气,2026-05-13,2026-06-03,15,-14.3,-3.93,-14.3,False,True,False,55.0,强烈推荐,trade,2,afternoon,close_snapshot,unknown,1,cache_backfill,,2026-07-30 20:52:43,23.42,False,ok,2026-06-03,close,20.07,-14.304013663535443,22.41,23.6,True,0,-0.004013663535442191,-1.19099541047627,-13.113018253059174
989,northbound,002028,思源电气,2026-05-13,2026-06-03,15,-5.81,4.8,-7.81,False,True,False,55.0,推荐,trade,1,afternoon,close_snapshot,unknown,1,cache_backfill,,2026-07-30 20:52:44,206.1,False,ok,2026-06-03,close,194.13,-5.8078602620087345,195.4,208.0,True,0,0.0021397379912651004,-1.19099541047627,-4.616864851532465
1014,northbound,601872,招商轮船,2026-05-14,2026-06-04,15,-18.43,-1.42,-18.43,False,True,False,47.0,强烈推荐,trade,3,afternoon,close_snapshot,unknown,1,cache_backfill,,2026-07-30 20:52:47,18.34,False,ok,2026-06-04,close,14.96,-18.429661941112318,17.51,18.88,True,0,0.00033805888768156933,-0.20042322874700425,-18.229238712365316
1015,northbound,002311,海大集团,2026-05-14,2026-06-04,15,-7.13,1.19,-7.13,False,True,False,49.0,推荐,trade,1,afternoon,close_snapshot,unknown,1,cache_backfill,,2026-07-30 20:52:47,47.99,False,ok,2026-06-04,close,44.57,-7.126484684309231,46.5,48.44,True,0,0.0035153156907687944,-0.20042322874700425,-6.926061455562227
1016,northbound,601963,重庆银行,2026-05-14,2026-06-04,15,9.59,10.78,-1.2,True,False,True,47.0,推荐,trade,5,afternoon,close_snapshot,unknown,1,cache_backfill,,2026-07-30 20:52:47,10.85,False,ok,2026-06-04,close,11.89,9.58525345622121,10.46,10.98,True,0,-0.004746543778789913,-0.20042322874700425,9.785676684968214
1037,northbound,000921,海信家电,2026-05-15,2026-06-05,15,9.33,9.33,-1.6,True,False,True,51.0,强烈推荐,trade,1,afternoon,close_snapshot,unknown,1,cache_backfill,,2026-07-30 20:52:50,24.45,False,ok,2026-06-05,close,26.73,9.325153374233143,23.59,24.64,True,0,-0.004846625766857571,-0.8780576139139296,10.203210988147072
1038,northbound,300763,锦浪科技,2026-05-15,2026-06-05,15,-3.77,19.02,-3.77,False,False,True,47.0,推荐,trade,3,afternoon,close_snapshot,unknown,1,cache_backfill,,2026-07-30 20:52:50,101.16,False,ok,2026-06-05,close,97.35,-3.7663107947805474,92.6,101.61,True,0,0.003689205219452596,-0.8780576139139296,-2.888253180866618
1039,northbound,300049,福瑞医科,2026-05-15,2026-06-05,15,-27.04,0.83,-27.04,False,True,False,47.0,推荐,trade,4,afternoon,close_snapshot,unknown,1,cache_backfill,,2026-07-30 20:52:50,57.92,False,ok,2026-06-05,close,42.26,-27.03729281767956,54.63,58.63,True,0,0.0027071823204387613,-0.8780576139139296,-26.159235203765633
2196,northbound,603823,百合花,2026-07-31,2026-08-15,15,44.67,58.35,-4.63,True,False,True,48.0,推荐,trade,1,afternoon,close_snapshot,unknown,1,cache_backfill,2026-07-31 13:01:57,2026-07-31 13:01:57,49.07,True,ok,2026-08-21,close,77.75,58.44711636437743,44.83,53.93,True,0,13.777116364377427,0.6691077110849486,57.77800865329248
2197,northbound,300059,东方财富,2026-07-31,2026-08-15,15,-4.28,0.1,-4.28,False,False,False,45.0,推荐,trade,2,afternoon,close_snapshot,unknown,1,cache_backfill,2026-07-31 13:01:57,2026-07-31 13:01:57,20.34,True,ok,2026-08-21,close,18.91,-7.030481809242872,19.91,20.52,True,0,-2.7504818092428716,0.6691077110849486,-7.69958952032782
2580,northbound,002714,牧原股份,2026-08-10,2026-08-25,15,-0.57,-0.02,-3.31,False,False,False,45.0,推荐,trade,2,afternoon,close_snapshot,unknown,1,cache_backfill,2026-08-10 13:02:33,2026-08-10 13:02:33,40.16,True,ok,2026-08-31,close,42.31,5.353585657370541,38.8,40.3,True,0,5.923585657370541,-1.6361053334524422,6.989690990822983
2581,northbound,600519,贵州茅台,2026-08-10,2026-08-25,15,-3.62,0.17,-5.93,False,True,False,45.0,推荐,trade,3,afternoon,close_snapshot,unknown,1,cache_backfill,2026-08-10 13:02:33,2026-08-10 13:02:33,1353.0,True,ok,2026-08-31,close,1299.52,-3.952697708795272,1318.08,1359.97,True,0,-0.33269770879527183,-1.6361053334524422,-2.3165923753428297
2649,northbound,600522,中天科技,2026-08-11,2026-08-26,15,1.77,9.35,-2.47,True,False,True,48.0,推荐,trade,4,afternoon,close_snapshot,unknown,1,contemporaneous,,2026-08-11 13:01:41,32.83,True,ok,2026-09-01,close,34.01,3.5942735303076345,31.87,33.2,True,0,1.8242735303076345,-1.1224776415747817,4.716751171882416
2939,northbound,600601,方正科技,2026-08-18,2026-09-02,15,-7.09,-1.46,-11.09,False,True,False,48.0,推荐,trade,3,afternoon,close_snapshot,unknown,1,contemporaneous,2026-08-18 13:03:10,2026-08-18 13:03:10,12.98,True,not_mature,,,,,,,,,,,
3065,northbound,601288,农业银行,2026-08-20,2026-09-04,15,3.11,4.59,0.44,True,False,False,48.0,推荐,trade,1,afternoon,close_snapshot,unknown,1,contemporaneous,2026-08-20 13:01:17,2026-08-20 13:01:17,6.75,True,not_mature,,,,,,,,,,,
3562,northbound,300285,国瓷材料,2026-07-15,2026-08-05,15,-2.45,-2.45,-27.61,False,True,False,63.0,推荐,trade,1,manual,close_snapshot,unknown,1,cache_backfill,2026-07-15 11:20:54,2026-08-31 17:00:29,68.96,False,ok,2026-08-05,close,67.27,-2.4506960556844537,67.41,72.79,True,0,-0.0006960556844535226,-2.6871926430711235,0.2364965873866698
3563,northbound,000977,浪潮信息,2026-07-15,2026-08-05,15,-8.79,6.89,-18.38,False,True,True,63.0,推荐,trade,2,manual,close_snapshot,unknown,1,cache_backfill,2026-07-15 11:20:54,2026-08-31 17:00:29,84.64,False,ok,2026-08-05,close,77.2,-8.790170132325137,84.0,88.86,True,0,-0.00017013232513818366,-2.6871926430711235,-6.102977489254014
3573,northbound,603127,昭衍新药,2026-07-20,2026-08-10,15,12.34,12.34,-14.79,True,True,True,52.0,推荐,trade,2,manual_repair,close_snapshot,unknown,1,cache_backfill,2026-07-20 21:13:38,2026-08-31 17:00:30,47.0,False,ok,2026-08-10,close,52.8,12.340425531914878,43.14,48.48,True,0,0.00042553191487826325,2.255171453922311,10.085254077992566
3588,northbound,002714,牧原股份,2026-07-22,2026-08-12,15,1.78,2.57,-3.08,True,False,False,48.0,推荐,trade,1,afternoon,close_snapshot,unknown,1,cache_backfill,2026-07-22 13:01:42,2026-08-31 17:00:30,39.23,False,ok,2026-08-12,close,39.93,1.7843487127198632,38.61,40.05,True,0,0.004348712719863146,-0.5579533795185276,2.342302092238391
3589,northbound,600999,招商证券,2026-07-22,2026-08-12,15,-3.6,0.9,-7.93,False,True,False,48.0,推荐,trade,2,afternoon,close_snapshot,unknown,1,cache_backfill,2026-07-22 13:01:42,2026-08-31 17:00:30,18.91,False,ok,2026-08-12,close,18.23,-3.5959809624537264,18.53,19.09,True,0,0.0040190375462736405,-0.5579533795185276,-3.038027582935199
3673,northbound,601899,紫金矿业,2026-07-30,2026-08-20,15,6.7,10.44,0.06,True,False,True,48.0,推荐,trade,2,afternoon,close_snapshot,unknown,1,cache_backfill,2026-07-30 13:01:48,2026-08-31 17:00:31,32.1,False,ok,2026-08-20,close,34.25,6.697819314641751,32.01,33.18,True,0,-0.0021806853582493346,0.9457724870981066,5.752046827543644
3676,northbound,300750,宁德时代,2026-08-04,2026-08-25,15,-5.08,2.09,-5.08,False,False,False,45.0,推荐,trade,3,afternoon,close_snapshot,unknown,1,cache_backfill,2026-08-04 13:01:41,2026-08-31 17:00:32,396.9,False,ok,2026-08-25,close,376.73,-5.08188460569412,391.22,397.86,True,0,-0.0018846056941201894,-1.0628286020435085,-4.019056003650611
3682,northbound,000938,紫光股份,2026-08-06,2026-08-27,15,-1.27,11.19,-6.53,False,True,True,52.0,推荐,trade,1,afternoon,close_snapshot,unknown,1,cache_backfill,2026-08-06 13:01:28,2026-08-31 17:00:33,36.9,False,ok,2026-08-27,close,36.43,-1.2737127371273638,35.88,38.47,True,0,-0.003712737127363752,-0.452130690063679,-0.8215820470636848
59,trend_momentum,301387,光大同创,2026-05-08,2026-05-19,7,39.59,39.59,14.64,True,False,True,93.0,推荐,trade,1,premarket,close_snapshot,unknown,1,cache_backfill,,2026-05-10 21:34:27,73.43,False,ok,2026-05-19,close,102.5,39.58872395478685,72.5,85.0,True,0,-0.0012760452131530542,-0.3906065588239471,39.9793305136108
60,trend_momentum,300835,龙磁科技,2026-05-08,2026-05-19,7,-0.96,7.54,-4.39,False,False,True,90.0,推荐,trade,3,premarket,close_snapshot,unknown,1,cache_backfill,,2026-05-10 21:34:27,114.37,False,ok,2026-05-19,close,113.27,-0.9617906793739639,111.56,116.7,True,0,-0.0017906793739639326,-0.3906065588239471,-0.5711841205500168
94,trend_momentum,603338,浙江鼎力,2026-07-24,2026-07-31,7,1.55,4.1,-1.89,True,False,False,86.0,推荐,trade,1,premarket,close_snapshot,unknown,1,cache_backfill,2026-07-24 05:34:16,2026-07-25 17:39:26,58.1,True,ok,2026-08-04,close,56.85,-2.151462994836484,56.3,59.33,True,0,-3.7014629948364837,-1.0380302805434782,-1.1134327142930056
99,trend_momentum,002860,星帅尔,2026-07-27,2026-08-03,7,-12.82,11.13,-12.82,False,True,True,80.0,强烈推荐,trade,2,premarket,close_snapshot,unknown,1,cache_backfill,2026-07-27 05:33:13,2026-07-27 05:33:13,17.79,True,ok,2026-08-05,close,16.7,-6.127037661607648,17.89,18.81,False,-0.5589714924538969,6.692962338392352,-0.9416408112401631,-5.185396850367486
109,trend_momentum,300626,华瑞股份,2026-07-28,2026-08-04,7,-5.92,-5.92,-17.42,False,True,False,73.0,强烈推荐,trade,4,premarket,close_snapshot,unknown,1,cache_backfill,2026-07-28 05:32:59,2026-07-28 05:32:59,30.25,True,ok,2026-08-06,close,31.42,3.867768595041321,28.4,30.8,True,0,9.787768595041321,1.7899035347257453,2.0778650603155757
110,trend_momentum,603983,丸美生物,2026-07-28,2026-08-04,7,-18.63,-15.87,-19.61,False,True,False,90.0,推荐,trade,1,premarket,close_snapshot,unknown,1,cache_backfill,2026-07-28 05:32:59,2026-07-28 05:32:59,34.78,True,ok,2026-08-06,close,28.3,-18.631397354801614,32.1,35.51,True,0,-0.0013973548016146253,1.7899035347257453,-20.42130088952736
111,trend_momentum,000670,盈方微,2026-07-28,2026-08-04,7,-3.03,1.01,-3.17,False,False,False,62.0,推荐,trade,5,premarket,close_snapshot,unknown,1,cache_backfill,2026-07-28 05:32:59,2026-07-28 05:32:59,6.93,True,ok,2026-08-06,close,6.9,-0.43290043290041824,6.44,6.84,False,1.3157894736842035,2.5970995670995816,1.7899035347257453,-2.2228039676261635
119,trend_momentum,002891,中宠股份,2026-07-29,2026-08-05,7,-0.16,5.02,-0.16,False,False,True,79.0,强烈推荐,trade,2,premarket,close_snapshot,unknown,1,cache_backfill,2026-07-29 05:33:34,2026-07-29 05:33:34,31.69,True,ok,2026-08-07,close,31.01,-2.1457873146102813,31.02,32.37,True,0,-1.9857873146102814,2.047275588771047,-4.193062903381328
120,trend_momentum,603193,润本股份,2026-07-29,2026-08-05,7,2.05,6.58,2.0,True,False,True,77.0,推荐,trade,4,premarket,close_snapshot,unknown,1,cache_backfill,2026-07-29 05:33:34,2026-07-29 05:33:34,20.98,True,ok,2026-08-07,close,20.79,-0.9056244041944717,20.52,22.64,True,0,-2.9556244041944715,2.047275588771047,-2.9528999929655186
130,trend_momentum,600415,小商品城,2026-07-30,2026-08-06,7,-3.32,1.19,-3.32,False,False,False,77.0,推荐,trade,1,premarket,close_snapshot,unknown,1,cache_backfill,2026-07-30 05:33:10,2026-07-30 05:33:10,12.65,True,ok,2026-08-10,close,12.15,-3.9525691699604737,12.23,13.0,True,0,-0.6325691699604739,3.3474587447139603,-7.300027914674434
218,trend_momentum,688106,金宏气体,2026-03-23,2026-04-01,7,-17.07,-2.25,-17.07,False,,,95.0,强烈推荐,trade,1,manual,close_snapshot,unknown,1,cache_backfill,,2026-07-30 20:38:46,30.7,False,ok,2026-04-01,close,25.46,-17.06840390879478,28.7,32.66,True,0,0.0015960912052186416,2.446129470348568,-19.51453337914335
219,trend_momentum,603693,江苏新能,2026-03-23,2026-04-01,7,-17.83,4.67,-17.83,False,,,90.0,推荐,trade,2,manual,close_snapshot,unknown,1,cache_backfill,,2026-07-30 20:38:47,17.78,False,ok,2026-04-01,close,14.61,-17.82902137232847,15.79,18.22,True,0,0.0009786276715288977,2.446129470348568,-20.275150842677036
220,trend_momentum,688429,时创能源,2026-03-23,2026-04-01,7,-13.88,-2.71,-18.26,False,,,83.0,推荐,trade,5,manual,close_snapshot,unknown,1,cache_backfill,,2026-07-30 20:38:49,17.36,False,ok,2026-04-01,close,14.95,-13.882488479262678,15.98,17.4,True,0,-0.0024884792626771457,2.446129470348568,-16.328617949611246
229,trend_momentum,688429,时创能源,2026-03-24,2026-04-02,7,-18.43,-3.8,-18.43,False,,,88.0,强烈推荐,trade,2,premarket,close_snapshot,unknown,1,cache_backfill,,2026-07-30 20:39:07,17.36,False,ok,2026-04-02,close,14.16,-18.433179723502302,15.67,17.49,True,0,-0.003179723502302778,0.0936371437765926,-18.526816867278896
230,trend_momentum,300389,艾比森,2026-03-24,2026-04-02,7,-15.03,-0.19,-15.03,False,,,81.0,强烈推荐,trade,2,manual,close_snapshot,unknown,1,cache_backfill,,2026-07-30 20:39:08,20.56,False,ok,2026-04-02,close,17.47,-15.029182879377434,19.22,21.34,True,0,0.0008171206225657812,0.0936371437765926,-15.122820023154027
231,trend_momentum,600982,宁波能源,2026-03-24,2026-04-02,7,0.35,28.95,-3.16,True,,,90.0,推荐,trade,1,premarket,close_snapshot,unknown,1,cache_backfill,,2026-07-30 20:39:09,5.7,False,ok,2026-04-02,close,5.72,0.35087719298245723,5.42,6.27,True,0,0.0008771929824572533,0.0936371437765926,0.25724004920586463
257,trend_momentum,600930,华电新能,2026-03-25,2026-04-03,7,-22.98,-7.19,-22.98,False,,,83.0,强烈推荐,trade,2,manual,close_snapshot,unknown,1,cache_backfill,,2026-07-30 20:40:02,7.79,False,ok,2026-04-03,close,6.0,-22.978177150192558,7.03,7.88,True,0,0.00182284980744285,-2.130702792525352,-20.847474357667206
258,trend_momentum,300166,东方国信,2026-03-25,2026-04-03,7,-4.43,-4.3,-10.71,False,,,70.0,推荐,trade,3,manual,close_snapshot,unknown,1,cache_backfill,,2026-07-30 20:40:03,15.59,False,ok,2026-04-03,close,14.9,-4.425914047466318,14.51,16.15,True,0,0.004085952533682047,-2.130702792525352,-2.295211254940966
272,trend_momentum,603977,国泰集团,2026-03-26,2026-04-07,7,-13.88,1.74,-13.88,False,,,85.0,强烈推荐,trade,3,afternoon,close_snapshot,unknown,1,cache_backfill,,2026-07-30 20:40:23,16.71,False,ok,2026-04-07,close,14.39,-13.88390185517654,15.62,16.96,True,0,-0.0039018551765384046,-0.8243384187263891,-13.05956343645015
273,trend_momentum,002082,万邦德,2026-03-26,2026-04-07,7,56.27,56.27,12.29,True,,,90.0,推荐,trade,2,afternoon,close_snapshot,unknown,1,cache_backfill,,2026-07-30 20:40:24,23.19,False,ok,2026-04-07,close,36.24,56.27425614489003,21.52,23.67,True,0,0.004256144890028679,-0.8243384187263891,57.09859456361642
274,trend_momentum,600719,大连热电,2026-03-26,2026-04-07,7,-14.34,-4.47,-17.37,False,,,81.0,推荐,trade,4,afternoon,close_snapshot,unknown,1,cache_backfill,,2026-07-30 20:40:29,7.6,False,ok,2026-04-07,close,6.51,-14.34210526315789,7.0,7.77,True,0,-0.0021052631578903913,-0.8243384187263891,-13.5177668444315
298,trend_momentum,300620,光库科技,2026-03-27,2026-04-08,7,15.08,15.57,-7.72,True,,,81.0,强烈推荐,trade,4,afternoon,close_snapshot,unknown,1,cache_backfill,,2026-07-30 20:41:09,192.93,False,ok,2026-04-08,close,222.02,15.078007567511541,172.33,199.99,True,0,-0.0019924324884588174,2.065264948684886,13.012742618826655
299,trend_momentum,300497,富祥药业,2026-03-27,2026-04-08,7,2.11,5.31,-3.85,True,,,80.0,强烈推荐,trade,4,premarket,close_snapshot,unknown,1,cache_backfill,,2026-07-30 20:41:10,18.44,False,ok,2026-04-08,close,18.83,2.11496746203903,18.01,19.94,True,0,0.004967462039030313,2.065264948684886,0.049702513354143996
300,trend_momentum,600780,通宝能源,2026-03-27,2026-04-08,7,-22.89,-14.0,-25.03,False,,,88.0,推荐,trade,2,premarket,close_snapshot,unknown,1,cache_backfill,,2026-07-30 20:41:14,8.43,False,ok,2026-04-08,close,6.5,-22.894424673784098,7.67,8.13,False,3.690036900368998,-0.004424673784097166,2.065264948684886,-24.959689622468986
327,trend_momentum,603876,鼎胜新材,2026-03-30,2026-04-09,7,-0.71,-0.71,-8.21,False,,,95.0,强烈推荐,trade,1,afternoon,close_snapshot,unknown,1,cache_backfill,,2026-07-30 20:42:08,23.88,False,ok,2026-04-09,close,23.71,-0.711892797319924,22.2,23.95,True,0,-0.0018927973199240888,1.6534021972639978,-2.365294994583922
328,trend_momentum,600539,狮头股份,2026-03-30,2026-04-09,7,-2.58,-2.58,-9.56,False,,,93.0,强烈推荐,trade,3,afternoon,close_snapshot,unknown,1,cache_backfill,,2026-07-30 20:42:08,15.48,False,ok,2026-04-09,close,15.08,-2.5839793281653756,14.2,15.63,True,0,-0.003979328165375495,1.6534021972639978,-4.237381525429374
329,trend_momentum,002634,棒杰股份,2026-03-30,2026-04-09,7,15.31,19.38,8.52,True,,,89.0,强烈推荐,trade,4,afternoon,close_snapshot,unknown,1,cache_backfill,,2026-07-30 20:42:10,8.1,False,ok,2026-04-09,close,9.34,15.308641975308635,7.32,8.13,True,0,-0.001358024691365145,1.6534021972639978,13.655239778044638
352,trend_momentum,603017,中衡设计,2026-03-31,2026-04-10,7,-21.37,3.17,-22.43,False,,,93.0,强烈推荐,trade,1,afternoon,close_snapshot,unknown,1,cache_backfill,,2026-07-30 20:42:52,17.03,False,ok,2026-04-10,close,13.39,-21.37404580152672,15.51,17.34,True,0,-0.004045801526718407,4.191413579622694,-25.565459381149413
353,trend_momentum,600207,安彩高科,2026-03-31,2026-04-10,7,-19.71,2.14,-19.71,False,,,93.0,强烈推荐,trade,2,manual,close_snapshot,unknown,1,cache_backfill,,2026-07-30 20:42:53,7.0,False,ok,2026-04-10,close,5.62,-19.71428571428572,6.13,7.08,True,0,-0.004285714285718001,4.191413579622694,-23.905699293908413
354,trend_momentum,002082,万邦德,2026-03-31,2026-04-10,7,1.36,23.27,1.36,True,,,90.0,强烈推荐,trade,3,manual,close_snapshot,unknown,1,cache_backfill,,2026-07-30 20:42:56,29.4,False,ok,2026-04-10,close,29.8,1.3605442176870763,27.01,30.2,True,0,0.0005442176870762427,4.191413579622694,-2.8308693619356173
376,trend_momentum,603016,新宏泰,2026-04-01,2026-04-13,7,-10.97,6.17,-12.4,False,,,88.0,强烈推荐,trade,1,premarket,close_snapshot,unknown,1,cache_backfill,,2026-07-30 20:43:28,48.13,False,ok,2026-04-13,close,42.85,-10.97028880116352,44.42,50.9,True,0,-0.0002888011635189258,2.6530743006625945,-13.623363101826115
377,trend_momentum,603819,神力股份,2026-04-01,2026-04-13,7,-2.74,-2.74,-7.52,False,,,85.0,强烈推荐,trade,1,afternoon,close_snapshot,unknown,1,cache_backfill,,2026-07-30 20:43:29,14.22,False,ok,2026-04-13,close,13.83,-2.742616033755274,13.0,14.33,True,0,-0.002616033755273861,2.6530743006625945,-5.395690334417869
378,trend_momentum,301399,英特科技,2026-04-01,2026-04-13,7,-5.95,-5.95,-14.74,False,,,85.0,强烈推荐,trade,2,premarket,close_snapshot,unknown,1,cache_backfill,,2026-07-30 20:43:32,24.89,False,ok,2026-04-13,close,23.41,-5.946163117717962,23.3,24.61,False,1.137748882568057,0.0038368822820382675,2.6530743006625945,-8.599237418380557
414,trend_momentum,002655,共达电声,2026-04-09,2026-04-20,7,4.42,5.43,-2.39,True,,,91.0,强烈推荐,trade,2,afternoon,close_snapshot,unknown,1,cache_backfill,,2026-07-30 20:44:30,21.73,False,ok,2026-04-20,close,22.69,4.4178554993097086,19.44,21.99,True,0,-0.0021445006902913732,4.187708870794649,0.23014662851505996
415,trend_momentum,300626,华瑞股份,2026-04-09,2026-04-20,7,6.8,6.8,-2.86,True,,,95.0,推荐,trade,1,afternoon,close_snapshot,unknown,1,cache_backfill,,2026-07-30 20:44:36,26.92,False,ok,2026-04-20,close,28.75,6.797919762258542,24.76,27.87,True,0,-0.0020802377414579354,4.187708870794649,2.6102108914638933
416,trend_momentum,605056,咸亨国际,2026-04-09,2026-04-20,7,0.03,0.03,-5.47,True,,,88.0,推荐,trade,4,afternoon,close_snapshot,unknown,1,cache_backfill,,2026-07-30 20:44:36,29.05,False,ok,2026-04-20,close,29.06,0.034423407917372195,26.48,29.32,True,0,0.004423407917372196,4.187708870794649,-4.153285462877276
438,trend_momentum,002384,东山精密,2026-04-10,2026-04-21,7,17.75,17.75,1.35,True,False,True,94.0,强烈推荐,trade,1,afternoon,close_snapshot,unknown,1,cache_backfill,,2026-07-30 20:45:15,143.86,False,ok,2026-04-21,close,169.4,17.753371333240644,132.27,145.09,True,0,0.003371333240643537,2.8346385366769145,14.918732796563729
439,trend_momentum,002273,水晶光电,2026-04-10,2026-04-21,7,7.57,7.57,-3.59,True,False,True,90.0,强烈推荐,trade,2,manual,close_snapshot,unknown,1,cache_backfill,,2026-07-30 20:45:16,30.11,False,ok,2026-04-21,close,32.39,7.572235137827965,29.3,30.42,True,0,0.002235137827964806,2.8346385366769145,4.737596601151051
440,trend_momentum,603061,金海通,2026-04-10,2026-04-21,7,-21.52,7.28,-23.61,False,True,True,95.0,推荐,trade,1,manual,close_snapshot,unknown,1,cache_backfill,,2026-07-30 20:45:21,315.18,False,ok,2026-04-21,close,247.35,-21.521035598705506,302.5,318.49,True,0,-0.001035598705506402,2.8346385366769145,-24.355674135382422
470,trend_momentum,002950,奥美医疗,2026-04-13,2026-04-22,7,-3.35,-1.16,-10.54,False,True,False,93.0,强烈推荐,trade,1,manual,close_snapshot,unknown,1,cache_backfill,,2026-07-30 20:51:34,14.61,False,ok,2026-04-22,close,14.12,-3.3538672142368275,13.53,14.9,True,0,-0.0038672142368274542,3.303380218029983,-6.657247432266811
471,trend_momentum,001228,永泰运,2026-04-13,2026-04-22,7,0.29,1.64,-2.05,True,False,False,84.0,强烈推荐,trade,3,premarket,close_snapshot,unknown,1,cache_backfill,,2026-07-30 20:51:34,34.13,False,ok,2026-04-22,close,34.23,0.29299736302370594,33.4,34.84,True,0,0.0029973630237059568,3.303380218029983,-3.0103828550062772
472,trend_momentum,003031,中瓷电子,2026-04-13,2026-04-22,7,21.93,21.93,-0.58,True,False,True,91.0,推荐,trade,2,manual,close_snapshot,unknown,1,cache_backfill,,2026-07-30 20:51:34,102.85,False,ok,2026-04-22,close,125.4,21.925133689839594,96.05,104.99,True,0,-0.004866310160405618,3.303380218029983,18.621753471809612
505,trend_momentum,605303,园林股份,2026-04-14,2026-04-23,7,3.41,11.09,1.0,True,False,,88.0,强烈推荐,trade,3,manual,close_snapshot,unknown,1,cache_backfill,,2026-07-30 20:51:38,22.0,False,ok,2026-04-23,close,22.75,3.409090909090917,20.22,22.23,True,0,-0.0009090909090829769,1.8090817819827798,1.6000091271081374
506,trend_momentum,000988,华工科技,2026-04-14,2026-04-23,7,-6.0,-3.36,-10.27,False,True,False,83.0,强烈推荐,trade,4,premarket,close_snapshot,unknown,1,cache_backfill,,2026-07-30 20:51:39,125.16,False,ok,2026-04-23,close,117.65,-6.000319590923608,118.0,124.34,False,0.659482065304795,-0.0003195909236080041,1.8090817819827798,-7.809401372906388
507,trend_momentum,002008,大族激光,2026-04-14,2026-04-23,7,25.27,25.27,-4.73,True,True,,90.0,推荐,trade,1,manual,close_snapshot,unknown,1,cache_backfill,,2026-07-30 20:51:39,82.7,False,ok,2026-04-23,close,103.6,25.2720677146312,76.06,83.36,True,0,0.0020677146311989247,1.8090817819827798,23.46298593264842
542,trend_momentum,605303,园林股份,2026-04-15,2026-04-24,7,4.23,11.09,2.18,True,False,,88.0,强烈推荐,trade,3,premarket,close_snapshot,unknown,1,cache_backfill,,2026-07-30 20:51:43,22.0,False,ok,2026-04-24,close,22.93,4.227272727272724,22.0,23.73,True,0,-0.002727272727276464,1.7954218024651913,2.4318509248075326
543,trend_momentum,301182,凯旺科技,2026-04-15,2026-04-24,7,-6.41,2.43,-6.41,False,True,,85.0,强烈推荐,trade,4,afternoon,close_snapshot,unknown,1,cache_backfill,,2026-07-30 20:51:44,67.19,False,ok,2026-04-24,close,62.88,-6.414645036463751,61.5,67.8,True,0,-0.00464503646375114,1.7954218024651913,-8.210066838928942
544,trend_momentum,002008,大族激光,2026-04-15,2026-04-24,7,23.89,25.27,4.8,True,False,,90.0,推荐,trade,1,premarket,close_snapshot,unknown,1,cache_backfill,,2026-07-30 20:51:44,82.7,False,ok,2026-04-24,close,102.46,23.893591293833126,78.4,82.81,True,0,0.0035912938331250643,1.7954218024651913,22.098169491367933
583,trend_momentum,300137,先河环保,2026-04-16,2026-04-27,7,6.4,6.4,-7.01,True,True,,95.0,强烈推荐,trade,2,afternoon,close_snapshot,unknown,1,cache_backfill,,2026-07-30 20:51:49,16.4,False,ok,2026-04-27,close,17.45,6.4024390243902385,14.82,17.0,True,0,0.0024390243902381314,0.7249910801184756,5.677447944271763
584,trend_momentum,601179,中国西电,2026-04-16,2026-04-27,7,-4.41,2.94,-4.41,False,False,,79.0,强烈推荐,trade,4,premarket,close_snapshot,unknown,1,cache_backfill,,2026-07-30 20:51:49,17.7,False,ok,2026-04-27,close,16.92,-4.406779661016936,16.99,17.69,True,0.05652911249292014,0.003220338983064508,0.7249910801184756,-5.131770741135411
587,trend_momentum,601133,柏诚股份,2026-04-16,2026-04-27,7,-11.21,-3.87,-11.29,False,True,,90.0,推荐,trade,1,premarket,close_snapshot,unknown,1,cache_backfill,,2026-07-30 20:51:49,25.87,False,ok,2026-04-27,close,22.97,-11.209895632006194,24.8,26.0,True,0,0.00010436799380642015,0.7249910801184756,-11.93488671212467
621,trend_momentum,603063,禾望电气,2026-04-17,2026-04-28,7,4.65,5.35,1.24,True,False,True,93.0,强烈推荐,trade,3,afternoon,close_snapshot,unknown,1,cache_backfill,,2026-07-30 20:51:54,40.2,False,ok,2026-04-28,close,42.07,4.651741293532341,36.12,40.63,True,0,0.0017412935323406487,0.6246999684900834,4.027041325042258
622,trend_momentum,600773,西藏城投,2026-04-17,2026-04-28,7,18.85,18.85,-0.74,True,False,True,95.0,推荐,trade,1,afternoon,close_snapshot,unknown,1,cache_backfill,,2026-07-30 20:51:54,22.86,False,ok,2026-04-28,close,27.17,18.8538932633421,21.0,23.23,True,0,0.0038932633420998286,0.6246999684900834,18.229193294852017
623,trend_momentum,300502,新易盛,2026-04-17,2026-04-28,7,-7.72,7.32,-7.72,False,True,True,95.0,推荐,trade,2,afternoon,close_snapshot,unknown,1,cache_backfill,,2026-07-30 20:51:54,580.26,False,ok,2026-04-28,close,535.46,-7.720676937924376,542.03,589.98,True,0,-0.0006769379243758422,0.6246999684900834,-8.345376906414458
658,trend_momentum,301307,美利信,2026-04-20,2026-04-29,7,3.33,3.33,-8.0,True,True,False,91.0,强烈推荐,trade,1,premarket,close_snapshot,unknown,1,cache_backfill,,2026-07-30 20:51:59,45.4,False,ok,2026-04-29,close,46.91,3.325991189427313,43.82,45.71,True,0,-0.004008810572686983,1.1121527544225573,2.2138384350047557
659,trend_momentum,300502,新易盛,2026-04-20,2026-04-29,7,-8.83,5.72,-9.09,False,True,True,90.0,推荐,trade,2,premarket,close_snapshot,unknown,1,cache_backfill,,2026-07-30 20:51:59,589.0,False,ok,2026-04-29,close,537.0,-8.82852292020373,577.0,596.96,True,0,0.0014770797962704307,1.1121527544225573,-9.940675674626288
660,trend_momentum,601208,东材科技,2026-04-20,2026-04-29,7,5.25,5.25,-7.08,True,True,True,90.0,推荐,trade,4,premarket,close_snapshot,unknown,1,cache_backfill,,2026-07-30 20:51:59,36.73,False,ok,2026-04-29,close,38.66,5.254560304927858,35.42,36.65,False,0.21828103683492195,0.00456030492785775,1.1121527544225573,4.1424075505053
691,trend_momentum,601002,晋亿实业,2026-04-21,2026-04-30,7,-6.89,-0.75,-7.19,False,True,False,93.0,强烈推荐,trade,1,premarket,close_snapshot,unknown,1,cache_backfill,,2026-07-30 20:52:03,6.68,False,ok,2026-04-30,close,6.22,-6.886227544910184,6.46,6.69,True,0,0.0037724550898152742,0.8244546979865763,-7.710682242896761
693,trend_momentum,605098,行动教育,2026-04-21,2026-04-30,7,-7.59,1.92,-7.59,False,True,False,88.0,强烈推荐,trade,2,afternoon,close_snapshot,unknown,1,cache_backfill,,2026-07-30 20:52:04,66.82,False,ok,2026-04-30,close,61.75,-7.587548638132291,62.8,67.68,True,0,0.00245136186770889,0.8244546979865763,-8.412003336118868
694,trend_momentum,603139,康惠股份,2026-04-21,2026-04-30,7,11.56,13.03,2.61,True,False,True,90.0,推荐,trade,2,premarket,close_snapshot,unknown,1,cache_backfill,,2026-07-30 20:52:04,32.54,False,ok,2026-04-30,close,36.3,11.555009219422253,32.62,34.22,False,-0.24524831391783408,-0.0049907805777476,0.8244546979865763,10.730554521435677
746,trend_momentum,301365,矩阵股份,2026-04-23,2026-05-07,7,7.6,7.6,-3.58,True,False,True,98.0,强烈推荐,trade,1,premarket,close_snapshot,unknown,1,cache_backfill,,2026-07-30 20:52:10,34.59,False,ok,2026-05-07,close,37.22,7.603353570396054,33.62,35.55,True,0,0.0033535703960545504,2.3855438300326215,5.217809740363433
747,trend_momentum,300342,天银机电,2026-04-23,2026-05-07,7,-8.02,2.76,-8.02,False,True,False,91.0,强烈推荐,trade,3,afternoon,close_snapshot,unknown,1,cache_backfill,,2026-07-30 20:52:11,70.66,False,ok,2026-05-07,close,64.99,-8.024341919048972,66.89,75.5,True,0,-0.004341919048972187,2.3855438300326215,-10.409885749081592
748,trend_momentum,603308,应流股份,2026-04-23,2026-05-07,7,-1.99,0.18,-7.87,False,True,False,92.0,强烈推荐,trade,1,afternoon,close_snapshot,unknown,1,cache_backfill,,2026-07-30 20:52:11,82.04,False,ok,2026-05-07,close,80.41,-1.9868356899073736,79.22,83.0,True,0,0.00316431009262641,2.3855438300326215,-4.3723795199399955
788,trend_momentum,600331,宏达股份,2026-04-27,2026-05-11,7,-2.91,0.55,-5.26,False,True,False,85.0,强烈推荐,trade,2,premarket,close_snapshot,unknown,1,cache_backfill,,2026-07-30 20:52:16,18.24,False,ok,2026-05-11,close,17.71,-2.9057017543859476,18.08,18.76,True,0,0.004298245614052565,3.7914880684140506,-6.697189822799999
790,trend_momentum,000593,德龙汇能,2026-04-27,2026-05-11,7,16.12,28.39,16.12,True,False,True,83.0,推荐,trade,4,premarket,close_snapshot,unknown,1,cache_backfill,,2026-07-30 20:52:16,21.03,False,ok,2026-05-11,close,24.42,16.11982881597718,21.76,23.13,False,-3.354779411764708,-0.0001711840228217909,3.7914880684140506,12.328340747563129
837,trend_momentum,300666,江丰电子,2026-04-29,2026-05-13,7,3.84,4.0,-3.31,True,False,False,95.0,强烈推荐,trade,1,premarket,close_snapshot,unknown,1,cache_backfill,,2026-07-30 20:52:22,179.37,False,ok,2026-05-13,close,186.25,3.8356469866755782,162.29,175.76,False,2.053937187073296,-0.004353013324421617,3.908031640109333,-0.07238465343375466
838,trend_momentum,300191,潜能恒信,2026-04-29,2026-05-13,7,-19.37,-2.19,-19.37,False,True,False,88.0,推荐,trade,2,premarket,close_snapshot,unknown,1,cache_backfill,,2026-07-30 20:52:22,44.35,False,ok,2026-05-13,close,35.76,-19.368658399098095,43.63,47.06,True,0,0.0013416009019060482,3.908031640109333,-23.276690039207427
863,trend_momentum,000703,恒逸石化,2026-04-30,2026-05-14,7,-13.67,6.05,-13.67,False,True,True,85.0,推荐,trade,2,premarket,close_snapshot,unknown,1,cache_backfill,,2026-07-30 20:52:26,17.19,False,ok,2026-05-14,close,14.84,-13.670738801628858,16.91,18.17,True,0,-0.0007388016288576438,2.2318094734893323,-15.902548275118189
892,trend_momentum,002135,东南网架,2026-05-06,2026-05-15,7,-4.35,9.87,-4.35,False,False,True,92.0,强烈推荐,trade,1,premarket,close_snapshot,unknown,1,cache_backfill,,2026-07-30 20:52:29,8.51,False,ok,2026-05-15,close,8.14,-4.347826086956507,8.6,9.36,False,-1.0465116279069764,0.002173913043492348,-0.3588205261744193,-3.989005560782088
893,trend_momentum,002353,杰瑞股份,2026-05-06,2026-05-15,7,0.63,10.07,0.63,True,False,True,89.0,推荐,trade,2,premarket,close_snapshot,unknown,1,cache_backfill,,2026-07-30 20:52:29,137.0,False,ok,2026-05-15,close,137.86,0.6277372262773806,143.85,150.7,False,-4.761904761904756,-0.0022627737226194045,-0.3588205261744193,0.9865577524517999
894,trend_momentum,301193,家联科技,2026-05-06,2026-05-15,7,-11.21,-4.29,-13.32,False,True,False,81.0,推荐,trade,5,premarket,close_snapshot,unknown,1,cache_backfill,,2026-07-30 20:52:29,27.03,False,ok,2026-05-15,close,24.0,-11.209766925638187,25.31,26.88,False,0.5580357142857206,0.0002330743618141895,-0.3588205261744193,-10.850946399463767
917,trend_momentum,300553,集智股份,2026-05-07,2026-05-18,7,33.22,35.44,14.8,True,False,True,90.0,强烈推荐,trade,3,premarket,close_snapshot,unknown,1,cache_backfill,,2026-07-30 20:52:32,47.83,False,ok,2026-05-18,close,63.72,33.22182730503869,46.71,54.18,True,0,0.0018273050386881096,-1.3670005774909066,34.58882788252959
1001,trend_momentum,300895,铜牛信息,2026-05-14,2026-05-25,7,-6.16,6.42,-9.44,False,True,True,90.0,推荐,trade,2,premarket,close_snapshot,unknown,1,cache_backfill,,2026-07-30 20:52:45,75.51,False,ok,2026-05-25,close,70.86,-6.15812475168852,75.54,81.99,True,-0.03971405877680745,0.0018752483114798935,0.14243275139380618,-6.300557503082326
1002,trend_momentum,300866,安克创新,2026-05-14,2026-05-25,7,-8.71,0.13,-8.71,False,True,False,90.0,推荐,trade,3,premarket,close_snapshot,unknown,1,cache_backfill,,2026-07-30 20:52:45,136.22,False,ok,2026-05-25,close,124.35,-8.713845250330355,130.73,136.6,True,0,-0.0038452503303538776,0.14243275139380618,-8.85627800172416
1025,trend_momentum,601975,招商南油,2026-05-15,2026-05-26,7,-0.75,8.41,-11.4,False,True,True,95.0,强烈推荐,trade,1,premarket,close_snapshot,unknown,1,cache_backfill,,2026-07-30 20:52:48,5.35,False,ok,2026-05-26,close,5.31,-0.747663551401867,4.82,5.38,True,0,0.0023364485981329786,1.8162026014540311,-2.563866152855898
1026,trend_momentum,600488,津药药业,2026-05-15,2026-05-26,7,-35.3,-19.0,-35.3,False,True,False,88.0,推荐,trade,2,premarket,close_snapshot,unknown,1,cache_backfill,,2026-07-30 20:52:48,7.79,False,ok,2026-05-26,close,5.04,-35.30166880616174,7.01,7.2,False,8.194444444444438,-0.001668806161745806,1.8162026014540311,-37.11787140761577
1052,trend_momentum,603416,信捷电气,2026-05-18,2026-05-27,7,-9.41,2.17,-9.41,False,True,False,88.0,强烈推荐,trade,2,premarket,close_snapshot,unknown,1,cache_backfill,,2026-07-30 20:52:52,64.11,False,ok,2026-05-27,close,58.08,-9.405708937763224,63.5,65.5,True,0,0.004291062236776,1.5444231119349894,-10.950132049698214
1094,trend_momentum,000404,长虹华意,2026-05-20,2026-05-29,7,-13.14,2.92,-13.14,False,True,False,87.0,强烈推荐,trade,5,premarket,close_snapshot,unknown,1,cache_backfill,,2026-07-30 20:52:57,9.59,False,ok,2026-05-29,close,8.33,-13.138686131386857,9.02,9.44,False,1.58898305084747,0.0013138686131437538,0.8538973756365031,-13.99258350702336
1132,trend_momentum,000404,长虹华意,2026-05-22,2026-06-02,7,-16.41,-6.89,-16.41,False,True,False,90.0,强烈推荐,trade,1,premarket,close_snapshot,unknown,1,cache_backfill,,2026-07-30 20:53:01,9.87,False,ok,2026-06-02,close,8.25,-16.413373860182368,9.55,9.99,True,0,-0.0033738601823678493,1.4336133413139107,-17.84698720149628
1172,trend_momentum,301312,智立方,2026-05-26,2026-06-04,7,-37.69,-9.11,-38.87,False,True,False,98.0,强烈推荐,trade,1,premarket,close_snapshot,unknown,1,cache_backfill,,2026-07-30 20:53:07,149.0,False,ok,2026-06-04,close,92.84,-37.691275167785236,136.18,153.9,True,0,-0.0012751677852378407,-0.8710854209404206,-36.82018974684482
1173,trend_momentum,003019,宸展光电,2026-05-26,2026-06-04,7,-5.58,6.69,-5.58,False,True,True,91.0,推荐,trade,2,premarket,close_snapshot,unknown,1,cache_backfill,,2026-07-30 20:53:07,41.4,False,ok,2026-06-04,close,39.09,-5.57971014492753,40.25,44.65,True,0,0.0002898550724701465,-0.8710854209404206,-4.708624723987109
1206,trend_momentum,300037,新宙邦,2026-05-28,2026-06-08,7,-1.95,4.79,-5.03,False,True,True,92.0,强烈推荐,trade,1,premarket,close_snapshot,unknown,1,cache_backfill,,2026-07-30 20:53:11,74.72,False,ok,2026-06-08,close,73.26,-1.9539614561027707,73.61,80.88,True,0,-0.003961456102770766,-4.08142916155394,2.1274677054511693
1207,trend_momentum,300088,长信科技,2026-05-28,2026-06-08,7,2.28,6.72,-10.01,True,True,True,89.0,强烈推荐,trade,3,premarket,close_snapshot,unknown,1,cache_backfill,,2026-07-30 20:53:12,7.89,False,ok,2026-06-08,close,8.07,2.281368821292773,7.59,8.16,True,0,0.0013688212927731591,-4.08142916155394,6.362797982846713
1228,trend_momentum,301238,瑞泰新材,2026-05-29,2026-06-09,7,-10.31,1.57,-14.21,False,True,False,93.0,推荐,trade,2,premarket,close_snapshot,unknown,1,cache_backfill,,2026-07-30 20:53:15,24.92,False,ok,2026-06-09,close,22.35,-10.31300160513644,25.02,27.91,False,-0.3996802557953538,-0.0030016051364398777,-1.8460299420292148,-8.466971663107225
1229,trend_momentum,300617,安靠智电,2026-05-29,2026-06-09,7,-20.61,-6.15,-22.82,False,True,False,93.0,强烈推荐,trade,1,premarket,close_snapshot,unknown,1,cache_backfill,,2026-07-30 20:53:15,72.88,False,ok,2026-06-09,close,57.86,-20.609220636663007,66.79,72.48,False,0.5518763796909409,0.0007793633369921338,-1.8460299420292148,-18.763190694633792
1248,trend_momentum,002039,黔源电力,2026-06-01,2026-06-10,7,-12.34,-2.72,-12.34,False,True,False,91.0,强烈推荐,trade,1,premarket,close_snapshot,unknown,1,cache_backfill,,2026-07-30 20:53:17,23.18,False,ok,2026-06-10,close,20.32,-12.33822260569456,21.39,22.97,False,0.9142359599477512,0.0017773943054404384,-1.9749146412455176,-10.363307964449042
1249,trend_momentum,601918,新集能源,2026-06-01,2026-06-10,7,-5.56,9.85,-5.56,False,True,True,88.0,推荐,trade,2,premarket,close_snapshot,unknown,1,cache_backfill,,2026-07-30 20:53:17,10.25,False,ok,2026-06-10,close,9.68,-5.5609756097561025,10.11,11.28,True,0,-0.0009756097561028909,-1.9749146412455176,-3.586060968510585
1268,trend_momentum,600956,新天绿能,2026-06-02,2026-06-11,7,-20.2,-1.02,-20.3,False,True,False,83.0,强烈推荐,trade,3,premarket,close_snapshot,unknown,1,cache_backfill,,2026-07-30 20:53:19,9.85,False,ok,2026-06-11,close,7.86,-20.203045685279186,9.44,10.24,True,0,-0.003045685279186472,-3.9098108477666482,-16.293234837512536
1271,trend_momentum,603232,格尔软件,2026-06-02,2026-06-11,7,-30.14,-3.49,-30.14,False,True,False,79.0,推荐,trade,5,premarket,close_snapshot,unknown,1,cache_backfill,,2026-07-30 20:53:20,22.89,False,ok,2026-06-11,close,15.99,-30.144167758846663,21.5,22.54,False,1.552795031055898,-0.00416775884666265,-3.9098108477666482,-26.234356911080013
1288,trend_momentum,603002,宏昌电子,2026-06-03,2026-06-12,7,-5.17,-0.71,-17.95,False,True,False,94.0,强烈推荐,trade,1,premarket,close_snapshot,unknown,1,cache_backfill,,2026-07-30 20:53:22,18.38,False,ok,2026-06-12,close,17.43,-5.168661588683343,17.04,18.56,True,0,0.0013384113166567957,-3.2698160083097116,-1.8988455803736315
1289,trend_momentum,601138,工业富联,2026-06-03,2026-06-12,7,-12.35,-1.82,-13.11,False,True,False,93.0,推荐,trade,2,premarket,close_snapshot,unknown,1,cache_backfill,,2026-07-30 20:53:23,80.01,False,ok,2026-06-12,close,70.13,-12.348456442944645,78.43,84.95,True,0,0.001543557055354583,-3.2698160083097116,-9.078640434634934
1307,trend_momentum,301607,富特科技,2026-06-04,2026-06-15,7,-7.52,8.95,-10.86,False,True,False,95.0,强烈推荐,trade,1,premarket,close_snapshot,unknown,1,cache_backfill,,2026-07-30 20:53:25,42.44,False,ok,2026-06-15,close,39.25,-7.516493873704045,40.75,42.84,True,0,0.0035061262959548145,-0.26586472297263075,-7.250629150731414
1310,trend_momentum,601869,长飞光纤,2026-06-04,2026-06-15,7,1.19,8.84,-1.91,True,False,True,94.0,推荐,trade,2,premarket,close_snapshot,unknown,1,cache_backfill,,2026-07-30 20:53:26,444.99,False,ok,2026-06-15,close,450.3,1.1932852423649942,433.0,469.99,True,0,0.0032852423649942786,-0.26586472297263075,1.459149965337625
1313,trend_momentum,000657,中钨高新,2026-06-04,2026-06-15,7,21.18,21.18,-5.29,True,True,True,90.0,推荐,trade,3,premarket,close_snapshot,unknown,1,cache_backfill,,2026-07-30 20:53:26,71.71,False,ok,2026-06-15,close,86.9,21.182540789290204,69.0,74.81,True,0,0.002540789290204515,-0.26586472297263075,21.448405512262834
1328,trend_momentum,301379,天山电子,2026-06-05,2026-06-16,7,-1.64,-1.56,-9.97,False,True,False,93.0,推荐,trade,1,premarket,close_snapshot,unknown,1,cache_backfill,,2026-07-30 20:53:28,25.57,False,ok,2026-06-16,close,25.15,-1.6425498631208568,25.11,26.57,True,0,-0.002549863120856921,1.3973659516869574,-3.0399158148078143
1349,trend_momentum,603045,福达合金,2026-06-08,2026-06-17,7,1.29,6.94,-12.65,True,True,True,86.0,强烈推荐,trade,3,premarket,close_snapshot,unknown,1,cache_backfill,,2026-07-30 20:53:31,83.41,False,ok,2026-06-17,close,84.49,1.2948087759261373,78.86,91.26,True,0,0.004808775926137265,4.619572135334904,-3.3247633594087667
1367,trend_momentum,600522,中天科技,2026-06-09,2026-06-18,7,14.17,14.17,-1.88,True,False,True,81.0,强烈推荐,trade,4,premarket,close_snapshot,unknown,1,cache_backfill,,2026-07-30 20:53:33,49.53,False,ok,2026-06-18,close,56.55,14.173228346456689,48.56,54.48,True,0,0.003228346456689124,2.91119390396537,11.26203444249132
1368,trend_momentum,603045,福达合金,2026-06-09,2026-06-18,7,-4.44,-2.03,-19.04,False,True,False,93.0,推荐,trade,1,premarket,close_snapshot,unknown,1,cache_backfill,,2026-07-30 20:53:34,90.0,False,ok,2026-06-18,close,86.0,-4.444444444444439,81.0,90.71,True,0,-0.004444444444438922,2.91119390396537,-7.355638348409809
1387,trend_momentum,300709,精研科技,2026-06-10,2026-06-22,7,25.93,25.93,-9.0,True,True,True,87.0,强烈推荐,trade,3,premarket,close_snapshot,unknown,1,cache_backfill,,2026-07-30 20:53:36,51.9,False,ok,2026-06-22,close,65.36,25.93448940269749,47.71,51.02,False,1.7248137985103718,0.004489402697490874,6.550786654564833,19.383702748132656
1388,trend_momentum,002851,麦格米特,2026-06-10,2026-06-22,7,16.69,16.69,-16.41,True,True,True,88.0,推荐,trade,2,premarket,close_snapshot,unknown,1,cache_backfill,,2026-07-30 20:53:36,161.79,False,ok,2026-06-22,close,188.79,16.68829964769145,145.61,153.0,False,5.745098039215679,-0.001700352308549924,6.550786654564833,10.137512993126618
1389,trend_momentum,000823,超声电子,2026-06-10,2026-06-22,7,27.74,27.74,-1.83,True,False,True,86.0,推荐,trade,5,premarket,close_snapshot,unknown,1,cache_backfill,,2026-07-30 20:53:36,18.6,False,ok,2026-06-22,close,23.76,27.74193548387096,17.73,18.97,True,0,0.001935483870962429,6.550786654564833,21.19114882930613
1427,trend_momentum,600060,海信视像,2026-06-12,2026-06-24,7,-13.05,-3.18,-13.05,False,True,False,94.0,强烈推荐,trade,1,premarket,close_snapshot,unknown,1,cache_backfill,,2026-07-30 20:53:41,27.98,False,ok,2026-06-24,close,24.33,-13.045032165832747,26.4,27.92,False,0.21489971346704273,0.004967834167253216,3.4684718628854805,-16.513504028718227
1448,trend_momentum,301526,国际复材,2026-06-15,2026-06-25,7,68.35,68.35,34.49,True,False,True,81.0,推荐,trade,4,premarket,close_snapshot,unknown,1,cache_backfill,,2026-07-30 20:53:44,28.44,False,ok,2026-06-25,close,47.88,68.35443037974684,29.45,34.13,False,-3.4295415959252895,0.004430379746850122,2.62464455170075,65.72978582804609
1466,trend_momentum,300031,宝通科技,2026-06-16,2026-06-26,7,9.74,15.31,3.11,True,False,True,95.0,强烈推荐,trade,1,premarket,close_snapshot,unknown,1,cache_backfill,,2026-07-30 20:53:46,27.31,False,ok,2026-06-26,close,29.97,9.740021969974366,26.87,28.0,True,0,2.1969974365987355e-05,-0.3277896413559467,10.067811611330313
1467,trend_momentum,603993,洛阳钼业,2026-06-16,2026-06-26,7,-17.59,3.49,-17.59,False,True,False,89.0,强烈推荐,trade,4,premarket,close_snapshot,unknown,1,cache_backfill,,2026-07-30 20:53:46,20.92,False,ok,2026-06-26,close,17.24,-17.590822179732324,19.93,20.72,False,0.9652509652509744,-0.0008221797323244573,-0.3277896413559467,-17.26303253837638
1468,trend_momentum,002733,雄韬股份,2026-06-16,2026-06-26,7,-6.07,-4.9,-13.01,False,True,False,90.0,推荐,trade,3,premarket,close_snapshot,unknown,1,cache_backfill,,2026-07-30 20:53:47,37.73,False,ok,2026-06-26,close,35.44,-6.069440763318312,36.31,37.38,False,0.9363295880149725,0.0005592366816884464,-0.3277896413559467,-5.741651121962365
1486,trend_momentum,300661,圣邦股份,2026-06-17,2026-06-29,7,4.78,8.45,3.18,True,False,True,95.0,强烈推荐,trade,2,premarket,close_snapshot,unknown,1,cache_backfill,2026-06-17 05:32:41,2026-07-30 20:53:49,127.5,False,ok,2026-06-29,close,133.6,4.784313725490197,124.0,132.96,True,0,0.004313725490196596,-0.09064381442149827,4.874957539911695
1487,trend_momentum,000922,佳电股份,2026-06-17,2026-06-29,7,-6.76,1.1,-6.76,False,True,False,93.0,强烈推荐,trade,4,premarket,close_snapshot,unknown,1,cache_backfill,2026-06-17 05:32:41,2026-07-30 20:53:49,14.5,False,ok,2026-06-29,close,13.52,-6.758620689655171,13.84,14.5,True,0,0.0013793103448289656,-0.09064381442149827,-6.6679768752336726
1489,trend_momentum,600176,中国巨石,2026-06-17,2026-06-29,7,42.99,49.32,7.78,True,False,True,95.0,推荐,trade,3,premarket,close_snapshot,unknown,1,cache_backfill,2026-06-17 05:32:41,2026-07-30 20:53:49,49.64,False,ok,2026-06-29,close,70.98,42.98952457695408,49.0,54.6,True,0,-0.00047542304591985385,-0.09064381442149827,43.08016839137558
1504,trend_momentum,002409,雅克科技,2026-06-18,2026-06-30,7,51.77,51.77,6.35,True,False,True,95.0,推荐,trade,2,premarket,close_snapshot,unknown,1,cache_backfill,2026-06-18 05:32:33,2026-07-30 20:53:51,147.92,False,ok,2026-06-30,close,224.5,51.7712276906436,143.85,151.6,True,0,0.0012276906435957358,0.7655415250121367,51.00568616563146
1505,trend_momentum,002745,木林森,2026-06-18,2026-06-30,7,9.8,11.81,-0.09,True,False,True,95.0,强烈推荐,trade,1,premarket,close_snapshot,unknown,1,cache_backfill,2026-06-18 05:32:33,2026-07-30 20:53:51,11.43,False,ok,2026-06-30,close,12.55,9.798775153105876,11.23,11.83,True,0,-0.0012248468941251645,0.7655415250121367,9.03323362809374
1521,trend_momentum,300811,铂科新材,2026-06-22,2026-07-01,7,-6.09,-6.09,-12.78,False,True,False,97.0,强烈推荐,trade,1,premarket,close_snapshot,unknown,1,cache_backfill,2026-06-22 05:32:43,2026-07-30 20:53:53,107.18,False,ok,2026-07-01,close,100.65,-6.0925545810785575,98.5,113.0,True,0,-0.0025545810785576606,-1.9898570259661796,-4.102697555112378
1522,trend_momentum,301285,鸿日达,2026-06-22,2026-07-01,7,-16.47,-7.48,-21.96,False,True,False,93.0,推荐,trade,2,premarket,close_snapshot,unknown,1,cache_backfill,2026-06-22 05:32:43,2026-07-30 20:53:53,135.3,False,ok,2026-07-01,close,113.02,-16.467110125646723,123.04,135.47,True,0,0.002889874353275701,-1.9898570259661796,-14.477253099680544
1539,trend_momentum,600301,华锡有色,2026-06-23,2026-07-02,7,-15.99,-12.0,-17.03,False,True,False,95.0,推荐,trade,1,premarket,close_snapshot,unknown,1,cache_backfill,2026-06-23 05:32:34,2026-07-30 20:53:56,71.4,False,ok,2026-07-02,close,59.98,-15.994397759103652,64.26,72.16,True,0,-0.0043977591036519215,-2.1768959159570667,-13.817501843146585
1541,trend_momentum,600459,贵研铂业,2026-06-23,2026-07-02,7,-4.16,2.03,-9.76,False,True,False,90.0,推荐,trade,4,premarket,close_snapshot,unknown,1,cache_backfill,2026-06-23 05:32:34,2026-07-30 20:53:56,28.59,False,ok,2026-07-02,close,27.4,-4.162294508569431,25.73,28.0,False,2.107142857142863,-0.0022945085694310308,-2.1768959159570667,-1.9853985926123645
1561,trend_momentum,301379,天山电子,2026-06-24,2026-07-03,7,20.45,20.45,-11.24,True,True,True,88.0,强烈推荐,trade,2,premarket,close_snapshot,unknown,1,cache_backfill,2026-06-24 05:33:07,2026-07-30 20:53:59,26.7,False,ok,2026-07-03,close,32.16,20.449438202247183,25.5,26.83,True,0,-0.0005617977528160623,-2.0402506969423584,22.48968889918954
1562,trend_momentum,002668,TCL智家,2026-06-24,2026-07-03,7,3.71,5.52,-2.1,True,False,True,88.0,推荐,trade,5,premarket,close_snapshot,unknown,1,cache_backfill,2026-06-24 05:33:07,2026-07-30 20:53:59,10.5,False,ok,2026-07-03,close,10.89,3.7142857142857144,10.16,10.6,True,0,0.004285714285714448,-2.0402506969423584,5.754536411228073
1563,trend_momentum,300592,华凯易佰,2026-06-24,2026-07-03,7,21.02,22.48,-0.6,True,False,True,88.0,推荐,trade,4,premarket,close_snapshot,unknown,1,cache_backfill,2026-06-24 05:33:07,2026-07-30 20:53:59,15.08,False,ok,2026-07-03,close,18.25,21.0212201591512,14.69,15.69,True,0,0.0012201591511988852,-2.0402506969423584,23.061470856093557
1583,trend_momentum,300174,元力股份,2026-06-25,2026-07-06,7,-11.24,0.78,-11.24,False,True,False,95.0,强烈推荐,trade,1,premarket,close_snapshot,unknown,1,cache_backfill,2026-06-25 05:33:07,2026-07-30 20:54:02,31.85,False,ok,2026-07-06,close,28.27,-11.240188383045535,33.03,35.72,False,-3.572509839539806,-0.00018838304553447927,-3.5477380928666813,-7.692450290178853
1584,trend_momentum,300382,斯莱克,2026-06-25,2026-07-06,7,22.23,24.99,12.55,True,False,True,90.0,推荐,trade,3,premarket,close_snapshot,unknown,1,cache_backfill,2026-06-25 05:33:07,2026-07-30 20:54:02,18.49,False,ok,2026-07-06,close,22.6,22.22823147647379,18.61,19.5,False,-0.6448146157979617,-0.0017685235262092647,-3.5477380928666813,25.77596956934047
1600,trend_momentum,002463,沪电股份,2026-06-26,2026-07-07,7,-16.3,-1.41,-16.88,False,True,False,89.0,推荐,trade,2,premarket,close_snapshot,unknown,1,cache_backfill,2026-06-26 05:32:58,2026-07-30 20:54:04,154.99,False,ok,2026-07-07,close,129.72,-16.30427769533519,143.26,155.25,True,0,-0.004277695335190401,-1.5603238966192978,-14.743953798715893
1602,trend_momentum,301308,江波龙,2026-06-26,2026-07-07,7,-7.29,6.76,-11.53,False,True,True,95.0,推荐,trade,1,premarket,close_snapshot,unknown,1,cache_backfill,2026-06-26 05:32:58,2026-07-30 20:54:05,677.3,False,ok,2026-07-07,close,627.9,-7.293666026871404,650.0,690.5,True,0,-0.003666026871403716,-1.5603238966192978,-5.733342130252106
1622,trend_momentum,603281,江瀚新材,2026-06-29,2026-07-08,7,-43.58,-2.21,-43.58,False,True,False,88.0,强烈推荐,trade,2,premarket,close_snapshot,unknown,1,cache_backfill,2026-06-29 05:32:59,2026-07-30 20:54:07,42.13,False,ok,2026-07-08,close,23.77,-43.57939710420129,40.34,43.86,True,0,0.0006028957987069816,-3.478643858637853,-40.10075324556344
1623,trend_momentum,300382,斯莱克,2026-06-29,2026-07-08,7,0.58,11.05,0.58,True,False,True,83.0,推荐,trade,4,premarket,close_snapshot,unknown,1,cache_backfill,2026-06-29 05:32:59,2026-07-30 20:54:07,20.81,False,ok,2026-07-08,close,20.93,0.5766458433445587,20.66,22.81,True,0,-0.003354156655441254,-3.478643858637853,4.055289701982412
1624,trend_momentum,300321,同大股份,2026-06-29,2026-07-08,7,-16.68,11.75,-16.68,False,True,True,83.0,推荐,trade,5,premarket,close_snapshot,unknown,1,cache_backfill,2026-06-29 05:32:59,2026-07-30 20:54:08,57.61,False,ok,2026-07-08,close,48.0,-16.68113174796042,52.22,63.0,True,0,-0.0011317479604215919,-3.478643858637853,-13.202487889322569
1657,trend_momentum,000725,京东方Ａ,2026-07-01,2026-07-10,7,-12.56,4.84,-12.67,False,True,True,90.0,推荐,trade,1,premarket,close_snapshot,unknown,1,cache_backfill,2026-07-01 05:32:47,2026-07-30 20:54:12,8.68,False,ok,2026-07-10,close,7.59,-12.557603686635943,8.31,8.81,True,0,0.002396313364057434,-3.593279263074256,-8.964324423561687
1658,trend_momentum,300382,斯莱克,2026-07-01,2026-07-10,7,-13.8,-2.03,-13.8,False,True,False,90.0,推荐,trade,2,premarket,close_snapshot,unknown,1,cache_backfill,2026-07-01 05:32:47,2026-07-30 20:54:12,23.11,False,ok,2026-07-10,close,19.92,-13.803548247511888,22.18,23.8,True,0,-0.0035482475118868706,-3.593279263074256,-10.210268984437631
1659,trend_momentum,301592,六九一二,2026-07-01,2026-07-10,7,-5.7,4.19,-5.7,False,True,False,79.0,推荐,trade,5,premarket,close_snapshot,unknown,1,cache_backfill,2026-07-01 05:32:47,2026-07-30 20:54:12,132.35,False,ok,2026-07-10,close,124.8,-5.70457121269361,129.6,147.8,True,0,-0.004571212693609716,-3.593279263074256,-2.111291949619354
1678,trend_momentum,002422,科伦药业,2026-07-02,2026-07-13,7,6.79,14.37,0.07,True,False,True,93.0,强烈推荐,trade,1,premarket,close_snapshot,unknown,1,cache_backfill,2026-07-02 05:33:19,2026-07-30 20:54:15,41.95,False,ok,2026-07-13,close,44.8,6.793802145411187,41.01,45.68,True,0,0.0038021454111873965,-2.429607464206307,9.223409609617494
1679,trend_momentum,002317,众生药业,2026-07-02,2026-07-13,7,18.31,18.31,-2.77,True,False,True,92.0,推荐,trade,2,premarket,close_snapshot,unknown,1,cache_backfill,2026-07-02 05:33:19,2026-07-30 20:54:15,26.71,False,ok,2026-07-13,close,31.6,18.307749906402094,26.18,27.52,True,0,-0.0022500935979046233,-2.429607464206307,20.7373573706084
1697,trend_momentum,002038,双鹭药业,2026-07-03,2026-07-14,7,5.22,5.22,-13.43,True,True,True,82.0,推荐,trade,3,premarket,close_snapshot,unknown,1,cache_backfill,2026-07-03 05:33:14,2026-07-30 20:54:17,6.7,False,ok,2026-07-14,close,7.05,5.223880597014929,6.19,6.9,True,0,0.0038805970149295987,-0.9431721728068165,6.167052769821746
1698,trend_momentum,002422,科伦药业,2026-07-03,2026-07-14,7,8.38,8.38,-6.19,True,True,True,81.0,推荐,trade,4,premarket,close_snapshot,unknown,1,cache_backfill,2026-07-03 05:33:14,2026-07-30 20:54:17,44.75,False,ok,2026-07-14,close,48.5,8.379888268156432,42.93,48.08,True,0,-0.00011173184356927379,-0.9431721728068165,9.323060440963248
1717,trend_momentum,301007,德迈仕,2026-07-06,2026-07-15,7,-23.55,-13.63,-23.73,False,True,False,80.0,推荐,trade,3,premarket,close_snapshot,unknown,1,cache_backfill,2026-07-06 05:33:24,2026-07-30 20:54:20,37.5,False,ok,2026-07-15,close,28.67,-23.54666666666666,34.88,37.32,False,0.4823151125401992,0.00333333333334096,-1.1404378356051237,-22.406228831061537
1719,trend_momentum,300900,广联航空,2026-07-06,2026-07-15,7,-29.13,-0.58,-29.13,False,True,False,80.0,强烈推荐,trade,4,premarket,close_snapshot,unknown,1,cache_backfill,2026-07-06 05:33:24,2026-07-30 20:54:20,41.47,False,ok,2026-07-15,close,29.39,-29.129491198456712,40.09,43.86,True,0,0.0005088015432868076,-1.1404378356051237,-27.98905336285159
1740,trend_momentum,002452,长高电气,2026-07-07,2026-07-16,7,-25.74,-12.36,-25.74,False,True,False,90.0,推荐,trade,1,premarket,close_snapshot,unknown,1,cache_backfill,2026-07-07 05:32:25,2026-07-30 20:54:23,13.83,False,ok,2026-07-16,close,10.27,-25.741142443962406,12.95,13.58,False,1.8409425625920406,-0.0011424439624079241,-1.95794885920213,-23.783193584760276
1741,trend_momentum,600379,宝光股份,2026-07-07,2026-07-16,7,-26.81,-8.98,-26.81,False,True,False,85.0,推荐,trade,3,premarket,close_snapshot,unknown,1,cache_backfill,2026-07-07 05:32:25,2026-07-30 20:54:23,16.71,False,ok,2026-07-16,close,12.23,-26.810293237582282,15.15,17.55,True,0,-0.000293237582283723,-1.95794885920213,-24.852344378380153
1744,trend_momentum,603928,兴业股份,2026-07-07,2026-07-16,7,-22.15,18.61,-22.15,False,True,True,81.0,推荐,trade,4,premarket,close_snapshot,unknown,1,cache_backfill,2026-07-07 05:32:25,2026-07-30 20:54:23,15.85,False,ok,2026-07-16,close,12.34,-22.145110410094638,14.27,15.8,False,0.31645569620253333,0.004889589905360481,-1.95794885920213,-20.187161550892508
1763,trend_momentum,000970,中科三环,2026-07-08,2026-07-17,7,-18.67,-2.24,-18.67,False,True,False,83.0,强烈推荐,trade,4,premarket,close_snapshot,unknown,1,cache_backfill,2026-07-08 05:32:45,2026-07-30 20:54:26,16.55,False,ok,2026-07-17,close,13.46,-18.670694864048333,15.57,16.5,False,0.3030303030303161,-0.0006948640483308566,-4.761404091657484,-13.909290772390849
1764,trend_momentum,002266,浙富控股,2026-07-08,2026-07-17,7,-21.91,-9.39,-21.91,False,True,False,95.0,推荐,trade,1,premarket,close_snapshot,unknown,1,cache_backfill,2026-07-08 05:32:45,2026-07-30 20:54:26,5.75,False,ok,2026-07-17,close,4.49,-21.913043478260864,5.18,5.69,False,1.0544815465729274,-0.003043478260863708,-4.761404091657484,-17.151639386603378
1765,trend_momentum,002132,恒星科技,2026-07-08,2026-07-17,7,-25.0,-7.73,-25.0,False,True,False,82.0,推荐,trade,5,premarket,close_snapshot,unknown,1,cache_backfill,2026-07-08 05:32:45,2026-07-30 20:54:26,6.08,False,ok,2026-07-17,close,4.56,-25.00000000000001,5.57,6.09,True,0,-1.0658141036401503e-14,-4.761404091657484,-20.238595908342525
1795,trend_momentum,000938,紫光股份,2026-07-09,2026-07-20,7,12.11,14.78,4.49,True,False,True,79.0,强烈推荐,trade,4,premarket,close_snapshot,unknown,1,cache_backfill,2026-07-09 05:32:39,2026-07-30 20:54:30,33.62,False,ok,2026-07-20,close,37.69,12.105889351576437,32.82,35.75,True,0,-0.0041106484235626795,-5.70082705980548,17.806716411381917
1797,trend_momentum,002268,电科网安,2026-07-09,2026-07-20,7,-10.22,-1.98,-11.63,False,True,False,82.0,推荐,trade,1,premarket,close_snapshot,unknown,1,cache_backfill,2026-07-09 05:32:39,2026-07-30 20:54:30,15.65,False,ok,2026-07-20,close,14.05,-10.223642172523961,14.91,15.45,False,1.2944983818770295,-0.003642172523960596,-5.70082705980548,-4.522815112718481
1798,trend_momentum,300418,昆仑万维,2026-07-09,2026-07-20,7,-10.51,3.04,-12.45,False,True,False,82.0,推荐,trade,2,premarket,close_snapshot,unknown,1,cache_backfill,2026-07-09 05:32:39,2026-07-30 20:54:30,47.96,False,ok,2026-07-20,close,42.92,-10.508757297748117,46.84,51.88,True,0,0.0012427022518828323,-5.70082705980548,-4.807930237942637
1827,trend_momentum,001270,铖昌科技,2026-07-10,2026-07-21,7,-37.89,-8.86,-39.75,False,True,False,83.0,推荐,trade,1,premarket,close_snapshot,unknown,1,cache_backfill,2026-07-10 05:32:55,2026-07-30 20:54:34,164.22,False,ok,2026-07-21,close,102.0,-37.88819875776398,158.2,180.64,True,0,0.001801242236020073,-0.86931239397674,-37.01888636378724
1828,trend_momentum,301316,慧博云通,2026-07-10,2026-07-21,7,-23.58,-6.69,-28.07,False,True,False,75.0,推荐,trade,2,premarket,close_snapshot,unknown,1,cache_backfill,2026-07-10 05:32:55,2026-07-30 20:54:34,44.82,False,ok,2026-07-21,close,34.25,-23.583221775992858,43.47,45.65,True,0,-0.0032217759928592216,-0.86931239397674,-22.71390938201612
1861,trend_momentum,600129,太极集团,2026-07-13,2026-07-22,7,-3.86,8.44,-9.77,False,True,True,82.0,推荐,trade,1,premarket,close_snapshot,unknown,1,cache_backfill,2026-07-13 05:32:47,2026-07-30 20:54:39,16.58,False,ok,2026-07-22,close,15.94,-3.860072376357049,15.9,17.95,True,0,-7.237635704893108e-05,0.4655640225072144,-4.325636398864264
1862,trend_momentum,000938,紫光股份,2026-07-13,2026-07-22,7,16.9,16.9,-8.54,True,True,True,76.0,推荐,trade,4,premarket,close_snapshot,unknown,1,cache_backfill,2026-07-13 05:32:47,2026-07-30 20:54:39,38.41,False,ok,2026-07-22,close,44.9,16.896641499609476,36.5,40.28,True,0,-0.003358500390522323,0.4655640225072144,16.431077477102264
1863,trend_momentum,600718,东软集团,2026-07-13,2026-07-22,7,0.75,0.75,-4.63,True,False,False,73.0,推荐,trade,5,premarket,close_snapshot,unknown,1,cache_backfill,2026-07-13 05:32:47,2026-07-30 20:54:39,8.0,False,ok,2026-07-22,close,8.06,0.7500000000000062,7.79,8.0,True,0,6.217248937900877e-15,0.4655640225072144,0.2844359774927918
1891,trend_momentum,600428,中远海特,2026-07-14,2026-07-23,7,12.42,13.75,5.91,True,False,True,87.0,强烈推荐,trade,1,premarket,close_snapshot,unknown,1,cache_backfill,2026-07-14 05:32:25,2026-07-30 20:54:43,9.82,False,ok,2026-07-23,close,11.04,12.423625254582472,9.71,10.64,True,0,0.0036252545824719817,-1.4281246742416376,13.851749928824109
1892,trend_momentum,600488,津药药业,2026-07-14,2026-07-23,7,-15.49,14.99,-16.64,False,True,True,80.0,推荐,trade,4,premarket,close_snapshot,unknown,1,cache_backfill,2026-07-14 05:32:25,2026-07-30 20:54:43,6.07,False,ok,2026-07-23,close,5.13,-15.485996705107086,5.61,6.62,True,0,0.004003294892914511,-1.4281246742416376,-14.057872030865449
1893,trend_momentum,300026,红日药业,2026-07-14,2026-07-23,7,-0.3,2.08,-2.38,False,False,False,80.0,推荐,trade,5,premarket,close_snapshot,unknown,1,cache_backfill,2026-07-14 05:32:25,2026-07-30 20:54:43,3.36,False,ok,2026-07-23,close,3.35,-0.29761904761904656,3.22,3.41,True,0,0.002380952380953427,-1.4281246742416376,1.130505626622591
1961,trend_momentum,600513,联环药业,2026-07-16,2026-07-27,7,-16.76,-11.8,-21.36,False,True,False,75.0,推荐,trade,4,premarket,close_snapshot,unknown,1,cache_backfill,2026-07-16 05:32:21,2026-07-30 20:54:52,19.15,False,ok,2026-07-27,close,15.94,-16.762402088772845,17.24,19.0,False,0.7894736842105177,-0.002402088772843314,0.08513482163190478,-16.84753691040475
2011,trend_momentum,001872,招商港口,2026-07-20,2026-07-29,7,-1.59,4.23,-4.59,False,False,False,78.0,强烈推荐,trade,2,premarket,close_snapshot,unknown,1,cache_backfill,2026-07-20 05:32:49,2026-07-30 20:54:59,22.0,False,ok,2026-07-29,close,21.65,-1.5909090909090984,21.6,22.72,True,0,-0.0009090909090982979,0.04218932131736519,-1.6330984122264636
2012,trend_momentum,600801,华新建材,2026-07-20,2026-07-29,7,13.23,13.23,3.21,True,False,True,74.0,推荐,trade,3,premarket,close_snapshot,unknown,1,cache_backfill,2026-07-20 05:32:49,2026-07-30 20:54:59,19.96,False,ok,2026-07-29,close,22.6,13.226452905811637,19.44,21.94,True,0,-0.0035470941883630758,0.04218932131736519,13.184263584494271
2013,trend_momentum,300164,通源石油,2026-07-20,2026-07-29,7,3.05,19.18,0.1,True,False,True,70.0,推荐,trade,5,premarket,close_snapshot,unknown,1,cache_backfill,2026-07-20 05:32:49,2026-07-30 20:55:00,10.48,False,ok,2026-07-29,close,10.8,3.053435114503822,10.85,12.49,False,-3.410138248847916,0.0034351145038220565,0.04218932131736519,3.0112457931864567
2037,trend_momentum,600352,浙江龙盛,2026-07-21,2026-07-30,7,0.76,3.36,-6.33,True,True,False,85.0,强烈推荐,trade,1,premarket,close_snapshot,unknown,1,cache_backfill,2026-07-21 05:35:12,2026-07-30 20:55:03,13.11,False,ok,2026-07-30,close,13.21,0.76277650648362,12.99,13.76,True,0,0.002776506483620045,-3.9987508519316317,4.761527358415252
2038,trend_momentum,600310,广西能源,2026-07-21,2026-07-30,7,-11.8,-6.21,-13.66,False,True,False,77.0,推荐,trade,5,premarket,close_snapshot,unknown,1,cache_backfill,2026-07-21 05:35:12,2026-07-30 20:55:03,4.83,False,ok,2026-07-30,close,4.26,-11.801242236024855,4.35,4.69,False,2.985074626865658,-0.001242236024854293,-3.9987508519316317,-7.802491384093223
2147,trend_momentum,002832,比音勒芬,2026-07-31,2026-08-07,7,-4.57,0.74,-4.57,False,False,False,78.0,推荐,trade,2,premarket,close_snapshot,unknown,1,cache_backfill,2026-07-31 05:35:20,2026-07-31 05:35:20,25.8,True,ok,2026-08-11,close,26.25,1.744186046511631,23.79,26.28,True,0,6.314186046511631,1.6474870319515222,0.09669901456010876
2148,trend_momentum,301357,北方长龙,2026-07-31,2026-08-07,7,-4.01,-3.26,-6.91,False,True,False,75.0,推荐,trade,4,premarket,close_snapshot,unknown,1,cache_backfill,2026-07-31 05:35:20,2026-07-31 05:35:20,98.3,True,ok,2026-08-11,close,106.28,8.118006103763985,87.0,98.5,True,0,12.128006103763985,1.6474870319515222,6.470519071812463
2222,trend_momentum,000960,锡业股份,2026-08-03,2026-08-10,7,18.77,18.77,6.57,True,False,True,62.0,强烈推荐,trade,5,premarket,close_snapshot,unknown,1,cache_backfill,2026-08-03 05:33:35,2026-08-03 05:33:35,34.1,True,ok,2026-08-12,close,39.24,15.073313782991193,34.13,35.2,True,-0.08789920890712732,-3.696686217008807,3.251907254390085,11.821406528601107
2223,trend_momentum,300951,博硕科技,2026-08-03,2026-08-10,7,22.55,25.69,9.58,True,False,True,78.0,推荐,trade,1,premarket,close_snapshot,unknown,1,cache_backfill,2026-08-03 05:33:35,2026-08-03 05:33:35,54.5,True,ok,2026-08-12,close,71.5,31.192660550458704,51.42,59.67,True,0,8.642660550458704,3.251907254390085,27.94075329606862
2283,trend_momentum,603337,杰克科技,2026-08-04,2026-08-11,7,-4.51,-0.06,-4.51,False,False,False,71.0,推荐,trade,2,premarket,close_snapshot,unknown,1,cache_backfill,2026-08-04 05:33:33,2026-08-04 05:33:33,46.31,True,ok,2026-08-13,close,39.57,-14.554091988771322,45.0,47.08,True,0,-10.044091988771322,1.369723077725582,-15.923815066496903
2284,trend_momentum,002154,报 喜 鸟,2026-08-04,2026-08-11,7,3.1,3.1,-2.15,True,False,False,69.0,推荐,trade,4,premarket,close_snapshot,unknown,1,cache_backfill,2026-08-04 05:33:33,2026-08-04 05:33:33,4.19,True,ok,2026-08-13,close,4.22,0.7159904534606021,4.06,4.27,True,0,-2.384009546539398,1.369723077725582,-0.6537326242649799
2350,trend_momentum,300192,科德教育,2026-08-05,2026-08-12,7,11.42,11.42,-0.46,True,False,True,73.0,推荐,trade,2,premarket,close_snapshot,unknown,1,cache_backfill,2026-08-05 05:35:23,2026-08-05 05:35:23,13.14,True,ok,2026-08-14,close,14.67,11.64383561643836,12.83,13.75,True,0,0.22383561643835925,0.1659457080600779,11.47788990837828
2422,trend_momentum,600489,中金黄金,2026-08-06,2026-08-13,7,0.25,9.77,0.25,True,False,True,75.0,推荐,trade,2,premarket,close_snapshot,unknown,1,cache_backfill,2026-08-06 05:34:56,2026-08-06 05:34:56,24.25,True,ok,2026-08-17,close,25.48,5.072164948453617,24.78,25.93,False,-2.138821630347054,4.822164948453617,1.930423902083489,3.141741046370128
2423,trend_momentum,002859,洁美科技,2026-08-06,2026-08-13,7,14.43,24.42,7.88,True,False,True,68.0,推荐,trade,5,premarket,close_snapshot,unknown,1,cache_backfill,2026-08-06 05:34:56,2026-08-06 05:34:56,65.36,True,ok,2026-08-17,close,74.93,14.641982864137093,63.31,69.3,True,0,0.21198286413709333,1.930423902083489,12.711558962053605
2485,trend_momentum,601001,晋控煤业,2026-08-07,2026-08-14,7,-3.49,1.24,-3.49,False,False,False,74.0,推荐,trade,4,premarket,close_snapshot,unknown,1,cache_backfill,2026-08-07 05:33:45,2026-08-07 05:33:45,17.78,True,ok,2026-08-18,close,17.39,-2.1934758155230605,17.0,17.63,False,0.8508224617129967,1.2965241844769397,0.6682373190412649,-2.8617131345643254
2542,trend_momentum,603456,九洲药业,2026-08-10,2026-08-17,7,4.13,11.0,2.13,True,False,True,88.0,强烈推荐,trade,2,premarket,close_snapshot,unknown,1,cache_backfill,2026-08-10 05:34:47,2026-08-10 05:34:47,16.45,True,ok,2026-08-19,close,16.35,-0.6079027355622935,16.36,16.91,True,0,-4.737902735562294,-2.4100280305060506,1.8021252949437572
2543,trend_momentum,300347,泰格医药,2026-08-10,2026-08-17,7,1.53,3.07,-1.2,True,False,False,81.0,强烈推荐,trade,4,premarket,close_snapshot,unknown,1,cache_backfill,2026-08-10 05:34:47,2026-08-10 05:34:47,54.35,True,ok,2026-08-19,close,51.78,-4.7286108555657735,54.02,57.45,True,0,-6.258610855565774,-2.4100280305060506,-2.318582825059723
2610,trend_momentum,600267,海正药业,2026-08-11,2026-08-18,7,-1.33,0.91,-1.97,False,False,False,95.0,强烈推荐,trade,1,premarket,close_snapshot,unknown,1,cache_backfill,2026-08-11 05:33:59,2026-08-11 05:33:59,14.24,True,ok,2026-08-20,close,14.02,-1.54494382022472,13.78,14.28,True,0,-0.21494382022472003,-1.5232246734951604,-0.021719146729559657
2611,trend_momentum,301218,华是科技,2026-08-11,2026-08-18,7,-6.29,-1.9,-7.92,False,True,False,91.0,强烈推荐,trade,2,premarket,close_snapshot,unknown,1,cache_backfill,2026-08-11 05:33:59,2026-08-11 05:33:59,48.5,True,ok,2026-08-20,close,40.7,-16.082474226804123,46.0,48.55,True,0,-9.792474226804124,-1.5232246734951604,-14.559249553308963
2612,trend_momentum,300285,国瓷材料,2026-08-11,2026-08-18,7,-2.43,-2.43,-7.16,False,True,False,85.0,推荐,trade,3,premarket,close_snapshot,unknown,1,cache_backfill,2026-08-11 05:33:59,2026-08-11 05:33:59,76.11,True,ok,2026-08-20,close,62.92,-17.33018000262777,72.5,83.64,True,0,-14.90018000262777,-1.5232246734951604,-15.80695532913261
2673,trend_momentum,300765,石药创新,2026-08-12,2026-08-19,7,-0.37,2.61,-5.86,False,True,False,83.0,强烈推荐,trade,1,premarket,close_snapshot,unknown,1,cache_backfill,2026-08-12 05:34:01,2026-08-12 05:34:01,43.31,True,ok,2026-08-21,close,49.0,13.13784345416762,41.6,43.45,True,0,13.507843454167618,-1.5353065070391358,14.673149961206756
2674,trend_momentum,002727,一心堂,2026-08-12,2026-08-19,7,-8.84,-4.81,-8.84,False,True,False,79.0,推荐,trade,3,premarket,close_snapshot,unknown,1,cache_backfill,2026-08-12 05:34:01,2026-08-12 05:34:01,12.67,True,ok,2026-08-21,close,11.61,-8.366219415943178,11.96,12.67,True,0,0.4737805840568221,-1.5353065070391358,-6.8309129089040415
2777,trend_momentum,600396,华电辽能,2026-08-14,2026-08-21,7,-23.76,-9.29,-23.76,False,True,False,80.0,推荐,trade,2,premarket,close_snapshot,unknown,1,cache_backfill,2026-08-14 05:33:23,2026-08-14 05:33:23,18.73,True,ok,2026-08-25,close,14.14,-24.506139882541376,16.91,18.2,False,2.912087912087924,-0.7461398825413745,-2.440054180561879,-22.066085701979496
2833,trend_momentum,300835,龙磁科技,2026-08-17,2026-08-24,7,-6.16,2.93,-9.19,False,True,False,90.0,推荐,trade,1,premarket,close_snapshot,unknown,1,cache_backfill,2026-08-17 05:34:03,2026-08-17 05:34:03,166.8,True,ok,2026-08-26,close,151.0,-9.472422062350127,162.0,168.0,True,0,-3.3124220623501266,-3.1703613085570903,-6.302060753793036
2834,trend_momentum,603890,春秋电子,2026-08-17,2026-08-24,7,-15.93,-8.24,-19.69,False,True,False,81.0,推荐,trade,3,premarket,close_snapshot,unknown,1,cache_backfill,2026-08-17 05:34:03,2026-08-17 05:34:03,22.09,True,ok,2026-08-26,close,17.49,-20.82390221819829,20.12,21.18,False,4.296506137865919,-4.8939022181982885,-3.1703613085570903,-17.653540909641197
2903,trend_momentum,003033,征和工业,2026-08-18,2026-08-25,7,-9.0,-2.82,-9.04,False,True,False,90.0,推荐,trade,1,premarket,close_snapshot,unknown,1,cache_backfill,2026-08-18 05:33:37,2026-08-18 05:33:37,71.0,True,ok,2026-08-27,close,68.98,-2.845070422535201,68.18,72.5,True,0,6.154929577464799,-2.021452407100599,-0.8236180154346018
2904,trend_momentum,605111,新洁能,2026-08-18,2026-08-25,7,-6.8,-3.02,-6.8,False,True,False,85.0,推荐,trade,4,premarket,close_snapshot,unknown,1,cache_backfill,2026-08-18 05:33:37,2026-08-18 05:33:37,62.95,True,ok,2026-08-27,close,60.49,-3.9078633836378107,61.0,64.4,True,0,2.892136616362189,-2.021452407100599,-1.8864109765372117
3034,trend_momentum,603565,中谷物流,2026-08-20,2026-08-27,7,12.28,17.77,7.06,True,False,True,78.0,推荐,trade,5,premarket,close_snapshot,unknown,1,cache_backfill,2026-08-20 05:33:36,2026-08-20 05:33:36,11.48,True,ok,2026-08-31,close,12.81,11.585365853658548,11.3,12.15,True,0,-0.6946341463414516,0.7041532850688537,10.881212568589694
3084,trend_momentum,600988,赤峰黄金,2026-08-21,2026-08-28,7,6.49,7.22,1.63,True,False,True,93.0,推荐,trade,1,premarket,close_snapshot,unknown,1,contemporaneous,2026-08-21 05:33:39,2026-08-21 05:33:39,46.1,True,ok,2026-09-01,close,46.0,-0.2169197396963196,46.11,49.88,True,-0.021687269572756573,-6.706919739696319,-0.16151031630907697,-0.05540942338724264
3085,trend_momentum,600547,山东黄金,2026-08-21,2026-08-28,7,0.25,4.66,-2.57,True,False,True,88.0,推荐,trade,2,premarket,close_snapshot,unknown,1,contemporaneous,2026-08-21 05:33:39,2026-08-21 05:33:39,35.4,True,ok,2026-09-01,close,36.89,4.209039548022608,34.8,37.2,True,0,3.9590395480226084,-0.16151031630907697,4.370549864331686
3154,trend_momentum,600026,中远海能,2026-08-24,2026-08-31,7,-1.84,-1.84,-5.16,False,True,False,80.0,强烈推荐,trade,4,premarket,close_snapshot,unknown,1,contemporaneous,2026-08-24 05:33:03,2026-08-24 05:33:03,19.58,True,ok,2026-09-02,close,18.69,-4.545454545454531,19.1,19.85,True,0,-2.705454545454531,-0.33244724564059913,-4.213007299813931
3155,trend_momentum,300697,电工合金,2026-08-24,2026-08-31,7,-6.97,-1.17,-7.21,False,True,False,77.0,推荐,trade,5,premarket,close_snapshot,unknown,1,contemporaneous,2026-08-24 05:33:03,2026-08-24 05:33:03,16.22,True,ok,2026-09-02,close,15.12,-6.781750924784213,15.53,16.35,True,0,0.18824907521578638,-0.33244724564059913,-6.449303679143615
3226,trend_momentum,603065,宿迁联盛,2026-08-25,2026-09-01,7,-13.56,-5.0,-13.56,False,True,False,85.0,推荐,trade,3,premarket,close_snapshot,unknown,1,contemporaneous,2026-08-25 05:33:44,2026-08-25 05:33:44,18.81,True,ok,2026-09-03,close,15.12,-19.61722488038278,17.6,19.12,True,0,-6.057224880382778,0.012082521424505721,-19.629307401807285
3294,trend_momentum,002537,海联金汇,2026-08-26,2026-09-02,7,1.12,1.91,-2.55,True,False,False,70.0,推荐,trade,2,premarket,close_snapshot,unknown,1,contemporaneous,2026-08-26 05:33:52,2026-08-26 05:33:52,6.27,True,ok,2026-09-04,close,6.6,5.263157894736836,6.1,6.36,True,0,4.143157894736836,-0.9309944475787368,6.194152342315573
3295,trend_momentum,300611,美力科技,2026-08-26,2026-09-02,7,6.64,7.37,-2.27,True,False,True,67.0,推荐,trade,4,premarket,close_snapshot,unknown,1,contemporaneous,2026-08-26 05:33:52,2026-08-26 05:33:52,24.7,True,ok,2026-09-04,close,26.1,5.668016194331993,23.77,24.95,True,0,-0.9719838056680068,-0.9309944475787368,6.59901064191073
3366,trend_momentum,300191,潜能恒信,2026-08-27,2026-09-03,7,-2.18,2.37,-2.47,False,False,False,86.0,推荐,trade,1,premarket,close_snapshot,unknown,1,contemporaneous,2026-08-27 05:32:56,2026-08-27 05:32:56,37.19,True,not_mature,,,,,,,,,,,
3367,trend_momentum,002078,太阳纸业,2026-08-27,2026-09-03,7,-2.65,-1.26,-2.65,False,False,False,79.0,推荐,trade,2,premarket,close_snapshot,unknown,1,contemporaneous,2026-08-27 05:32:56,2026-08-27 05:32:56,15.1,True,not_mature,,,,,,,,,,,
3368,trend_momentum,002026,山东威达,2026-08-27,2026-09-03,7,1.18,6.81,0.42,True,False,True,77.0,推荐,trade,4,premarket,close_snapshot,unknown,1,contemporaneous,2026-08-27 05:32:56,2026-08-27 05:32:56,11.9,True,not_mature,,,,,,,,,,,
3431,trend_momentum,600498,烽火通信,2026-08-28,2026-09-04,7,-11.5,-0.59,-11.5,False,True,False,70.0,推荐,trade,2,premarket,close_snapshot,unknown,1,contemporaneous,2026-08-28 05:33:08,2026-08-28 05:33:08,42.71,True,not_mature,,,,,,,,,,,
3583,trend_momentum,000676,智度股份,2026-07-22,2026-07-31,7,8.24,8.24,-6.5,True,True,True,75.0,推荐,trade,1,premarket,close_snapshot,unknown,1,cache_backfill,2026-07-22 05:32:48,2026-08-31 17:00:30,6.92,False,ok,2026-07-31,close,7.49,8.236994219653182,6.24,7.23,True,0,-0.0030057803468181987,-2.735497875876569,10.972492095529752
3592,trend_momentum,301367,瑞迈特,2026-07-23,2026-08-03,7,-12.82,-8.29,-14.43,False,True,False,87.0,强烈推荐,trade,2,premarket,close_snapshot,unknown,1,cache_backfill,2026-07-23 05:35:17,2026-08-31 17:00:30,51.16,False,ok,2026-08-03,close,44.6,-12.822517591868642,50.14,53.19,True,0,-0.0025175918686421994,-3.9090524534686866,-8.913465138399957
3593,trend_momentum,300896,爱美客,2026-07-23,2026-08-03,7,-2.62,0.18,-9.38,False,True,False,77.0,推荐,trade,5,premarket,close_snapshot,unknown,1,cache_backfill,2026-07-23 05:35:17,2026-08-31 17:00:30,108.8,False,ok,2026-08-03,close,105.95,-2.6194852941176405,103.86,107.0,False,1.6822429906542036,0.0005147058823595785,-3.9090524534686866,1.289567159351046
187,combined,300302,同有科技,2026-03-19,2026-03-26,5,-19.55,-6.66,-19.55,False,True,False,97.5,推荐,trade,1,manual,close_snapshot,unknown,1,cache_backfill,,2026-07-30 20:37:56,26.44,False,ok,2026-03-26,close,21.27,-19.55370650529501,26.01,28.39,True,0,-0.003706505295010487,-2.306660121093118,-17.247046384201894
188,combined,000815,美利云,2026-03-19,2026-03-26,5,4.14,10.2,-1.92,True,False,True,40.0,推荐,trade,2,manual,close_snapshot,unknown,1,cache_backfill,,2026-07-30 20:37:56,19.32,False,ok,2026-03-26,close,20.12,4.140786749482395,18.22,19.32,True,0,0.0007867494823949883,-2.306660121093118,6.447446870575513
195,combined,300302,同有科技,2026-03-20,2026-03-27,5,-17.27,-11.86,-17.27,False,True,False,87.5,推荐,trade,1,morning,close_snapshot,unknown,1,cache_backfill,,2026-07-30 20:38:09,25.54,False,ok,2026-03-27,close,21.13,-17.267032106499613,24.61,27.68,True,0,0.0029678935003865092,-1.411204680513789,-15.855827425985824
196,combined,601133,柏诚股份,2026-03-20,2026-03-27,5,5.17,11.21,-1.95,True,False,True,80.0,推荐,trade,1,afternoon,close_snapshot,unknown,1,cache_backfill,,2026-07-30 20:38:09,17.4,False,ok,2026-03-27,close,18.3,5.17241379310347,16.25,17.92,True,0,0.0024137931034697857,-1.411204680513789,6.583618473617259
197,combined,603803,瑞斯康达,2026-03-20,2026-03-27,5,-2.9,10.4,-2.9,False,False,True,40.0,推荐,trade,2,morning,close_snapshot,unknown,1,cache_backfill,,2026-07-30 20:38:11,14.14,False,ok,2026-03-27,close,13.73,-2.8995756718529053,13.2,15.29,True,0,0.0004243281470945881,-1.411204680513789,-1.4883709913391163
200,combined,603687,大胜达,2026-03-23,2026-03-30,5,9.44,12.02,0.14,True,False,True,118.0,推荐,trade,2,manual,close_snapshot,unknown,1,cache_backfill,,2026-07-30 20:38:14,14.73,False,ok,2026-03-30,close,16.12,9.436524100475218,13.11,14.73,True,0,-0.003475899524781667,1.673834314169298,7.76268978630592
201,combined,603803,瑞斯康达,2026-03-23,2026-03-30,5,-7.39,6.84,-7.39,False,True,True,93.0,推荐,trade,1,manual,close_snapshot,unknown,1,cache_backfill,,2026-07-30 20:38:17,14.61,False,ok,2026-03-30,close,13.53,-7.392197125256672,12.7,14.61,True,0,-0.002197125256672372,1.673834314169298,-9.06603143942597
202,combined,601133,柏诚股份,2026-03-23,2026-03-30,5,2.19,8.89,-1.01,True,False,True,77.5,推荐,trade,1,morning,close_snapshot,unknown,1,cache_backfill,,2026-07-30 20:38:17,17.77,False,ok,2026-03-30,close,18.16,2.19471018570625,17.0,18.2,True,0,0.004710185706250147,1.673834314169298,0.5208758715369521
232,combined,300389,艾比森,2026-03-24,2026-03-31,5,-10.88,0.1,-10.88,False,True,False,98.0,强烈推荐,trade,1,manual,close_snapshot,unknown,1,cache_backfill,,2026-07-30 20:39:15,20.5,False,ok,2026-03-31,close,18.27,-10.878048780487804,19.22,21.34,True,0,0.0019512195121969,-0.5513194121643417,-10.326729368323463
233,combined,600982,宁波能源,2026-03-24,2026-03-31,5,-4.94,17.22,-4.94,False,True,True,97.5,强烈推荐,trade,1,afternoon,close_snapshot,unknown,1,cache_backfill,,2026-07-30 20:39:17,6.27,False,ok,2026-03-31,close,5.96,-4.944178628389151,5.42,6.27,True,0,-0.004178628389150951,-0.5513194121643417,-4.39285921622481
234,combined,688429,时创能源,2026-03-24,2026-03-31,5,-18.26,-3.8,-18.26,False,True,False,49.0,推荐,trade,2,afternoon,close_snapshot,unknown,1,cache_backfill,,2026-07-30 20:39:18,17.36,False,ok,2026-03-31,close,14.19,-18.260368663594473,15.67,17.49,True,0,-0.0003686635944717409,-0.5513194121643417,-17.70904925143013
262,combined,000966,长源电力,2026-03-25,2026-04-01,5,-16.82,5.01,-16.82,False,True,True,131.17,强烈推荐,trade,1,manual,close_snapshot,unknown,1,cache_backfill,,2026-07-30 20:40:11,5.59,False,ok,2026-04-01,close,4.65,-16.815742397137733,5.14,5.77,True,0,0.004257602862267618,-0.25124133052120134,-16.564501066616533
263,combined,600930,华电新能,2026-03-25,2026-04-01,5,-17.24,-4.11,-17.24,False,True,False,84.5,推荐,trade,3,manual,close_snapshot,unknown,1,cache_backfill,,2026-07-30 20:40:13,7.54,False,ok,2026-04-01,close,6.24,-17.24137931034483,7.03,7.88,True,0,-0.001379310344830742,-0.25124133052120134,-16.99013797982363
264,combined,002491,通鼎互联,2026-03-25,2026-04-01,5,4.91,7.02,-4.74,True,False,True,40.5,推荐,trade,2,manual,close_snapshot,unknown,1,cache_backfill,,2026-07-30 20:40:14,11.4,False,ok,2026-04-01,close,11.96,4.912280701754401,10.96,11.4,True,0,0.0022807017544010932,-0.25124133052120134,5.163522032275603
275,combined,600780,通宝能源,2026-03-26,2026-04-02,5,-20.99,-3.62,-20.99,False,True,False,85.0,推荐,trade,3,afternoon,close_snapshot,unknown,1,cache_backfill,,2026-07-30 20:40:34,8.29,False,ok,2026-04-02,close,6.55,-20.98914354644149,7.44,8.45,True,0,0.0008564535585087185,0.03082056401633171,-21.01996411045782
276,combined,002902,铭普光磁,2026-03-26,2026-04-02,5,-3.19,0.81,-8.37,False,True,False,42.0,推荐,trade,1,afternoon,close_snapshot,unknown,1,cache_backfill,,2026-07-30 20:40:35,28.55,False,ok,2026-04-02,close,27.64,-3.187390542907176,27.51,28.55,True,0,0.002609457092824119,0.03082056401633171,-3.2182111069235075
277,combined,002491,通鼎互联,2026-03-26,2026-04-02,5,5.26,7.02,-1.58,True,False,True,40.5,推荐,trade,2,morning,close_snapshot,unknown,1,cache_backfill,,2026-07-30 20:40:36,11.4,False,ok,2026-04-02,close,12.0,5.263157894736836,10.84,11.93,True,0,0.003157894736836475,0.03082056401633171,5.2323373307205046
301,combined,603115,海星股份,2026-03-27,2026-04-03,5,6.04,17.95,6.04,True,False,True,93.5,推荐,trade,2,morning,close_snapshot,unknown,1,cache_backfill,,2026-07-30 20:41:20,39.72,False,ok,2026-04-03,close,42.12,6.042296072507547,38.0,43.43,True,0,0.0022960725075469313,-1.3721052643268172,7.414401336834365
302,combined,688353,华盛锂电,2026-03-27,2026-04-03,5,-15.49,-1.37,-15.49,False,True,False,49.0,推荐,trade,3,afternoon,close_snapshot,unknown,1,cache_backfill,,2026-07-30 20:41:21,132.6,False,ok,2026-04-03,close,112.06,-15.490196078431362,119.8,137.89,True,0,-0.00019607843136171255,-1.3721052643268172,-14.118090814104544
303,combined,002902,铭普光磁,2026-03-27,2026-04-03,5,-5.43,0.81,-8.37,False,True,False,42.0,推荐,trade,1,morning,close_snapshot,unknown,1,cache_backfill,,2026-07-30 20:41:23,28.55,False,ok,2026-04-03,close,27.0,-5.429071803852892,26.58,29.63,True,0,0.0009281961471074851,-1.3721052643268172,-4.0569665395260746
330,combined,603876,鼎胜新材,2026-03-30,2026-04-07,5,-5.35,-2.98,-5.39,False,True,False,117.17,强烈推荐,trade,1,afternoon,close_snapshot,unknown,1,cache_backfill,,2026-07-30 20:42:16,23.17,False,ok,2026-04-07,close,21.93,-5.3517479499352705,22.2,23.95,True,0,-0.0017479499352708316,-1.1427108494083793,-4.209037100526891
331,combined,600539,狮头股份,2026-03-30,2026-04-07,5,-10.36,-4.03,-10.43,False,True,False,114.83,强烈推荐,trade,2,afternoon,close_snapshot,unknown,1,cache_backfill,,2026-07-30 20:42:19,15.63,False,ok,2026-04-07,close,14.01,-10.36468330134358,14.2,15.63,True,0,-0.004683301343581192,-1.1427108494083793,-9.221972451935201
332,combined,000048,京基智农,2026-03-30,2026-04-07,5,-28.53,4.64,-28.53,False,True,False,107.5,强烈推荐,trade,4,afternoon,close_snapshot,unknown,1,cache_backfill,,2026-07-30 20:42:19,22.61,False,ok,2026-04-07,close,16.16,-28.527200353825744,20.5,22.61,True,0,0.0027996461742567647,-1.1427108494083793,-27.384489504417367
355,combined,603165,荣晟环保,2026-03-31,2026-04-08,5,-3.63,-1.78,-7.44,False,True,False,121.0,推荐,trade,4,morning,close_snapshot,unknown,1,cache_backfill,,2026-07-30 20:43:03,15.72,False,ok,2026-04-08,close,15.15,-3.62595419847328,15.38,15.95,True,0,0.004045801526719739,3.269850900551674,-6.895805099024955
356,combined,002850,科达利,2026-03-31,2026-04-08,5,1.24,2.86,-1.98,True,False,False,120.5,推荐,trade,1,afternoon,close_snapshot,unknown,1,cache_backfill,,2026-07-30 20:43:04,178.79,False,ok,2026-04-08,close,181.0,1.2360870294759296,175.65,183.99,True,0,-0.003912970524070358,3.269850900551674,-2.0337638710757444
357,combined,603115,海星股份,2026-03-31,2026-04-08,5,-1.97,3.9,-8.69,False,True,False,120.0,推荐,trade,5,morning,close_snapshot,unknown,1,cache_backfill,,2026-07-30 20:43:04,45.09,False,ok,2026-04-08,close,44.2,-1.9738301175426964,43.2,45.2,True,0,-0.003830117542696465,3.269850900551674,-5.243681018094371
379,combined,002792,通宇通讯,2026-04-01,2026-04-09,5,6.33,10.15,-7.47,True,True,True,121.5,推荐,trade,1,morning,close_snapshot,unknown,1,cache_backfill,,2026-07-30 20:43:39,44.55,False,ok,2026-04-09,close,47.37,6.329966329966341,42.0,44.94,True,0,-3.367003365895016e-05,0.887083054393778,5.442883275572563
380,combined,300759,康龙化成,2026-04-01,2026-04-09,5,0.86,1.09,-0.73,True,False,False,31.0,推荐,trade,6,afternoon,close_snapshot,unknown,1,cache_backfill,,2026-07-30 20:43:40,30.29,False,ok,2026-04-09,close,30.55,0.8583690987124415,28.03,30.65,True,0,-0.001630901287558495,0.887083054393778,-0.0287139556813365
381,combined,603819,神力股份,2026-04-01,2026-04-09,5,-4.34,-3.13,-6.41,False,True,False,28.0,推荐,trade,1,afternoon,close_snapshot,unknown,1,cache_backfill,,2026-07-30 20:43:41,14.05,False,ok,2026-04-09,close,13.44,-4.34163701067617,13.0,14.33,True,0,-0.0016370106761698366,0.887083054393778,-5.228720065069948
443,combined,600183,生益科技,2026-04-10,2026-04-17,5,13.01,13.01,3.57,True,False,True,58.2,推荐,trade,2,manual,close_snapshot,unknown,1,cache_backfill,,2026-07-30 20:45:23,61.28,False,ok,2026-04-17,close,69.25,13.005874673629236,59.2,62.26,True,0,-0.00412532637076346,1.9863821747541976,11.019492498875039
444,combined,600176,中国巨石,2026-04-10,2026-04-17,5,19.64,19.64,11.07,True,False,True,29.5,推荐,trade,1,morning,close_snapshot,unknown,1,cache_backfill,,2026-07-30 20:45:26,28.0,False,ok,2026-04-17,close,33.5,19.64285714285714,28.1,29.85,False,-0.3558718861210064,0.0028571428571382285,1.9863821747541976,17.65647496810294
475,combined,600183,生益科技,2026-04-13,2026-04-20,5,9.97,9.97,5.28,True,False,True,58.2,推荐,trade,1,manual,close_snapshot,unknown,1,cache_backfill,,2026-07-30 20:51:35,63.47,False,ok,2026-04-20,close,69.8,9.973215692453131,60.28,64.5,True,0,0.003215692453130359,2.3953165524143616,7.577899140038769
476,combined,002876,三利谱,2026-04-13,2026-04-20,5,-3.79,-2.94,-5.52,False,False,False,59.6,推荐,trade,3,manual,close_snapshot,unknown,1,cache_backfill,,2026-07-30 20:51:35,30.6,False,ok,2026-04-20,close,29.44,-3.790849673202612,27.53,30.6,True,0,-0.000849673202611978,2.3953165524143616,-6.186166225616974
510,combined,600183,生益科技,2026-04-14,2026-04-21,5,15.6,15.6,6.6,True,False,True,58.2,推荐,trade,1,morning,close_snapshot,unknown,1,cache_backfill,,2026-07-30 20:51:39,62.76,False,ok,2026-04-21,close,72.55,15.599107711918414,63.28,67.66,False,-0.821744627054366,-0.0008922880815855905,1.4191879658305817,14.179919746087833
547,combined,603799,华友钴业,2026-04-15,2026-04-22,5,0.64,2.94,0.64,True,False,False,87.9,推荐,trade,1,morning,close_snapshot,unknown,1,cache_backfill,,2026-07-30 20:51:44,64.32,False,ok,2026-04-22,close,64.73,0.6374378109452961,62.61,65.37,True,0,-0.002562189054703956,2.441278480337239,-1.8038406693919429
548,combined,600233,圆通速递,2026-04-15,2026-04-22,5,1.21,1.21,-3.07,True,False,False,59.6,推荐,trade,2,manual,close_snapshot,unknown,1,cache_backfill,,2026-07-30 20:51:44,21.49,False,ok,2026-04-22,close,21.75,1.2098650535132593,20.78,21.81,True,0,-0.00013494648674061693,2.441278480337239,-1.2314134268239796
549,combined,300136,信维通信,2026-04-15,2026-04-22,5,15.97,15.97,1.79,True,False,True,56.8,推荐,trade,2,morning,close_snapshot,unknown,1,cache_backfill,,2026-07-30 20:51:44,68.57,False,ok,2026-04-22,close,79.52,15.969082689222702,67.6,71.84,True,0,-0.0009173107772983968,2.441278480337239,13.527804208885463
588,combined,600233,圆通速递,2026-04-16,2026-04-23,5,4.09,4.09,-3.12,True,False,True,59.6,推荐,trade,2,morning,close_snapshot,unknown,1,cache_backfill,,2026-07-30 20:51:49,21.5,False,ok,2026-04-23,close,22.38,4.0930232558139545,21.16,21.85,True,0,0.003023255813954684,1.049695879542556,3.0433273762713986
626,combined,000819,岳阳兴长,2026-04-17,2026-04-24,5,5.53,8.84,-1.27,True,False,True,59.6,推荐,trade,2,afternoon,close_snapshot,unknown,1,cache_backfill,,2026-07-30 20:51:55,15.73,False,ok,2026-04-24,close,16.6,5.530832803560082,14.72,16.07,True,0,0.0008328035600815298,0.8607071332954019,4.67012567026468
661,combined,600312,平高电气,2026-04-20,2026-04-27,5,3.67,3.67,-0.33,True,False,True,58.2,推荐,trade,1,afternoon,close_snapshot,unknown,1,cache_backfill,,2026-07-30 20:52:00,21.24,False,ok,2026-04-27,close,22.02,3.672316384180796,20.02,21.42,True,0,0.0023163841807960495,0.28397625613776345,3.3883401280430325
696,combined,601002,晋亿实业,2026-04-21,2026-04-28,5,-6.14,-0.75,-7.19,False,True,False,71.6,强烈推荐,trade,2,morning,close_snapshot,unknown,1,cache_backfill,,2026-07-30 20:52:04,6.68,False,ok,2026-04-28,close,6.27,-6.137724550898205,6.46,6.69,True,0,0.002275449101794891,-0.20532718120804816,-5.932397369690157
697,combined,600312,平高电气,2026-04-21,2026-04-28,5,4.01,6.38,4.01,True,False,True,58.2,推荐,trade,1,morning,close_snapshot,unknown,1,cache_backfill,,2026-07-30 20:52:04,20.7,False,ok,2026-04-28,close,21.53,4.009661835748801,20.89,21.37,False,-0.9095260890378265,-0.0003381642511985916,-0.20532718120804816,4.214989016956849
723,combined,000049,德赛电池,2026-04-22,2026-04-29,5,0.3,0.3,-4.55,True,False,False,59.6,推荐,trade,2,morning,close_snapshot,unknown,1,cache_backfill,,2026-07-30 20:52:07,29.64,False,ok,2026-04-29,close,29.73,0.30364372469635637,29.42,31.5,True,0,0.0036437246963563763,0.22335054993822823,0.08029317475812814
783,combined,000921,海信家电,2026-04-24,2026-05-06,5,6.5,6.5,-1.32,True,False,True,58.2,推荐,trade,1,afternoon,close_snapshot,unknown,1,cache_backfill,,2026-07-30 20:52:15,22.78,False,ok,2026-05-06,close,24.26,6.496927129060581,22.08,22.84,True,0,-0.0030728709394187703,2.2585792253484227,4.2383479037121585
855,combined,000921,海信家电,2026-04-29,2026-05-11,5,4.83,4.83,1.82,True,False,True,58.2,推荐,trade,1,afternoon,close_snapshot,unknown,1,cache_backfill,,2026-07-30 20:52:24,23.6,False,ok,2026-05-11,close,24.74,4.830508474576267,22.68,23.85,True,0,0.0005084745762671261,2.941366012868074,1.889142461708193
934,combined,002475,立讯精密,2026-05-07,2026-05-14,5,8.5,15.34,2.59,True,False,True,58.2,推荐,trade,1,afternoon,close_snapshot,unknown,1,cache_backfill,,2026-07-30 20:52:34,69.49,False,ok,2026-05-14,close,75.4,8.504820837530591,66.29,70.3,True,0,0.004820837530591149,0.28752109474319276,8.217299742787398
994,combined,600312,平高电气,2026-05-13,2026-05-20,5,-5.29,-4.05,-7.93,False,True,False,58.2,推荐,trade,2,afternoon,close_snapshot,unknown,1,cache_backfill,,2026-07-30 20:52:44,23.45,False,ok,2026-05-20,close,22.21,-5.287846481876324,22.41,23.6,True,0,0.002153518123676257,-2.953780655177529,-2.3340658266987946
1044,combined,000921,海信家电,2026-05-15,2026-05-22,5,-1.43,0.37,-1.64,False,False,False,58.2,推荐,trade,1,afternoon,close_snapshot,unknown,1,cache_backfill,,2026-07-30 20:52:50,24.46,False,ok,2026-05-22,close,24.11,-1.430907604251841,23.59,24.64,True,0,-0.0009076042518409988,-0.29817330268602227,-1.1327343015658187
1636,combined,000921,海信家电,2026-06-29,2026-07-06,5,-5.48,-2.08,-5.95,False,True,False,58.2,推荐,trade,2,afternoon,close_snapshot,unknown,1,cache_backfill,2026-06-29 17:31:10,2026-07-30 20:54:09,27.9,False,ok,2026-07-06,close,26.37,-5.483870967741922,26.48,28.13,True,0,-0.003870967741921305,-1.723592020978626,-3.7602789467632958
1652,combined,000921,海信家电,2026-06-30,2026-07-07,5,-5.12,-1.68,-5.12,False,True,False,58.2,推荐,trade,1,afternoon,close_snapshot,unknown,1,cache_backfill,2026-06-30 17:30:35,2026-07-30 20:54:11,27.32,False,ok,2026-07-07,close,25.92,-5.1244509516837455,27.0,27.97,True,0,-0.00445095168374543,-3.758863966357595,-1.3655869853261504
1689,combined,000921,海信家电,2026-07-02,2026-07-09,5,-5.41,0.5,-5.41,False,True,False,58.2,推荐,trade,2,afternoon,close_snapshot,unknown,1,cache_backfill,2026-07-02 17:30:48,2026-07-30 20:54:16,26.24,False,ok,2026-07-09,close,24.82,-5.4115853658536555,25.68,27.38,True,0,-0.0015853658536553183,1.3301332003407884,-6.741718566194444
1710,combined,000921,海信家电,2026-07-03,2026-07-10,5,-5.89,0.15,-5.89,False,True,False,58.2,推荐,trade,1,afternoon,close_snapshot,unknown,1,cache_backfill,2026-07-03 17:30:43,2026-07-30 20:54:19,26.33,False,ok,2026-07-10,close,24.78,-5.88682111659703,25.85,27.18,True,0,0.003178883402969568,-1.2676134873414235,-4.619207629255607
1733,combined,000921,海信家电,2026-07-06,2026-07-13,5,-7.17,-1.71,-7.17,False,True,False,58.2,推荐,trade,1,afternoon,close_snapshot,unknown,1,cache_backfill,2026-07-06 17:30:55,2026-07-30 20:54:22,26.37,False,ok,2026-07-13,close,24.48,-7.167235494880552,25.84,26.67,True,0,0.002764505119447591,-3.0280875671210183,-4.139147927759534
1786,combined,000921,海信家电,2026-07-08,2026-07-15,5,3.43,3.43,-3.55,True,False,False,58.2,推荐,trade,1,afternoon,close_snapshot,unknown,1,cache_backfill,2026-07-08 17:30:29,2026-07-30 20:54:29,25.38,False,ok,2026-07-15,close,26.25,3.427895981087481,25.25,26.13,True,0,-0.002104018912519212,0.6571296995287579,2.770766281558723
1883,combined,000921,海信家电,2026-07-13,2026-07-20,5,3.84,7.23,2.29,True,False,True,58.2,推荐,trade,2,afternoon,close_snapshot,unknown,1,cache_backfill,2026-07-13 17:32:32,2026-07-30 20:54:42,24.48,False,ok,2026-07-20,close,25.42,3.83986928104576,24.32,24.92,True,0,-0.0001307189542396614,-2.0671383359813333,5.9070076170270935
2172,yangjia_emotion_cycle,002384,东山精密,2026-07-31,2026-08-01,1,-3.65,-3.65,-3.65,False,,,88.8,强烈推荐,trade,4,morning_confirm,close_snapshot,unknown,1,cache_backfill,2026-07-31 10:05:52,2026-07-31 10:05:52,177.98,True,ok,2026-08-03,close,162.81,-8.523429598831322,170.32,177.98,True,0,-4.873429598831322,-0.9812126759949358,-7.542216922836387
2173,yangjia_emotion_cycle,603986,兆易创新,2026-07-31,2026-08-01,1,-7.25,-7.25,-7.25,False,,,86.8,推荐,trade,5,morning_confirm,close_snapshot,unknown,1,cache_backfill,2026-07-31 10:05:52,2026-07-31 10:05:52,408.21,True,ok,2026-08-03,close,340.74,-16.52825751451458,378.0,408.21,True,0,-9.278257514514578,-0.9812126759949358,-15.547044838519643
2239,yangjia_emotion_cycle,002879,长缆科技,2026-08-03,2026-08-04,1,4.92,4.92,4.92,True,,,87.8,推荐,trade,1,morning_confirm,close_snapshot,unknown,2,cache_backfill,2026-08-03 10:06:03,2026-08-03 10:06:03,17.88,False,ok,2026-08-04,close,18.76,4.921700223713654,15.98,17.88,True,0,0.001700223713654303,1.2711360764926738,3.6505641472209804
2240,yangjia_emotion_cycle,001208,华菱线缆,2026-08-03,2026-08-04,1,4.23,4.23,4.23,True,,,87.7,推荐,trade,2,morning_confirm,close_snapshot,unknown,2,cache_backfill,2026-08-03 10:06:03,2026-08-03 10:06:03,14.66,False,ok,2026-08-04,close,15.28,4.229195088676674,13.59,14.66,True,0,-0.000804911323326607,1.2711360764926738,2.958059012184
2241,yangjia_emotion_cycle,301596,瑞迪智驱,2026-08-03,2026-08-04,1,-0.28,-0.28,-0.28,False,,,85.3,推荐,trade,3,morning_confirm,close_snapshot,unknown,2,cache_backfill,2026-08-03 10:06:03,2026-08-03 10:06:03,49.82,False,ok,2026-08-04,close,49.68,-0.2810116419108777,42.15,49.82,True,0,-0.0010116419108776586,1.2711360764926738,-1.5521477184035515
2306,yangjia_emotion_cycle,002421,达实智能,2026-08-04,2026-08-05,1,1.44,1.44,1.44,True,,,89.2,强烈推荐,trade,1,morning_confirm,close_snapshot,unknown,3,cache_backfill,2026-08-04 10:06:01,2026-08-04 10:06:01,3.48,False,ok,2026-08-05,close,3.53,1.4367816091954033,3.18,3.48,True,0,-0.003218390804596627,1.243661607544544,0.1931200016508594
2307,yangjia_emotion_cycle,002173,创新医疗,2026-08-04,2026-08-05,1,1.63,1.63,1.63,True,,,88.6,强烈推荐,trade,2,morning_confirm,close_snapshot,unknown,3,cache_backfill,2026-08-04 10:06:01,2026-08-04 10:06:01,20.92,False,ok,2026-08-05,close,21.26,1.6252390057361454,19.4,20.92,True,0,-0.004760994263854457,1.243661607544544,0.3815773981916015
2308,yangjia_emotion_cycle,000815,美利云,2026-08-04,2026-08-05,1,2.61,2.61,2.61,True,,,86.1,推荐,trade,3,morning_confirm,close_snapshot,unknown,3,cache_backfill,2026-08-04 10:06:01,2026-08-04 10:06:01,18.37,False,ok,2026-08-05,close,18.85,2.6129559063690744,17.69,18.37,True,0,0.0029559063690745013,1.243661607544544,1.3692942988245305
2376,yangjia_emotion_cycle,000981,山子高科,2026-08-05,2026-08-06,1,-5.05,-5.05,-5.05,False,,,89.3,强烈推荐,trade,3,morning_confirm,close_snapshot,unknown,3,cache_backfill,2026-08-05 10:05:41,2026-08-05 10:05:41,3.17,False,ok,2026-08-06,close,3.01,-5.047318611987384,2.9,3.17,True,0,0.0026813880126157486,-0.14683941049556948,-4.900479201491814
2442,yangjia_emotion_cycle,600206,有研新材,2026-08-06,2026-08-07,1,10.0,10.0,10.0,True,,,90.0,强烈推荐,trade,1,morning_confirm,close_snapshot,unknown,3,cache_backfill,2026-08-06 10:05:55,2026-08-06 10:05:55,43.79,False,ok,2026-08-07,close,48.17,10.002283626398722,40.5,43.79,True,0,0.0022836263987215943,0.9272656520420863,9.075017974356635
2443,yangjia_emotion_cycle,002792,通宇通讯,2026-08-06,2026-08-07,1,10.0,10.0,10.0,True,,,87.6,推荐,trade,3,morning_confirm,close_snapshot,unknown,3,cache_backfill,2026-08-06 10:05:55,2026-08-06 10:05:55,33.81,False,ok,2026-08-07,close,37.19,9.997042295178925,31.48,33.81,True,0,-0.0029577048210747137,0.9272656520420863,9.069776643136839
2444,yangjia_emotion_cycle,300386,飞天诚信,2026-08-06,2026-08-07,1,-5.57,-5.57,-5.57,False,,,84.9,推荐,trade,5,morning_confirm,close_snapshot,unknown,3,cache_backfill,2026-08-06 10:05:55,2026-08-06 10:05:55,12.56,False,ok,2026-08-07,close,11.86,-5.573248407643316,10.46,12.56,True,0,-0.003248407643315687,0.9272656520420863,-6.500514059685402
2566,yangjia_emotion_cycle,600267,海正药业,2026-08-10,2026-08-11,1,-3.95,-3.95,-3.95,False,,,89.1,强烈推荐,trade,3,morning_confirm,close_snapshot,unknown,4,cache_backfill,2026-08-10 10:06:06,2026-08-10 10:06:06,14.42,False,ok,2026-08-11,close,13.85,-3.952843273231621,13.7,14.42,True,0,-0.002843273231620813,-0.8130548147392114,-3.1397884584924096
2567,yangjia_emotion_cycle,000710,贝瑞基因,2026-08-10,2026-08-11,1,-4.2,-4.2,-4.2,False,,,85.9,推荐,trade,4,morning_confirm,close_snapshot,unknown,4,cache_backfill,2026-08-10 10:06:06,2026-08-10 10:06:06,9.99,False,ok,2026-08-11,close,9.57,-4.204204204204198,9.02,9.99,True,0,-0.004204204204198092,-0.8130548147392114,-3.391149389464987
2627,yangjia_emotion_cycle,600833,第一医药,2026-08-11,2026-08-12,1,3.14,3.14,3.14,True,,,87.5,推荐,trade,4,morning_confirm,close_snapshot,unknown,5,cache_backfill,2026-08-11 10:05:43,2026-08-11 10:05:43,12.11,False,ok,2026-08-12,close,12.49,3.137902559867878,10.61,12.11,True,0,-0.002097440132122319,0.5817157290529895,2.5561868308148883
2628,yangjia_emotion_cycle,300426,华智数媒,2026-08-11,2026-08-12,1,-5.77,-5.77,-5.77,False,,,84.8,推荐,trade,3,morning_confirm,close_snapshot,unknown,5,cache_backfill,2026-08-11 10:05:43,2026-08-11 10:05:43,7.8,False,ok,2026-08-12,close,7.35,-5.769230769230771,6.84,7.8,True,0,0.0007692307692286349,0.5817157290529895,-6.3509464982837605
2688,yangjia_emotion_cycle,600397,江钨装备,2026-08-12,2026-08-13,1,-6.62,-6.62,-6.62,False,,,89.7,强烈推荐,trade,1,morning_confirm,close_snapshot,unknown,5,cache_backfill,2026-08-12 10:05:26,2026-08-12 10:05:26,18.74,False,ok,2026-08-13,close,17.5,-6.616862326574169,16.84,18.74,True,0,0.0031376734258312666,-0.5749405233941407,-6.041921803180028
2689,yangjia_emotion_cycle,002031,巨轮智能,2026-08-12,2026-08-13,1,-2.34,-2.34,-2.34,False,,,89.6,强烈推荐,trade,5,morning_confirm,close_snapshot,unknown,5,cache_backfill,2026-08-12 10:05:26,2026-08-12 10:05:26,6.42,False,ok,2026-08-13,close,6.27,-2.336448598130847,6.21,6.42,True,0,0.003551401869152926,-0.5749405233941407,-1.7615080747367062
2740,yangjia_emotion_cycle,002219,新里程,2026-08-13,2026-08-14,1,1.2,1.2,1.2,True,,,86.5,推荐,trade,4,morning_confirm,close_snapshot,unknown,5,cache_backfill,2026-08-13 10:05:57,2026-08-13 10:05:58,2.5,False,ok,2026-08-14,close,2.53,1.200000000000001,2.23,2.5,True,0,1.1102230246251565e-15,0.04138123264616489,1.1586187673538362
2741,yangjia_emotion_cycle,300404,博济医药,2026-08-13,2026-08-14,1,20.0,20.0,20.0,True,,,86.4,推荐,trade,1,morning_confirm,close_snapshot,unknown,5,cache_backfill,2026-08-13 10:05:57,2026-08-13 10:05:58,14.45,False,ok,2026-08-14,close,17.34,19.999999999999996,11.91,14.45,True,0,-3.552713678800501e-15,0.04138123264616489,19.958618767353833
2860,yangjia_emotion_cycle,002437,誉衡药业,2026-08-17,2026-08-18,1,-4.42,-4.42,-4.42,False,,,91.0,强烈推荐,trade,1,morning_confirm,close_snapshot,unknown,6,cache_backfill,2026-08-17 10:05:38,2026-08-17 10:05:38,4.98,False,ok,2026-08-18,close,4.76,-4.417670682730934,4.37,4.98,True,0,0.0023293172690657116,-0.3224989981227999,-4.095171684608134
2861,yangjia_emotion_cycle,002165,红 宝 丽,2026-08-17,2026-08-18,1,-1.82,-1.82,-1.82,False,,,88.0,强烈推荐,trade,3,morning_confirm,close_snapshot,unknown,6,cache_backfill,2026-08-17 10:05:38,2026-08-17 10:05:38,7.13,False,ok,2026-08-18,close,7.0,-1.8232819074333828,6.41,7.13,True,0,-0.003281907433382747,-0.3224989981227999,-1.500782909310583
2862,yangjia_emotion_cycle,600613,神奇制药,2026-08-17,2026-08-18,1,10.07,10.07,10.07,True,,,87.5,推荐,trade,4,morning_confirm,close_snapshot,unknown,6,cache_backfill,2026-08-17 10:05:38,2026-08-17 10:05:38,7.05,False,ok,2026-08-18,close,7.76,10.070921985815605,6.78,7.05,True,0,0.0009219858156050975,-0.3224989981227999,10.393420983938405
2920,yangjia_emotion_cycle,000735,罗 牛 山,2026-08-18,2026-08-19,1,-5.02,-5.02,-5.02,False,,,88.3,强烈推荐,trade,2,morning_confirm,close_snapshot,unknown,6,cache_backfill,2026-08-18 10:05:46,2026-08-18 10:05:46,6.18,False,ok,2026-08-19,close,5.87,-5.016181229773453,5.71,6.18,True,0,0.0038187702265464196,-2.90130157581453,-2.114879653958923
3054,yangjia_emotion_cycle,300363,博腾股份,2026-08-20,2026-08-21,1,-10.58,-10.58,-10.58,False,,,87.4,推荐,trade,2,morning_confirm,close_snapshot,unknown,6,cache_backfill,2026-08-20 10:06:04,2026-08-20 10:06:04,24.48,False,ok,2026-08-21,close,21.89,-10.58006535947712,21.61,24.48,True,0,-6.535947711938661e-05,0.5693756463992061,-11.149441005876326
3109,yangjia_emotion_cycle,002396,星网锐捷,2026-08-21,2026-08-22,1,0.0,0.0,0.0,False,,,88.0,强烈推荐,trade,1,morning_confirm,close_snapshot,unknown,6,cache_backfill,2026-08-21 10:05:33,2026-08-21 10:05:33,33.17,True,ok,2026-08-24,close,32.08,-3.286101899306615,30.35,33.17,True,0,-3.286101899306615,-1.2074303405572695,-2.0786715587493454
3110,yangjia_emotion_cycle,688828,国仪公司-U,2026-08-21,2026-08-22,1,-8.01,-8.01,-8.01,False,,,86.2,推荐,trade,3,morning_confirm,close_snapshot,unknown,6,cache_backfill,2026-08-21 10:05:33,2026-08-21 10:05:33,97.39,True,ok,2026-08-24,close,97.0,-0.4004517917650663,79.0,97.39,True,0,7.6095482082349335,-1.2074303405572695,0.8069785487922032
3111,yangjia_emotion_cycle,603757,大元泵业,2026-08-21,2026-08-22,1,-2.73,-2.73,-2.73,False,,,85.5,推荐,trade,4,morning_confirm,close_snapshot,unknown,6,cache_backfill,2026-08-21 10:05:33,2026-08-21 10:05:33,64.11,True,ok,2026-08-24,close,63.5,-0.9514896272032392,57.83,64.11,True,0,1.7785103727967608,-1.2074303405572695,0.25594071335403035
3183,yangjia_emotion_cycle,002580,圣阳股份,2026-08-24,2026-08-25,1,0.86,0.86,0.86,True,,,88.9,强烈推荐,trade,3,morning_confirm,close_snapshot,unknown,6,cache_backfill,2026-08-24 10:06:12,2026-08-24 10:06:12,21.05,False,ok,2026-08-25,close,21.23,0.8551068883610347,19.05,21.05,True,0,-0.004893111638965331,-0.2432540821760587,1.0983609705370934
3246,yangjia_emotion_cycle,600354,敦煌种业,2026-08-25,2026-08-26,1,-3.57,-3.57,-3.57,False,,,87.8,推荐,trade,2,morning_confirm,close_snapshot,unknown,7,cache_backfill,2026-08-25 10:06:03,2026-08-25 10:06:03,7.29,False,ok,2026-08-26,close,7.03,-3.566529492455417,6.6,7.29,True,0,0.0034705075445828903,0.8514882371161825,-4.418017729571599
3247,yangjia_emotion_cycle,603395,红四方,2026-08-25,2026-08-26,1,0.91,0.91,0.91,True,,,87.6,推荐,trade,3,morning_confirm,close_snapshot,unknown,7,cache_backfill,2026-08-25 10:06:03,2026-08-25 10:06:03,28.55,False,ok,2026-08-26,close,28.81,0.9106830122591836,25.76,28.55,True,0,0.0006830122591835464,0.8514882371161825,0.05919477514300109
3312,yangjia_emotion_cycle,600362,江西铜业,2026-08-26,2026-08-27,1,1.3,1.3,1.3,True,,,87.7,推荐,trade,5,morning_confirm,close_snapshot,unknown,7,cache_backfill,2026-08-26 10:05:45,2026-08-26 10:05:45,48.57,False,ok,2026-08-27,close,49.2,1.2970969734404036,44.96,48.57,True,0,-0.0029030265595964,0.8602005319345851,0.4368964415058185
3313,yangjia_emotion_cycle,002412,汉森制药,2026-08-26,2026-08-27,1,3.39,3.39,3.39,True,,,87.6,推荐,trade,1,morning_confirm,close_snapshot,unknown,7,cache_backfill,2026-08-26 10:05:45,2026-08-26 10:05:45,13.56,False,ok,2026-08-27,close,14.02,3.3923303834808127,12.0,13.56,True,0,0.0023303834808126034,0.8602005319345851,2.5321298515462276
3314,yangjia_emotion_cycle,600594,益佰制药,2026-08-26,2026-08-27,1,-3.32,-3.32,-3.32,False,,,86.1,推荐,trade,4,morning_confirm,close_snapshot,unknown,7,cache_backfill,2026-08-26 10:05:45,2026-08-26 10:05:45,4.22,False,ok,2026-08-27,close,4.08,-3.3175355450236865,3.82,4.22,True,0,0.002464454976313313,0.8602005319345851,-4.177736076958272
3383,yangjia_emotion_cycle,301666,大普微-UW,2026-08-27,2026-08-28,1,1.42,1.42,1.42,True,,,85.6,推荐,trade,2,morning_confirm,close_snapshot,unknown,7,cache_backfill,2026-08-27 10:05:50,2026-08-27 10:05:50,469.2,False,ok,2026-08-28,close,475.86,1.4194373401534621,455.73,469.2,True,0,-0.0005626598465378052,-0.4556959838281749,1.875133323981637
3384,yangjia_emotion_cycle,300368,汇金股份,2026-08-27,2026-08-28,1,-2.49,-2.49,-2.49,False,,,85.0,推荐,trade,5,morning_confirm,close_snapshot,unknown,7,cache_backfill,2026-08-27 10:05:50,2026-08-27 10:05:50,9.62,False,ok,2026-08-28,close,9.38,-2.494802494802484,7.9,9.62,True,0,-0.004802494802483626,-0.4556959838281749,-2.039106510974309
3456,yangjia_emotion_cycle,002971,和远气体,2026-08-28,2026-08-29,1,0.0,0.0,0.0,False,,,88.4,强烈推荐,trade,2,morning_confirm,close_snapshot,unknown,7,cache_backfill,2026-08-28 10:05:46,2026-08-28 10:05:46,47.08,True,ok,2026-08-31,close,46.41,-1.423109600679695,43.15,47.08,True,0,-1.423109600679695,0.3451807045938615,-1.7682903052735566
3457,yangjia_emotion_cycle,002212,天融信,2026-08-28,2026-08-29,1,0.0,0.0,0.0,False,,,88.3,强烈推荐,trade,4,morning_confirm,close_snapshot,unknown,7,cache_backfill,2026-08-28 10:05:46,2026-08-28 10:05:46,6.93,True,ok,2026-08-31,close,6.51,-6.060606060606055,6.58,6.93,True,0,-6.060606060606055,0.3451807045938615,-6.405786765199917
3515,yangjia_emotion_cycle,002903,宇环数控,2026-08-31,2026-09-01,1,-5.18,-5.18,-5.18,False,,,87.9,推荐,trade,3,morning_confirm,close_snapshot,分歧震荡,7,contemporaneous,2026-08-31 10:05:21,2026-08-31 10:05:21,31.85,False,ok,2026-09-01,close,30.2,-5.180533751962335,28.0,31.85,True,0,-0.0005337519623349607,-0.2951293920767095,-4.885404359885625
3728,yangjia_emotion_cycle,002437,誉衡药业,2026-08-20,2026-08-21,1,-8.03,-8.03,-8.03,False,,,91.0,强烈推荐,trade,1,morning_confirm,close_snapshot,unknown,6,cache_backfill,2026-08-20 10:06:04,2026-08-31 17:00:35,4.73,False,ok,2026-08-21,close,4.35,-8.033826638477814,4.39,4.73,True,0,-0.0038266384778147255,0.5693756463992061,-8.603202284877021
3729,yangjia_emotion_cycle,600613,神奇制药,2026-08-20,2026-08-21,1,5.14,5.14,5.14,True,,,88.0,强烈推荐,trade,3,morning_confirm,close_snapshot,unknown,6,cache_backfill,2026-08-20 10:06:04,2026-08-31 17:00:35,8.56,False,ok,2026-08-21,close,9.0,5.1401869158878455,8.5,8.56,True,0,0.0001869158878458066,0.5693756463992061,4.570811269488639
3752,yangjia_emotion_cycle,600613,神奇制药,2026-08-27,2026-08-28,1,6.8,6.8,6.8,True,,,88.2,强烈推荐,trade,4,morning_confirm,close_snapshot,unknown,7,cache_backfill,2026-08-27 10:05:50,2026-08-31 17:00:36,11.61,False,ok,2026-08-28,close,12.4,6.804478897502153,11.39,11.61,True,0,0.004478897502153245,-0.4556959838281749,7.260174881330328
3754,yangjia_emotion_cycle,002165,红 宝 丽,2026-08-28,2026-08-31,1,2.63,2.63,2.63,True,,,88.8,强烈推荐,trade,5,morning_confirm,close_snapshot,unknown,7,cache_backfill,2026-08-28 10:05:46,2026-08-31 17:00:36,8.37,False,ok,2026-08-31,close,8.59,2.62843488649942,7.35,8.37,True,0,-0.0015651135005798622,0.3451807045938615,2.2832541819055585
1838,kobe92_cycle_speculation,603538,美诺华,2026-07-10,2026-07-13,1,6.87,6.87,6.87,True,,,91.0,强烈推荐,trade,1,morning_confirm,close_snapshot,unknown,1,cache_backfill,2026-07-10 10:36:20,2026-07-30 20:54:36,30.88,False,ok,2026-07-13,close,33.0,6.865284974093266,27.31,30.88,True,0,-0.004715025906733672,-1.7865248212115548,8.651809795304821
1839,kobe92_cycle_speculation,002929,润建股份,2026-07-10,2026-07-13,1,-8.04,-8.04,-8.04,False,,,88.1,强烈推荐,trade,2,morning_confirm,close_snapshot,unknown,1,cache_backfill,2026-07-10 10:36:20,2026-07-30 20:54:36,64.68,False,ok,2026-07-13,close,59.48,-8.039579468150915,57.66,64.68,True,0,0.00042053184908397157,-1.7865248212115548,-6.25305464693936
1840,kobe92_cycle_speculation,002774,快意电梯,2026-07-10,2026-07-13,1,-4.03,-4.03,-4.03,False,,,86.3,推荐,trade,3,morning_confirm,close_snapshot,unknown,1,cache_backfill,2026-07-10 10:36:20,2026-07-30 20:54:36,15.9,False,ok,2026-07-13,close,15.26,-4.025157232704402,14.23,15.9,True,0,0.004842767295598627,-1.7865248212115548,-2.238632411492847
1933,kobe92_cycle_speculation,000566,海南海药,2026-07-15,2026-07-16,1,10.1,10.1,10.1,True,,,91.0,强烈推荐,trade,1,morning_confirm,close_snapshot,unknown,1,cache_backfill,2026-07-15 10:36:03,2026-07-30 20:54:48,5.15,False,ok,2026-07-16,close,5.67,10.097087378640769,4.41,5.15,True,0,-0.0029126213592309824,-1.8457083885200398,11.942795767160808
1934,kobe92_cycle_speculation,002365,永安药业,2026-07-15,2026-07-16,1,10.02,10.02,10.02,True,,,90.5,强烈推荐,trade,2,morning_confirm,close_snapshot,unknown,1,cache_backfill,2026-07-15 10:36:03,2026-07-30 20:54:49,11.98,False,ok,2026-07-16,close,13.18,10.016694490818034,11.0,11.98,True,0,-0.0033055091819651494,-1.8457083885200398,11.862402879338074
1970,kobe92_cycle_speculation,603186,华正新材,2026-07-16,2026-07-17,1,-16.3,-16.3,-16.3,False,,,92.0,强烈推荐,trade,1,morning_confirm,close_snapshot,unknown,1,cache_backfill,2026-07-16 10:36:21,2026-07-30 20:54:54,190.33,False,ok,2026-07-17,close,159.3,-16.303262754163818,166.01,190.33,True,0,-0.00326275416381705,-3.60396983673269,-12.699292917431128
1971,kobe92_cycle_speculation,600203,福日电子,2026-07-16,2026-07-17,1,-9.98,-9.98,-9.98,False,,,91.1,强烈推荐,trade,2,morning_confirm,close_snapshot,unknown,1,cache_backfill,2026-07-16 10:36:21,2026-07-30 20:54:54,11.92,False,ok,2026-07-17,close,10.73,-9.983221476510062,11.3,11.92,True,0,-0.0032214765100615494,-3.60396983673269,-6.379251639777372
1972,kobe92_cycle_speculation,000938,紫光股份,2026-07-16,2026-07-17,1,-10.11,-10.11,-10.11,False,,,91.0,强烈推荐,trade,5,morning_confirm,close_snapshot,unknown,1,cache_backfill,2026-07-16 10:36:21,2026-07-30 20:54:54,39.08,False,ok,2026-07-17,close,35.13,-10.107471852610017,34.54,39.08,True,0,0.002528147389982749,-3.60396983673269,-6.503502015877327
2248,kobe92_cycle_speculation,002131,利欧股份,2026-08-03,2026-08-04,1,5.85,5.85,5.85,True,,,92.0,强烈推荐,trade,1,morning_confirm,close_snapshot,unknown,2,cache_backfill,2026-08-03 10:16:09,2026-08-03 10:16:09,5.13,False,ok,2026-08-04,close,5.43,5.847953216374258,4.75,5.13,True,0,-0.0020467836257420657,1.2711360764926738,4.576817139881584
2249,kobe92_cycle_speculation,000533,顺钠股份,2026-08-03,2026-08-04,1,10.04,10.04,10.04,True,,,92.0,强烈推荐,trade,2,morning_confirm,close_snapshot,unknown,2,cache_backfill,2026-08-03 10:16:09,2026-08-03 10:16:09,11.45,False,ok,2026-08-04,close,12.6,10.043668122270756,10.29,11.45,True,0,0.003668122270756413,1.2711360764926738,8.772532045778082
2250,kobe92_cycle_speculation,002879,长缆科技,2026-08-03,2026-08-04,1,4.92,4.92,4.92,True,,,90.8,强烈推荐,trade,3,morning_confirm,close_snapshot,unknown,2,cache_backfill,2026-08-03 10:16:09,2026-08-03 10:16:09,17.88,False,ok,2026-08-04,close,18.76,4.921700223713654,15.98,17.88,True,0,0.001700223713654303,1.2711360764926738,3.6505641472209804
2315,kobe92_cycle_speculation,002421,达实智能,2026-08-04,2026-08-05,1,1.44,1.44,1.44,True,,,92.0,强烈推荐,trade,1,morning_confirm,close_snapshot,unknown,3,cache_backfill,2026-08-04 10:15:44,2026-08-04 10:15:44,3.48,False,ok,2026-08-05,close,3.53,1.4367816091954033,3.18,3.48,True,0,-0.003218390804596627,1.243661607544544,0.1931200016508594
2316,kobe92_cycle_speculation,002173,创新医疗,2026-08-04,2026-08-05,1,1.63,1.63,1.63,True,,,91.7,强烈推荐,trade,2,morning_confirm,close_snapshot,unknown,3,cache_backfill,2026-08-04 10:15:44,2026-08-04 10:15:44,20.92,False,ok,2026-08-05,close,21.26,1.6252390057361454,19.4,20.92,True,0,-0.004760994263854457,1.243661607544544,0.3815773981916015
2317,kobe92_cycle_speculation,000815,美利云,2026-08-04,2026-08-05,1,2.61,2.61,2.61,True,,,89.1,强烈推荐,trade,3,morning_confirm,close_snapshot,unknown,3,cache_backfill,2026-08-04 10:15:44,2026-08-04 10:15:44,18.37,False,ok,2026-08-05,close,18.85,2.6129559063690744,17.69,18.37,True,0,0.0029559063690745013,1.243661607544544,1.3692942988245305
2384,kobe92_cycle_speculation,000981,山子高科,2026-08-05,2026-08-06,1,-5.05,-5.05,-5.05,False,,,90.4,强烈推荐,trade,1,morning_confirm,close_snapshot,unknown,3,cache_backfill,2026-08-05 10:15:44,2026-08-05 10:15:44,3.17,False,ok,2026-08-06,close,3.01,-5.047318611987384,2.9,3.17,True,0,0.0026813880126157486,-0.14683941049556948,-4.900479201491814
2385,kobe92_cycle_speculation,301045,天禄科技,2026-08-05,2026-08-06,1,4.45,4.45,4.45,True,,,87.2,推荐,trade,2,morning_confirm,close_snapshot,unknown,3,cache_backfill,2026-08-05 10:15:44,2026-08-05 10:15:44,63.36,False,ok,2026-08-06,close,66.18,4.450757575757591,52.81,63.36,True,0,0.0007575757575910558,-0.14683941049556948,4.59759698625316
2386,kobe92_cycle_speculation,002036,联创电子,2026-08-05,2026-08-06,1,-4.49,-4.49,-4.49,False,,,87.1,推荐,trade,3,morning_confirm,close_snapshot,unknown,3,cache_backfill,2026-08-05 10:15:44,2026-08-05 10:15:44,7.8,False,ok,2026-08-06,close,7.45,-4.487179487179482,7.31,7.8,True,0,0.002820512820518317,-0.14683941049556948,-4.340340076683912
2451,kobe92_cycle_speculation,603106,恒银科技,2026-08-06,2026-08-07,1,-9.96,-9.96,-9.96,False,,,91.7,强烈推荐,trade,1,morning_confirm,close_snapshot,unknown,3,cache_backfill,2026-08-06 10:15:44,2026-08-06 10:15:44,10.04,False,ok,2026-08-07,close,9.04,-9.960159362549803,8.57,10.04,True,0,-0.0001593625498017559,0.9272656520420863,-10.887425014591889
2452,kobe92_cycle_speculation,002792,通宇通讯,2026-08-06,2026-08-07,1,10.0,10.0,10.0,True,,,90.6,强烈推荐,trade,2,morning_confirm,close_snapshot,unknown,3,cache_backfill,2026-08-06 10:15:44,2026-08-06 10:15:44,33.81,False,ok,2026-08-07,close,37.19,9.997042295178925,31.48,33.81,True,0,-0.0029577048210747137,0.9272656520420863,9.069776643136839
2453,kobe92_cycle_speculation,603285,键邦股份,2026-08-06,2026-08-07,1,-0.47,-0.47,-0.47,False,,,88.9,强烈推荐,trade,3,morning_confirm,close_snapshot,unknown,3,cache_backfill,2026-08-06 10:15:44,2026-08-06 10:15:44,35.86,False,ok,2026-08-07,close,35.69,-0.47406581148913274,31.91,35.86,True,0,-0.004065811489132765,0.9272656520420863,-1.401331463531219
2697,kobe92_cycle_speculation,600397,江钨装备,2026-08-12,2026-08-13,1,-6.62,-6.62,-6.62,False,,,92.0,强烈推荐,trade,1,morning_confirm,close_snapshot,unknown,5,cache_backfill,2026-08-12 10:15:57,2026-08-12 10:15:57,18.74,False,ok,2026-08-13,close,17.5,-6.616862326574169,16.84,18.74,True,0,0.0031376734258312666,-0.5749405233941407,-6.041921803180028
2698,kobe92_cycle_speculation,603232,格尔软件,2026-08-12,2026-08-13,1,-8.67,-8.67,-8.67,False,,,90.7,强烈推荐,trade,2,morning_confirm,close_snapshot,unknown,5,cache_backfill,2026-08-12 10:15:57,2026-08-12 10:15:57,18.0,False,ok,2026-08-13,close,16.44,-8.666666666666655,16.86,18.0,True,0,0.0033333333333445125,-0.5749405233941407,-8.091726143272515
2699,kobe92_cycle_speculation,002031,巨轮智能,2026-08-12,2026-08-13,1,-2.34,-2.34,-2.34,False,,,90.6,强烈推荐,trade,3,morning_confirm,close_snapshot,unknown,5,cache_backfill,2026-08-12 10:15:57,2026-08-12 10:15:57,6.42,False,ok,2026-08-13,close,6.27,-2.336448598130847,6.21,6.42,True,0,0.003551401869152926,-0.5749405233941407,-1.7615080747367062
2749,kobe92_cycle_speculation,002219,新里程,2026-08-13,2026-08-14,1,1.2,1.2,1.2,True,,,89.8,强烈推荐,trade,1,morning_confirm,close_snapshot,unknown,5,cache_backfill,2026-08-13 10:16:10,2026-08-13 10:16:10,2.5,False,ok,2026-08-14,close,2.53,1.200000000000001,2.23,2.5,True,0,1.1102230246251565e-15,0.04138123264616489,1.1586187673538362
2750,kobe92_cycle_speculation,300404,博济医药,2026-08-13,2026-08-14,1,20.0,20.0,20.0,True,,,89.5,强烈推荐,trade,2,morning_confirm,close_snapshot,unknown,5,cache_backfill,2026-08-13 10:16:10,2026-08-13 10:16:10,14.45,False,ok,2026-08-14,close,17.34,19.999999999999996,11.91,14.45,True,0,-3.552713678800501e-15,0.04138123264616489,19.958618767353833
2751,kobe92_cycle_speculation,002474,榕基软件,2026-08-13,2026-08-14,1,-10.25,-10.25,-10.25,False,,,88.7,强烈推荐,trade,3,morning_confirm,close_snapshot,unknown,5,cache_backfill,2026-08-13 10:16:10,2026-08-13 10:16:10,7.32,False,ok,2026-08-14,close,6.57,-10.245901639344257,6.84,7.32,True,0,0.004098360655742539,0.04138123264616489,-10.287282871990422
2796,kobe92_cycle_speculation,301130,西点药业,2026-08-14,2026-08-15,1,0.0,0.0,0.0,False,,,87.3,推荐,trade,1,morning_confirm,close_snapshot,unknown,5,cache_backfill,2026-08-14 10:16:01,2026-08-14 10:16:01,30.85,True,ok,2026-08-17,close,30.23,-2.0097244732577013,25.3,30.85,True,0,-2.0097244732577013,1.6121289017291485,-3.62185337498685
2797,kobe92_cycle_speculation,600613,神奇制药,2026-08-14,2026-08-15,1,0.0,0.0,0.0,False,,,84.8,推荐,trade,2,morning_confirm,close_snapshot,unknown,5,cache_backfill,2026-08-14 10:16:01,2026-08-14 10:16:01,6.41,True,ok,2026-08-17,close,7.05,9.98439937597504,6.41,6.41,True,0,9.98439937597504,1.6121289017291485,8.37227047424589
2798,kobe92_cycle_speculation,002172,澳洋健康,2026-08-14,2026-08-15,1,0.0,0.0,0.0,False,,,84.8,推荐,trade,3,morning_confirm,close_snapshot,unknown,5,cache_backfill,2026-08-14 10:16:01,2026-08-14 10:16:01,4.54,True,ok,2026-08-17,close,4.99,9.911894273127754,4.54,4.54,True,0,9.911894273127754,1.6121289017291485,8.299765371398605
2869,kobe92_cycle_speculation,002437,誉衡药业,2026-08-17,2026-08-18,1,-4.42,-4.42,-4.42,False,,,92.0,强烈推荐,trade,1,morning_confirm,close_snapshot,unknown,5,cache_backfill,2026-08-17 10:15:39,2026-08-17 10:15:39,4.98,False,ok,2026-08-18,close,4.76,-4.417670682730934,4.37,4.98,True,0,0.0023293172690657116,-0.3224989981227999,-4.095171684608134
2870,kobe92_cycle_speculation,002165,红 宝 丽,2026-08-17,2026-08-18,1,-1.82,-1.82,-1.82,False,,,91.0,强烈推荐,trade,2,morning_confirm,close_snapshot,unknown,5,cache_backfill,2026-08-17 10:15:39,2026-08-17 10:15:39,7.13,False,ok,2026-08-18,close,7.0,-1.8232819074333828,6.41,7.13,True,0,-0.003281907433382747,-0.3224989981227999,-1.500782909310583
3057,kobe92_cycle_speculation,300363,博腾股份,2026-08-20,2026-08-21,1,-10.58,-10.58,-10.58,False,,,90.0,强烈推荐,trade,3,morning_confirm,close_snapshot,unknown,5,cache_backfill,2026-08-20 10:15:55,2026-08-20 10:15:55,24.48,False,ok,2026-08-21,close,21.89,-10.58006535947712,21.61,24.48,True,0,-6.535947711938661e-05,0.5693756463992061,-11.149441005876326
3118,kobe92_cycle_speculation,002396,星网锐捷,2026-08-21,2026-08-22,1,0.0,0.0,0.0,False,,,91.1,强烈推荐,trade,1,morning_confirm,close_snapshot,unknown,5,cache_backfill,2026-08-21 10:15:04,2026-08-21 10:15:04,33.17,True,ok,2026-08-24,close,32.08,-3.286101899306615,30.35,33.17,True,0,-3.286101899306615,-1.2074303405572695,-2.0786715587493454
3119,kobe92_cycle_speculation,603757,大元泵业,2026-08-21,2026-08-22,1,-2.73,-2.73,-2.73,False,,,88.7,强烈推荐,trade,2,morning_confirm,close_snapshot,unknown,5,cache_backfill,2026-08-21 10:15:04,2026-08-21 10:15:04,64.11,True,ok,2026-08-24,close,63.5,-0.9514896272032392,57.83,64.11,True,0,1.7785103727967608,-1.2074303405572695,0.25594071335403035
3120,kobe92_cycle_speculation,603803,瑞斯康达,2026-08-21,2026-08-22,1,0.0,0.0,0.0,False,,,88.5,强烈推荐,trade,3,morning_confirm,close_snapshot,unknown,5,cache_backfill,2026-08-21 10:15:04,2026-08-21 10:15:04,11.32,True,ok,2026-08-24,close,11.13,-1.6784452296819796,10.08,11.32,True,0,-1.6784452296819796,-1.2074303405572695,-0.4710148891247101
3525,kobe92_cycle_speculation,002903,宇环数控,2026-08-31,2026-09-01,1,-5.18,-5.18,-5.18,False,,,90.9,强烈推荐,trade,1,morning_confirm,close_snapshot,低位震荡,5,contemporaneous,2026-08-31 10:16:10,2026-08-31 10:16:10,31.85,False,ok,2026-09-01,close,30.2,-5.180533751962335,28.0,31.85,True,0,-0.0005337519623349607,-0.2951293920767095,-4.885404359885625
3561,kobe92_cycle_speculation,600721,百花医药,2026-07-15,2026-07-16,1,9.78,9.78,9.78,True,,,88.5,强烈推荐,trade,3,morning_confirm,close_snapshot,unknown,1,cache_backfill,2026-07-15 10:36:03,2026-08-31 17:00:29,7.57,False,ok,2026-07-16,close,8.31,9.775429326287988,6.85,7.57,True,0,-0.004570673712011697,-1.8457083885200398,11.621137714808027
3710,kobe92_cycle_speculation,603285,键邦股份,2026-08-17,2026-08-18,1,2.21,2.21,2.21,True,,,90.5,强烈推荐,trade,3,morning_confirm,close_snapshot,unknown,5,cache_backfill,2026-08-17 10:15:39,2026-08-31 17:00:34,37.07,False,ok,2026-08-18,close,37.89,2.2120312921499963,33.28,37.07,True,0,0.002031292149996311,-0.3224989981227999,2.534530290272796
3732,kobe92_cycle_speculation,002437,誉衡药业,2026-08-20,2026-08-21,1,-8.03,-8.03,-8.03,False,,,92.0,强烈推荐,trade,1,morning_confirm,close_snapshot,unknown,5,cache_backfill,2026-08-20 10:15:55,2026-08-31 17:00:35,4.73,False,ok,2026-08-21,close,4.35,-8.033826638477814,4.39,4.73,True,0,-0.0038266384778147255,0.5693756463992061,-8.603202284877021
3733,kobe92_cycle_speculation,600613,神奇制药,2026-08-20,2026-08-21,1,5.14,5.14,5.14,True,,,91.0,强烈推荐,trade,2,morning_confirm,close_snapshot,unknown,5,cache_backfill,2026-08-20 10:15:55,2026-08-31 17:00:35,8.56,False,ok,2026-08-21,close,9.0,5.1401869158878455,8.5,8.56,True,0,0.0001869158878458066,0.5693756463992061,4.570811269488639
2244,a_share_leader_tactics,001208,华菱线缆,2026-08-03,2026-08-04,1,4.23,4.23,4.23,True,,,86.9,推荐,trade,2,morning_confirm,close_snapshot,unknown,2,cache_backfill,2026-08-03 10:07:37,2026-08-03 10:07:37,14.66,False,ok,2026-08-04,close,15.28,4.229195088676674,13.59,14.66,True,0,-0.000804911323326607,1.2711360764926738,2.958059012184
2310,a_share_leader_tactics,002900,哈三联,2026-08-04,2026-08-05,1,2.5,2.5,2.5,True,,,86.2,推荐,trade,5,morning_confirm,close_snapshot,unknown,3,cache_backfill,2026-08-04 10:07:41,2026-08-04 10:07:41,12.4,False,ok,2026-08-05,close,12.71,2.5000000000000133,11.41,12.4,True,0,1.3322676295501878e-14,1.243661607544544,1.2563383924554694
2381,a_share_leader_tactics,000981,山子高科,2026-08-05,2026-08-06,1,-5.05,-5.05,-5.05,False,,,89.0,强烈推荐,trade,1,morning_confirm,close_snapshot,unknown,3,cache_backfill,2026-08-05 10:06:53,2026-08-05 10:06:53,3.17,False,ok,2026-08-06,close,3.01,-5.047318611987384,2.9,3.17,True,0,0.0026813880126157486,-0.14683941049556948,-4.900479201491814
2447,a_share_leader_tactics,300615,欣天科技,2026-08-06,2026-08-07,1,-4.61,-4.61,-4.61,False,,,85.6,推荐,trade,3,morning_confirm,close_snapshot,unknown,3,cache_backfill,2026-08-06 10:07:33,2026-08-06 10:07:33,18.02,False,ok,2026-08-07,close,17.19,-4.605993340732506,17.6,18.02,True,0,0.004006659267494328,0.9272656520420863,-5.533258992774592
2570,a_share_leader_tactics,600267,海正药业,2026-08-10,2026-08-11,1,-3.95,-3.95,-3.95,False,,,88.4,强烈推荐,trade,1,morning_confirm,close_snapshot,unknown,4,cache_backfill,2026-08-10 10:06:51,2026-08-10 10:06:51,14.42,False,ok,2026-08-11,close,13.85,-3.952843273231621,13.7,14.42,True,0,-0.002843273231620813,-0.8130548147392114,-3.1397884584924096
2693,a_share_leader_tactics,002031,巨轮智能,2026-08-12,2026-08-13,1,-2.34,-2.34,-2.34,False,,,89.2,强烈推荐,trade,2,morning_confirm,close_snapshot,unknown,4,cache_backfill,2026-08-12 10:06:22,2026-08-12 10:06:22,6.42,False,ok,2026-08-13,close,6.27,-2.336448598130847,6.21,6.42,True,0,0.003551401869152926,-0.5749405233941407,-1.7615080747367062
2694,a_share_leader_tactics,002520,日发精机,2026-08-12,2026-08-13,1,-3.03,-3.03,-3.03,False,,,86.9,推荐,trade,5,morning_confirm,close_snapshot,unknown,4,cache_backfill,2026-08-12 10:06:22,2026-08-12 10:06:22,6.59,False,ok,2026-08-13,close,6.39,-3.0349013657056223,5.93,6.59,True,0,-0.004901365705622496,-0.5749405233941407,-2.4599608423114816
2745,a_share_leader_tactics,002474,榕基软件,2026-08-13,2026-08-14,1,-10.25,-10.25,-10.25,False,,,86.8,推荐,trade,3,morning_confirm,close_snapshot,unknown,4,cache_backfill,2026-08-13 10:07:33,2026-08-13 10:07:33,7.32,False,ok,2026-08-14,close,6.57,-10.245901639344257,6.84,7.32,True,0,0.004098360655742539,0.04138123264616489,-10.287282871990422
2925,a_share_leader_tactics,600313,农发种业,2026-08-18,2026-08-19,1,5.16,5.16,5.16,True,,,87.3,推荐,trade,3,morning_confirm,close_snapshot,unknown,5,cache_backfill,2026-08-18 10:06:08,2026-08-18 10:06:09,6.78,False,ok,2026-08-19,close,7.13,5.162241887905594,6.28,6.78,True,0,0.0022418879055940977,-2.90130157581453,8.063543463720125
2926,a_share_leader_tactics,603079,圣达生物,2026-08-18,2026-08-19,1,-18.3,-18.3,-18.3,False,,,86.7,推荐,trade,4,morning_confirm,close_snapshot,unknown,5,cache_backfill,2026-08-18 10:06:08,2026-08-18 10:06:09,16.23,False,ok,2026-08-19,close,13.26,-18.29944547134935,14.41,16.23,True,0,0.0005545286506496439,-2.90130157581453,-15.39814389553482
2927,a_share_leader_tactics,603065,宿迁联盛,2026-08-18,2026-08-19,1,-9.99,-9.99,-9.99,False,,,86.0,推荐,trade,5,morning_confirm,close_snapshot,unknown,5,cache_backfill,2026-08-18 10:06:08,2026-08-18 10:06:09,18.11,False,ok,2026-08-19,close,16.3,-9.994478188845935,16.6,18.11,True,0,-0.004478188845935094,-2.90130157581453,-7.093176613031405
3056,a_share_leader_tactics,300601,康泰生物,2026-08-20,2026-08-21,1,-9.95,-9.95,-9.95,False,,,86.3,推荐,trade,5,morning_confirm,close_snapshot,unknown,5,cache_backfill,2026-08-20 10:06:50,2026-08-20 10:06:50,14.47,False,ok,2026-08-21,close,13.03,-9.951624049758124,13.51,14.47,True,0,-0.0016240497581243574,0.5693756463992061,-10.520999696157329
3251,a_share_leader_tactics,600470,六国化工,2026-08-25,2026-08-26,1,2.19,2.19,2.19,True,,,85.3,推荐,trade,4,morning_confirm,close_snapshot,unknown,6,cache_backfill,2026-08-25 10:06:28,2026-08-25 10:06:28,5.93,False,ok,2026-08-26,close,6.06,2.1922428330522825,5.42,5.93,True,0,0.002242833052282567,0.8514882371161825,1.3407545959361
3387,a_share_leader_tactics,600613,神奇制药,2026-08-27,2026-08-28,1,6.8,6.8,6.8,True,,,87.5,推荐,trade,1,morning_confirm,close_snapshot,unknown,6,cache_backfill,2026-08-27 10:06:13,2026-08-27 10:06:13,11.61,False,ok,2026-08-28,close,12.4,6.804478897502153,11.39,11.61,True,0,0.004478897502153245,-0.4556959838281749,7.260174881330328
3460,a_share_leader_tactics,002165,红 宝 丽,2026-08-28,2026-08-29,1,0.0,0.0,0.0,False,,,88.7,强烈推荐,trade,4,morning_confirm,close_snapshot,unknown,6,cache_backfill,2026-08-28 10:06:37,2026-08-28 10:06:37,8.37,True,ok,2026-08-31,close,8.59,2.62843488649942,7.35,8.37,True,0,2.62843488649942,0.3451807045938615,2.2832541819055585
2800,beijing_chaogu_first_board,002190,成飞集成,2026-08-14,2026-08-15,1,-2.96,-2.96,-2.96,False,,,88.6,强烈推荐,trade,1,first_board_radar,close_snapshot,unknown,1,cache_backfill,2026-08-14 10:36:10,2026-08-14 10:36:10,25.98,True,ok,2026-08-17,open,25.05,-3.5796766743648956,23.39,25.98,True,0,-0.6196766743648956,1.6121289017291485,-5.191805576094044
2801,beijing_chaogu_first_board,600198,大唐电信,2026-08-14,2026-08-15,1,0.0,0.0,0.0,False,,,88.6,强烈推荐,trade,2,first_board_radar,close_snapshot,unknown,1,cache_backfill,2026-08-14 10:36:10,2026-08-14 10:36:10,7.84,True,ok,2026-08-17,open,7.96,1.5306122448979664,7.17,7.84,True,0,1.5306122448979664,1.6121289017291485,-0.08151665683118203
2871,beijing_chaogu_first_board,002448,中原内配,2026-08-17,2026-08-18,1,0.0,0.0,0.0,False,,,90.5,强烈推荐,trade,1,first_board_radar,close_snapshot,unknown,1,cache_backfill,2026-08-17 10:35:37,2026-08-17 10:35:37,13.63,False,ok,2026-08-18,open,13.63,0.0,12.58,13.63,True,0,0.0,-0.3224989981227999,0.3224989981227999
2933,beijing_chaogu_first_board,600313,农发种业,2026-08-18,2026-08-19,1,10.03,10.03,10.03,True,,,91.9,强烈推荐,trade,1,first_board_radar,close_snapshot,unknown,1,cache_backfill,2026-08-18 10:35:59,2026-08-18 10:35:59,6.78,False,ok,2026-08-19,open,7.46,10.029498525073732,6.28,6.78,True,0,-0.0005014749262670648,-2.90130157581453,12.930800100888263
2934,beijing_chaogu_first_board,002041,登海种业,2026-08-18,2026-08-19,1,0.92,0.92,0.92,True,,,89.5,强烈推荐,trade,2,first_board_radar,close_snapshot,unknown,1,cache_backfill,2026-08-18 10:35:59,2026-08-18 10:35:59,9.8,False,ok,2026-08-19,open,9.89,0.9183673469387754,8.89,9.8,True,0,-0.0016326530612246204,-2.90130157581453,3.8196689227533054
2935,beijing_chaogu_first_board,000019,深粮控股,2026-08-18,2026-08-19,1,-0.57,-0.57,-0.57,False,,,89.3,强烈推荐,trade,3,first_board_radar,close_snapshot,unknown,1,cache_backfill,2026-08-18 10:35:59,2026-08-18 10:35:59,6.96,False,ok,2026-08-19,open,6.92,-0.5747126436781658,6.27,6.96,True,0,-0.004712643678165818,-2.90130157581453,2.326588932136364
3002,beijing_chaogu_first_board,601015,陕西黑猫,2026-08-19,2026-08-20,1,-2.16,-2.16,-2.16,False,,,90.6,强烈推荐,trade,1,first_board_radar,close_snapshot,unknown,1,cache_backfill,2026-08-19 10:36:09,2026-08-19 10:36:09,3.71,False,ok,2026-08-20,open,3.63,-2.156334231805934,3.39,3.71,True,0,0.0036657681940659437,0.08826029158586213,-2.2445945233917963
3003,beijing_chaogu_first_board,002900,哈三联,2026-08-19,2026-08-20,1,9.98,9.98,9.98,True,,,90.0,强烈推荐,trade,2,first_board_radar,close_snapshot,unknown,1,cache_backfill,2026-08-19 10:36:09,2026-08-19 10:36:09,15.63,False,ok,2026-08-20,open,17.19,9.98080614203456,14.21,15.63,True,0,0.0008061420345590875,0.08826029158586213,9.892545850448698
3004,beijing_chaogu_first_board,603506,南都物业,2026-08-19,2026-08-20,1,-5.98,-5.98,-5.98,False,,,85.5,推荐,trade,3,first_board_radar,close_snapshot,unknown,1,cache_backfill,2026-08-19 10:36:09,2026-08-19 10:36:09,11.88,False,ok,2026-08-20,open,11.17,-5.976430976430979,11.7,11.88,True,0,0.0035690235690211125,0.08826029158586213,-6.064691268016841
3058,beijing_chaogu_first_board,002940,昂利康,2026-08-20,2026-08-21,1,-1.94,-1.94,-1.94,False,,,92.7,强烈推荐,trade,1,first_board_radar,close_snapshot,unknown,1,cache_backfill,2026-08-20 10:36:00,2026-08-20 10:36:00,28.41,False,ok,2026-08-21,open,27.86,-1.9359380499823997,27.27,28.41,True,0,0.0040619500176002354,0.5693756463992061,-2.505313696381606
3059,beijing_chaogu_first_board,002693,双成药业,2026-08-20,2026-08-21,1,-5.56,-5.56,-5.56,False,,,87.7,推荐,trade,2,first_board_radar,close_snapshot,unknown,1,cache_backfill,2026-08-20 10:36:00,2026-08-20 10:36:00,10.25,False,ok,2026-08-21,open,9.68,-5.5609756097561025,9.6,10.25,True,0,-0.0009756097561028909,0.5693756463992061,-6.130351256155309
3060,beijing_chaogu_first_board,603882,金域医学,2026-08-20,2026-08-21,1,-1.5,-1.5,-1.5,False,,,87.6,推荐,trade,3,first_board_radar,close_snapshot,unknown,1,cache_backfill,2026-08-20 10:36:00,2026-08-20 10:36:00,30.76,False,ok,2026-08-21,open,30.3,-1.4954486345903795,28.9,30.76,True,0,0.004551365409620534,0.5693756463992061,-2.0648242809895856
3121,beijing_chaogu_first_board,600397,江钨装备,2026-08-21,2026-08-22,1,0.0,0.0,0.0,False,,,91.4,强烈推荐,trade,1,first_board_radar,close_snapshot,unknown,2,cache_backfill,2026-08-21 10:35:25,2026-08-21 10:35:25,18.14,True,ok,2026-08-24,open,18.67,2.921719955898583,16.37,18.14,True,0,2.921719955898583,-1.2074303405572695,4.129150296455853
3122,beijing_chaogu_first_board,002038,双鹭药业,2026-08-21,2026-08-22,1,0.0,0.0,0.0,False,,,90.5,强烈推荐,trade,2,first_board_radar,close_snapshot,unknown,2,cache_backfill,2026-08-21 10:35:25,2026-08-21 10:35:25,7.08,True,ok,2026-08-24,open,6.93,-2.1186440677966156,6.93,7.08,True,0,-2.1186440677966156,-1.2074303405572695,-0.9112137272393461
3123,beijing_chaogu_first_board,002209,达 意 隆,2026-08-21,2026-08-22,1,0.0,0.0,0.0,False,,,89.2,强烈推荐,trade,3,first_board_radar,close_snapshot,unknown,2,cache_backfill,2026-08-21 10:35:25,2026-08-21 10:35:25,13.16,True,ok,2026-08-24,open,12.91,-1.8996960486322156,12.95,13.16,True,0,-1.8996960486322156,-1.2074303405572695,-0.6922657080749461
3198,beijing_chaogu_first_board,002580,圣阳股份,2026-08-24,2026-08-25,1,1.76,1.76,1.76,True,,,93.0,强烈推荐,trade,1,first_board_radar,close_snapshot,unknown,3,cache_backfill,2026-08-24 10:35:53,2026-08-24 10:35:53,21.05,False,ok,2026-08-25,open,21.42,1.7577197149643675,19.05,21.05,True,0,-0.00228028503563249,-0.2432540821760587,2.0009737971404262
3199,beijing_chaogu_first_board,003035,南网能源,2026-08-24,2026-08-25,1,2.97,2.97,2.97,True,,,81.2,推荐,trade,4,first_board_radar,close_snapshot,unknown,3,cache_backfill,2026-08-24 10:35:53,2026-08-24 10:35:53,5.73,False,ok,2026-08-25,open,5.9,2.9668411867364686,5.25,5.73,True,0,-0.0031588132635316235,-0.2432540821760587,3.2100952689125273
3259,beijing_chaogu_first_board,600470,六国化工,2026-08-25,2026-08-26,1,-3.88,-3.88,-3.88,False,,,87.3,推荐,trade,1,first_board_radar,close_snapshot,unknown,4,cache_backfill,2026-08-25 10:35:48,2026-08-25 10:35:48,5.93,False,ok,2026-08-26,open,5.7,-3.8785834738617075,5.42,5.93,True,0,0.001416526138292351,0.8514882371161825,-4.7300717109778905
3324,beijing_chaogu_first_board,600362,江西铜业,2026-08-26,2026-08-27,1,-1.89,-1.89,-1.89,False,,,88.5,强烈推荐,trade,1,first_board_radar,close_snapshot,unknown,5,cache_backfill,2026-08-26 10:35:43,2026-08-26 10:35:43,48.57,False,ok,2026-08-27,open,47.65,-1.8941733580399411,44.96,48.57,True,0,-0.004173358039941233,0.8602005319345851,-2.7543738899745263
3394,beijing_chaogu_first_board,600359,新农开发,2026-08-27,2026-08-28,1,2.01,2.01,2.01,True,,,87.2,推荐,trade,1,first_board_radar,close_snapshot,unknown,6,cache_backfill,2026-08-27 10:36:05,2026-08-27 10:36:05,7.47,False,ok,2026-08-28,open,7.62,2.008032128514059,7.26,7.47,True,0,-0.0019678714859407975,-0.4556959838281749,2.463728112342234
3468,beijing_chaogu_first_board,603683,晶华新材,2026-08-28,2026-08-29,1,-3.47,-3.47,-3.47,False,,,91.3,强烈推荐,trade,1,first_board_radar,close_snapshot,unknown,6,cache_backfill,2026-08-28 10:36:03,2026-08-28 10:36:03,17.56,True,ok,2026-08-31,open,17.0,-3.1890660592255093,15.89,17.56,True,0,0.28093394077449085,0.3451807045938615,-3.534246763819371
3469,beijing_chaogu_first_board,002165,红 宝 丽,2026-08-28,2026-08-29,1,0.0,0.0,0.0,False,,,91.0,强烈推荐,trade,2,first_board_radar,close_snapshot,unknown,6,cache_backfill,2026-08-28 10:36:03,2026-08-28 10:36:03,8.37,True,ok,2026-08-31,open,9.03,7.885304659498216,7.35,8.37,True,0,7.885304659498216,0.3451807045938615,7.540123954904354
3470,beijing_chaogu_first_board,600654,中安科,2026-08-28,2026-08-29,1,0.0,0.0,0.0,False,,,89.4,强烈推荐,trade,3,first_board_radar,close_snapshot,unknown,6,cache_backfill,2026-08-28 10:36:03,2026-08-28 10:36:03,3.63,True,ok,2026-08-31,open,3.41,-6.060606060606055,3.62,3.63,True,0,-6.060606060606055,0.3451807045938615,-6.405786765199917
3529,beijing_chaogu_first_board,603270,金帝股份,2026-08-31,2026-09-01,1,-4.53,-4.53,-4.53,False,,,84.0,推荐,trade,4,first_board_radar,close_snapshot,可打首板,6,contemporaneous,2026-08-31 10:36:08,2026-08-31 10:36:08,30.25,False,ok,2026-09-01,open,31.0,2.4793388429751984,27.52,30.25,True,0,7.009338842975199,-0.2951293920767095,2.774468235051908
3753,beijing_chaogu_first_board,600613,神奇制药,2026-08-27,2026-08-28,1,7.92,7.92,7.92,True,,,81.0,推荐,trade,2,first_board_radar,close_snapshot,unknown,6,cache_backfill,2026-08-27 10:36:05,2026-08-31 17:00:36,11.61,False,ok,2026-08-28,open,12.53,7.9242032730404866,11.39,11.61,True,0,0.004203273040486621,-0.4556959838281749,8.379899256868661
