name,code,date,title,link
"立中集团","300428","2026-07-18","2026年半年度业绩预告","https://static.cninfo.com.cn/finalpage/2026-07-18/1225431397.pdf"
"星宸科技","301536","2026-07-18","2026年半年度业绩预告","https://static.cninfo.com.cn/finalpage/2026-07-18/1225431396.pdf"
"中科创达","300496","2026-07-18","2026年半年度业绩预告","https://static.cninfo.com.cn/finalpage/2026-07-18/1225431395.pdf"
"天孚通信","300394","2026-07-18","2026年半年度业绩预告","https://static.cninfo.com.cn/finalpage/2026-07-18/1225431394.pdf"
"当升科技","300073","2026-07-18","2026年半年度业绩预告","https://static.cninfo.com.cn/finalpage/2026-07-18/1225431393.pdf"
"德科立","688205","2026-07-18","无锡市德科立光电子技术股份有限公司关于2026年半年度业绩预告的自愿性披露公告","https://static.cninfo.com.cn/finalpage/2026-07-18/1225430537.PDF"
"华锐精密","688059","2026-07-18","2026年半年度业绩预告的自愿性披露公告","https://static.cninfo.com.cn/finalpage/2026-07-18/1225429411.PDF"
"纵横股份","688070","2026-07-18","2026年半年度业绩预告的自愿性披露公告","https://static.cninfo.com.cn/finalpage/2026-07-18/1225429336.PDF"
"捷佳伟创","300724","2026-07-17","2026年半年度业绩预告","https://static.cninfo.com.cn/finalpage/2026-07-17/1225430258.PDF"
"海能实业","300787","2026-07-17","2026年半年度业绩预告","https://static.cninfo.com.cn/finalpage/2026-07-17/1225430090.PDF"
"数字认证","300579","2026-07-17","2026年半年度业绩预告","https://static.cninfo.com.cn/finalpage/2026-07-17/1225429501.PDF"
"安达科技","920809","2026-07-17","2026年半年度业绩预告公告","https://static.cninfo.com.cn/finalpage/2026-07-17/1225430348.PDF"
"澜起科技","688008","2026-07-17","澜起科技2026年半年度业绩预增的自愿性公告","https://static.cninfo.com.cn/finalpage/2026-07-17/1225429160.PDF"
"摩尔线程","688795","2026-07-17","摩尔线程2026年半年度业绩预告的自愿性披露公告","https://static.cninfo.com.cn/finalpage/2026-07-17/1225428969.PDF"
"海光信息","688041","2026-07-17","海光信息技术股份有限公司关于2026年半年度业绩预告的自愿性披露公告","https://static.cninfo.com.cn/finalpage/2026-07-17/1225428902.PDF"
"日联科技","688531","2026-07-17","2026年半年度业绩预告的自愿性披露公告","https://static.cninfo.com.cn/finalpage/2026-07-17/1225428898.PDF"
"天合光能","688599","2026-07-17","天合光能股份有限公司2026年半年度业绩预告的自愿性披露公告","https://static.cninfo.com.cn/finalpage/2026-07-17/1225428494.PDF"
"鼎通科技","688668","2026-07-17","2026年半年度业绩预告的自愿性披露公告","https://static.cninfo.com.cn/finalpage/2026-07-17/1225428313.PDF"
"艾力斯","688578","2026-07-17","上海艾力斯医药科技股份有限公司2026年半年度业绩预告的自愿性披露公告","https://static.cninfo.com.cn/finalpage/2026-07-17/1225428217.PDF"
"山石网科","688030","2026-07-17","2026年半年度业绩预告的自愿性披露公告","https://static.cninfo.com.cn/finalpage/2026-07-17/1225427904.PDF"
"川金诺","300505","2026-07-17","2026年半年度业绩预告","https://static.cninfo.com.cn/finalpage/2026-07-17/1225427830.PDF"
"凌云光","688400","2026-07-17","2026年半年度业绩预告的自愿性披露公告","https://static.cninfo.com.cn/finalpage/2026-07-17/1225427632.PDF"
"探路者","300005","2026-07-16","2026年半年度业绩预告","https://static.cninfo.com.cn/finalpage/2026-07-16/1225427831.PDF"
"金宏气体","688106","2026-07-16","金宏气体：2026年半年度业绩预告的自愿性披露公告","https://static.cninfo.com.cn/finalpage/2026-07-16/1225427286.PDF"
"高乐股份","002348","2026-07-16","2026年半年度业绩预告","https://static.cninfo.com.cn/finalpage/2026-07-16/1225426730.PDF"
"九联科技","688609","2026-07-16","广东九联科技股份有限公司2026年半年度业绩预告","https://static.cninfo.com.cn/finalpage/2026-07-16/1225426729.PDF"
"安路科技","688107","2026-07-16","安路科技2026年半年度业绩预告的自愿性披露公告","https://static.cninfo.com.cn/finalpage/2026-07-16/1225426690.PDF"
"*ST宝馨","002514","2026-07-16","江苏宝馨科技股份有限公司2026年半年度业绩预告","https://static.cninfo.com.cn/finalpage/2026-07-16/1225426619.PDF"
"广汇物流","600603","2026-07-16","广汇物流股份有限公司2026年半年度业绩预告","https://static.cninfo.com.cn/finalpage/2026-07-16/1225426457.PDF"
"思特威","688213","2026-07-16","2026年半年度业绩预告的自愿性披露公告","https://static.cninfo.com.cn/finalpage/2026-07-16/1225426437.PDF"
"佰维存储","688525","2026-07-16","2026年半年度业绩预告的自愿性披露公告","https://static.cninfo.com.cn/finalpage/2026-07-16/1225426315.PDF"
"音飞储存","603066","2026-07-16","音飞储存2026年半年度业绩预增公告","https://static.cninfo.com.cn/finalpage/2026-07-16/1225426300.PDF"
"劲嘉股份","002191","2026-07-14","2026年半年度业绩预告","https://static.cninfo.com.cn/finalpage/2026-07-14/1225420873.PDF"
"凯尔达","688255","2026-07-16","2026年半年度业绩预增的自愿性披露公告","https://static.cninfo.com.cn/finalpage/2026-07-16/1225426053.PDF"
"华联控股","000036","2026-07-16","华联控股2026年半年度业绩预告","https://static.cninfo.com.cn/finalpage/2026-07-16/1225426003.PDF"
"嘉元科技","688388","2026-07-16","广东嘉元科技股份有限公司2026年半年度业绩预告的自愿性披露公告","https://static.cninfo.com.cn/finalpage/2026-07-16/1225425980.PDF"
"星光股份","002076","2026-07-16","2026年半年度业绩预告","https://static.cninfo.com.cn/finalpage/2026-07-16/1225425752.PDF"
"欣天科技","300615","2026-07-15","2026年半年度业绩预告","https://static.cninfo.com.cn/finalpage/2026-07-15/1225427181.PDF"
"杰创智能","301248","2026-07-15","2026年半年度业绩预告","https://static.cninfo.com.cn/finalpage/2026-07-15/1225427026.PDF"
"朗特智能","300916","2026-07-15","2026年半年度业绩预告","https://static.cninfo.com.cn/finalpage/2026-07-15/1225426756.PDF"
"硕贝德","300322","2026-07-15","2026年半年度业绩预告","https://static.cninfo.com.cn/finalpage/2026-07-15/1225426846.PDF"
"江丰电子","300666","2026-07-15","2026年半年度业绩预告","https://static.cninfo.com.cn/finalpage/2026-07-15/1225426524.PDF"
"大普微","301666","2026-07-15","2026年半年度业绩预告","https://static.cninfo.com.cn/finalpage/2026-07-15/1225426403.PDF"
"中熔电气","301031","2026-07-15","西安中熔电气股份有限公司2026年半年度业绩预告","https://static.cninfo.com.cn/finalpage/2026-07-15/1225426383.PDF"
"鹏辉能源","300438","2026-07-15","2026年半年度业绩预告","https://static.cninfo.com.cn/finalpage/2026-07-15/1225426382.PDF"
"航天智造","300446","2026-07-15","2026年半年度业绩预告","https://static.cninfo.com.cn/finalpage/2026-07-15/1225426318.PDF"
"移为通信","300590","2026-07-15","2026年半年度业绩预告","https://static.cninfo.com.cn/finalpage/2026-07-15/1225425883.PDF"
"泰和科技","300801","2026-07-15","2026年半年度业绩预告","https://static.cninfo.com.cn/finalpage/2026-07-15/1225425719.PDF"
"孩子王","301078","2026-07-15","孩子王数智科技股份有限公司2026年半年度业绩预告","https://static.cninfo.com.cn/finalpage/2026-07-15/1225425713.PDF"
"建发致新","301584","2026-07-15","2026年半年度业绩预告","https://static.cninfo.com.cn/finalpage/2026-07-15/1225425684.PDF"
"博纳影业","001330","2026-07-15","2026年半年度业绩预告","https://static.cninfo.com.cn/finalpage/2026-07-15/1225425544.PDF"
"乐通股份","002319","2026-07-15","2026年半年度业绩预告","https://static.cninfo.com.cn/finalpage/2026-07-15/1225425453.PDF"
"奥佳华","002614","2026-07-15","2026年半年度业绩预告","https://static.cninfo.com.cn/finalpage/2026-07-15/1225425436.PDF"
"四川长虹","600839","2026-07-15","四川长虹2026年半年度业绩预告","https://static.cninfo.com.cn/finalpage/2026-07-15/1225425432.PDF"
"海洋王","002724","2026-07-15","2026年半年度业绩预告","https://static.cninfo.com.cn/finalpage/2026-07-15/1225425431.PDF"
"日上集团","002593","2026-07-15","2026年半年度业绩预告","https://static.cninfo.com.cn/finalpage/2026-07-15/1225425424.PDF"
"双鹭药业","002038","2026-07-15","北京双鹭药业股份有限公司2026年半年度业绩预告","https://static.cninfo.com.cn/finalpage/2026-07-15/1225425423.PDF"
"宇顺电子","002289","2026-07-15","2026年半年度业绩预告","https://static.cninfo.com.cn/finalpage/2026-07-15/1225425412.PDF"
"晶澳科技","002459","2026-07-15","2026年半年度业绩预告","https://static.cninfo.com.cn/finalpage/2026-07-15/1225425410.PDF"
"恒大高新","002591","2026-07-15","2026年半年度业绩预告","https://static.cninfo.com.cn/finalpage/2026-07-15/1225425408.PDF"
"闽发铝业","002578","2026-07-15","2026年半年度业绩预告","https://static.cninfo.com.cn/finalpage/2026-07-15/1225425407.PDF"
"*ST正平","603843","2026-07-15","正平股份2026年半年度业绩预告","https://static.cninfo.com.cn/finalpage/2026-07-15/1225425401.PDF"
"隆达股份","688231","2026-07-15","2026年半年度业绩预告的自愿性披露公告","https://static.cninfo.com.cn/finalpage/2026-07-15/1225425399.PDF"
"*ST春天","600381","2026-07-15","青海春天2026年半年度业绩预亏公告","https://static.cninfo.com.cn/finalpage/2026-07-15/1225425397.PDF"
"瓦轴B","200706","2026-07-15","2026年半年度业绩预告","https://static.cninfo.com.cn/finalpage/2026-07-15/1225425391.PDF"
"ST海王","000078","2026-07-15","2026年半年度业绩预告","https://static.cninfo.com.cn/finalpage/2026-07-15/1225425389.PDF"
"荣丰控股","000668","2026-07-15","荣丰控股集团2026年半年度业绩预告","https://static.cninfo.com.cn/finalpage/2026-07-15/1225425388.PDF"
"天融信","002212","2026-07-15","2026年半年度业绩预告","https://static.cninfo.com.cn/finalpage/2026-07-15/1225425382.PDF"
"ST同德","002360","2026-07-15","山西同德化工股份有限公司2026年半年度业绩预告","https://static.cninfo.com.cn/finalpage/2026-07-15/1225425376.PDF"
"莱茵生物","002166","2026-07-15","2026年半年度业绩预告","https://static.cninfo.com.cn/finalpage/2026-07-15/1225425372.PDF"
"兄弟科技","002562","2026-07-15","兄弟科技2026年半年度业绩预告","https://static.cninfo.com.cn/finalpage/2026-07-15/1225425371.PDF"
"海南海药","000566","2026-07-15","海南海药股份有限公司2026年半年度业绩预告","https://static.cninfo.com.cn/finalpage/2026-07-15/1225425370.PDF"
"海伦哲","300201","2026-07-15","2026年半年度业绩预告","https://static.cninfo.com.cn/finalpage/2026-07-15/1225425339.PDF"
"普路通","002769","2026-07-15","2026年半年度业绩预告","https://static.cninfo.com.cn/finalpage/2026-07-15/1225425334.PDF"
"华软科技","002453","2026-07-15","2026年半年度业绩预告","https://static.cninfo.com.cn/finalpage/2026-07-15/1225425333.PDF"
"利欧股份","002131","2026-07-15","2026年半年度业绩预告","https://static.cninfo.com.cn/finalpage/2026-07-15/1225425332.PDF"
"中岩大地","003001","2026-07-15","2026年半年度业绩预告","https://static.cninfo.com.cn/finalpage/2026-07-15/1225425314.PDF"
"凯美特气","002549","2026-07-15","2026年半年度业绩预告","https://static.cninfo.com.cn/finalpage/2026-07-15/1225425313.PDF"
"广宇集团","002133","2026-07-15","广宇集团股份有限公司2026年半年度业绩预告","https://static.cninfo.com.cn/finalpage/2026-07-15/1225425312.PDF"
"蓝丰生化","002513","2026-07-15","2026年半年度业绩预告","https://static.cninfo.com.cn/finalpage/2026-07-15/1225425310.PDF"
"ST惠程","002168","2026-07-15","2026年半年度业绩预告","https://static.cninfo.com.cn/finalpage/2026-07-15/1225425309.PDF"
"侨银股份","002973","2026-07-15","2026年半年度业绩预告","https://static.cninfo.com.cn/finalpage/2026-07-15/1225425303.PDF"
"美年健康","002044","2026-07-15","2026年半年度业绩预告","https://static.cninfo.com.cn/finalpage/2026-07-15/1225425302.PDF"
"两面针","600249","2026-07-15","两面针2026年半年度业绩预告","https://static.cninfo.com.cn/finalpage/2026-07-15/1225425288.PDF"
"华发股份","600325","2026-07-15","华发股份2026年半年度业绩预告","https://static.cninfo.com.cn/finalpage/2026-07-15/1225425285.PDF"
"*ST步森","002569","2026-07-15","浙江步森服饰股份有限公司2026年半年度业绩预告","https://static.cninfo.com.cn/finalpage/2026-07-15/1225425284.PDF"
"天健集团","000090","2026-07-15","天健集团2026年半年度业绩预告","https://static.cninfo.com.cn/finalpage/2026-07-15/1225425283.PDF"
"北京科锐","002350","2026-07-15","2026年半年度业绩预告","https://static.cninfo.com.cn/finalpage/2026-07-15/1225425279.PDF"
"荣盛发展","002146","2026-07-15","2026年半年度业绩预告","https://static.cninfo.com.cn/finalpage/2026-07-15/1225425275.PDF"
"河钢资源","000923","2026-07-15","2026年半年度业绩预告","https://static.cninfo.com.cn/finalpage/2026-07-15/1225425272.PDF"
"*ST美丽","000010","2026-07-15","2026年半年度业绩预告","https://static.cninfo.com.cn/finalpage/2026-07-15/1225425270.PDF"
"万里扬","002434","2026-07-15","2026年半年度业绩预告","https://static.cninfo.com.cn/finalpage/2026-07-15/1225425269.PDF"
"*ST华西","002630","2026-07-15","2026年半年度业绩预告","https://static.cninfo.com.cn/finalpage/2026-07-15/1225425268.PDF"
"安道麦A","000553","2026-07-15","2026年半年度业绩预告","https://static.cninfo.com.cn/finalpage/2026-07-15/1225425259.PDF"
"安道麦B","200553","2026-07-15","2026年半年度业绩预告（英文版）","https://static.cninfo.com.cn/finalpage/2026-07-15/1225425260.PDF"
"绿发电力","000537","2026-07-15","2026年半年度业绩预告","https://static.cninfo.com.cn/finalpage/2026-07-15/1225425256.PDF"
"广聚能源","000096","2026-07-15","2026年半年度业绩预告","https://static.cninfo.com.cn/finalpage/2026-07-15/1225425255.PDF"
"神州信息","000555","2026-07-15","2026年半年度业绩预告","https://static.cninfo.com.cn/finalpage/2026-07-15/1225425254.PDF"
"实益达","002137","2026-07-15","2026年半年度业绩预告","https://static.cninfo.com.cn/finalpage/2026-07-15/1225425253.PDF"
"竞业达","003005","2026-07-15","2026年半年度业绩预告","https://static.cninfo.com.cn/finalpage/2026-07-15/1225425252.PDF"
"金牌家居","603180","2026-07-15","金牌家居2026年半年度业绩预告","https://static.cninfo.com.cn/finalpage/2026-07-15/1225425249.PDF"
"*ST发展","000838","2026-07-15","2026年半年度业绩预告","https://static.cninfo.com.cn/finalpage/2026-07-15/1225425246.PDF"
"皇台酒业","000995","2026-07-15","2026年半年度业绩预告","https://static.cninfo.com.cn/finalpage/2026-07-15/1225425245.PDF"
"福星股份","000926","2026-07-15","2026年半年度业绩预告","https://static.cninfo.com.cn/finalpage/2026-07-15/1225425244.PDF"
"ST嘉应","002198","2026-07-15","嘉应制药2026年半年度业绩预告","https://static.cninfo.com.cn/finalpage/2026-07-15/1225425243.PDF"
"祥鑫科技","002965","2026-07-15","2026年半年度业绩预告","https://static.cninfo.com.cn/finalpage/2026-07-15/1225425242.PDF"
"远程股份","002692","2026-07-15","2026年半年度业绩预告","https://static.cninfo.com.cn/finalpage/2026-07-15/1225425241.PDF"
"国安股份","000839","2026-07-15","2026年半年度业绩预告","https://static.cninfo.com.cn/finalpage/2026-07-15/1225425239.PDF"
"晶科科技","601778","2026-07-15","2026年半年度业绩预告","https://static.cninfo.com.cn/finalpage/2026-07-15/1225425237.PDF"
"ST长园","600525","2026-07-15","关于2026年半年度业绩预告的公告","https://static.cninfo.com.cn/finalpage/2026-07-15/1225425234.PDF"
"锋龙股份","002931","2026-07-15","2026年半年度业绩预告","https://static.cninfo.com.cn/finalpage/2026-07-15/1225425231.PDF"
"三 力 士","002224","2026-07-15","三力士股份有限公司2026年半年度业绩预告","https://static.cninfo.com.cn/finalpage/2026-07-15/1225425230.PDF"
"中国国航","601111","2026-07-15","中国国际航空股份有限公司2026年半年度业绩预告","https://static.cninfo.com.cn/finalpage/2026-07-15/1225425228.PDF"
"*ST尔雅","600107","2026-07-15","2026年半年度业绩预告","https://static.cninfo.com.cn/finalpage/2026-07-15/1225425221.PDF"
"欢瑞世纪","000892","2026-07-15","2026年半年度业绩预告","https://static.cninfo.com.cn/finalpage/2026-07-15/1225425204.PDF"
"联芸科技","688449","2026-07-15","2026年半年度业绩预告的自愿性披露公告","https://static.cninfo.com.cn/finalpage/2026-07-15/1225425193.PDF"
"*ST天箭","002977","2026-07-03","2026年半年度业绩预告","https://static.cninfo.com.cn/finalpage/2026-07-03/1225407196.PDF"
"长虹美菱","000521","2026-07-15","2026年半年度业绩预告","https://static.cninfo.com.cn/finalpage/2026-07-15/1225425184.PDF"
"ST葫芦娃","605199","2026-07-15","海南葫芦娃药业集团股份有限公司2026年半年度业绩预告","https://static.cninfo.com.cn/finalpage/2026-07-15/1225425183.PDF"
"*ST九鼎","600053","2026-07-15","九鼎投资2026年半年度业绩预亏公告","https://static.cninfo.com.cn/finalpage/2026-07-15/1225425182.PDF"
"华泰证券","601688","2026-07-15","华泰证券股份有限公司2026年半年度业绩预增公告","https://static.cninfo.com.cn/finalpage/2026-07-15/1225425178.PDF"
"*ST利达","603828","2026-07-15","柯利达2026年半年度业绩预亏公告","https://static.cninfo.com.cn/finalpage/2026-07-15/1225425175.PDF"
"ST龙元","600491","2026-07-15","龙元建设关于2026年半年度业绩预告的公告","https://static.cninfo.com.cn/finalpage/2026-07-15/1225425150.PDF"
"华创云信","600155","2026-07-15","华创云信2026年半年度业绩预增公告","https://static.cninfo.com.cn/finalpage/2026-07-15/1225425149.PDF"
"大晟文化","600892","2026-07-15","2026年半年度业绩预告","https://static.cninfo.com.cn/finalpage/2026-07-15/1225425146.PDF"
"*ST棒杰","002634","2026-07-15","2026年半年度业绩预告","https://static.cninfo.com.cn/finalpage/2026-07-15/1225425140.PDF"
"皓宸医疗","002622","2026-07-15","2026年半年度业绩预告","https://static.cninfo.com.cn/finalpage/2026-07-15/1225425139.PDF"
"富煌钢构","002743","2026-07-15","2026年半年度业绩预告","https://static.cninfo.com.cn/finalpage/2026-07-15/1225425130.PDF"
"ST天圣","002872","2026-07-15","2026年半年度业绩预告","https://static.cninfo.com.cn/finalpage/2026-07-15/1225425128.PDF"
"凯瑞德","002072","2026-07-15","2026年半年度业绩预告","https://static.cninfo.com.cn/finalpage/2026-07-15/1225425127.PDF"
"鹏欣资源","600490","2026-07-15","2026年半年度业绩预告","https://static.cninfo.com.cn/finalpage/2026-07-15/1225425118.PDF"
"*ST椰岛","600238","2026-07-15","*ST椰岛2026年半年度业绩预告","https://static.cninfo.com.cn/finalpage/2026-07-15/1225425116.PDF"
"红豆股份","600400","2026-07-15","红豆股份2026年半年度业绩预告","https://static.cninfo.com.cn/finalpage/2026-07-15/1225425115.PDF"
"声迅股份","003004","2026-07-15","2026年半年度业绩预告","https://static.cninfo.com.cn/finalpage/2026-07-15/1225425105.PDF"
"可立克","002782","2026-07-15","2026年半年度业绩预告","https://static.cninfo.com.cn/finalpage/2026-07-15/1225425102.PDF"
"茂硕电源","002660","2026-07-15","2026年半年度业绩预告","https://static.cninfo.com.cn/finalpage/2026-07-15/1225425101.PDF"
"中光学","002189","2026-07-15","2026年半年度业绩预告","https://static.cninfo.com.cn/finalpage/2026-07-15/1225425100.PDF"
"湘潭电化","002125","2026-07-15","2026年半年度业绩预告","https://static.cninfo.com.cn/finalpage/2026-07-15/1225425099.PDF"
"金富科技","003018","2026-07-15","2026年半年度业绩预告","https://static.cninfo.com.cn/finalpage/2026-07-15/1225425089.PDF"
"中新赛克","002912","2026-07-15","2026年半年度业绩预告","https://static.cninfo.com.cn/finalpage/2026-07-15/1225425086.PDF"
"电投能源","002128","2026-07-15","内蒙古电投能源股份有限公司2026年半年度业绩预告","https://static.cninfo.com.cn/finalpage/2026-07-15/1225425085.PDF"
"电投产融","000958","2026-07-15","2026年半年度业绩预告","https://static.cninfo.com.cn/finalpage/2026-07-15/1225425084.PDF"
"拓邦股份","002139","2026-07-15","2026年半年度业绩预告","https://static.cninfo.com.cn/finalpage/2026-07-15/1225425083.PDF"
"襄阳轴承","000678","2026-07-15","2026年半年度业绩预告","https://static.cninfo.com.cn/finalpage/2026-07-15/1225425082.PDF"
"ST晨鸣","000488","2026-07-15","2026年半年度业绩预告","https://static.cninfo.com.cn/finalpage/2026-07-15/1225425080.PDF"
"*ST未名","002581","2026-07-15","2026年半年度业绩预告","https://static.cninfo.com.cn/finalpage/2026-07-15/1225425078.PDF"
"双良节能","600481","2026-07-15","双良节能系统股份有限公司2026年半年度业绩预告","https://static.cninfo.com.cn/finalpage/2026-07-15/1225425074.PDF"
"ST文峰","601010","2026-07-15","2026年半年度业绩预告","https://static.cninfo.com.cn/finalpage/2026-07-15/1225425073.PDF"
"顺鑫农业","000860","2026-07-15","2026年半年度业绩预告","https://static.cninfo.com.cn/finalpage/2026-07-15/1225425066.PDF"
"太极股份","002368","2026-07-15","2026年半年度业绩预告","https://static.cninfo.com.cn/finalpage/2026-07-15/1225425051.PDF"
"辉丰股份","002496","2026-07-15","2026年半年度业绩预告","https://static.cninfo.com.cn/finalpage/2026-07-15/1225425039.PDF"
"中嘉博创","000889","2026-07-15","2026年半年度业绩预告","https://static.cninfo.com.cn/finalpage/2026-07-15/1225425038.PDF"
"常山北明","000158","2026-07-15","2026年半年度业绩预告","https://static.cninfo.com.cn/finalpage/2026-07-15/1225425037.PDF"
"传智教育","003032","2026-07-15","2026年半年度业绩预告","https://static.cninfo.com.cn/finalpage/2026-07-15/1225425036.PDF"
"振邦智能","003028","2026-07-15","2026年半年度业绩预告","https://static.cninfo.com.cn/finalpage/2026-07-15/1225425035.PDF"
"真视通","002771","2026-07-15","2026年半年度业绩预告","https://static.cninfo.com.cn/finalpage/2026-07-15/1225425033.PDF"
"中科金财","002657","2026-07-15","2026年半年度业绩预告","https://static.cninfo.com.cn/finalpage/2026-07-15/1225425032.PDF"
"华统股份","002840","2026-07-15","2026年半年度业绩预告","https://static.cninfo.com.cn/finalpage/2026-07-15/1225425031.PDF"
"天奥电子","002935","2026-07-15","2026年半年度业绩预告","https://static.cninfo.com.cn/finalpage/2026-07-15/1225425030.PDF"
"东方嘉盛","002889","2026-07-15","2026年半年度业绩预告","https://static.cninfo.com.cn/finalpage/2026-07-15/1225425029.PDF"
"元隆雅图","002878","2026-07-15","北京元隆雅图文化传播股份有限公司2026年半年度业绩预告","https://static.cninfo.com.cn/finalpage/2026-07-15/1225425027.PDF"
"文科股份","002775","2026-07-15","2026年半年度业绩预告","https://static.cninfo.com.cn/finalpage/2026-07-15/1225425026.PDF"
"众兴菌业","002772","2026-07-15","2026年半年度业绩预告","https://static.cninfo.com.cn/finalpage/2026-07-15/1225425025.PDF"
"海能达","002583","2026-07-15","2026年半年度业绩预告","https://static.cninfo.com.cn/finalpage/2026-07-15/1225425024.PDF"
"ST棕榈","002431","2026-07-15","2026年半年度业绩预告","https://static.cninfo.com.cn/finalpage/2026-07-15/1225425023.PDF"
"电科网安","002268","2026-07-15","2026年半年度业绩预告","https://static.cninfo.com.cn/finalpage/2026-07-15/1225425022.PDF"
"南威软件","603636","2026-07-15","南威软件：2026年半年度业绩预告","https://static.cninfo.com.cn/finalpage/2026-07-15/1225425021.PDF"
"正和生态","605069","2026-07-15","2026年半年度业绩预告","https://static.cninfo.com.cn/finalpage/2026-07-15/1225425019.PDF"
"中恒集团","600252","2026-07-15","广西梧州中恒集团股份有限公司2026年半年度业绩预告公告","https://static.cninfo.com.cn/finalpage/2026-07-15/1225425012.PDF"
"长电科技","600584","2026-07-15","江苏长电科技股份有限公司2026年半年度业绩预增公告","https://static.cninfo.com.cn/finalpage/2026-07-15/1225425008.PDF"
"云煤能源","600792","2026-07-15","云南煤业能源股份有限公司2026年半年度业绩预告","https://static.cninfo.com.cn/finalpage/2026-07-15/1225425006.PDF"
"华达科技","603358","2026-07-15","华达汽车科技股份有限公司2026年半年度业绩预告","https://static.cninfo.com.cn/finalpage/2026-07-15/1225425005.PDF"
"惠达卫浴","603385","2026-07-15","2026年半年度业绩预亏公告","https://static.cninfo.com.cn/finalpage/2026-07-15/1225425004.PDF"
"博瑞传播","600880","2026-07-15","博瑞传播关于2026年半年度业绩预亏公告","https://static.cninfo.com.cn/finalpage/2026-07-15/1225424997.PDF"
"真爱美家","003041","2026-07-15","2026年半年度业绩预告","https://static.cninfo.com.cn/finalpage/2026-07-15/1225424993.PDF"
"中农联合","003042","2026-07-15","2026年半年度业绩预告","https://static.cninfo.com.cn/finalpage/2026-07-15/1225424992.PDF"
"吉大正元","003029","2026-07-15","2026年半年度业绩预告","https://static.cninfo.com.cn/finalpage/2026-07-15/1225424987.PDF"
"欣贺股份","003016","2026-07-15","2026年半年度业绩预告","https://static.cninfo.com.cn/finalpage/2026-07-15/1225424986.PDF"
"皖通科技","002331","2026-07-15","2026年半年度业绩预告","https://static.cninfo.com.cn/finalpage/2026-07-15/1225424985.PDF"
"千方科技","002373","2026-07-15","2026年半年度业绩预告","https://static.cninfo.com.cn/finalpage/2026-07-15/1225424984.PDF"
"东鹏控股","003012","2026-07-15","2026年半年度业绩预告","https://static.cninfo.com.cn/finalpage/2026-07-15/1225424983.PDF"
"中天精装","002989","2026-07-15","2026年半年度业绩预告","https://static.cninfo.com.cn/finalpage/2026-07-15/1225424980.PDF"
"华盛昌","002980","2026-07-15","2026年半年度业绩预告","https://static.cninfo.com.cn/finalpage/2026-07-15/1225424979.PDF"
"瑞玛精密","002976","2026-07-15","2026年半年度业绩预告","https://static.cninfo.com.cn/finalpage/2026-07-15/1225424978.PDF"
"*ST明德","002932","2026-07-15","2026年半年度业绩预告","https://static.cninfo.com.cn/finalpage/2026-07-15/1225424977.PDF"
"卫光生物","002880","2026-07-15","2026年半年度业绩预告","https://static.cninfo.com.cn/finalpage/2026-07-15/1225424976.PDF"
"帝欧水华","002798","2026-07-15","2026年半年度业绩预告","https://static.cninfo.com.cn/finalpage/2026-07-15/1225424975.PDF"
"纳尔股份","002825","2026-07-15","2026年半年度业绩预告","https://static.cninfo.com.cn/finalpage/2026-07-15/1225424974.PDF"
"瑞尔特","002790","2026-07-15","2026年半年度业绩预告","https://static.cninfo.com.cn/finalpage/2026-07-15/1225424973.PDF"
"海南瑞泽","002596","2026-07-15","2026年半年度业绩预告","https://static.cninfo.com.cn/finalpage/2026-07-15/1225424972.PDF"
"亚太科技","002540","2026-07-15","2026年半年度业绩预告","https://static.cninfo.com.cn/finalpage/2026-07-15/1225424971.PDF"
"柘中股份","002346","2026-07-15","2026年半年度业绩预告","https://static.cninfo.com.cn/finalpage/2026-07-15/1225424970.PDF"
"三峡能源","600905","2026-07-15","中国三峡新能源（集团）股份有限公司2026年半年度业绩预告","https://static.cninfo.com.cn/finalpage/2026-07-15/1225424961.PDF"
"城地香江","603887","2026-07-15","上海城地香江数据科技股份有限公司2026年半年度业绩预亏的公告","https://static.cninfo.com.cn/finalpage/2026-07-15/1225424959.PDF"
"衢州东峰","601515","2026-07-15","衢州东峰2026年半年度业绩预亏公告","https://static.cninfo.com.cn/finalpage/2026-07-15/1225424955.PDF"
"金能科技","603113","2026-07-15","金能科技股份有限公司2026年半年度业绩预告","https://static.cninfo.com.cn/finalpage/2026-07-15/1225424954.PDF"
"天坛生物","600161","2026-07-15","天坛生物2026年半年度业绩预告","https://static.cninfo.com.cn/finalpage/2026-07-15/1225424953.PDF"
"若羽臣","003010","2026-07-15","2026年半年度业绩预告","https://static.cninfo.com.cn/finalpage/2026-07-15/1225424951.PDF"
"豪尔赛","002963","2026-07-15","2026年半年度业绩预告","https://static.cninfo.com.cn/finalpage/2026-07-15/1225424945.PDF"
"奥海科技","002993","2026-07-15","2026年半年度业绩预告","https://static.cninfo.com.cn/finalpage/2026-07-15/1225424944.PDF"
"鸿合科技","002955","2026-07-15","2026年半年度业绩预告","https://static.cninfo.com.cn/finalpage/2026-07-15/1225424943.PDF"
"金时科技","002951","2026-07-15","2026年半年度业绩预告","https://static.cninfo.com.cn/finalpage/2026-07-15/1225424942.PDF"
"宏川智慧","002930","2026-07-15","2026年半年度业绩预告","https://static.cninfo.com.cn/finalpage/2026-07-15/1225424941.PDF"
"盈趣科技","002925","2026-07-15","2026年半年度业绩预告","https://static.cninfo.com.cn/finalpage/2026-07-15/1225424940.PDF"
"蒙娜丽莎","002918","2026-07-15","2026年半年度业绩预告","https://static.cninfo.com.cn/finalpage/2026-07-15/1225424939.PDF"
"集泰股份","002909","2026-07-15","2026年半年度业绩预告","https://static.cninfo.com.cn/finalpage/2026-07-15/1225424938.PDF"
"宇环数控","002903","2026-07-15","2026年半年度业绩预告","https://static.cninfo.com.cn/finalpage/2026-07-15/1225424937.PDF"
"金逸影视","002905","2026-07-15","2026年半年度业绩预告","https://static.cninfo.com.cn/finalpage/2026-07-15/1225424936.PDF"
"铭普光磁","002902","2026-07-15","2026年半年度业绩预告","https://static.cninfo.com.cn/finalpage/2026-07-15/1225424935.PDF"
"道道全","002852","2026-07-15","2026年半年度业绩预告","https://static.cninfo.com.cn/finalpage/2026-07-15/1225424934.PDF"
"蓝黛科技","002765","2026-07-15","2026年半年度业绩预告","https://static.cninfo.com.cn/finalpage/2026-07-15/1225424933.PDF"
"光华科技","002741","2026-07-15","2026年半年度业绩预告","https://static.cninfo.com.cn/finalpage/2026-07-15/1225424932.PDF"
"世纪华通","002602","2026-07-15","2026年半年度业绩预告","https://static.cninfo.com.cn/finalpage/2026-07-15/1225424931.PDF"
"东方新能","002310","2026-07-15","2026年半年度业绩预告","https://static.cninfo.com.cn/finalpage/2026-07-15/1225424930.PDF"
"韵达股份","002120","2026-07-15","2026年半年度业绩预告","https://static.cninfo.com.cn/finalpage/2026-07-15/1225424929.PDF"
"智度股份","000676","2026-07-15","2026年半年度业绩预告","https://static.cninfo.com.cn/finalpage/2026-07-15/1225424928.PDF"
"金地集团","600383","2026-07-15","金地集团2026年半年度业绩预告","https://static.cninfo.com.cn/finalpage/2026-07-15/1225424893.PDF"
"东望时代","600052","2026-07-15","浙江东望时代科技股份有限公司2026年半年度业绩预告","https://static.cninfo.com.cn/finalpage/2026-07-15/1225424890.PDF"
"ST华扬","603825","2026-07-15","华扬联众数字技术股份有限公司2026年半年度业绩预告","https://static.cninfo.com.cn/finalpage/2026-07-15/1225424883.PDF"
"南方航空","600029","2026-07-15","南方航空2026年半年度业绩预亏公告","https://static.cninfo.com.cn/finalpage/2026-07-15/1225424881.PDF"
"华夏航空","002928","2026-07-15","2026年半年度业绩预告","https://static.cninfo.com.cn/finalpage/2026-07-15/1225424875.PDF"
"哈三联","002900","2026-07-15","2026年半年度业绩预告","https://static.cninfo.com.cn/finalpage/2026-07-15/1225424874.PDF"
"汉森制药","002412","2026-07-15","2026年半年度业绩预告","https://static.cninfo.com.cn/finalpage/2026-07-15/1225424873.PDF"
"新亚制程","002388","2026-07-15","2026年半年度业绩预告","https://static.cninfo.com.cn/finalpage/2026-07-15/1225424872.PDF"
"皮阿诺","002853","2026-07-15","2026年半年度业绩预告","https://static.cninfo.com.cn/finalpage/2026-07-15/1225424871.PDF"
"*ST美芝","002856","2026-07-15","2026年半年度业绩预告","https://static.cninfo.com.cn/finalpage/2026-07-15/1225424870.PDF"
"桂发祥","002820","2026-07-15","2026年半年度业绩预告","https://static.cninfo.com.cn/finalpage/2026-07-15/1225424869.PDF"
"*ST和科","002816","2026-07-15","2026年半年度业绩预告","https://static.cninfo.com.cn/finalpage/2026-07-15/1225424868.PDF"
"富森美","002818","2026-07-15","2026年半年度业绩预告","https://static.cninfo.com.cn/finalpage/2026-07-15/1225424867.PDF"
"红墙股份","002809","2026-07-15","2026年半年度业绩预告","https://static.cninfo.com.cn/finalpage/2026-07-15/1225424866.PDF"
"永和智控","002795","2026-07-15","2026年半年度业绩预告","https://static.cninfo.com.cn/finalpage/2026-07-15/1225424865.PDF"
"中坚科技","002779","2026-07-15","2026年半年度业绩预告","https://static.cninfo.com.cn/finalpage/2026-07-15/1225424864.PDF"
"儒意电影","002739","2026-07-15","2026年半年度业绩预告","https://static.cninfo.com.cn/finalpage/2026-07-15/1225424863.PDF"
"亿利达","002686","2026-07-15","2026年半年度业绩预告","https://static.cninfo.com.cn/finalpage/2026-07-15/1225424862.PDF"
"ST麦趣","002719","2026-07-15","2026年半年度业绩预告","https://static.cninfo.com.cn/finalpage/2026-07-15/1225424861.PDF"
"通达股份","002560","2026-07-15","2026年半年度业绩预告","https://static.cninfo.com.cn/finalpage/2026-07-15/1225424860.PDF"
"普天科技","002544","2026-07-15","中电科普天科技股份有限公司2026年半年度业绩预告","https://static.cninfo.com.cn/finalpage/2026-07-15/1225424859.PDF"
"*ST西旅","000610","2026-07-15","2026年半年度业绩预告","https://static.cninfo.com.cn/finalpage/2026-07-15/1225424856.PDF"
"创新医疗","002173","2026-07-15","2026年半年度业绩预告","https://static.cninfo.com.cn/finalpage/2026-07-15/1225424855.PDF"
"合富中国","603122","2026-07-15","合富中国2026年半年度业绩预告","https://static.cninfo.com.cn/finalpage/2026-07-15/1225424853.PDF"
"*ST建艺","002789","2026-07-15","2026年半年度业绩预告","https://static.cninfo.com.cn/finalpage/2026-07-15/1225424844.PDF"
"三夫户外","002780","2026-07-15","2026年半年度业绩预告","https://static.cninfo.com.cn/finalpage/2026-07-15/1225424843.PDF"
"埃斯顿","002747","2026-07-15","2026年半年度业绩预告","https://static.cninfo.com.cn/finalpage/2026-07-15/1225424842.PDF"
"ST龙大","002726","2026-07-15","2026年半年度业绩预告","https://static.cninfo.com.cn/finalpage/2026-07-15/1225424839.PDF"
"跃岭股份","002725","2026-07-15","2026年半年度业绩预告","https://static.cninfo.com.cn/finalpage/2026-07-15/1225424838.PDF"
"海欣食品","002702","2026-07-15","2026年半年度业绩预告","https://static.cninfo.com.cn/finalpage/2026-07-15/1225424837.PDF"
"华东重机","002685","2026-07-15","2026年半年度业绩预告","https://static.cninfo.com.cn/finalpage/2026-07-15/1225424836.PDF"
"奋达科技","002681","2026-07-15","2026年半年度业绩预告","https://static.cninfo.com.cn/finalpage/2026-07-15/1225424835.PDF"
"东江环保","002672","2026-07-15","2026年半年度业绩预告","https://static.cninfo.com.cn/finalpage/2026-07-15/1225424834.PDF"
"普邦股份","002663","2026-07-15","2026年半年度业绩预告","https://static.cninfo.com.cn/finalpage/2026-07-15/1225424833.PDF"
"跨境通","002640","2026-07-15","2026年半年度业绩预告","https://static.cninfo.com.cn/finalpage/2026-07-15/1225424832.PDF"
"古汉医药","000590","2026-07-15","2026年半年度业绩预告","https://static.cninfo.com.cn/finalpage/2026-07-15/1225424831.PDF"
"双星新材","002585","2026-07-15","江苏双星彩塑新材料股份有限公司2026年半年度业绩预告","https://static.cninfo.com.cn/finalpage/2026-07-15/1225424828.PDF"
"中京电子","002579","2026-07-15","2026年半年度业绩预告","https://static.cninfo.com.cn/finalpage/2026-07-15/1225424827.PDF"
"万和电气","002543","2026-07-15","2026年半年度业绩预告","https://static.cninfo.com.cn/finalpage/2026-07-15/1225424826.PDF"
"华斯股份","002494","2026-07-15","华斯控股股份有限公司2026年半年度业绩预告","https://static.cninfo.com.cn/finalpage/2026-07-15/1225424824.PDF"
"金正大","002470","2026-07-15","2026年半年度业绩预告","https://static.cninfo.com.cn/finalpage/2026-07-15/1225424823.PDF"
"招商蛇口","001979","2026-07-15","2026年半年度业绩预告","https://static.cninfo.com.cn/finalpage/2026-07-15/1225424822.PDF"
"基蛋生物","603387","2026-07-15","基蛋生物：2026年半年度业绩预增公告","https://static.cninfo.com.cn/finalpage/2026-07-15/1225424815.PDF"
"永安行","603776","2026-07-15","2026年半年度业绩预亏公告","https://static.cninfo.com.cn/finalpage/2026-07-15/1225424801.PDF"
"曲江文旅","600706","2026-07-15","西安曲江文化旅游股份有限公司2026年半年度业绩预告","https://static.cninfo.com.cn/finalpage/2026-07-15/1225424800.PDF"
"绿能慧充","600212","2026-07-15","绿能慧充2026年半年度业绩预亏公告","https://static.cninfo.com.cn/finalpage/2026-07-15/1225424795.PDF"
"中国出版","601949","2026-07-15","中国出版传媒股份有限公司2026年半年度业绩预告","https://static.cninfo.com.cn/finalpage/2026-07-15/1225424793.PDF"
"文投控股","600715","2026-07-15","文投控股股份有限公司2026年半年度业绩预亏公告","https://static.cninfo.com.cn/finalpage/2026-07-15/1225424788.PDF"
"友邦吊顶","002718","2026-07-15","2026年半年度业绩预告","https://static.cninfo.com.cn/finalpage/2026-07-15/1225424764.PDF"
"思美传媒","002712","2026-07-15","思美传媒股份有限公司2026年半年度业绩预告","https://static.cninfo.com.cn/finalpage/2026-07-15/1225424763.PDF"
"*ST顾地","002694","2026-07-15","2026年半年度业绩预告","https://static.cninfo.com.cn/finalpage/2026-07-15/1225424761.PDF"
"龙洲股份","002682","2026-07-15","2026年半年度业绩预告","https://static.cninfo.com.cn/finalpage/2026-07-15/1225424760.PDF"
"福建金森","002679","2026-07-15","2026年半年度业绩预告公告","https://static.cninfo.com.cn/finalpage/2026-07-15/1225424759.PDF"
"峰璟股份","002662","2026-07-15","2026年半年度业绩预告","https://static.cninfo.com.cn/finalpage/2026-07-15/1225424758.PDF"
"雪人集团","002639","2026-07-15","2026年半年度业绩预告","https://static.cninfo.com.cn/finalpage/2026-07-15/1225424757.PDF"
"北玻股份","002613","2026-07-15","2026年半年度业绩预告","https://static.cninfo.com.cn/finalpage/2026-07-15/1225424756.PDF"
"朗姿股份","002612","2026-07-15","2026年半年度业绩预告","https://static.cninfo.com.cn/finalpage/2026-07-15/1225424755.PDF"
"*ST雅博","002323","2026-07-15","2026年半年度业绩预告","https://static.cninfo.com.cn/finalpage/2026-07-15/1225424753.PDF"
"索菲亚","002572","2026-07-15","2026年半年度业绩预告","https://static.cninfo.com.cn/finalpage/2026-07-15/1225424752.PDF"
"中顺洁柔","002511","2026-07-15","2026年半年度业绩预告","https://static.cninfo.com.cn/finalpage/2026-07-15/1225424751.PDF"
"恒基达鑫","002492","2026-07-15","恒基达鑫：2026年半年度业绩预告","https://static.cninfo.com.cn/finalpage/2026-07-15/1225424750.PDF"
"佛山照明","000541","2026-07-15","2026年半年度业绩预告","https://static.cninfo.com.cn/finalpage/2026-07-15/1225424749.PDF"
"润贝航科","001316","2026-07-15","润贝航空科技股份有限公司2026年半年度业绩预告","https://static.cninfo.com.cn/finalpage/2026-07-15/1225424748.PDF"
"联创电子","002036","2026-07-15","2026年半年度业绩预告","https://static.cninfo.com.cn/finalpage/2026-07-15/1225424747.PDF"
"成都路桥","002628","2026-07-15","2026年半年度业绩预告","https://static.cninfo.com.cn/finalpage/2026-07-15/1225424745.PDF"
"海南橡胶","601118","2026-07-15","2026年半年度业绩预告","https://static.cninfo.com.cn/finalpage/2026-07-15/1225424741.PDF"
"佳禾食品","605300","2026-07-15","（0804）佳禾食品工业股份有限公司2026年半年度业绩预告【2026-051】","https://static.cninfo.com.cn/finalpage/2026-07-15/1225424737.PDF"
"亚振家居","603389","2026-07-15","2026年半年度业绩预亏公告","https://static.cninfo.com.cn/finalpage/2026-07-15/1225424736.PDF"
"卓郎智能","600545","2026-07-15","2026年半年度业绩预告","https://static.cninfo.com.cn/finalpage/2026-07-15/1225424725.PDF"
"安阳钢铁","600569","2026-07-15","安阳钢铁股份有限公司2026年半年度业绩预告","https://static.cninfo.com.cn/finalpage/2026-07-15/1225424724.PDF"
"ST信通","600289","2026-07-15","亿阳信通2026年半年度业绩预告","https://static.cninfo.com.cn/finalpage/2026-07-15/1225424723.PDF"
"*ST瑞茂","600180","2026-07-15","2026年半年度业绩预亏公告","https://static.cninfo.com.cn/finalpage/2026-07-15/1225424718.PDF"
"隆基绿能","601012","2026-07-15","2026年半年度业绩预告","https://static.cninfo.com.cn/finalpage/2026-07-15/1225424717.PDF"
"群兴玩具","002575","2026-07-15","2026年半年度业绩预告","https://static.cninfo.com.cn/finalpage/2026-07-15/1225424708.PDF"
"金新农","002548","2026-07-15","2026年半年度业绩预告","https://static.cninfo.com.cn/finalpage/2026-07-15/1225424707.PDF"
"兴森科技","002436","2026-07-15","2026年半年度业绩预告","https://static.cninfo.com.cn/finalpage/2026-07-15/1225424706.PDF"
"达实智能","002421","2026-07-15","2026年半年度业绩预告","https://static.cninfo.com.cn/finalpage/2026-07-15/1225424705.PDF"
"青岛金王","002094","2026-07-15","2026年半年度业绩预告","https://static.cninfo.com.cn/finalpage/2026-07-15/1225424704.PDF"
"通鼎互联","002491","2026-07-15","2026年半年度业绩预告","https://static.cninfo.com.cn/finalpage/2026-07-15/1225424701.PDF"
"海格通信","002465","2026-07-15","2026年半年度业绩预告","https://static.cninfo.com.cn/finalpage/2026-07-15/1225424700.PDF"
"九安医疗","002432","2026-07-15","2026年半年度业绩预告","https://static.cninfo.com.cn/finalpage/2026-07-15/1225424699.PDF"
"华控赛格","000068","2026-07-15","2026年半年度业绩预告","https://static.cninfo.com.cn/finalpage/2026-07-15/1225424697.PDF"
"申通快递","002468","2026-07-15","2026年半年度业绩预告","https://static.cninfo.com.cn/finalpage/2026-07-15/1225424695.PDF"
"*ST英飞","002528","2026-07-15","2026年半年度业绩预告","https://static.cninfo.com.cn/finalpage/2026-07-15/1225424694.PDF"
"兴民智通","002355","2026-07-15","兴民智通（集团）股份有限公司2026年半年度业绩预告","https://static.cninfo.com.cn/finalpage/2026-07-15/1225424693.PDF"
"中国长城","000066","2026-07-15","2026年半年度业绩预告","https://static.cninfo.com.cn/finalpage/2026-07-15/1225424692.PDF"
"深圳华强","000062","2026-07-15","2026年半年度业绩预告","https://static.cninfo.com.cn/finalpage/2026-07-15/1225424691.PDF"
"电广传媒","000917","2026-07-15","2026年半年度业绩预告","https://static.cninfo.com.cn/finalpage/2026-07-15/1225424690.PDF"
"科大讯飞","002230","2026-07-15","2026年半年度业绩预告","https://static.cninfo.com.cn/finalpage/2026-07-15/1225424689.PDF"
"天山股份","000877","2026-07-15","2026年半年度业绩预告","https://static.cninfo.com.cn/finalpage/2026-07-15/1225424681.PDF"
"金龙汽车","600686","2026-07-15","金龙汽车2026年半年度业绩预告","https://static.cninfo.com.cn/finalpage/2026-07-15/1225424668.PDF"
"华菱精工","603356","2026-07-15","2026年半年度业绩预告","https://static.cninfo.com.cn/finalpage/2026-07-15/1225424667.PDF"
"爱旭股份","600732","2026-07-15","2026年半年度业绩预告","https://static.cninfo.com.cn/finalpage/2026-07-15/1225424666.PDF"
"万通发展","600246","2026-07-15","2026年半年度业绩预亏公告","https://static.cninfo.com.cn/finalpage/2026-07-15/1225424664.PDF"
"永茂泰","605208","2026-07-15","2026年半年度业绩预增公告","https://static.cninfo.com.cn/finalpage/2026-07-15/1225424662.PDF"
"中材节能","603126","2026-07-15","中材节能股份有限公司2026年半年度业绩预告","https://static.cninfo.com.cn/finalpage/2026-07-15/1225424661.PDF"
"奔图科技","002180","2026-07-15","2026年半年度业绩预告","https://static.cninfo.com.cn/finalpage/2026-07-15/1225424660.PDF"
"*ST春兴","002547","2026-07-15","公司2026年半年度业绩预告","https://static.cninfo.com.cn/finalpage/2026-07-15/1225424654.PDF"
"ST达华","002512","2026-07-15","2026年半年度业绩预告","https://static.cninfo.com.cn/finalpage/2026-07-15/1225424653.PDF"
"胜利精密","002426","2026-07-15","2026年半年度业绩预告","https://static.cninfo.com.cn/finalpage/2026-07-15/1225424652.PDF"
"四维图新","002405","2026-07-15","2026年半年度业绩预告","https://static.cninfo.com.cn/finalpage/2026-07-15/1225424651.PDF"
"力生制药","002393","2026-07-15","天津力生制药股份有限公司2026年半年度业绩预告","https://static.cninfo.com.cn/finalpage/2026-07-15/1225424650.PDF"
"大北农","002385","2026-07-15","2026年半年度业绩预告","https://static.cninfo.com.cn/finalpage/2026-07-15/1225424649.PDF"
"卓翼科技","002369","2026-07-15","2026年半年度业绩预告","https://static.cninfo.com.cn/finalpage/2026-07-15/1225424648.PDF"
"中利集团","002309","2026-07-15","2026年半年度业绩预告","https://static.cninfo.com.cn/finalpage/2026-07-15/1225424647.PDF"
"广发证券","000776","2026-07-15","2026年半年度业绩预告","https://static.cninfo.com.cn/finalpage/2026-07-15/1225424646.PDF"
"浪潮软件","600756","2026-07-15","浪潮软件2026年半年度业绩预告","https://static.cninfo.com.cn/finalpage/2026-07-15/1225424636.PDF"
"珠免集团","600185","2026-07-15","2026年半年度业绩预告","https://static.cninfo.com.cn/finalpage/2026-07-15/1225424635.PDF"
"灵康药业","603669","2026-07-15","2026年半年度业绩预告","https://static.cninfo.com.cn/finalpage/2026-07-15/1225424617.PDF"
"白银有色","601212","2026-07-15","白银有色集团股份有限公司2026年半年度业绩预告的公告","https://static.cninfo.com.cn/finalpage/2026-07-15/1225424613.PDF"
"中原内配","002448","2026-07-15","2026年半年度业绩预告","https://static.cninfo.com.cn/finalpage/2026-07-15/1225424583.PDF"
"双箭股份","002381","2026-07-15","2026年半年度业绩预告","https://static.cninfo.com.cn/finalpage/2026-07-15/1225424581.PDF"
"中锐股份","002374","2026-07-15","2026年半年度业绩预告","https://static.cninfo.com.cn/finalpage/2026-07-15/1225424580.PDF"
"汉王科技","002362","2026-07-15","2026年半年度业绩预告","https://static.cninfo.com.cn/finalpage/2026-07-15/1225424579.PDF"
"神剑股份","002361","2026-07-15","公司2026年半年度业绩预告","https://static.cninfo.com.cn/finalpage/2026-07-15/1225424578.PDF"
"泸天化","000912","2026-07-15","2026年半年度业绩预告","https://static.cninfo.com.cn/finalpage/2026-07-15/1225424576.PDF"
"久立特材","002318","2026-07-15","2026年半年度业绩预告","https://static.cninfo.com.cn/finalpage/2026-07-15/1225424575.PDF"
"科陆电子","002121","2026-07-15","2026年半年度业绩预告","https://static.cninfo.com.cn/finalpage/2026-07-15/1225424572.PDF"
"*ST实达","600734","2026-07-15","福建实达集团股份有限公司2026年半年度业绩预告","https://static.cninfo.com.cn/finalpage/2026-07-15/1225424560.PDF"
"中源家居","603709","2026-07-15","中源家居股份有限公司2026年半年度业绩预告","https://static.cninfo.com.cn/finalpage/2026-07-15/1225424553.PDF"
"春光科技","603657","2026-07-15","春光科技2026年半年度业绩预告","https://static.cninfo.com.cn/finalpage/2026-07-15/1225424550.PDF"
"ST际华","601718","2026-07-15","际华集团2026年半年度业绩预告","https://static.cninfo.com.cn/finalpage/2026-07-15/1225424549.PDF"
"慈文传媒","002343","2026-07-15","2026年半年度业绩预告","https://static.cninfo.com.cn/finalpage/2026-07-15/1225424542.PDF"
"东华能源","002221","2026-07-15","东华能源股份有限公司2026年半年度业绩预告","https://static.cninfo.com.cn/finalpage/2026-07-15/1225424541.PDF"
"延华智能","002178","2026-07-15","2026年半年度业绩预告","https://static.cninfo.com.cn/finalpage/2026-07-15/1225424540.PDF"
"天音控股","000829","2026-07-15","2026年半年度业绩预告","https://static.cninfo.com.cn/finalpage/2026-07-15/1225424539.PDF"
"华英农业","002321","2026-07-15","2026年半年度业绩预告","https://static.cninfo.com.cn/finalpage/2026-07-15/1225424538.PDF"
"广东鸿图","002101","2026-07-15","2026年半年度业绩预告","https://static.cninfo.com.cn/finalpage/2026-07-15/1225424537.PDF"
"欧晶科技","001269","2026-07-15","2026年半年度业绩预告","https://static.cninfo.com.cn/finalpage/2026-07-15/1225424536.PDF"
"万里股份","600847","2026-07-15","万里股份2026年半年度业绩预亏公告","https://static.cninfo.com.cn/finalpage/2026-07-15/1225424533.PDF"
"茂业商业","600828","2026-07-15","茂业商业2026年半年度业绩预告","https://static.cninfo.com.cn/finalpage/2026-07-15/1225424531.PDF"
"中信金属","601061","2026-07-15","中信金属股份有限公司2026年半年度业绩预增公告","https://static.cninfo.com.cn/finalpage/2026-07-15/1225424530.PDF"
"郴电国际","600969","2026-07-15","郴电国际2026年半年度业绩预告","https://static.cninfo.com.cn/finalpage/2026-07-15/1225424528.PDF"
"恒生电子","600570","2026-07-15","恒生电子股份有限公司2026年半年度业绩预告","https://static.cninfo.com.cn/finalpage/2026-07-15/1225424527.PDF"
"新潮能源","600777","2026-07-15","山东新潮能源股份有限公司2026年半年度业绩预告","https://static.cninfo.com.cn/finalpage/2026-07-15/1225424526.PDF"
"亚泰集团","600881","2026-07-15","吉林亚泰（集团）股份有限公司2026年半年度业绩预亏公告","https://static.cninfo.com.cn/finalpage/2026-07-15/1225424525.PDF"
"兰花科创","600123","2026-07-15","兰花科创2026年半年度业绩预增公告","https://static.cninfo.com.cn/finalpage/2026-07-15/1225424520.PDF"
"中国东航","600115","2026-07-15","中国东方航空股份有限公司2026年半年度业绩预告","https://static.cninfo.com.cn/finalpage/2026-07-15/1225424519.PDF"
"康惠股份","603139","2026-07-15","康惠股份2026年半年度业绩预告","https://static.cninfo.com.cn/finalpage/2026-07-15/1225424518.PDF"
"天顺风能","002531","2026-07-15","2026年半年度业绩预告","https://static.cninfo.com.cn/finalpage/2026-07-15/1225424507.PDF"
"积成电子","002339","2026-07-15","2026年半年度业绩预告","https://static.cninfo.com.cn/finalpage/2026-07-15/1225424506.PDF"
"中水渔业","000798","2026-07-15","2026年半年度业绩预告","https://static.cninfo.com.cn/finalpage/2026-07-15/1225424504.PDF"
"凯撒旅业","000796","2026-07-15","2026年半年度业绩预告","https://static.cninfo.com.cn/finalpage/2026-07-15/1225424501.PDF"
"云南旅游","002059","2026-07-15","云南旅游2026年半年度业绩预告","https://static.cninfo.com.cn/finalpage/2026-07-15/1225424500.PDF"
"国统股份","002205","2026-07-15","新疆国统管道股份有限公司2026年半年度业绩预告","https://static.cninfo.com.cn/finalpage/2026-07-15/1225424499.PDF"
"游族网络","002174","2026-07-15","2026年半年度业绩预告","https://static.cninfo.com.cn/finalpage/2026-07-15/1225424498.PDF"
"国旅联合","600358","2026-07-15","国旅文化投资集团股份有限公司2026年半年度业绩预告","https://static.cninfo.com.cn/finalpage/2026-07-15/1225424486.PDF"
"冠城新材","600067","2026-07-15","冠城新材2026年半年度业绩预亏公告","https://static.cninfo.com.cn/finalpage/2026-07-15/1225424482.PDF"
"ST美克","600337","2026-07-15","美克国际家居用品股份有限公司2026年半年度业绩预告","https://static.cninfo.com.cn/finalpage/2026-07-15/1225424474.PDF"
"苏宁环球","000718","2026-07-15","2026年半年度业绩预告","https://static.cninfo.com.cn/finalpage/2026-07-15/1225424442.PDF"
"双环科技","000707","2026-07-15","湖北双环科技股份有限公司2026年半年度业绩预告","https://static.cninfo.com.cn/finalpage/2026-07-15/1225424441.PDF"
"珠海中富","000659","2026-07-15","2026年半年度业绩预告","https://static.cninfo.com.cn/finalpage/2026-07-15/1225424440.PDF"
"贝瑞基因","000710","2026-07-15","2026年半年度业绩预告","https://static.cninfo.com.cn/finalpage/2026-07-15/1225424438.PDF"
"达安基因","002030","2026-07-15","2026年半年度业绩预告","https://static.cninfo.com.cn/finalpage/2026-07-15/1225424436.PDF"
"荣安地产","000517","2026-07-15","2026年半年度业绩预告","https://static.cninfo.com.cn/finalpage/2026-07-15/1225424435.PDF"
"上工申贝","600843","2026-07-15","2026年半年度业绩预亏公告","https://static.cninfo.com.cn/finalpage/2026-07-15/1225424419.PDF"
"ST百利","603959","2026-07-15","2026年半年度业绩预亏公告","https://static.cninfo.com.cn/finalpage/2026-07-15/1225424418.PDF"
"大千生态","603955","2026-07-15","大千生态2026年半年度业绩预告","https://static.cninfo.com.cn/finalpage/2026-07-15/1225424417.PDF"
"金隅集团","601992","2026-07-15","北京金隅集团股份有限公司2026年半年度业绩预亏公告","https://static.cninfo.com.cn/finalpage/2026-07-15/1225424412.PDF"
"济高发展","600807","2026-07-15","济高发展2026年半年度业绩预告","https://static.cninfo.com.cn/finalpage/2026-07-15/1225424410.PDF"
"平潭发展","000592","2026-07-15","2026年半年度业绩预告","https://static.cninfo.com.cn/finalpage/2026-07-15/1225424391.PDF"
"皇氏集团","002329","2026-07-15","2026年半年度业绩预告","https://static.cninfo.com.cn/finalpage/2026-07-15/1225424390.PDF"
"中国武夷","000797","2026-07-15","2026年半年度业绩预告","https://static.cninfo.com.cn/finalpage/2026-07-15/1225424389.PDF"
"ST云网","002306","2026-07-15","2026年半年度业绩预告","https://static.cninfo.com.cn/finalpage/2026-07-15/1225424388.PDF"
"美邦服饰","002269","2026-07-15","2026年半年度业绩预告","https://static.cninfo.com.cn/finalpage/2026-07-15/1225424387.PDF"
"华侨城Ａ","000069","2026-07-15","2026年半年度业绩预告","https://static.cninfo.com.cn/finalpage/2026-07-15/1225424385.PDF"
"金隅冀东","000401","2026-07-15","2026年半年度业绩预告","https://static.cninfo.com.cn/finalpage/2026-07-15/1225424383.PDF"
"*ST准油","002207","2026-07-15","2026年半年度业绩预告","https://static.cninfo.com.cn/finalpage/2026-07-15/1225424382.PDF"
"深科达","688328","2026-07-15","2026年半年度业绩预告的自愿性披露公告","https://static.cninfo.com.cn/finalpage/2026-07-15/1225424372.PDF"
"赛伍技术","603212","2026-07-15","2026年半年度业绩预告","https://static.cninfo.com.cn/finalpage/2026-07-15/1225424371.PDF"
"返利科技","600228","2026-07-15","返利网数字科技股份有限公司2026年半年度业绩预告","https://static.cninfo.com.cn/finalpage/2026-07-15/1225424370.PDF"
"建研院","603183","2026-07-15","2026年半年度业绩预亏公告","https://static.cninfo.com.cn/finalpage/2026-07-15/1225424366.PDF"
"阳光诺和","688621","2026-07-15","自愿披露2026年半年度业绩预告的公告","https://static.cninfo.com.cn/finalpage/2026-07-15/1225424365.PDF"
"卧龙新能","600173","2026-07-15","卧龙新能2026年半年度业绩预告","https://static.cninfo.com.cn/finalpage/2026-07-15/1225424364.PDF"
"横店影视","603103","2026-07-15","横店影视股份有限公司2026年半年度业绩预告","https://static.cninfo.com.cn/finalpage/2026-07-15/1225424362.PDF"
"兖矿能源","600188","2026-07-15","兖矿能源集团股份有限公司2026年半年度业绩预增公告","https://static.cninfo.com.cn/finalpage/2026-07-15/1225424345.PDF"
"凯盛新能","600876","2026-07-15","凯盛新能2026年半年度业绩预告","https://static.cninfo.com.cn/finalpage/2026-07-15/1225424344.PDF"
"中电鑫龙","002298","2026-07-15","2026年半年度业绩预告","https://static.cninfo.com.cn/finalpage/2026-07-15/1225424307.PDF"
"遥望科技","002291","2026-07-15","2026年半年度业绩预告","https://static.cninfo.com.cn/finalpage/2026-07-15/1225424306.PDF"
"世联行","002285","2026-07-15","深圳世联行集团股份有限公司2026年半年度业绩预告","https://static.cninfo.com.cn/finalpage/2026-07-15/1225424305.PDF"
"川大智胜","002253","2026-07-15","四川川大智胜软件股份有限公司2026年半年度业绩预告","https://static.cninfo.com.cn/finalpage/2026-07-15/1225424304.PDF"
"恒邦股份","002237","2026-07-15","2026年半年度业绩预告","https://static.cninfo.com.cn/finalpage/2026-07-15/1225424303.PDF"
"国轩高科","002074","2026-07-15","2026年半年度业绩预告","https://static.cninfo.com.cn/finalpage/2026-07-15/1225424302.PDF"
"浙江震元","000705","2026-07-15","浙江震元股份有限公司2026年半年度业绩预告","https://static.cninfo.com.cn/finalpage/2026-07-15/1225424301.PDF"
"鸿博股份","002229","2026-07-15","2026年半年度业绩预告","https://static.cninfo.com.cn/finalpage/2026-07-15/1225424298.PDF"
"智光电气","002169","2026-07-15","2026年半年度业绩预告","https://static.cninfo.com.cn/finalpage/2026-07-15/1225424297.PDF"
"*ST节能","000820","2026-07-15","2026年半年度业绩预告","https://static.cninfo.com.cn/finalpage/2026-07-15/1225424296.PDF"
"华西股份","000936","2026-07-15","2026年半年度业绩预告","https://static.cninfo.com.cn/finalpage/2026-07-15/1225424293.PDF"
"金健米业","600127","2026-07-15","金健米业2026年半年度业绩预亏公告","https://static.cninfo.com.cn/finalpage/2026-07-15/1225424290.PDF"
"京投发展","600683","2026-07-15","京投发展股份有限公司2026年半年度业绩预告","https://static.cninfo.com.cn/finalpage/2026-07-15/1225424283.PDF"
"通宇通讯","002792","2026-07-15","2026年半年度业绩预告","https://static.cninfo.com.cn/finalpage/2026-07-15/1225424274.PDF"
"*ST特迅","002227","2026-07-15","2026年半年度业绩预告","https://static.cninfo.com.cn/finalpage/2026-07-15/1225424272.PDF"
"慕思股份","001323","2026-07-15","2026年半年度业绩预告","https://static.cninfo.com.cn/finalpage/2026-07-15/1225424271.PDF"
"拓日新能","002218","2026-07-15","2026年半年度业绩预告","https://static.cninfo.com.cn/finalpage/2026-07-15/1225424270.PDF"
"成飞集成","002190","2026-07-15","2026年半年度业绩预告","https://static.cninfo.com.cn/finalpage/2026-07-15/1225424269.PDF"
"粤 传 媒","002181","2026-07-15","2026年半年度业绩预告","https://static.cninfo.com.cn/finalpage/2026-07-15/1225424268.PDF"
"江特电机","002176","2026-07-15","2026年半年度业绩预告","https://static.cninfo.com.cn/finalpage/2026-07-15/1225424267.PDF"
"海南发展","002163","2026-07-15","2026年半年度业绩预告","https://static.cninfo.com.cn/finalpage/2026-07-15/1225424266.PDF"
"隆平高科","000998","2026-07-15","2026年半年度业绩预告","https://static.cninfo.com.cn/finalpage/2026-07-15/1225424265.PDF"
"华神科技","000790","2026-07-15","2026年半年度业绩预告","https://static.cninfo.com.cn/finalpage/2026-07-15/1225424263.PDF"
"罗平锌电","002114","2026-07-15","2026年半年度业绩预告","https://static.cninfo.com.cn/finalpage/2026-07-15/1225424262.PDF"
"宏英智能","001266","2026-07-15","2026年半年度业绩预告","https://static.cninfo.com.cn/finalpage/2026-07-15/1225424261.PDF"
"国光电器","002045","2026-07-15","2026年半年度业绩预告","https://static.cninfo.com.cn/finalpage/2026-07-15/1225424260.PDF"
"欣龙控股","000955","2026-07-15","2026年半年度业绩预告","https://static.cninfo.com.cn/finalpage/2026-07-15/1225424259.PDF"
"黑芝麻","000716","2026-07-15","2026年半年度业绩预告","https://static.cninfo.com.cn/finalpage/2026-07-15/1225424258.PDF"
"好想你","002582","2026-07-15","2026年半年度业绩预告","https://static.cninfo.com.cn/finalpage/2026-07-15/1225424257.PDF"
"*ST数源","000909","2026-07-15","2026年半年度业绩预告","https://static.cninfo.com.cn/finalpage/2026-07-15/1225424256.PDF"
"三峡新材","600293","2026-07-15","湖北三峡新型建材股份有限公司2026年半年度业绩预告","https://static.cninfo.com.cn/finalpage/2026-07-15/1225424247.PDF"
"中电电机","603988","2026-07-15","中电电机2026年半年度业绩预告","https://static.cninfo.com.cn/finalpage/2026-07-15/1225424246.PDF"
"辽宁能源","600758","2026-07-15","辽宁能源2026年半年度业绩预亏公告","https://static.cninfo.com.cn/finalpage/2026-07-15/1225424245.PDF"
"*ST亚士","603378","2026-07-15","亚士创能2026年半年度业绩预亏的公告","https://static.cninfo.com.cn/finalpage/2026-07-15/1225424243.PDF"
"珍宝岛","603567","2026-07-15","黑龙江珍宝岛药业股份有限公司2026年半年度业绩预告的公告","https://static.cninfo.com.cn/finalpage/2026-07-15/1225424242.PDF"
"*ST网达","603189","2026-07-15","网达软件2026年半年度业绩预告","https://static.cninfo.com.cn/finalpage/2026-07-15/1225424239.PDF"
"大明电子","603376","2026-07-15","2026年半年度业绩预告","https://static.cninfo.com.cn/finalpage/2026-07-15/1225424238.PDF"
"*ST亿晶","600537","2026-07-15","亿晶光电科技股份有限公司2026年半年度业绩预亏公告","https://static.cninfo.com.cn/finalpage/2026-07-15/1225424237.PDF"
"丰林集团","601996","2026-07-15","广西丰林木业集团股份有限公司2026年半年度业绩预告","https://static.cninfo.com.cn/finalpage/2026-07-15/1225424236.PDF"
"洪田股份","603800","2026-07-15","2026-032：2026年半年度业绩预告","https://static.cninfo.com.cn/finalpage/2026-07-15/1225424232.PDF"
"北辰实业","601588","2026-07-15","北辰实业2026年半年度业绩预亏公告","https://static.cninfo.com.cn/finalpage/2026-07-15/1225424229.PDF"
"百联股份","600827","2026-07-15","百联股份2026年半年度业绩预增公告","https://static.cninfo.com.cn/finalpage/2026-07-15/1225424224.PDF"
"中国巨石","600176","2026-07-15","中国巨石2026年半年度业绩预增公告","https://static.cninfo.com.cn/finalpage/2026-07-15/1225424216.PDF"
"*ST沐邦","603398","2026-07-15","江西沐邦高科股份有限公司2026年半年度业绩预亏公告","https://static.cninfo.com.cn/finalpage/2026-07-15/1225424214.PDF"
"西安饮食","000721","2026-07-15","2026年半年度业绩预告","https://static.cninfo.com.cn/finalpage/2026-07-15/1225424206.PDF"
"东方锆业","002167","2026-07-15","2026年半年度业绩预告","https://static.cninfo.com.cn/finalpage/2026-07-15/1225424205.PDF"
"安 纳 达","002136","2026-07-15","安徽安纳达钛业股份有限公司2026年半年度业绩预告","https://static.cninfo.com.cn/finalpage/2026-07-15/1225424204.PDF"
"拓山重工","001226","2026-07-15","安徽拓山重工股份有限公司2026年半年度业绩预告","https://static.cninfo.com.cn/finalpage/2026-07-15/1225424203.PDF"
"威海广泰","002111","2026-07-15","2026年半年度业绩预告","https://static.cninfo.com.cn/finalpage/2026-07-15/1225424202.PDF"
"欧克科技","001223","2026-07-15","2026年半年度业绩预告","https://static.cninfo.com.cn/finalpage/2026-07-15/1225424201.PDF"
"山子高科","000981","2026-07-15","2026年半年度业绩预告","https://static.cninfo.com.cn/finalpage/2026-07-15/1225424200.PDF"
"*ST威领","002667","2026-07-15","2026年半年度业绩预告","https://static.cninfo.com.cn/finalpage/2026-07-15/1225424197.PDF"
"华塑控股","000509","2026-07-15","2026年半年度业绩预告","https://static.cninfo.com.cn/finalpage/2026-07-15/1225424196.pdf"
"德明利","001309","2026-07-15","德明利2026年半年度业绩预告","https://static.cninfo.com.cn/finalpage/2026-07-15/1225424195.PDF"
"仁东控股","002647","2026-07-15","2026年半年度业绩预告","https://static.cninfo.com.cn/finalpage/2026-07-15/1225424194.PDF"
"中洲控股","000042","2026-07-15","深圳市中洲投资控股股份有限公司2026年半年度业绩预告","https://static.cninfo.com.cn/finalpage/2026-07-15/1225424193.PDF"
"傲农生物","603363","2026-07-15","福建傲农生物科技集团股份有限公司2026年半年度业绩预告","https://static.cninfo.com.cn/finalpage/2026-07-15/1225424177.PDF"
"德昌股份","605555","2026-07-15","宁波德昌电机股份有限公司2026年半年度业绩预告","https://static.cninfo.com.cn/finalpage/2026-07-15/1225424174.PDF"
"中信建投","601066","2026-07-15","2026年半年度业绩预增公告","https://static.cninfo.com.cn/finalpage/2026-07-15/1225424171.PDF"
"*ST华鹏","603021","2026-07-15","山东华鹏2026年半年度业绩预告","https://static.cninfo.com.cn/finalpage/2026-07-15/1225424170.PDF"
"先导基电","600641","2026-07-15","上海先导基电科技股份有限公司2026年半年度业绩预告","https://static.cninfo.com.cn/finalpage/2026-07-15/1225424164.PDF"
"ST标准","600302","2026-07-15","标准股份2026年半年度业绩预亏公告","https://static.cninfo.com.cn/finalpage/2026-07-15/1225424163.PDF"
"泛微网络","603039","2026-07-15","泛微网络2026年半年度业绩预增公告","https://static.cninfo.com.cn/finalpage/2026-07-15/1225424158.PDF"
"中船科技","600072","2026-07-15","中船科技股份有限公司2026年半年度业绩预亏公告","https://static.cninfo.com.cn/finalpage/2026-07-15/1225424157.PDF"
"鲁阳节能","002088","2026-07-15","2026年半年度业绩预告","https://static.cninfo.com.cn/finalpage/2026-07-15/1225424154.PDF"
"七 匹 狼","002029","2026-07-15","七匹狼2026年半年度业绩预告","https://static.cninfo.com.cn/finalpage/2026-07-15/1225424153.PDF"
"*ST皇庭","000056","2026-07-15","2026年半年度业绩预告","https://static.cninfo.com.cn/finalpage/2026-07-15/1225424151.PDF"
"东方海洋","002086","2026-07-15","2026年半年度业绩预告","https://static.cninfo.com.cn/finalpage/2026-07-15/1225424150.PDF"
"海鸥住工","002084","2026-07-15","2026年半年度业绩预告","https://static.cninfo.com.cn/finalpage/2026-07-15/1225424149.PDF"
"宝鹰股份","002047","2026-07-15","2026年半年度业绩预告","https://static.cninfo.com.cn/finalpage/2026-07-15/1225424148.PDF"
"德展健康","000813","2026-07-15","2026年半年度业绩预告","https://static.cninfo.com.cn/finalpage/2026-07-15/1225424147.PDF"
"北方铜业","000737","2026-07-15","2026年半年度业绩预告","https://static.cninfo.com.cn/finalpage/2026-07-15/1225424146.PDF"
"炼石航空","000697","2026-07-15","2026年半年度业绩预告","https://static.cninfo.com.cn/finalpage/2026-07-15/1225424145.PDF"
"钒钛股份","000629","2026-07-15","2026年半年度业绩预告","https://static.cninfo.com.cn/finalpage/2026-07-15/1225424144.PDF"
"新能股份","000595","2026-07-15","2026年半年度业绩预告","https://static.cninfo.com.cn/finalpage/2026-07-15/1225424143.PDF"
"红棉股份","000523","2026-07-15","2026年半年度业绩预告","https://static.cninfo.com.cn/finalpage/2026-07-15/1225424142.PDF"
"华媒控股","000607","2026-07-15","2026年半年度业绩预告","https://static.cninfo.com.cn/finalpage/2026-07-15/1225424131.PDF"
"长安汽车","000625","2026-07-15","2026年半年度业绩预告","https://static.cninfo.com.cn/finalpage/2026-07-15/1225424130.PDF"
"派林生物","000403","2026-07-15","2026年半年度业绩预告","https://static.cninfo.com.cn/finalpage/2026-07-15/1225424128.PDF"
"明阳智能","601615","2026-07-15","2026年半年度业绩预告","https://static.cninfo.com.cn/finalpage/2026-07-15/1225424115.PDF"
"中国一重","601106","2026-07-15","公告2026-027（中国第一重型机械股份公司2026年半年度业绩预亏公告）","https://static.cninfo.com.cn/finalpage/2026-07-15/1225424111.PDF"
"凌钢股份","600231","2026-07-15","凌源钢铁股份有限公司2026年半年度业绩预亏公告","https://static.cninfo.com.cn/finalpage/2026-07-15/1225424110.PDF"
"贵广网络","600996","2026-07-15","2026年半年度业绩预告","https://static.cninfo.com.cn/finalpage/2026-07-15/1225424108.PDF"
"水井坊","600779","2026-07-15","水井坊2026年半年度业绩预告","https://static.cninfo.com.cn/finalpage/2026-07-15/1225424107.PDF"
"国晟科技","603778","2026-07-15","2026年半年度业绩预告","https://static.cninfo.com.cn/finalpage/2026-07-15/1225424103.PDF"
"亿嘉和","603666","2026-07-15","亿嘉和科技股份有限公司2026年半年度业绩预告","https://static.cninfo.com.cn/finalpage/2026-07-15/1225424102.PDF"
"辽宁成大","600739","2026-07-15","辽宁成大股份有限公司2026年半年度业绩预增公告","https://static.cninfo.com.cn/finalpage/2026-07-15/1225424100.PDF"
"长春高新","000661","2026-07-15","2026年半年度业绩预告","https://static.cninfo.com.cn/finalpage/2026-07-15/1225424090.PDF"
"金圆股份","000546","2026-07-15","2026年半年度业绩预告","https://static.cninfo.com.cn/finalpage/2026-07-15/1225424088.PDF"
"西陇科学","002584","2026-07-15","2026年半年度业绩预告","https://static.cninfo.com.cn/finalpage/2026-07-15/1225424083.PDF"
"亚玛顿","002623","2026-07-15","2026年半年度业绩预告","https://static.cninfo.com.cn/finalpage/2026-07-15/1225424082.PDF"
"合众思壮","002383","2026-07-15","2026年半年度业绩预告","https://static.cninfo.com.cn/finalpage/2026-07-15/1225424078.PDF"
"天齐锂业","002466","2026-07-15","2026年半年度业绩预告","https://static.cninfo.com.cn/finalpage/2026-07-15/1225424076.PDF"
"深振业Ａ","000006","2026-07-15","2026年半年度业绩预告","https://static.cninfo.com.cn/finalpage/2026-07-15/1225424073.PDF"
"奥瑞德","600666","2026-07-15","奥瑞德2026年半年度业绩预亏公告","https://static.cninfo.com.cn/finalpage/2026-07-15/1225424067.PDF"
"四创电子","600990","2026-07-15","四创电子股份有限公司2026年半年度业绩预亏公告","https://static.cninfo.com.cn/finalpage/2026-07-15/1225424066.PDF"
"城市传媒","600229","2026-07-15","青岛城市传媒股份有限公司2026年半年度业绩预告","https://static.cninfo.com.cn/finalpage/2026-07-15/1225424064.PDF"
"通达电气","603390","2026-07-15","广州通达汽车电气股份有限公司2026年半年度业绩预告","https://static.cninfo.com.cn/finalpage/2026-07-15/1225424063.PDF"
"天正电气","605066","2026-07-15","2026年半年度业绩预告","https://static.cninfo.com.cn/finalpage/2026-07-15/1225424061.PDF"
"*ST闻泰","600745","2026-07-15","2026年半年度业绩预告","https://static.cninfo.com.cn/finalpage/2026-07-15/1225424060.PDF"
"西宁特钢","600117","2026-07-15","西宁特殊钢股份有限公司2026年半年度业绩预告","https://static.cninfo.com.cn/finalpage/2026-07-15/1225424059.PDF"
"富佳股份","603219","2026-07-15","宁波富佳实业股份有限公司2026年半年度业绩预告","https://static.cninfo.com.cn/finalpage/2026-07-15/1225424057.PDF"
"盛泰集团","605138","2026-07-15","盛泰智造集团股份有限公司2026年半年度业绩预告","https://static.cninfo.com.cn/finalpage/2026-07-15/1225424053.PDF"
"百大集团","600865","2026-07-15","百大集团股份有限公司2026年半年度业绩预告","https://static.cninfo.com.cn/finalpage/2026-07-15/1225424050.PDF"
"东风科技","600081","2026-07-15","东风电子科技股份有限公司2026年半年度业绩预增公告","https://static.cninfo.com.cn/finalpage/2026-07-15/1225424049.PDF"
"巨星农牧","603477","2026-07-15","乐山巨星农牧股份有限公司2026年半年度业绩预告","https://static.cninfo.com.cn/finalpage/2026-07-15/1225424044.PDF"
"上海电影","601595","2026-07-15","2026年半年度业绩预告","https://static.cninfo.com.cn/finalpage/2026-07-15/1225424038.PDF"
"航天信息","600271","2026-07-15","航天信息股份有限公司2026年半年度业绩预告","https://static.cninfo.com.cn/finalpage/2026-07-15/1225424036.PDF"
"佳都科技","600728","2026-07-15","佳都科技2026年半年度业绩预告公告","https://static.cninfo.com.cn/finalpage/2026-07-15/1225424034.PDF"
"ST中路","600818","2026-07-15","2026年半年度业绩预告","https://static.cninfo.com.cn/finalpage/2026-07-15/1225424032.PDF"
"金鹰股份","600232","2026-07-15","2026年半年度业绩预告","https://static.cninfo.com.cn/finalpage/2026-07-15/1225424024.PDF"
"金开新能","600821","2026-07-15","2026年半年度业绩预告","https://static.cninfo.com.cn/finalpage/2026-07-15/1225424022.PDF"
"建设机械","600984","2026-07-15","建设机械2026年半年度业绩预亏公告","https://static.cninfo.com.cn/finalpage/2026-07-15/1225424020.PDF"
"ST中珠","600568","2026-07-15","中珠医疗控股股份有限公司2026年半年度业绩预亏公告","https://static.cninfo.com.cn/finalpage/2026-07-15/1225424015.PDF"
"*ST三房","600370","2026-07-15","江苏三房巷聚材股份有限公司2026年半年度业绩预告","https://static.cninfo.com.cn/finalpage/2026-07-15/1225424009.PDF"
"星湖科技","600866","2026-07-15","2026年半年度业绩预告","https://static.cninfo.com.cn/finalpage/2026-07-15/1225424008.PDF"
"江山欧派","603208","2026-07-15","江山欧派2026年半年度业绩预亏公告","https://static.cninfo.com.cn/finalpage/2026-07-15/1225424006.PDF"
"光明地产","600708","2026-07-15","光明地产2026年半年度业绩预告","https://static.cninfo.com.cn/finalpage/2026-07-15/1225423995.PDF"
"天地源","600665","2026-07-15","天地源股份有限公司2026年半年度业绩预告","https://static.cninfo.com.cn/finalpage/2026-07-15/1225423991.PDF"
"翠微股份","603123","2026-07-15","翠微股份2026年半年度业绩预亏公告","https://static.cninfo.com.cn/finalpage/2026-07-15/1225423989.PDF"
"ST龙韵","603729","2026-07-15","上海龙韵文创科技集团股份有限公司2026年半年度业绩预告公告","https://static.cninfo.com.cn/finalpage/2026-07-15/1225423988.PDF"
"天域生物","603717","2026-07-15","2026年半年度业绩预告","https://static.cninfo.com.cn/finalpage/2026-07-15/1225423986.PDF"
"美凯龙","601828","2026-07-15","2026年半年度业绩预告","https://static.cninfo.com.cn/finalpage/2026-07-15/1225423985.PDF"
"中化装备","600579","2026-07-15","中化装备科技（青岛）股份有限公司2026年半年度业绩预亏公告","https://static.cninfo.com.cn/finalpage/2026-07-15/1225423982.PDF"
"文灿股份","603348","2026-07-15","2026年半年度业绩预告","https://static.cninfo.com.cn/finalpage/2026-07-15/1225423977.PDF"
"旗滨集团","601636","2026-07-15","旗滨集团2026年半年度业绩预亏公告","https://static.cninfo.com.cn/finalpage/2026-07-15/1225423976.PDF"
"同庆楼","605108","2026-07-15","同庆楼2026年半年度业绩预告","https://static.cninfo.com.cn/finalpage/2026-07-15/1225423972.PDF"
"*ST八钢","600581","2026-07-15","八一钢铁2026年半年度业绩预亏公告","https://static.cninfo.com.cn/finalpage/2026-07-15/1225423971.PDF"
"东软集团","600718","2026-07-15","东软集团2026年半年度业绩预告","https://static.cninfo.com.cn/finalpage/2026-07-15/1225423970.PDF"
"威帝股份","603023","2026-07-15","哈尔滨威帝电子股份有限公司2026年半年度业绩预亏公告","https://static.cninfo.com.cn/finalpage/2026-07-15/1225423969.PDF"
"中国人寿","601628","2026-07-15","中国人寿2026年半年度业绩预增公告","https://static.cninfo.com.cn/finalpage/2026-07-15/1225423967.PDF"
"福达合金","603045","2026-07-15","2026年半年度业绩预增公告","https://static.cninfo.com.cn/finalpage/2026-07-15/1225423965.PDF"
"宝胜股份","600973","2026-07-15","宝胜科技创新股份有限公司2026年半年度业绩预增公告","https://static.cninfo.com.cn/finalpage/2026-07-15/1225423962.PDF"
"ST复华","600624","2026-07-15","上海复旦复华科技股份有限公司2026年半年度业绩预告","https://static.cninfo.com.cn/finalpage/2026-07-15/1225423959.PDF"
"百达精工","603331","2026-07-15","百达精工2026年半年度业绩预告","https://static.cninfo.com.cn/finalpage/2026-07-15/1225423957.PDF"
"三峡水利","600116","2026-07-15","重庆三峡水利电力（集团）股份有限公司2026年半年度业绩预增公告","https://static.cninfo.com.cn/finalpage/2026-07-15/1225423956.PDF"
"澳柯玛","600336","2026-07-15","澳柯玛股份有限公司2026年半年度业绩预亏公告","https://static.cninfo.com.cn/finalpage/2026-07-15/1225423948.PDF"
"中原证券","601375","2026-07-15","中原证券股份有限公司2026年半年度业绩预增公告","https://static.cninfo.com.cn/finalpage/2026-07-15/1225423944.PDF"
"望变电气","603191","2026-07-15","2026年半年度业绩预告","https://static.cninfo.com.cn/finalpage/2026-07-15/1225423943.PDF"
"宁波韵升","600366","2026-07-15","宁波韵升2026年半年度业绩预增公告","https://static.cninfo.com.cn/finalpage/2026-07-15/1225423941.PDF"
"动力源","600405","2026-07-15","2026年半年度业绩预告","https://static.cninfo.com.cn/finalpage/2026-07-15/1225423939.PDF"
"大业股份","603278","2026-07-15","大业股份2026年半年度业绩预亏公告","https://static.cninfo.com.cn/finalpage/2026-07-15/1225423938.PDF"
"*ST莫高","600543","2026-07-15","莫高股份2026年半年度业绩预亏公告","https://static.cninfo.com.cn/finalpage/2026-07-15/1225423937.PDF"
"同方股份","600100","2026-07-15","同方股份有限公司2026年半年度业绩预告","https://static.cninfo.com.cn/finalpage/2026-07-15/1225423936.PDF"
"上海洗霸","603200","2026-07-15","上海洗霸科技股份有限公司2026年半年度业绩预亏公告","https://static.cninfo.com.cn/finalpage/2026-07-15/1225423934.PDF"
"*ST长投","600119","2026-07-15","*ST长投：2026年半年度业绩预亏公告","https://static.cninfo.com.cn/finalpage/2026-07-15/1225423932.PDF"
"润达医疗","603108","2026-07-15","2026年半年度业绩预亏公告","https://static.cninfo.com.cn/finalpage/2026-07-15/1225423930.PDF"
"天普股份","605255","2026-07-15","天普股份2026年半年度业绩预告","https://static.cninfo.com.cn/finalpage/2026-07-15/1225423929.PDF"
"陕西黑猫","601015","2026-07-15","陕西黑猫：2026年半年度业绩预亏公告","https://static.cninfo.com.cn/finalpage/2026-07-15/1225423928.PDF"
"亚星化学","600319","2026-07-15","潍坊亚星化学股份有限公司2026年半年度业绩预告","https://static.cninfo.com.cn/finalpage/2026-07-15/1225423926.PDF"
"华塑股份","600935","2026-07-15","安徽华塑股份有限公司2026年半年度业绩预告","https://static.cninfo.com.cn/finalpage/2026-07-15/1225423922.PDF"
"空港股份","600463","2026-07-15","空港股份2026年半年度业绩预亏公告","https://static.cninfo.com.cn/finalpage/2026-07-15/1225423921.PDF"
"长鸿高科","605008","2026-07-15","2026年半年度业绩预亏公告","https://static.cninfo.com.cn/finalpage/2026-07-15/1225423918.PDF"
"厦门钨业","600549","2026-07-15","厦门钨业2026年半年度业绩预增公告","https://static.cninfo.com.cn/finalpage/2026-07-15/1225423916.PDF"
"昆药集团","600422","2026-07-15","昆药集团2026年半年度业绩预告","https://static.cninfo.com.cn/finalpage/2026-07-15/1225423914.PDF"
"振江股份","603507","2026-07-15","振江股份2026年半年度业绩预增公告","https://static.cninfo.com.cn/finalpage/2026-07-15/1225423913.PDF"
"好莱客","603898","2026-07-15","广州好莱客创意家居股份有限公司2026年半年度业绩预告","https://static.cninfo.com.cn/finalpage/2026-07-15/1225423911.PDF"
"鼎际得","603255","2026-07-15","辽宁鼎际得石化股份有限公司2026年半年度业绩预告","https://static.cninfo.com.cn/finalpage/2026-07-15/1225423910.PDF"
"海翔药业","002099","2026-07-15","2026年半年度业绩预告","https://static.cninfo.com.cn/finalpage/2026-07-15/1225423901.PDF"
"石药景峰","000908","2026-07-15","2026年半年度业绩预告","https://static.cninfo.com.cn/finalpage/2026-07-15/1225423891.PDF"
"粤电力Ａ","000539","2026-07-15","广东电力发展股份有限公司2026年半年度业绩预告","https://static.cninfo.com.cn/finalpage/2026-07-15/1225423889.PDF"
"三羊马","001317","2026-07-15","2026年半年度业绩预告","https://static.cninfo.com.cn/finalpage/2026-07-15/1225423886.PDF"
"中百集团","000759","2026-07-15","2026年半年度业绩预告","https://static.cninfo.com.cn/finalpage/2026-07-15/1225423885.PDF"
"金科股份","000656","2026-07-15","2026年半年度业绩预告","https://static.cninfo.com.cn/finalpage/2026-07-15/1225423884.PDF"
"青岛双星","000599","2026-07-15","2026年半年度业绩预告","https://static.cninfo.com.cn/finalpage/2026-07-15/1225423883.PDF"
"中旗新材","001212","2026-07-15","2026年半年度业绩预告","https://static.cninfo.com.cn/finalpage/2026-07-15/1225423882.PDF"
"天娱数科","002354","2026-07-15","2026年半年度业绩预告","https://static.cninfo.com.cn/finalpage/2026-07-15/1225423880.PDF"
"南山控股","002314","2026-07-15","2026年半年度业绩预告","https://static.cninfo.com.cn/finalpage/2026-07-15/1225423879.PDF"
"同洲电子","002052","2026-07-15","2026年半年度业绩预告","https://static.cninfo.com.cn/finalpage/2026-07-15/1225423878.PDF"
"海星股份","603115","2026-07-15","2026年半年度业绩预告","https://static.cninfo.com.cn/finalpage/2026-07-15/1225423876.PDF"
"海立股份","600619","2026-07-15","海立股份2026年半年度业绩预增公告","https://static.cninfo.com.cn/finalpage/2026-07-15/1225423874.PDF"
"弘元绿能","603185","2026-07-15","2026年半年度业绩预告","https://static.cninfo.com.cn/finalpage/2026-07-15/1225423871.PDF"
"长城汽车","601633","2026-07-15","长城汽车股份有限公司2026年半年度业绩预告","https://static.cninfo.com.cn/finalpage/2026-07-15/1225423869.PDF"
"内蒙新华","603230","2026-07-15","内蒙古新华发行集团股份有限公司2026年半年度业绩预告","https://static.cninfo.com.cn/finalpage/2026-07-15/1225423867.PDF"
"佳力图","603912","2026-07-15","603912：佳力图2026年半年度业绩预告","https://static.cninfo.com.cn/finalpage/2026-07-15/1225423865.PDF"
"江南新材","603124","2026-07-15","2026年半年度业绩预告","https://static.cninfo.com.cn/finalpage/2026-07-15/1225423861.PDF"
"海程邦达","603836","2026-07-15","2026年半年度业绩预告","https://static.cninfo.com.cn/finalpage/2026-07-15/1225423860.PDF"
"安正时尚","603839","2026-07-15","安正时尚集团股份有限公司2026年半年度业绩预告","https://static.cninfo.com.cn/finalpage/2026-07-15/1225423859.PDF"
"*ST起步","603557","2026-07-15","*ST起步：2026年半年度业绩预亏公告","https://static.cninfo.com.cn/finalpage/2026-07-15/1225423857.PDF"
"中盐化工","600328","2026-07-15","中盐化工2026年半年度业绩预告","https://static.cninfo.com.cn/finalpage/2026-07-15/1225423854.PDF"
"勘设股份","603458","2026-07-15","勘设股份2026年半年度业绩预亏公告","https://static.cninfo.com.cn/finalpage/2026-07-15/1225423853.PDF"
"五矿资本","600390","2026-07-15","五矿资本股份有限公司2026年半年度业绩预告","https://static.cninfo.com.cn/finalpage/2026-07-15/1225423846.PDF"
"万林物流","603117","2026-07-15","江苏万林现代物流股份有限公司2026年半年度业绩预亏公告","https://static.cninfo.com.cn/finalpage/2026-07-15/1225423844.PDF"
"新钢股份","600782","2026-07-15","新钢股份2026年半年度业绩预告","https://static.cninfo.com.cn/finalpage/2026-07-15/1225423839.PDF"
"永安期货","600927","2026-07-15","永安期货股份有限公司2026年半年度业绩预增公告","https://static.cninfo.com.cn/finalpage/2026-07-15/1225423837.PDF"
"广西能源","600310","2026-07-15","广西能源股份有限公司2026年半年度业绩预增公告","https://static.cninfo.com.cn/finalpage/2026-07-15/1225423836.PDF"
"野马电池","605378","2026-07-15","浙江野马电池股份有限公司2026年半年度业绩预告","https://static.cninfo.com.cn/finalpage/2026-07-15/1225423835.PDF"
"航发动力","600893","2026-07-15","中国航发动力股份有限公司2026年半年度业绩预告","https://static.cninfo.com.cn/finalpage/2026-07-15/1225423834.PDF"
"国检集团","603060","2026-07-15","国检集团2026年半年度业绩预告公告","https://static.cninfo.com.cn/finalpage/2026-07-15/1225423814.PDF"
"恒润股份","603985","2026-07-15","江阴市恒润重工股份有限公司2026年半年度业绩预告","https://static.cninfo.com.cn/finalpage/2026-07-15/1225423809.PDF"
"四方新材","605122","2026-07-15","重庆四方新材股份有限公司2026年半年度业绩预告","https://static.cninfo.com.cn/finalpage/2026-07-15/1225423808.PDF"
"时空科技","605178","2026-07-15","2026年半年度业绩预亏公告","https://static.cninfo.com.cn/finalpage/2026-07-15/1225423807.PDF"
"华胜天成","600410","2026-07-15","2026年半年度业绩预亏公告","https://static.cninfo.com.cn/finalpage/2026-07-15/1225423803.PDF"
"大连圣亚","600593","2026-07-15","2026年半年度业绩预告","https://static.cninfo.com.cn/finalpage/2026-07-15/1225423801.PDF"
"泰瑞机器","603289","2026-07-15","泰瑞机器股份有限公司2026年半年度业绩预告","https://static.cninfo.com.cn/finalpage/2026-07-15/1225423795.PDF"
"酒钢宏兴","600307","2026-07-15","酒钢宏兴2026年半年度业绩预告","https://static.cninfo.com.cn/finalpage/2026-07-15/1225423790.PDF"
"维远股份","600955","2026-07-15","利华益维远化学股份有限公司2026年半年度业绩预告","https://static.cninfo.com.cn/finalpage/2026-07-15/1225423789.PDF"
"山煤国际","600546","2026-07-15","山煤国际2026年半年度业绩预增公告","https://static.cninfo.com.cn/finalpage/2026-07-15/1225423788.PDF"
"金晶科技","600586","2026-07-15","金晶科技2026年半年度业绩预亏公告","https://static.cninfo.com.cn/finalpage/2026-07-15/1225423785.PDF"
"晨光新材","605399","2026-07-15","晨光新材2026年半年度业绩预告","https://static.cninfo.com.cn/finalpage/2026-07-15/1225423784.PDF"
"原尚股份","603813","2026-07-15","广东原尚物流股份有限公司2026年半年度业绩预告","https://static.cninfo.com.cn/finalpage/2026-07-15/1225423783.PDF"
"华远控股","600743","2026-07-15","华远控股2026年半年度业绩预亏公告","https://static.cninfo.com.cn/finalpage/2026-07-15/1225423781.PDF"
"德创环保","603177","2026-07-15","603177：德创环保2026年半年度业绩预告","https://static.cninfo.com.cn/finalpage/2026-07-15/1225423779.PDF"
"交运股份","600676","2026-07-15","上海久事动娱文旅集团股份有限公司2026年半年度业绩预告","https://static.cninfo.com.cn/finalpage/2026-07-15/1225423777.PDF"
"*ST帅电","605336","2026-07-15","浙江帅丰电器股份有限公司2026年半年度业绩预告","https://static.cninfo.com.cn/finalpage/2026-07-15/1225423773.PDF"
"*ST海华","600243","2026-07-15","青海华鼎2026年半年度业绩预告","https://static.cninfo.com.cn/finalpage/2026-07-15/1225423771.PDF"
"东方通信","600776","2026-07-15","东方通信股份有限公司2026年半年度业绩预告","https://static.cninfo.com.cn/finalpage/2026-07-15/1225423769.PDF"
"三星新材","603578","2026-07-15","2026年半年度业绩预告","https://static.cninfo.com.cn/finalpage/2026-07-15/1225423767.PDF"
"三湘印象","000863","2026-07-15","2026年半年度业绩预告","https://static.cninfo.com.cn/finalpage/2026-07-15/1225423715.PDF"
"视觉中国","000681","2026-07-15","2026年半年度业绩预告","https://static.cninfo.com.cn/finalpage/2026-07-15/1225423714.PDF"
"山高环能","000803","2026-07-15","2026年半年度业绩预告","https://static.cninfo.com.cn/finalpage/2026-07-15/1225423708.PDF"
"罗 牛 山","000735","2026-07-15","2026年半年度业绩预告","https://static.cninfo.com.cn/finalpage/2026-07-15/1225423707.PDF"
"中山公用","000685","2026-07-15","2026年半年度业绩预告","https://static.cninfo.com.cn/finalpage/2026-07-15/1225423704.PDF"
"大连友谊","000679","2026-07-15","2026年半年度业绩预告","https://static.cninfo.com.cn/finalpage/2026-07-15/1225423703.PDF"
"阳光股份","000608","2026-07-15","2026年半年度业绩预告","https://static.cninfo.com.cn/finalpage/2026-07-15/1225423702.PDF"
"烽火电子","000561","2026-07-15","陕西烽火电子股份有限公司2026年半年度业绩预告","https://static.cninfo.com.cn/finalpage/2026-07-15/1225423701.PDF"
"岭南控股","000524","2026-07-15","2026年半年度业绩预告","https://static.cninfo.com.cn/finalpage/2026-07-15/1225423700.PDF"
"国新健康","000503","2026-07-15","2026年半年度业绩预告","https://static.cninfo.com.cn/finalpage/2026-07-15/1225423699.PDF"
"国星光电","002449","2026-07-15","2026年半年度业绩预告","https://static.cninfo.com.cn/finalpage/2026-07-15/1225423698.PDF"
"捷荣技术","002855","2026-07-15","2026年半年度业绩预告","https://static.cninfo.com.cn/finalpage/2026-07-15/1225423697.PDF"
"胜通能源","001331","2026-07-15","2026年半年度业绩预告","https://static.cninfo.com.cn/finalpage/2026-07-15/1225423686.PDF"
"一彬科技","001278","2026-07-15","2026年半年度业绩预告","https://static.cninfo.com.cn/finalpage/2026-07-15/1225423685.PDF"
"锡业股份","000960","2026-07-15","云南锡业股份有限公司2026年半年度业绩预告","https://static.cninfo.com.cn/finalpage/2026-07-15/1225423684.PDF"
"炜冈科技","001256","2026-07-15","2026年半年度业绩预告","https://static.cninfo.com.cn/finalpage/2026-07-15/1225423682.PDF"
"佛塑科技","000973","2026-07-15","佛塑科技2026年半年度业绩预告","https://static.cninfo.com.cn/finalpage/2026-07-15/1225423681.PDF"
"众合科技","000925","2026-07-15","2026年半年度业绩预告","https://static.cninfo.com.cn/finalpage/2026-07-15/1225423680.PDF"
"大亚圣象","000910","2026-07-15","2026年半年度业绩预告","https://static.cninfo.com.cn/finalpage/2026-07-15/1225423679.PDF"
"海南高速","000886","2026-07-15","2026年半年度业绩预告","https://static.cninfo.com.cn/finalpage/2026-07-15/1225423677.PDF"
"华联股份","000882","2026-07-15","2026年半年度业绩预告","https://static.cninfo.com.cn/finalpage/2026-07-15/1225423676.PDF"
"新能泰山","000720","2026-07-15","2026年半年度业绩预告","https://static.cninfo.com.cn/finalpage/2026-07-15/1225423675.PDF"
"ST三木","000632","2026-07-15","2026年半年度业绩预告","https://static.cninfo.com.cn/finalpage/2026-07-15/1225423674.PDF"
"海螺新材","000619","2026-07-15","2026年半年度业绩预告","https://static.cninfo.com.cn/finalpage/2026-07-15/1225423673.PDF"
"汇源通信","000586","2026-07-15","四川汇源光通信股份有限公司2026年半年度业绩预告","https://static.cninfo.com.cn/finalpage/2026-07-15/1225423672.PDF"
"招金黄金","000506","2026-07-15","2026年半年度业绩预告","https://static.cninfo.com.cn/finalpage/2026-07-15/1225423671.PDF"
"海马汽车","000572","2026-07-10","公司控股子公司海马财务有限公司2026年半年度业绩预告","https://static.cninfo.com.cn/finalpage/2026-07-10/1225416801.PDF"
"航天发展","000547","2026-07-15","2026年半年度业绩预告","https://static.cninfo.com.cn/finalpage/2026-07-15/1225423668.PDF"
"新研股份","300159","2026-07-15","2026年半年度业绩预告","https://static.cninfo.com.cn/finalpage/2026-07-15/1225423653.PDF"
"荣盛石化","002493","2026-07-15","2026年半年度业绩预告","https://static.cninfo.com.cn/finalpage/2026-07-15/1225423647.PDF"
"三柏硕","001300","2026-07-15","2026年半年度业绩预告","https://static.cninfo.com.cn/finalpage/2026-07-15/1225423643.PDF"
"立新能源","001258","2026-07-15","新疆立新能源股份有限公司2026年半年度业绩预告","https://static.cninfo.com.cn/finalpage/2026-07-15/1225423642.PDF"
"博菲电气","001255","2026-07-15","浙江博菲电气股份有限公司2026年半年度业绩预告","https://static.cninfo.com.cn/finalpage/2026-07-15/1225423641.PDF"
"弘业期货","001236","2026-07-15","2026年半年度业绩预告","https://static.cninfo.com.cn/finalpage/2026-07-15/1225423640.PDF"
"万年青","000789","2026-07-15","江西万年青水泥股份有限公司2026年半年度业绩预告","https://static.cninfo.com.cn/finalpage/2026-07-15/1225423639.PDF"
"甘肃能化","000552","2026-07-15","2026年半年度业绩预增公告","https://static.cninfo.com.cn/finalpage/2026-07-15/1225423638.PDF"
"闽灿坤Ｂ","200512","2026-07-15","2026年半年度业绩预告","https://static.cninfo.com.cn/finalpage/2026-07-15/1225423634.PDF"
"新金路","000510","2026-07-15","2026年半年度业绩预告","https://static.cninfo.com.cn/finalpage/2026-07-15/1225423633.PDF"
"金 融 街","000402","2026-07-15","公司2026年半年度业绩预告","https://static.cninfo.com.cn/finalpage/2026-07-15/1225423632.PDF"
"大悦城","000031","2026-07-15","2026年半年度业绩预告","https://static.cninfo.com.cn/finalpage/2026-07-15/1225423629.PDF"
"沙河股份","000014","2026-07-15","2026年半年度业绩预告","https://static.cninfo.com.cn/finalpage/2026-07-15/1225423628.PDF"
"南  玻Ａ","000012","2026-07-15","2026年半年度业绩预告","https://static.cninfo.com.cn/finalpage/2026-07-15/1225423627.PDF"
"五 粮 液","000858","2026-07-15","2026年半年度业绩预告","https://static.cninfo.com.cn/finalpage/2026-07-15/1225423626.PDF"
"天康生物","002100","2026-07-15","2026年半年度业绩预告","https://static.cninfo.com.cn/finalpage/2026-07-15/1225423625.PDF"
"神州高铁","000008","2026-07-15","2026年半年度业绩预告","https://static.cninfo.com.cn/finalpage/2026-07-15/1225423620.PDF"
"夏厦精密","001306","2026-07-15","2026年半年度业绩预告","https://static.cninfo.com.cn/finalpage/2026-07-15/1225423619.PDF"
"巨轮智能","002031","2026-07-15","2026年半年度业绩预告","https://static.cninfo.com.cn/finalpage/2026-07-15/1225423618.PDF"
"粤桂股份","000833","2026-07-15","广西粤桂广业控股股份有限公司2026年半年度业绩预告","https://static.cninfo.com.cn/finalpage/2026-07-15/1225423617.PDF"
"冠捷科技","000727","2026-07-15","2026年半年度业绩预告","https://static.cninfo.com.cn/finalpage/2026-07-15/1225423616.PDF"
"金浦钛业","000545","2026-07-15","2026年半年度业绩预告","https://static.cninfo.com.cn/finalpage/2026-07-15/1225423615.PDF"
"海源复材","002529","2026-07-15","2026年半年度业绩预告","https://static.cninfo.com.cn/finalpage/2026-07-15/1225423614.PDF"
"中简科技","300777","2026-07-15","2026年半年度业绩预告","https://static.cninfo.com.cn/finalpage/2026-07-15/1225423613.PDF"
"*ST大立","002214","2026-07-15","浙江大立科技股份有限公司2026年半年度业绩预告","https://static.cninfo.com.cn/finalpage/2026-07-15/1225423572.PDF"
"中广核技","000881","2026-07-15","2026年半年度业绩预告","https://static.cninfo.com.cn/finalpage/2026-07-15/1225423571.PDF"
"中捷资源","002021","2026-07-15","2026年半年度业绩预告","https://static.cninfo.com.cn/finalpage/2026-07-15/1225423569.PDF"
"小崧股份","002723","2026-07-15","2026年半年度业绩预告","https://static.cninfo.com.cn/finalpage/2026-07-15/1225423565.PDF"
"深天马Ａ","000050","2026-07-15","2026年半年度业绩预告","https://static.cninfo.com.cn/finalpage/2026-07-15/1225423564.PDF"
"雪祺电气","001387","2026-07-15","2026年半年度业绩预告","https://static.cninfo.com.cn/finalpage/2026-07-15/1225423563.PDF"
"*ST广糖","000911","2026-07-15","广西农投糖业集团股份有限公司2026年半年度业绩预告","https://static.cninfo.com.cn/finalpage/2026-07-15/1225423562.PDF"
"维信诺","002387","2026-07-15","2026年半年度业绩预告","https://static.cninfo.com.cn/finalpage/2026-07-15/1225423561.PDF"
"金溢科技","002869","2026-07-15","2026年半年度业绩预告","https://static.cninfo.com.cn/finalpage/2026-07-15/1225423524.PDF"
"钧达股份","002865","2026-07-15","2026年半年度业绩预告","https://static.cninfo.com.cn/finalpage/2026-07-15/1225423523.PDF"
"中天火箭","003009","2026-07-15","陕西中天火箭技术股份有限公司2026年半年度业绩预告","https://static.cninfo.com.cn/finalpage/2026-07-15/1225423522.PDF"
"ST金顶","600678","2026-07-15","四川金顶（集团）股份有限公司2026年半年度业绩预告","https://static.cninfo.com.cn/finalpage/2026-07-15/1225423510.PDF"
"重庆建工","600939","2026-07-15","重庆建工2026年半年度业绩预告","https://static.cninfo.com.cn/finalpage/2026-07-15/1225423507.PDF"
"克明食品","002661","2026-07-15","陈克明食品股份有限公司2026年半年度业绩预告","https://static.cninfo.com.cn/finalpage/2026-07-15/1225423492.PDF"
"华纺股份","600448","2026-07-15","华纺股份：2026年半年度业绩预亏公告","https://static.cninfo.com.cn/finalpage/2026-07-15/1225423490.PDF"
"来伊份","603777","2026-07-15","2026年半年度业绩预亏公告","https://static.cninfo.com.cn/finalpage/2026-07-15/1225423488.PDF"
"爱建集团","600643","2026-07-15","爱建集团2026年半年度业绩预告公告","https://static.cninfo.com.cn/finalpage/2026-07-15/1225423483.PDF"
"掌阅科技","603533","2026-07-15","掌阅科技股份有限公司2026年半年度业绩预告","https://static.cninfo.com.cn/finalpage/2026-07-15/1225423482.PDF"
"上海临港","600848","2026-07-15","2026年半年度业绩预告","https://static.cninfo.com.cn/finalpage/2026-07-15/1225423480.PDF"
"厦工股份","600815","2026-07-15","厦工股份2026年半年度业绩预告","https://static.cninfo.com.cn/finalpage/2026-07-15/1225423475.PDF"
"松炀资源","603863","2026-07-15","广东松炀再生资源股份有限公司2026年半年度业绩预告","https://static.cninfo.com.cn/finalpage/2026-07-15/1225423474.PDF"
"中贝通信","603220","2026-07-15","2026年半年度业绩预告","https://static.cninfo.com.cn/finalpage/2026-07-15/1225423462.PDF"
"长江通信","600345","2026-07-15","长江通信2026年半年度业绩预告","https://static.cninfo.com.cn/finalpage/2026-07-15/1225423460.PDF"
"华立股份","603038","2026-07-15","2026年半年度业绩预增公告","https://static.cninfo.com.cn/finalpage/2026-07-15/1225423459.PDF"
"京城股份","600860","2026-07-15","京城股份2026年半年度业绩预亏的公告","https://static.cninfo.com.cn/finalpage/2026-07-15/1225423455.PDF"
"威奥股份","605001","2026-07-15","威奥股份2026年半年度业绩预亏公告","https://static.cninfo.com.cn/finalpage/2026-07-15/1225423453.PDF"
"伊泰Ｂ股","900948","2026-07-15","内蒙古伊泰煤炭股份有限公司2026年半年度业绩预增公告","https://static.cninfo.com.cn/finalpage/2026-07-15/1225423452.PDF"
"沪光股份","605333","2026-07-15","2026年半年度业绩预告","https://static.cninfo.com.cn/finalpage/2026-07-15/1225423442.PDF"
"天佑德酒","002646","2026-07-15","青海互助天佑德青稞酒股份有限公司2026年半年度业绩预告","https://static.cninfo.com.cn/finalpage/2026-07-15/1225423433.PDF"
"奥普光电","002338","2026-07-15","2026年半年度业绩预告","https://static.cninfo.com.cn/finalpage/2026-07-15/1225423432.PDF"
"中国宝安","000009","2026-07-15","2026年半年度业绩预告","https://static.cninfo.com.cn/finalpage/2026-07-15/1225423431.PDF"
"广电网络","600831","2026-07-15","2026年半年度业绩预告","https://static.cninfo.com.cn/finalpage/2026-07-15/1225423430.PDF"
"赤峰黄金","600988","2026-07-15","赤峰黄金2026年半年度业绩预增公告","https://static.cninfo.com.cn/finalpage/2026-07-15/1225423426.PDF"
"黑牡丹","600510","2026-07-15","2026年半年度业绩预告","https://static.cninfo.com.cn/finalpage/2026-07-15/1225423424.PDF"
"通威股份","600438","2026-07-15","通威股份有限公司2026年半年度业绩预告","https://static.cninfo.com.cn/finalpage/2026-07-15/1225423423.PDF"
"西藏天路","600326","2026-07-15","西藏天路2026年半年度业绩预告","https://static.cninfo.com.cn/finalpage/2026-07-15/1225423421.PDF"
"合盛硅业","603260","2026-07-15","合盛硅业2026年半年度业绩预告","https://static.cninfo.com.cn/finalpage/2026-07-15/1225423420.PDF"
"金种子酒","600199","2026-07-15","2026年半年度业绩预亏公告","https://static.cninfo.com.cn/finalpage/2026-07-15/1225423418.PDF"
"天马科技","603668","2026-07-15","天马科技2026年半年度业绩预告","https://static.cninfo.com.cn/finalpage/2026-07-15/1225423414.PDF"
"中体产业","600158","2026-07-15","中体产业集团股份有限公司2026年半年度业绩预亏公告","https://static.cninfo.com.cn/finalpage/2026-07-15/1225423395.PDF"
"曲美家居","603818","2026-07-15","2026年半年度业绩预告","https://static.cninfo.com.cn/finalpage/2026-07-15/1225423394.PDF"
"韩建河山","603616","2026-07-15","关于2026年半年度业绩预亏的公告","https://static.cninfo.com.cn/finalpage/2026-07-15/1225423393.PDF"
"顺景科技","603007","2026-07-15","2026年半年度业绩预告","https://static.cninfo.com.cn/finalpage/2026-07-15/1225423392.PDF"
"山东玻纤","605006","2026-07-15","山东玻纤集团股份有限公司2026年半年度业绩预增公告","https://static.cninfo.com.cn/finalpage/2026-07-15/1225423388.PDF"
"梅雁吉祥","600868","2026-07-15","广东梅雁吉祥水电股份有限公司 2026年半年度业绩预告","https://static.cninfo.com.cn/finalpage/2026-07-15/1225423382.PDF"
"赛福天","603028","2026-07-15","2026年半年度业绩预告","https://static.cninfo.com.cn/finalpage/2026-07-15/1225423379.PDF"
"华培动力","603121","2026-07-15","华培动力：2026年半年度业绩预亏公告","https://static.cninfo.com.cn/finalpage/2026-07-15/1225423377.PDF"
"科森科技","603626","2026-07-15","2026年半年度业绩预告","https://static.cninfo.com.cn/finalpage/2026-07-15/1225423376.PDF"
"华康股份","605077","2026-07-15","华康股份2026年半年度业绩预告","https://static.cninfo.com.cn/finalpage/2026-07-15/1225423373.PDF"
"郑州煤电","600121","2026-07-15","郑州煤电股份有限公司2026年半年度业绩预亏公告","https://static.cninfo.com.cn/finalpage/2026-07-15/1225423370.PDF"
"克来机电","603960","2026-07-15","克来机电2026年半年度业绩预亏公告","https://static.cninfo.com.cn/finalpage/2026-07-15/1225423363.PDF"
"剑桥科技","603083","2026-07-15","2026年半年度业绩预增公告","https://static.cninfo.com.cn/finalpage/2026-07-15/1225423359.PDF"
"鑫源智造","600615","2026-07-15","重庆鑫源智造科技股份有限公司2026年半年度业绩预亏公告","https://static.cninfo.com.cn/finalpage/2026-07-15/1225423356.PDF"
"金石亚药","300434","2026-07-15","2026年半年度业绩预告","https://static.cninfo.com.cn/finalpage/2026-07-15/1225423350.PDF"
"同兴科技","003027","2026-07-15","2026年半年度业绩预告","https://static.cninfo.com.cn/finalpage/2026-07-15/1225423341.PDF"
"湖南发展","000722","2026-07-15","2026年半年度业绩预告","https://static.cninfo.com.cn/finalpage/2026-07-15/1225423340.PDF"
"派斯林","600215","2026-07-15","派斯林2026年半年度业绩预告","https://static.cninfo.com.cn/finalpage/2026-07-15/1225423320.PDF"
"轻纺城","600790","2026-07-15","轻纺城2026年半年度业绩预告","https://static.cninfo.com.cn/finalpage/2026-07-15/1225423317.PDF"
"祖名股份","003030","2026-07-15","祖名豆制品集团股份有限公司2026年半年度业绩预告","https://static.cninfo.com.cn/finalpage/2026-07-15/1225423315.PDF"
"公元股份","002641","2026-07-15","2026年半年度业绩预告","https://static.cninfo.com.cn/finalpage/2026-07-15/1225423314.PDF"
"*ST中岩","002542","2026-07-15","2026年半年度业绩预告","https://static.cninfo.com.cn/finalpage/2026-07-15/1225423313.PDF"
"箭牌家居","001322","2026-07-15","2026年半年度业绩预告","https://static.cninfo.com.cn/finalpage/2026-07-15/1225423310.PDF"
"爱仕达","002403","2026-07-15","爱仕达股份有限公司2026年半年度业绩预告","https://static.cninfo.com.cn/finalpage/2026-07-15/1225423308.PDF"
"山河智能","002097","2026-07-15","2026年半年度业绩预告","https://static.cninfo.com.cn/finalpage/2026-07-15/1225423307.PDF"
"江苏华辰","603097","2026-07-15","江苏华辰2026年半年度业绩预告","https://static.cninfo.com.cn/finalpage/2026-07-15/1225423305.PDF"
"福莱特","601865","2026-07-15","福莱特玻璃集团股份有限公司2026年半年度业绩预亏的公告","https://static.cninfo.com.cn/finalpage/2026-07-15/1225423304.PDF"
"光大嘉宝","600622","2026-07-15","光大嘉宝股份有限公司2026年半年度业绩预告","https://static.cninfo.com.cn/finalpage/2026-07-15/1225423300.PDF"
"益佰制药","600594","2026-07-15","贵州益佰制药股份有限公司2026年半年度业绩预告","https://static.cninfo.com.cn/finalpage/2026-07-15/1225423297.PDF"
"完美世界","002624","2026-07-15","2026年半年度业绩预告","https://static.cninfo.com.cn/finalpage/2026-07-15/1225423286.PDF"
"太钢不锈","000825","2026-07-15","2026年半年度业绩预告","https://static.cninfo.com.cn/finalpage/2026-07-15/1225423285.PDF"
"坚朗五金","002791","2026-07-15","2026年半年度业绩预告","https://static.cninfo.com.cn/finalpage/2026-07-15/1225423284.PDF"
"三和管桩","003037","2026-07-15","广东三和管桩股份有限公司2026年半年度业绩预告","https://static.cninfo.com.cn/finalpage/2026-07-15/1225423283.PDF"
"协鑫集成","002506","2026-07-15","2026年半年度业绩预告","https://static.cninfo.com.cn/finalpage/2026-07-15/1225423282.PDF"
"厦门港务","000905","2026-07-15","厦门港务发展股份有限公司2026年半年度业绩预告","https://static.cninfo.com.cn/finalpage/2026-07-15/1225423280.PDF"
"安泰集团","600408","2026-07-15","安泰集团2026年半年度业绩预亏公告","https://static.cninfo.com.cn/finalpage/2026-07-15/1225423279.PDF"
"航天机电","600151","2026-07-15","2026年半年度业绩预亏公告","https://static.cninfo.com.cn/finalpage/2026-07-15/1225423278.PDF"
"天成自控","603085","2026-07-15","天成自控2026年半年度业绩预增公告","https://static.cninfo.com.cn/finalpage/2026-07-15/1225423275.PDF"
"国芳集团","601086","2026-07-15","国芳集团：2026年半年度业绩预告","https://static.cninfo.com.cn/finalpage/2026-07-15/1225423274.PDF"
"开开实业","600272","2026-07-15","2026年半年度业绩预增公告","https://static.cninfo.com.cn/finalpage/2026-07-15/1225423272.PDF"
"英威腾","002334","2026-07-15","2026年半年度业绩预告","https://static.cninfo.com.cn/finalpage/2026-07-15/1225423270.PDF"
"路畅科技","002813","2026-07-15","2026年半年度业绩预告","https://static.cninfo.com.cn/finalpage/2026-07-15/1225423269.PDF"
"安洁科技","002635","2026-07-15","2026年半年度业绩预告","https://static.cninfo.com.cn/finalpage/2026-07-15/1225423268.PDF"
"信隆健康","002105","2026-07-15","2026年半年度业绩预告","https://static.cninfo.com.cn/finalpage/2026-07-15/1225423267.PDF"
"凯撒文化","002425","2026-07-15","凯撒（中国）文化股份有限公司2026年半年度业绩预告","https://static.cninfo.com.cn/finalpage/2026-07-15/1225423266.PDF"
"东山精密","002384","2026-07-15","2026年半年度业绩预告","https://static.cninfo.com.cn/finalpage/2026-07-15/1225423264.PDF"
"尚荣医疗","002551","2026-07-15","2026年半年度业绩预告","https://static.cninfo.com.cn/finalpage/2026-07-15/1225423263.PDF"
"世嘉科技","002796","2026-07-15","2026年半年度业绩预告","https://static.cninfo.com.cn/finalpage/2026-07-15/1225423262.PDF"
"道恩股份","002838","2026-07-15","2026年半年度业绩预告","https://static.cninfo.com.cn/finalpage/2026-07-15/1225423261.PDF"
"美锦能源","000723","2026-07-15","2026年半年度业绩预告","https://static.cninfo.com.cn/finalpage/2026-07-15/1225423260.PDF"
"*ST冀凯","002691","2026-07-15","2026年半年度业绩预告","https://static.cninfo.com.cn/finalpage/2026-07-15/1225423259.PDF"
"光迅科技","002281","2026-07-15","武汉光迅科技股份有限公司2026年半年度业绩预告","https://static.cninfo.com.cn/finalpage/2026-07-15/1225423258.PDF"
"闽东电力","000993","2026-07-15","2026年半年度业绩预告","https://static.cninfo.com.cn/finalpage/2026-07-15/1225423257.PDF"
"宁波东力","002164","2026-07-15","2026年半年度业绩预告","https://static.cninfo.com.cn/finalpage/2026-07-15/1225423256.PDF"
"三维股份","603033","2026-07-15","三维控股集团股份有限公司2026年半年度业绩预告","https://static.cninfo.com.cn/finalpage/2026-07-15/1225423255.PDF"
"可川科技","603052","2026-07-15","2026年半年度业绩预亏公告","https://static.cninfo.com.cn/finalpage/2026-07-15/1225423254.PDF"
"芯能科技","603105","2026-07-15","浙江芯能光伏科技股份有限公司2026年半年度业绩预告","https://static.cninfo.com.cn/finalpage/2026-07-15/1225423253.PDF"
"电科芯片","600877","2026-07-15","中电科芯片技术股份有限公司2026年半年度业绩预告","https://static.cninfo.com.cn/finalpage/2026-07-15/1225423251.PDF"
"麦迪科技","603990","2026-07-15","麦迪科技2026年半年度业绩预告","https://static.cninfo.com.cn/finalpage/2026-07-15/1225423250.PDF"
"市北高新","600604","2026-07-15","市北高新2026年半年度业绩预亏公告","https://static.cninfo.com.cn/finalpage/2026-07-15/1225423249.PDF"
"北巴传媒","600386","2026-07-15","北京巴士传媒股份有限公司2026年半年度业绩预亏公告","https://static.cninfo.com.cn/finalpage/2026-07-15/1225423248.PDF"
"七一二","603712","2026-07-15","天津七一二通信广播股份有限公司2026年半年度业绩预告","https://static.cninfo.com.cn/finalpage/2026-07-15/1225423246.PDF"
"*ST联翔","603272","2026-07-15","2026年半年度业绩预告","https://static.cninfo.com.cn/finalpage/2026-07-15/1225423244.PDF"
"*ST东易","002713","2026-07-15","2026年半年度业绩预告","https://static.cninfo.com.cn/finalpage/2026-07-15/1225423238.PDF"
"赣锋锂业","002460","2026-07-15","2026年半年度业绩预告","https://static.cninfo.com.cn/finalpage/2026-07-15/1225423237.PDF"
"仁智股份","002629","2026-07-15","2026年半年度业绩预告","https://static.cninfo.com.cn/finalpage/2026-07-15/1225423236.PDF"
"香山股份","002870","2026-07-15","2026年半年度业绩预告","https://static.cninfo.com.cn/finalpage/2026-07-15/1225423235.PDF"
"宝明科技","002992","2026-07-15","2026年半年度业绩预告","https://static.cninfo.com.cn/finalpage/2026-07-15/1225423234.PDF"
"木林森","002745","2026-07-15","2026年半年度业绩预告","https://static.cninfo.com.cn/finalpage/2026-07-15/1225423233.PDF"
"燕塘乳业","002732","2026-07-15","2026年半年度业绩预告","https://static.cninfo.com.cn/finalpage/2026-07-15/1225423232.PDF"
"蓝帆医疗","002382","2026-07-15","2026年半年度业绩预告","https://static.cninfo.com.cn/finalpage/2026-07-15/1225423231.PDF"
"三维化学","002469","2026-07-15","2026年半年度业绩预告","https://static.cninfo.com.cn/finalpage/2026-07-15/1225423230.PDF"
"长源电力","000966","2026-07-15","2026年半年度业绩预告","https://static.cninfo.com.cn/finalpage/2026-07-15/1225423229.PDF"
"ST云动","000903","2026-07-15","2026年半年度业绩预告","https://static.cninfo.com.cn/finalpage/2026-07-15/1225423228.PDF"
"梦网科技","002123","2026-07-15","2026年半年度业绩预告","https://static.cninfo.com.cn/finalpage/2026-07-15/1225423227.PDF"
"广济药业","000952","2026-07-15","湖北广济药业股份有限公司2026年半年度业绩预告","https://static.cninfo.com.cn/finalpage/2026-07-15/1225423226.PDF"
"章源钨业","002378","2026-07-15","2026年半年度业绩预告","https://static.cninfo.com.cn/finalpage/2026-07-15/1225423225.PDF"
"长飞光纤","601869","2026-07-15","长飞光纤光缆股份有限公司2026年半年度业绩预增公告","https://static.cninfo.com.cn/finalpage/2026-07-15/1225423222.PDF"
"第一医药","600833","2026-07-15","上海第一医药股份有限公司2026年半年度业绩预告","https://static.cninfo.com.cn/finalpage/2026-07-15/1225423221.PDF"
"天下秀","600556","2026-07-15","天下秀数字科技（集团）股份有限公司2026年半年度业绩预告","https://static.cninfo.com.cn/finalpage/2026-07-15/1225423219.PDF"
"格尔软件","603232","2026-07-15","格尔软件股份有限公司2026年半年度业绩预亏公告","https://static.cninfo.com.cn/finalpage/2026-07-15/1225423216.PDF"
"迪生力","603335","2026-07-15","迪生力2026年半年度业绩预告","https://static.cninfo.com.cn/finalpage/2026-07-15/1225423215.PDF"
"曙光股份","600303","2026-07-15","曙光股份2026年半年度业绩预告","https://static.cninfo.com.cn/finalpage/2026-07-15/1225423214.PDF"
"马钢股份","600808","2026-07-15","马鞍山钢铁股份有限公司2026年半年度业绩预告","https://static.cninfo.com.cn/finalpage/2026-07-15/1225423213.PDF"
"科华控股","603161","2026-07-15","科华控股股份有限公司2026年半年度业绩预告","https://static.cninfo.com.cn/finalpage/2026-07-15/1225423212.PDF"
"香飘飘","603711","2026-07-15","香飘飘2026年半年度业绩预告","https://static.cninfo.com.cn/finalpage/2026-07-15/1225423211.PDF"
"冀衡医药","002742","2026-07-15","2026年半年度业绩预告","https://static.cninfo.com.cn/finalpage/2026-07-15/1225423199.PDF"
"津滨发展","000897","2026-07-15","津滨发展2026年半年度业绩预告","https://static.cninfo.com.cn/finalpage/2026-07-15/1225423197.PDF"
"德尔未来","002631","2026-07-15","2026年半年度业绩预告","https://static.cninfo.com.cn/finalpage/2026-07-15/1225423196.PDF"
"永安药业","002365","2026-07-15","2026年半年度业绩预告","https://static.cninfo.com.cn/finalpage/2026-07-15/1225423195.PDF"
"鹏飞绿能","002356","2026-07-15","2026年半年度业绩预告","https://static.cninfo.com.cn/finalpage/2026-07-15/1225423194.PDF"
"证通电子","002197","2026-07-15","2026年半年度业绩预告","https://static.cninfo.com.cn/finalpage/2026-07-15/1225423193.PDF"
"通富微电","002156","2026-07-15","2026年半年度业绩预告","https://static.cninfo.com.cn/finalpage/2026-07-15/1225423192.PDF"
"德豪润达","002005","2026-07-15","安徽德豪润达电气股份有限公司2026年半年度业绩预告","https://static.cninfo.com.cn/finalpage/2026-07-15/1225423191.PDF"
"翔腾新材","001373","2026-07-15","2026年半年度业绩预告","https://static.cninfo.com.cn/finalpage/2026-07-15/1225423190.PDF"
"播恩集团","001366","2026-07-15","2026年半年度业绩预告","https://static.cninfo.com.cn/finalpage/2026-07-15/1225423189.PDF"
"吉林敖东","000623","2026-07-15","2026年半年度业绩预告","https://static.cninfo.com.cn/finalpage/2026-07-15/1225423188.PDF"
"滨海能源","000695","2026-07-15","2026年半年度业绩预告","https://static.cninfo.com.cn/finalpage/2026-07-15/1225423186.PDF"
"科华生物","002022","2026-07-15","2026年半年度业绩预告","https://static.cninfo.com.cn/finalpage/2026-07-15/1225423184.PDF"
"中通客车","000957","2026-07-15","2026年半年度业绩预告","https://static.cninfo.com.cn/finalpage/2026-07-15/1225423182.PDF"
"宏昌电子","603002","2026-07-15","宏昌电子2026年半年度业绩预增公告","https://static.cninfo.com.cn/finalpage/2026-07-15/1225423178.PDF"
"吉比特","603444","2026-07-15","厦门吉比特网络技术股份有限公司2026年半年度业绩预增公告","https://static.cninfo.com.cn/finalpage/2026-07-15/1225423176.PDF"
"良品铺子","603719","2026-07-15","良品铺子2026年半年度业绩预告","https://static.cninfo.com.cn/finalpage/2026-07-15/1225423171.PDF"
"展鹏科技","603488","2026-07-15","展鹏科技股份有限公司2026年半年度业绩预告","https://static.cninfo.com.cn/finalpage/2026-07-15/1225423169.PDF"
"西昌电力","600505","2026-07-15","2026年半年度业绩预告","https://static.cninfo.com.cn/finalpage/2026-07-15/1225423166.PDF"
"神通科技","605228","2026-07-15","2026年半年度业绩预告","https://static.cninfo.com.cn/finalpage/2026-07-15/1225423162.PDF"
"民丰特纸","600235","2026-07-15","民丰特纸2026年半年度业绩预告","https://static.cninfo.com.cn/finalpage/2026-07-15/1225423160.PDF"
"和顺石油","603353","2026-07-15","和顺石油2026年半年度业绩预告","https://static.cninfo.com.cn/finalpage/2026-07-15/1225423159.PDF"
"宏柏新材","605366","2026-07-15","江西宏柏新材料股份有限公司2026年半年度业绩预告","https://static.cninfo.com.cn/finalpage/2026-07-15/1225423158.PDF"
"国发股份","600538","2026-07-15","2026年半年度业绩预亏公告","https://static.cninfo.com.cn/finalpage/2026-07-15/1225423156.PDF"
"华懋科技","603306","2026-07-15","华懋科技2026年半年度业绩预告","https://static.cninfo.com.cn/finalpage/2026-07-15/1225423125.PDF"
"银都股份","603277","2026-07-15","银都餐饮设备股份有限公司2026年半年度业绩预告","https://static.cninfo.com.cn/finalpage/2026-07-15/1225423124.PDF"
"绿城水务","601368","2026-07-15","广西绿城水务集团股份有限公司2026年半年度业绩预增公告","https://static.cninfo.com.cn/finalpage/2026-07-15/1225423123.PDF"
"惠发食品","603536","2026-07-15","惠发食品关于2026年半年度业绩预告的公告","https://static.cninfo.com.cn/finalpage/2026-07-15/1225423122.PDF"
"浙文互联","600986","2026-07-15","浙文互联2026年半年度业绩预亏公告","https://static.cninfo.com.cn/finalpage/2026-07-15/1225423121.PDF"
"福建水泥","600802","2026-07-15","015-福建水泥2026年半年度业绩预亏公告","https://static.cninfo.com.cn/finalpage/2026-07-15/1225423119.PDF"
"福日电子","600203","2026-07-15","福建福日电子股份有限公司2026年半年度业绩预告","https://static.cninfo.com.cn/finalpage/2026-07-15/1225423118.PDF"
"士兰微","600460","2026-07-15","杭州士兰微电子股份有限公司2026年半年度业绩预告","https://static.cninfo.com.cn/finalpage/2026-07-15/1225423117.PDF"
"万控智造","603070","2026-07-15","万控智造：2026年半年度业绩预亏公告","https://static.cninfo.com.cn/finalpage/2026-07-15/1225423115.PDF"
"天保基建","000965","2026-07-15","2026年半年度业绩预告","https://static.cninfo.com.cn/finalpage/2026-07-15/1225423114.PDF"
"法尔胜","000890","2026-07-15","2026年半年度业绩预告","https://static.cninfo.com.cn/finalpage/2026-07-15/1225423113.PDF"
"华天酒店","000428","2026-07-15","2026年半年度业绩预告","https://static.cninfo.com.cn/finalpage/2026-07-15/1225423111.PDF"
"沈阳机床","000410","2026-07-15","沈阳机床股份有限公司2026年半年度业绩预告","https://static.cninfo.com.cn/finalpage/2026-07-15/1225423110.PDF"
"中晶科技","003026","2026-07-15","2026年半年度业绩预告","https://static.cninfo.com.cn/finalpage/2026-07-15/1225423097.PDF"
"双成药业","002693","2026-07-15","海南双成药业股份有限公司2026年半年度业绩预告","https://static.cninfo.com.cn/finalpage/2026-07-15/1225423096.PDF"
"东瑞股份","001201","2026-07-15","2026年半年度业绩预告","https://static.cninfo.com.cn/finalpage/2026-07-15/1225423095.PDF"
"合百集团","000417","2026-07-15","2026年半年度业绩预告","https://static.cninfo.com.cn/finalpage/2026-07-15/1225423094.PDF"
"民和股份","002234","2026-07-15","2026年半年度业绩预告","https://static.cninfo.com.cn/finalpage/2026-07-15/1225423093.PDF"
"新筑股份","002480","2026-07-15","2026年半年度业绩预告","https://static.cninfo.com.cn/finalpage/2026-07-15/1225423092.PDF"
"国机精工","002046","2026-07-15","国机精工集团股份有限公司2026年半年度业绩预告","https://static.cninfo.com.cn/finalpage/2026-07-15/1225423091.PDF"
"雷科防务","002413","2026-07-15","2026年半年度业绩预告","https://static.cninfo.com.cn/finalpage/2026-07-15/1225423090.PDF"
"大位科技","600589","2026-07-15","2026年半年度业绩预告","https://static.cninfo.com.cn/finalpage/2026-07-15/1225423089.PDF"
"东亚药业","605177","2026-07-15","东亚药业2026年半年度业绩预告","https://static.cninfo.com.cn/finalpage/2026-07-15/1225423087.PDF"
"宁波海运","600798","2026-07-15","宁波海运股份有限公司2026年半年度业绩预告","https://static.cninfo.com.cn/finalpage/2026-07-15/1225423086.PDF"
"三祥新材","603663","2026-07-15","三祥新材股份有限公司2026年半年度业绩预增公告","https://static.cninfo.com.cn/finalpage/2026-07-15/1225423085.PDF"
"南卫股份","603880","2026-07-15","南卫股份2026年半年度业绩预告","https://static.cninfo.com.cn/finalpage/2026-07-15/1225423083.PDF"
"用友网络","600588","2026-07-15","用友网络2026年半年度业绩预告","https://static.cninfo.com.cn/finalpage/2026-07-15/1225423076.PDF"
"*ST景谷","600265","2026-07-15","2026年半年度业绩预告","https://static.cninfo.com.cn/finalpage/2026-07-15/1225423075.PDF"
"*ST东珠","603359","2026-07-15","东珠生态环保股份有限公司2026年半年度业绩预告公告","https://static.cninfo.com.cn/finalpage/2026-07-15/1225423074.PDF"
"泉峰汽车","603982","2026-07-15","2026年半年度业绩预告","https://static.cninfo.com.cn/finalpage/2026-07-15/1225423071.PDF"
"北方稀土","600111","2026-07-15","北方稀土2026年半年度业绩预增公告","https://static.cninfo.com.cn/finalpage/2026-07-15/1225423069.PDF"
"凯迪股份","605288","2026-07-15","常州市凯迪电器股份有限公司2026年半年度业绩预亏公告","https://static.cninfo.com.cn/finalpage/2026-07-15/1225423063.PDF"
"瑞斯康达","603803","2026-07-15","公司2026年半年度业绩预告","https://static.cninfo.com.cn/finalpage/2026-07-15/1225423062.PDF"
"兴业证券","601377","2026-07-15","兴业证券2026年半年度业绩预增公告","https://static.cninfo.com.cn/finalpage/2026-07-15/1225423061.PDF"
"津投城开","600322","2026-07-15","津投城开2026年半年度业绩预告","https://static.cninfo.com.cn/finalpage/2026-07-15/1225423059.PDF"
"永杉锂业","603399","2026-07-15","永杉锂业2026年半年度业绩预告","https://static.cninfo.com.cn/finalpage/2026-07-15/1225423058.PDF"
"万泰生物","603392","2026-07-15","万泰生物2026年半年度业绩预亏公告","https://static.cninfo.com.cn/finalpage/2026-07-15/1225423056.PDF"
"京运通","601908","2026-07-15","2026年半年度业绩预告","https://static.cninfo.com.cn/finalpage/2026-07-15/1225423055.PDF"
"康欣新材","600076","2026-07-15","2026年半年度业绩预告","https://static.cninfo.com.cn/finalpage/2026-07-15/1225423049.PDF"
"鼎胜新材","603876","2026-07-15","江苏鼎胜新能源材料股份有限公司2026年半年度业绩预增公告","https://static.cninfo.com.cn/finalpage/2026-07-15/1225423048.PDF"
"上海港湾","605598","2026-07-15","2026年半年度业绩预告","https://static.cninfo.com.cn/finalpage/2026-07-15/1225423047.PDF"
"怡球资源","601388","2026-07-15","关于公司2026年半年度业绩预增公告","https://static.cninfo.com.cn/finalpage/2026-07-15/1225423045.PDF"
"栖霞建设","600533","2026-07-15","栖霞建设2026年半年度业绩预亏公告","https://static.cninfo.com.cn/finalpage/2026-07-15/1225423044.PDF"
"联诚精密","002921","2026-07-15","2026年半年度业绩预告","https://static.cninfo.com.cn/finalpage/2026-07-15/1225423042.PDF"
"*ST中迪","000609","2026-07-15","北京中迪投资股份有限公司2026年半年度业绩预告","https://static.cninfo.com.cn/finalpage/2026-07-15/1225423041.PDF"
"永达股份","001239","2026-07-15","湘潭永达机械制造股份有限公司2026年半年度业绩预告","https://static.cninfo.com.cn/finalpage/2026-07-15/1225423033.PDF"
"中南股份","000717","2026-07-15","2026年半年度业绩预告的公告","https://static.cninfo.com.cn/finalpage/2026-07-15/1225423032.PDF"
"华西证券","002926","2026-07-15","2026年半年度业绩预告","https://static.cninfo.com.cn/finalpage/2026-07-15/1225423031.PDF"
"ST能特","002102","2026-07-15","2026年半年度业绩预告","https://static.cninfo.com.cn/finalpage/2026-07-15/1225423030.PDF"
"银宝山新","002786","2026-07-15","2026年半年度业绩预告","https://static.cninfo.com.cn/finalpage/2026-07-15/1225423029.PDF"
"珠江钢琴","002678","2026-07-15","2026年半年度业绩预告","https://static.cninfo.com.cn/finalpage/2026-07-15/1225423028.PDF"
"信通电子","001388","2026-07-15","2026年半年度业绩预告","https://static.cninfo.com.cn/finalpage/2026-07-15/1225423026.PDF"
"桐昆股份","601233","2026-07-15","桐昆集团股份有限公司2026年半年度业绩预增公告","https://static.cninfo.com.cn/finalpage/2026-07-15/1225423025.PDF"
"奇精机械","603677","2026-07-15","2026年半年度业绩预告","https://static.cninfo.com.cn/finalpage/2026-07-15/1225423024.PDF"
"继峰股份","603997","2026-07-11","继峰股份关于同步披露控股子公司格拉默2026年半年度业绩预增的提示性公告","https://static.cninfo.com.cn/finalpage/2026-07-11/1225419169.PDF"
"合锻智能","603011","2026-07-15","合肥合锻智能制造股份有限公司2026年半年度业绩预告","https://static.cninfo.com.cn/finalpage/2026-07-15/1225423022.PDF"
"海量数据","603138","2026-07-15","海量数据2026年半年度业绩预亏公告","https://static.cninfo.com.cn/finalpage/2026-07-15/1225423021.PDF"
"ST云城","600239","2026-07-15","云南城投置业股份有限公司2026年半年度业绩预告","https://static.cninfo.com.cn/finalpage/2026-07-15/1225423020.PDF"
"联环药业","600513","2026-07-15","联环药业2026年半年度业绩预告","https://static.cninfo.com.cn/finalpage/2026-07-15/1225423019.PDF"
"山西焦化","600740","2026-07-15","山西焦化股份有限公司2026年半年度业绩预告公告","https://static.cninfo.com.cn/finalpage/2026-07-15/1225423018.PDF"
"德新科技","603032","2026-07-15","德力西新能源科技股份有限公司2026年半年度业绩预告","https://static.cninfo.com.cn/finalpage/2026-07-15/1225423017.PDF"
"苏州高新","600736","2026-07-15","苏州高新2026年半年度业绩预增公告","https://static.cninfo.com.cn/finalpage/2026-07-15/1225423016.PDF"
"ST喜临门","603008","2026-07-15","喜临门健康睡眠科技股份公司2026年半年度业绩预告","https://static.cninfo.com.cn/finalpage/2026-07-15/1225423011.PDF"
"多伦科技","603528","2026-07-15","多伦科技2026年半年度业绩预告公告","https://static.cninfo.com.cn/finalpage/2026-07-15/1225423009.PDF"
"斯达半导","603290","2026-07-15","2026年半年度业绩预告","https://static.cninfo.com.cn/finalpage/2026-07-15/1225423008.PDF"
"浙能电力","600023","2026-07-15","2026年半年度业绩预告","https://static.cninfo.com.cn/finalpage/2026-07-15/1225423007.PDF"
"交大昂立","600530","2026-07-15","2026年半年度业绩预亏公告","https://static.cninfo.com.cn/finalpage/2026-07-15/1225423006.PDF"
"比依股份","603215","2026-07-15","浙江比依电器股份有限公司关于2026年半年度业绩预亏的公告","https://static.cninfo.com.cn/finalpage/2026-07-15/1225422990.PDF"
"北投科技","600936","2026-07-15","北投科技2026年半年度业绩预告","https://static.cninfo.com.cn/finalpage/2026-07-15/1225422988.PDF"
"正裕工业","603089","2026-07-15","2026年半年度业绩预告","https://static.cninfo.com.cn/finalpage/2026-07-15/1225422986.PDF"
"中国电影","600977","2026-07-15","中国电影2026年半年度业绩预告","https://static.cninfo.com.cn/finalpage/2026-07-15/1225422984.PDF"
"盛洋科技","603703","2026-07-15","盛洋科技2026年半年度业绩预告","https://static.cninfo.com.cn/finalpage/2026-07-15/1225422983.PDF"
"香江控股","600162","2026-07-15","香江控股2026年半年度业绩预亏公告","https://static.cninfo.com.cn/finalpage/2026-07-15/1225422982.PDF"
"永冠新材","603681","2026-07-15","上海永冠众诚新材料科技（集团）股份有限公司2026年半年度业绩预告","https://static.cninfo.com.cn/finalpage/2026-07-15/1225422981.PDF"
"浙江新能","600032","2026-07-15","浙江新能2026年半年度业绩预告","https://static.cninfo.com.cn/finalpage/2026-07-15/1225422980.PDF"
"欧派家居","603833","2026-07-15","欧派家居2026年半年度业绩预告","https://static.cninfo.com.cn/finalpage/2026-07-15/1225422978.PDF"
"普利特","002324","2026-07-15","2026年半年度业绩预告","https://static.cninfo.com.cn/finalpage/2026-07-15/1225422977.PDF"
"明牌珠宝","002574","2026-07-15","2026年半年度业绩预告","https://static.cninfo.com.cn/finalpage/2026-07-15/1225422976.PDF"
"新 希 望","000876","2026-07-15","2026年半年度业绩预告","https://static.cninfo.com.cn/finalpage/2026-07-15/1225422975.PDF"
"三晖电气","002857","2026-07-15","2026年半年度业绩预告","https://static.cninfo.com.cn/finalpage/2026-07-15/1225422932.PDF"
"金发拉比","002762","2026-07-15","2026年半年度业绩预告","https://static.cninfo.com.cn/finalpage/2026-07-15/1225422931.PDF"
"中晟高科","002778","2026-07-15","2026年半年度业绩预告","https://static.cninfo.com.cn/finalpage/2026-07-15/1225422930.PDF"
"英联股份","002846","2026-07-15","2026年半年度业绩预告","https://static.cninfo.com.cn/finalpage/2026-07-15/1225422929.PDF"
"贝肯能源","002828","2026-07-15","2026年半年度业绩预告","https://static.cninfo.com.cn/finalpage/2026-07-15/1225422928.PDF"
"好利科技","002729","2026-07-15","2026年半年度业绩预告","https://static.cninfo.com.cn/finalpage/2026-07-15/1225422927.PDF"
"新宝股份","002705","2026-07-15","2026年半年度业绩预告","https://static.cninfo.com.cn/finalpage/2026-07-15/1225422926.PDF"
"亚太实业","000691","2026-07-15","2026年半年度业绩预告","https://static.cninfo.com.cn/finalpage/2026-07-15/1225422925.PDF"
"中超控股","002471","2026-07-15","2026年半年度业绩预告","https://static.cninfo.com.cn/finalpage/2026-07-15/1225422923.PDF"
"新兴装备","002933","2026-07-15","2026年半年度业绩预告","https://static.cninfo.com.cn/finalpage/2026-07-15/1225422922.PDF"
"天地在线","002995","2026-07-15","2026年半年度业绩预告","https://static.cninfo.com.cn/finalpage/2026-07-15/1225422921.PDF"
"山东海化","000822","2026-07-15","山东海化2026年半年度业绩预告","https://static.cninfo.com.cn/finalpage/2026-07-15/1225422920.PDF"
"宝武镁业","002182","2026-07-15","2026年半年度业绩预告","https://static.cninfo.com.cn/finalpage/2026-07-15/1225422919.PDF"
"ST京机","000821","2026-07-15","2026年半年度业绩预告","https://static.cninfo.com.cn/finalpage/2026-07-15/1225422918.PDF"
"亚钾国际","000893","2026-07-15","2026年半年度业绩预告","https://static.cninfo.com.cn/finalpage/2026-07-15/1225422917.PDF"
"ST金鸿","000669","2026-07-15","2026年半年度业绩预告","https://static.cninfo.com.cn/finalpage/2026-07-15/1225422916.PDF"
"宏和科技","603256","2026-07-15","宏和科技2026年半年度业绩预告","https://static.cninfo.com.cn/finalpage/2026-07-15/1225422915.PDF"
"宝泰隆","601011","2026-07-15","宝泰隆新材料股份有限公司2026年半年度业绩预亏公告","https://static.cninfo.com.cn/finalpage/2026-07-15/1225422914.PDF"
"金桥信息","603918","2026-07-15","2026年半年度业绩预告","https://static.cninfo.com.cn/finalpage/2026-07-15/1225422913.PDF"
"浙大网新","600797","2026-07-15","浙大网新科技股份有限公司2026年半年度业绩预告","https://static.cninfo.com.cn/finalpage/2026-07-15/1225422911.PDF"
"合力科技","603917","2026-07-15","合力科技：2026年半年度业绩预告","https://static.cninfo.com.cn/finalpage/2026-07-15/1225422910.PDF"
"信达地产","600657","2026-07-15","信达地产2026年半年度业绩预告","https://static.cninfo.com.cn/finalpage/2026-07-15/1225422905.PDF"
"明新旭腾","605068","2026-07-15","明新旭腾2026年半年度业绩预告","https://static.cninfo.com.cn/finalpage/2026-07-15/1225422904.PDF"
"*ST摩登","002656","2026-07-15","2026年半年度业绩预告","https://static.cninfo.com.cn/finalpage/2026-07-15/1225422896.PDF"
"南方精工","002553","2026-07-15","2026年半年度业绩预告","https://static.cninfo.com.cn/finalpage/2026-07-15/1225422895.PDF"
"*ST康佳A","000016","2026-07-15","2026年半年度业绩预告","https://static.cninfo.com.cn/finalpage/2026-07-15/1225422894.PDF"
"林州重机","002535","2026-07-15","2026年半年度业绩预告","https://static.cninfo.com.cn/finalpage/2026-07-15/1225422893.PDF"
"唐人神","002567","2026-07-15","2026年半年度业绩预告","https://static.cninfo.com.cn/finalpage/2026-07-15/1225422890.PDF"
"绿康生化","002868","2026-07-15","2026年半年度业绩预告","https://static.cninfo.com.cn/finalpage/2026-07-15/1225422888.PDF"
"ST雪发","002485","2026-07-15","2026年半年度业绩预告","https://static.cninfo.com.cn/finalpage/2026-07-15/1225422886.PDF"
"融发核电","002366","2026-07-15","2026年半年度业绩预告","https://static.cninfo.com.cn/finalpage/2026-07-15/1225422885.PDF"
"深圳机场","000089","2026-07-15","2026年半年度业绩预告","https://static.cninfo.com.cn/finalpage/2026-07-15/1225422884.PDF"
"川润股份","002272","2026-07-15","2026年半年度业绩预告","https://static.cninfo.com.cn/finalpage/2026-07-15/1225422883.PDF"
"方正电机","002196","2026-07-15","2026年半年度业绩预告","https://static.cninfo.com.cn/finalpage/2026-07-15/1225422882.PDF"
"ST如意","002193","2026-07-15","山东如意毛纺服装集团股份有限公司2026年半年度业绩预告","https://static.cninfo.com.cn/finalpage/2026-07-15/1225422881.PDF"
"钛能化学","002145","2026-07-15","2026年半年度业绩预告","https://static.cninfo.com.cn/finalpage/2026-07-15/1225422880.PDF"
"塞力医疗","603716","2026-07-15","2026年半年度业绩预亏公告","https://static.cninfo.com.cn/finalpage/2026-07-15/1225422876.PDF"
"冠石科技","605588","2026-07-15","2026年半年度业绩预告","https://static.cninfo.com.cn/finalpage/2026-07-15/1225422871.PDF"
"天地科技","600582","2026-07-15","天地科技2026年半年度业绩预告","https://static.cninfo.com.cn/finalpage/2026-07-15/1225422870.PDF"
"航天动力","600343","2026-07-15","航天动力2026年半年度业绩预亏公告","https://static.cninfo.com.cn/finalpage/2026-07-15/1225422869.PDF"
"达仁堂","600329","2026-07-15","达仁堂2026年半年度业绩预告","https://static.cninfo.com.cn/finalpage/2026-07-15/1225422864.PDF"
"电子城","600658","2026-07-15","电子城 2026年半年度业绩预亏公告","https://static.cninfo.com.cn/finalpage/2026-07-15/1225422861.PDF"
"南侨食品","605339","2026-07-15","南侨食品集团（上海）股份有限公司2026年半年度业绩预告","https://static.cninfo.com.cn/finalpage/2026-07-15/1225422860.PDF"
"长春燃气","600333","2026-07-15","长春燃气2026年半年度业绩预亏公告","https://static.cninfo.com.cn/finalpage/2026-07-15/1225422856.PDF"
"神农集团","605296","2026-07-15","云南神农农业产业集团股份有限公司2026年半年度业绩预告","https://static.cninfo.com.cn/finalpage/2026-07-15/1225422855.PDF"
"日盈电子","603286","2026-07-15","2026年半年度业绩预告","https://static.cninfo.com.cn/finalpage/2026-07-15/1225422854.PDF"
"伟时电子","605218","2026-07-15","伟时电子股份有限公司2026年半年度业绩预告","https://static.cninfo.com.cn/finalpage/2026-07-15/1225422850.PDF"
"利通电子","603629","2026-07-15","603629：利通电子2026年半年度业绩预增公告","https://static.cninfo.com.cn/finalpage/2026-07-15/1225422849.PDF"
"英利汽车","601279","2026-07-15","长春英利汽车工业股份有限公司2026年半年度业绩预告","https://static.cninfo.com.cn/finalpage/2026-07-15/1225422848.PDF"
"华体科技","603679","2026-07-15","四川华体照明科技股份有限公司2026年半年度业绩预亏公告","https://static.cninfo.com.cn/finalpage/2026-07-15/1225422845.PDF"
"同力天启","605286","2026-07-15","同力天启2026年半年度业绩预告公告","https://static.cninfo.com.cn/finalpage/2026-07-15/1225422844.PDF"
"益民集团","600824","2026-07-15","益民集团2026年半年度业绩预告","https://static.cninfo.com.cn/finalpage/2026-07-15/1225422842.PDF"
"威派格","603956","2026-07-15","威派格关于2026年半年度业绩预告","https://static.cninfo.com.cn/finalpage/2026-07-15/1225422841.PDF"
"大众交通","600611","2026-07-15","大众交通（集团）股份有限公司2026年半年度业绩预告","https://static.cninfo.com.cn/finalpage/2026-07-15/1225422840.PDF"
"徕木股份","603633","2026-07-15","徕木股份2026年半年度业绩预告","https://static.cninfo.com.cn/finalpage/2026-07-15/1225422837.PDF"
"大恒科技","600288","2026-07-15","大恒新纪元科技股份有限公司2026年半年度业绩预告","https://static.cninfo.com.cn/finalpage/2026-07-15/1225422836.PDF"
"禾丰股份","603609","2026-07-15","禾丰股份2026年半年度业绩预告","https://static.cninfo.com.cn/finalpage/2026-07-15/1225422835.PDF"
"华丽家族","600503","2026-07-15","华丽家族股份有限公司2026年半年度业绩预亏公告","https://static.cninfo.com.cn/finalpage/2026-07-15/1225422834.PDF"
"华升股份","600156","2026-07-15","华升股份2026年半年度业绩预亏公告","https://static.cninfo.com.cn/finalpage/2026-07-15/1225422833.PDF"
"苏州龙杰","603332","2026-07-15","2026年半年度业绩预增公告","https://static.cninfo.com.cn/finalpage/2026-07-15/1225422832.PDF"
"超颖电子","603175","2026-07-15","2026年半年度业绩预告","https://static.cninfo.com.cn/finalpage/2026-07-15/1225422831.PDF"
"醋化股份","603968","2026-07-15","2026年半年度业绩预告","https://static.cninfo.com.cn/finalpage/2026-07-15/1225422830.PDF"
"ST星农","603789","2026-07-15","ST星农2026年半年度业绩预亏公告","https://static.cninfo.com.cn/finalpage/2026-07-15/1225422829.PDF"
"中视传媒","600088","2026-07-15","中视传媒股份有限公司2026年半年度业绩预亏公告","https://static.cninfo.com.cn/finalpage/2026-07-15/1225422828.PDF"
"锦和商管","603682","2026-07-15","上海锦和商业经营管理（集团）股份有限公司2026年半年度业绩预告","https://static.cninfo.com.cn/finalpage/2026-07-15/1225422826.PDF"
"大港股份","002077","2026-07-15","2026年半年度业绩预告","https://static.cninfo.com.cn/finalpage/2026-07-15/1225422824.PDF"
"黑猫股份","002068","2026-07-15","2026年半年度业绩预告","https://static.cninfo.com.cn/finalpage/2026-07-15/1225422818.PDF"
"ST汇洲","002122","2026-07-15","2026年半年度业绩预告","https://static.cninfo.com.cn/finalpage/2026-07-15/1225422816.PDF"
"钱江摩托","000913","2026-07-15","2026年半年度业绩预告","https://static.cninfo.com.cn/finalpage/2026-07-15/1225422807.PDF"
"和展能源","000809","2026-07-15","2026年半年度业绩预告公告","https://static.cninfo.com.cn/finalpage/2026-07-15/1225422806.PDF"
"本钢板材","000761","2026-07-15","本钢板材股份有限公司2026年半年度业绩预告","https://static.cninfo.com.cn/finalpage/2026-07-15/1225422805.PDF"
"中交发展","000736","2026-07-15","中交城市发展控股集团股份有限公司2026年半年度业绩预告","https://static.cninfo.com.cn/finalpage/2026-07-15/1225422804.PDF"
"惠天热电","000692","2026-07-15","2026年半年度业绩预告","https://static.cninfo.com.cn/finalpage/2026-07-15/1225422803.PDF"
"海德股份","000567","2026-07-15","2026年半年度业绩预增公告","https://static.cninfo.com.cn/finalpage/2026-07-15/1225422802.PDF"
"兴业银锡","000426","2026-07-15","2026年半年度业绩预告","https://static.cninfo.com.cn/finalpage/2026-07-15/1225422801.PDF"
"吉华集团","603980","2026-07-15","吉华集团2026年半年度业绩预告","https://static.cninfo.com.cn/finalpage/2026-07-15/1225422800.PDF"
"动力新科","600841","2026-07-15","动力新科2026年半年度业绩预告","https://static.cninfo.com.cn/finalpage/2026-07-15/1225422799.PDF"
"电魂网络","603258","2026-07-15","2026年半年度业绩预告","https://static.cninfo.com.cn/finalpage/2026-07-15/1225422798.PDF"
"新五丰","600975","2026-07-15","湖南新五丰股份有限公司2026年半年度业绩预亏公告","https://static.cninfo.com.cn/finalpage/2026-07-15/1225422796.PDF"
"歌华有线","600037","2026-07-15","歌华有线2026年半年度业绩预告","https://static.cninfo.com.cn/finalpage/2026-07-15/1225422795.PDF"
"永杰新材","603271","2026-07-15","2026年半年度业绩预增公告","https://static.cninfo.com.cn/finalpage/2026-07-15/1225422794.PDF"
"山鹰国际","600567","2026-07-15","2026年半年度业绩预告公告","https://static.cninfo.com.cn/finalpage/2026-07-15/1225422792.PDF"
"黄河旋风","600172","2026-07-15","2026年半年度业绩预告","https://static.cninfo.com.cn/finalpage/2026-07-15/1225422790.PDF"
"中天科技","600522","2026-07-15","江苏中天科技股份有限公司2026年半年度业绩预增公告","https://static.cninfo.com.cn/finalpage/2026-07-15/1225422789.PDF"
"华资实业","600191","2026-07-15","华资实业2026年半年度业绩预增公告","https://static.cninfo.com.cn/finalpage/2026-07-15/1225422788.PDF"
"博迈科","603727","2026-07-15","博迈科海洋工程股份有限公司2026年半年度业绩预亏公告","https://static.cninfo.com.cn/finalpage/2026-07-15/1225422787.PDF"
"康隆达","603665","2026-07-15","康隆达2026年半年度业绩预告","https://static.cninfo.com.cn/finalpage/2026-07-15/1225422786.PDF"
"大龙地产","600159","2026-07-15","2026年半年度业绩预亏公告","https://static.cninfo.com.cn/finalpage/2026-07-15/1225422784.PDF"
"渤海汽车","600960","2026-07-15","2026年半年度业绩预亏公告","https://static.cninfo.com.cn/finalpage/2026-07-15/1225422783.PDF"
"中广天择","603721","2026-07-15","中广天择传媒股份有限公司2026年半年度业绩预亏公告","https://static.cninfo.com.cn/finalpage/2026-07-15/1225422782.PDF"
"广电电气","601616","2026-07-15","上海广电电气（集团）股份有限公司2026年半年度业绩预亏公告","https://static.cninfo.com.cn/finalpage/2026-07-15/1225422781.PDF"
"水发燃气","603318","2026-07-15","2026年半年度业绩预告","https://static.cninfo.com.cn/finalpage/2026-07-15/1225422780.PDF"
"华泰股份","600308","2026-07-15","华泰股份2026年半年度业绩预告公告","https://static.cninfo.com.cn/finalpage/2026-07-15/1225422778.PDF"
"拉芳家化","603630","2026-07-15","关于2026年半年度业绩预告","https://static.cninfo.com.cn/finalpage/2026-07-15/1225422776.PDF"
"华生科技","605180","2026-07-15","2026年半年度业绩预亏公告","https://static.cninfo.com.cn/finalpage/2026-07-15/1225422774.PDF"
"西藏城投","600773","2026-07-15","西藏城市发展投资股份有限公司2026年半年度业绩预告","https://static.cninfo.com.cn/finalpage/2026-07-15/1225422773.PDF"
"武进不锈","603878","2026-07-15","江苏武进不锈股份有限公司2026年半年度业绩预告","https://static.cninfo.com.cn/finalpage/2026-07-15/1225422772.PDF"
"东安动力","600178","2026-07-15","哈尔滨东安汽车动力股份有限公司2026年半年度业绩预亏公告","https://static.cninfo.com.cn/finalpage/2026-07-15/1225422770.PDF"
"上实发展","600748","2026-07-15","上实发展2026年半年度业绩预告","https://static.cninfo.com.cn/finalpage/2026-07-15/1225422769.PDF"
"尖峰集团","600668","2026-07-15","尖峰集团2026年半年度业绩预亏公告","https://static.cninfo.com.cn/finalpage/2026-07-15/1225422768.PDF"
"城建发展","600266","2026-07-15","城建发展2026年半年度业绩预亏公告","https://static.cninfo.com.cn/finalpage/2026-07-15/1225422767.PDF"
"新炬网络","605398","2026-07-15","上海新炬网络信息技术股份有限公司2026年半年度业绩预告","https://static.cninfo.com.cn/finalpage/2026-07-15/1225422766.PDF"
"依顿电子","603328","2026-07-15","2026年半年度业绩预告","https://static.cninfo.com.cn/finalpage/2026-07-15/1225422765.PDF"
"长城电工","600192","2026-07-15","长城电工2026年半年度业绩预告","https://static.cninfo.com.cn/finalpage/2026-07-15/1225422761.PDF"
"金枫酒业","600616","2026-07-15","上海金枫酒业股份有限公司2026年半年度业绩预告","https://static.cninfo.com.cn/finalpage/2026-07-15/1225422760.PDF"
"麒盛科技","603610","2026-07-15","麒盛科技2026年半年度业绩预告公告","https://static.cninfo.com.cn/finalpage/2026-07-15/1225422759.PDF"
"天通股份","600330","2026-07-15","天通股份2026年半年度业绩预亏公告","https://static.cninfo.com.cn/finalpage/2026-07-15/1225422758.PDF"
"华丰股份","605100","2026-07-15","华丰动力股份有限公司2026年半年度业绩预告","https://static.cninfo.com.cn/finalpage/2026-07-15/1225422757.PDF"
"洛凯股份","603829","2026-07-15","洛凯股份：2026年半年度业绩预告","https://static.cninfo.com.cn/finalpage/2026-07-15/1225422756.PDF"
"四川美丰","000731","2026-07-15","2026年半年度业绩预告","https://static.cninfo.com.cn/finalpage/2026-07-15/1225422737.PDF"
"深物业A","000011","2026-07-15","2026年半年度业绩预告","https://static.cninfo.com.cn/finalpage/2026-07-15/1225422736.PDF"
"全新好","000007","2026-07-15","深圳市全新好股份有限公司2026年半年度业绩预告","https://static.cninfo.com.cn/finalpage/2026-07-15/1225422735.PDF"
"西域旅游","300859","2026-07-14","2026年半年度业绩预告","https://static.cninfo.com.cn/finalpage/2026-07-14/1225424315.PDF"
"博腾股份","300363","2026-07-14","2026年半年度业绩预告","https://static.cninfo.com.cn/finalpage/2026-07-14/1225423591.PDF"
"长芯博创","300548","2026-07-14","长芯博创科技股份有限公司2026年半年度业绩预告","https://static.cninfo.com.cn/finalpage/2026-07-14/1225423609.PDF"
"华凯易佰","300592","2026-07-14","2026年半年度业绩预告","https://static.cninfo.com.cn/finalpage/2026-07-14/1225423410.PDF"
"上海艾录","301062","2026-07-14","2026年半年度业绩预告","https://static.cninfo.com.cn/finalpage/2026-07-14/1225423292.PDF"
"亿联网络","300628","2026-07-14","2026年半年度业绩预告","https://static.cninfo.com.cn/finalpage/2026-07-14/1225423149.PDF"
"泽宇智能","301179","2026-07-14","2026年半年度业绩预告","https://static.cninfo.com.cn/finalpage/2026-07-14/1225423126.PDF"
"鸿仕达","920125","2026-07-14","2026年半年度业绩预告公告","https://static.cninfo.com.cn/finalpage/2026-07-14/1225424336.PDF"
"汉维科技","920957","2026-07-14","2026年半年度业绩预告公告","https://static.cninfo.com.cn/finalpage/2026-07-14/1225424288.PDF"
"南亚新材","688519","2026-07-14","2026年半年度业绩预告的自愿性披露公告","https://static.cninfo.com.cn/finalpage/2026-07-14/1225422719.PDF"
"世茂能源","605028","2026-07-14","宁波世茂能源股份有限公司2026年半年度业绩预告","https://static.cninfo.com.cn/finalpage/2026-07-14/1225422690.PDF"
"鞍钢股份","000898","2026-07-14","鞍钢股份2026年半年度业绩预告","https://static.cninfo.com.cn/finalpage/2026-07-14/1225422637.PDF"
"莲花控股","600186","2026-07-14","莲花控股股份有限公司2026年半年度业绩预告","https://static.cninfo.com.cn/finalpage/2026-07-14/1225422617.PDF"
"天际股份","002759","2026-07-14","2026年半年度业绩预告","https://static.cninfo.com.cn/finalpage/2026-07-14/1225422612.PDF"
"ST东时","603377","2026-07-14","2026年半年度业绩预亏公告","https://static.cninfo.com.cn/finalpage/2026-07-14/1225422572.PDF"
"*ST岭南","002717","2026-07-14","2026年半年度业绩预告","https://static.cninfo.com.cn/finalpage/2026-07-14/1225422524.PDF"
"广电计量","002967","2026-07-14","2026年半年度业绩预告","https://static.cninfo.com.cn/finalpage/2026-07-14/1225422467.PDF"
"海得控制","002184","2026-07-14","上海海得控制系统股份有限公司2026年半年度业绩预告","https://static.cninfo.com.cn/finalpage/2026-07-14/1225422438.PDF"
"生益科技","600183","2026-07-14","生益科技2026年半年度业绩预增公告","https://static.cninfo.com.cn/finalpage/2026-07-14/1225422436.PDF"
"联合精密","001268","2026-07-14","2026年半年度业绩预告","https://static.cninfo.com.cn/finalpage/2026-07-14/1225422411.PDF"
"天邦食品","002124","2026-07-14","天邦食品股份有限公司2026年半年度业绩预告","https://static.cninfo.com.cn/finalpage/2026-07-14/1225422373.PDF"
"哈尔斯","002615","2026-07-14","2026年半年度业绩预告的自愿性披露公告","https://static.cninfo.com.cn/finalpage/2026-07-14/1225422338.PDF"
"生益电子","688183","2026-07-14","生益电子2026年半年度业绩预告的自愿性披露公告","https://static.cninfo.com.cn/finalpage/2026-07-14/1225422330.PDF"
"立航科技","603261","2026-07-14","成都立航科技股份有限公司2026年半年度业绩预告","https://static.cninfo.com.cn/finalpage/2026-07-14/1225422326.PDF"
"TCL中环","002129","2026-07-14","2026年半年度业绩预告","https://static.cninfo.com.cn/finalpage/2026-07-14/1225422320.PDF"
"ST宁科","600165","2026-07-14","ST宁科2026年半年度业绩预亏公告","https://static.cninfo.com.cn/finalpage/2026-07-14/1225422313.PDF"
"中兵红箭","000519","2026-07-14","2026年半年度业绩预告","https://static.cninfo.com.cn/finalpage/2026-07-14/1225422312.PDF"
"博杰股份","002975","2026-07-14","2026年半年度业绩预告","https://static.cninfo.com.cn/finalpage/2026-07-14/1225422280.PDF"
"东湖高新","600133","2026-07-14","2026年半年度业绩预告","https://static.cninfo.com.cn/finalpage/2026-07-14/1225422266.PDF"
"TCL科技","000100","2026-07-14","2026年半年度业绩预告","https://static.cninfo.com.cn/finalpage/2026-07-14/1225422244.PDF"
"瀛通通讯","002861","2026-07-14","2026年半年度业绩预告","https://static.cninfo.com.cn/finalpage/2026-07-14/1225422243.PDF"
"新锐股份","688257","2026-07-14","新锐股份2026年半年度业绩预告的自愿性披露公告","https://static.cninfo.com.cn/finalpage/2026-07-14/1225422233.PDF"
"庄园牧场","002910","2026-07-14","兰州庄园牧场股份有限公司2026年半年度业绩预告","https://static.cninfo.com.cn/finalpage/2026-07-14/1225422227.PDF"
"天桥起重","002523","2026-07-14","2026年半年度业绩预告","https://static.cninfo.com.cn/finalpage/2026-07-14/1225422226.PDF"
"佳电股份","000922","2026-07-14","2026年半年度业绩预告","https://static.cninfo.com.cn/finalpage/2026-07-14/1225422175.PDF"
"上峰材料","000672","2026-07-14","2026年半年度业绩预告","https://static.cninfo.com.cn/finalpage/2026-07-14/1225422174.PDF"
"ST西王","000639","2026-07-14","2026年半年度业绩预告","https://static.cninfo.com.cn/finalpage/2026-07-14/1225422164.PDF"
"*ST南置","002305","2026-07-14","2026年半年度业绩预告","https://static.cninfo.com.cn/finalpage/2026-07-14/1225422160.PDF"
"吉视传媒","601929","2026-07-14","吉视传媒2026年半年度业绩预告","https://static.cninfo.com.cn/finalpage/2026-07-14/1225422155.PDF"
"保隆科技","603197","2026-07-14","保隆科技2026年半年度业绩预增公告","https://static.cninfo.com.cn/finalpage/2026-07-14/1225422139.PDF"
"金安国纪","002636","2026-07-14","2026年半年度业绩预告","https://static.cninfo.com.cn/finalpage/2026-07-14/1225422125.PDF"
"东方材料","603110","2026-07-14","新东方新材料股份有限公司2026年半年度业绩预告","https://static.cninfo.com.cn/finalpage/2026-07-14/1225422110.PDF"
"山东矿机","002526","2026-07-14","山东矿机2026年半年度业绩预告","https://static.cninfo.com.cn/finalpage/2026-07-14/1225422105.PDF"
"华锋股份","002806","2026-07-14","2026年半年度业绩预告","https://static.cninfo.com.cn/finalpage/2026-07-14/1225422104.PDF"
"科华数据","002335","2026-07-14","2026年半年度业绩预告","https://static.cninfo.com.cn/finalpage/2026-07-14/1225422103.PDF"
"盈方微","000670","2026-07-14","2026年半年度业绩预告","https://static.cninfo.com.cn/finalpage/2026-07-14/1225422101.PDF"
"云南锗业","002428","2026-07-14","2026年半年度业绩预告","https://static.cninfo.com.cn/finalpage/2026-07-14/1225422069.PDF"
"恺英网络","002517","2026-07-14","2026年半年度业绩预告","https://static.cninfo.com.cn/finalpage/2026-07-14/1225422068.PDF"
"徐家汇","002561","2026-07-14","2026年半年度业绩预告","https://static.cninfo.com.cn/finalpage/2026-07-14/1225422065.PDF"
"华勤技术","603296","2026-07-14","华勤技术2026年半年度业绩预增公告","https://static.cninfo.com.cn/finalpage/2026-07-14/1225422064.PDF"
"博通集成","603068","2026-07-14","博通集成电路（上海）股份有限公司2026年半年度业绩预告","https://static.cninfo.com.cn/finalpage/2026-07-14/1225422060.PDF"
"永悦科技","603879","2026-07-14","永悦科技2026年半年度业绩预亏公告","https://static.cninfo.com.cn/finalpage/2026-07-14/1225422050.PDF"
"直真科技","003007","2026-07-14","2026年半年度业绩预告","https://static.cninfo.com.cn/finalpage/2026-07-14/1225422040.PDF"
"奥士康","002913","2026-07-14","2026年半年度业绩预告","https://static.cninfo.com.cn/finalpage/2026-07-14/1225422038.PDF"
"安奈儿","002875","2026-07-14","2026年半年度业绩预告","https://static.cninfo.com.cn/finalpage/2026-07-14/1225422037.PDF"
"爱施德","002416","2026-07-14","2026年半年度业绩预告","https://static.cninfo.com.cn/finalpage/2026-07-14/1225422028.PDF"
"魅视科技","001229","2026-07-14","2026年半年度业绩预告","https://static.cninfo.com.cn/finalpage/2026-07-14/1225422026.PDF"
"合肥城建","002208","2026-07-14","2026年半年度业绩预告","https://static.cninfo.com.cn/finalpage/2026-07-14/1225422024.PDF"
"联化科技","002250","2026-07-14","2026年半年度业绩预告","https://static.cninfo.com.cn/finalpage/2026-07-14/1225422022.PDF"
"湖北广电","000665","2026-07-14","2026年半年度业绩预告","https://static.cninfo.com.cn/finalpage/2026-07-14/1225422020.PDF"
"榕基软件","002474","2026-07-14","2026年半年度业绩预告","https://static.cninfo.com.cn/finalpage/2026-07-14/1225421965.PDF"
"闰土股份","002440","2026-07-14","2026年半年度业绩预告","https://static.cninfo.com.cn/finalpage/2026-07-14/1225421964.PDF"
"北新路桥","002307","2026-07-14","2026年半年度业绩预告","https://static.cninfo.com.cn/finalpage/2026-07-14/1225421959.PDF"
"*ST美谷","000615","2026-07-14","2026年半年度业绩预告","https://static.cninfo.com.cn/finalpage/2026-07-14/1225421957.PDF"
"云铝股份","000807","2026-07-14","云南铝业股份有限公司2026年半年度业绩预告","https://static.cninfo.com.cn/finalpage/2026-07-14/1225421954.PDF"
"淳中科技","603516","2026-07-14","北京淳中科技股份有限公司2026年半年度业绩预告","https://static.cninfo.com.cn/finalpage/2026-07-14/1225421937.PDF"
"沃格光电","603773","2026-07-14","江西沃格光电集团股份有限公司2026年半年度业绩预告","https://static.cninfo.com.cn/finalpage/2026-07-14/1225421935.PDF"
"诺德股份","600110","2026-07-14","诺德新材料股份有限公司2026年半年度业绩预告公告","https://static.cninfo.com.cn/finalpage/2026-07-14/1225421919.PDF"
"众泰汽车","000980","2026-07-14","2026年半年度业绩预告","https://static.cninfo.com.cn/finalpage/2026-07-14/1225421902.PDF"
"*ST华闻","000793","2026-07-14","2026年半年度业绩预告","https://static.cninfo.com.cn/finalpage/2026-07-14/1225421901.PDF"
"ST京蓝","000711","2026-07-14","铟靶新材（哈尔滨）股份有限公司2026年半年度业绩预告","https://static.cninfo.com.cn/finalpage/2026-07-14/1225421900.PDF"
"国际医学","000516","2026-07-14","2026年半年度业绩预告","https://static.cninfo.com.cn/finalpage/2026-07-14/1225421898.PDF"
"中成股份","000151","2026-07-14","中成进出口股份有限公司2026年半年度业绩预告","https://static.cninfo.com.cn/finalpage/2026-07-14/1225421897.PDF"
"深桑达Ａ","000032","2026-07-14","2026年半年度业绩预告","https://static.cninfo.com.cn/finalpage/2026-07-14/1225421896.PDF"
"兰生股份","600826","2026-07-14","东浩兰生会展集团股份有限公司2026年半年度业绩预告","https://static.cninfo.com.cn/finalpage/2026-07-14/1225421840.PDF"
"新华保险","601336","2026-07-14","新华保险2026年半年度业绩预增公告","https://static.cninfo.com.cn/finalpage/2026-07-14/1225421803.PDF"
"瑜欣电子","301107","2026-07-14","2026年半年度业绩预告","https://static.cninfo.com.cn/finalpage/2026-07-14/1225421781.PDF"
"三安光电","600703","2026-07-14","三安光电股份有限公司2026年半年度业绩预告","https://static.cninfo.com.cn/finalpage/2026-07-14/1225421778.PDF"
"中国软件","600536","2026-07-14","中国软件2026年半年度业绩预告","https://static.cninfo.com.cn/finalpage/2026-07-14/1225421772.PDF"
"宏达股份","600331","2026-07-14","2026年半年度业绩预亏公告","https://static.cninfo.com.cn/finalpage/2026-07-14/1225421715.PDF"
"全筑股份","603030","2026-07-14","2026年半年度业绩预告","https://static.cninfo.com.cn/finalpage/2026-07-14/1225421714.PDF"
"ST海钦","600753","2026-07-14","海钦股份2026年半年度业绩预增公告","https://static.cninfo.com.cn/finalpage/2026-07-14/1225421704.PDF"
"正虹科技","000702","2026-07-14","2026年半年度业绩预告","https://static.cninfo.com.cn/finalpage/2026-07-14/1225421701.PDF"
"福斯特","603806","2026-07-14","2026年半年度业绩预增公告","https://static.cninfo.com.cn/finalpage/2026-07-14/1225421671.PDF"
"华安证券","600909","2026-07-14","华安证券股份有限公司2026年半年度业绩预增公告","https://static.cninfo.com.cn/finalpage/2026-07-14/1225421652.PDF"
"湘财股份","600095","2026-07-14","湘财股份2026年半年度业绩预增公告","https://static.cninfo.com.cn/finalpage/2026-07-14/1225421651.PDF"
"ST通葡","600365","2026-07-14","通化葡萄酒股份有限公司2026年半年度业绩预亏公告","https://static.cninfo.com.cn/finalpage/2026-07-14/1225421580.PDF"
"包钢股份","600010","2026-07-14","包钢股份2026年半年度业绩预增公告","https://static.cninfo.com.cn/finalpage/2026-07-14/1225421577.PDF"
"立昂微","605358","2026-07-14","立昂微2026年半年度业绩预告","https://static.cninfo.com.cn/finalpage/2026-07-14/1225421537.PDF"
"苏豪汇鸿","600981","2026-07-14","2026年半年度业绩预告","https://static.cninfo.com.cn/finalpage/2026-07-14/1225421534.PDF"
"*ST高科","600730","2026-07-14","中国高科2026年半年度业绩预告","https://static.cninfo.com.cn/finalpage/2026-07-14/1225421496.PDF"
"恒誉环保","688309","2026-07-14","2026年半年度业绩预增的自愿性披露公告","https://static.cninfo.com.cn/finalpage/2026-07-14/1225421493.PDF"
"中再资环","600217","2026-07-14","中再资环2026年半年度业绩预告","https://static.cninfo.com.cn/finalpage/2026-07-14/1225421475.PDF"
"冠农股份","600251","2026-07-14","新疆冠农股份有限2026年半年度业绩预增公告","https://static.cninfo.com.cn/finalpage/2026-07-14/1225421469.PDF"
"红板科技","603459","2026-07-14","2026年半年度业绩预告","https://static.cninfo.com.cn/finalpage/2026-07-14/1225421463.PDF"
"人民网","603000","2026-07-14","人民网股份有限公司2026年半年度业绩预告","https://static.cninfo.com.cn/finalpage/2026-07-14/1225421452.PDF"
"亨通光电","600487","2026-07-14","亨通光电2026年半年度业绩预增公告","https://static.cninfo.com.cn/finalpage/2026-07-14/1225421449.PDF"
"五矿发展","600058","2026-07-14","五矿发展股份有限公司2026年半年度业绩预告","https://static.cninfo.com.cn/finalpage/2026-07-14/1225421421.PDF"
"ST万邦","002082","2026-07-14","2026年半年度业绩预告","https://static.cninfo.com.cn/finalpage/2026-07-14/1225421414.PDF"
"ST中装","002822","2026-07-14","2026年半年度业绩预告","https://static.cninfo.com.cn/finalpage/2026-07-14/1225421413.PDF"
"德冠新材","001378","2026-07-14","2026年半年度业绩预告","https://static.cninfo.com.cn/finalpage/2026-07-14/1225421412.PDF"
"航天彩虹","002389","2026-07-14","2026年半年度业绩预告","https://static.cninfo.com.cn/finalpage/2026-07-14/1225421390.PDF"
"亚太药业","002370","2026-07-14","2026年半年度业绩预告","https://static.cninfo.com.cn/finalpage/2026-07-14/1225421388.PDF"
"三利谱","002876","2026-07-14","2026年半年度业绩预告","https://static.cninfo.com.cn/finalpage/2026-07-14/1225421387.PDF"
"洽洽食品","002557","2026-07-14","洽洽食品股份有限公司2026年半年度业绩预告","https://static.cninfo.com.cn/finalpage/2026-07-14/1225421386.PDF"
"*ST东晶","002199","2026-07-14","2026年半年度业绩预告","https://static.cninfo.com.cn/finalpage/2026-07-14/1225421385.PDF"
"盛通股份","002599","2026-07-14","2026年半年度业绩预告","https://static.cninfo.com.cn/finalpage/2026-07-14/1225421384.PDF"
"铜陵有色","000630","2026-07-14","2026年半年度业绩预告","https://static.cninfo.com.cn/finalpage/2026-07-14/1225421382.PDF"
"ST金花","600080","2026-07-14","金花企业（集团）股份有限公司2026年半年度业绩预告","https://static.cninfo.com.cn/finalpage/2026-07-14/1225421375.PDF"
"金证股份","600446","2026-07-14","金证股份2026年半年度业绩预告","https://static.cninfo.com.cn/finalpage/2026-07-14/1225421372.PDF"
"环球印务","002799","2026-07-14","2026年半年度业绩预告","https://static.cninfo.com.cn/finalpage/2026-07-14/1225421358.PDF"
"航天科技","000901","2026-07-14","2026年半年度业绩预告","https://static.cninfo.com.cn/finalpage/2026-07-14/1225421355.PDF"
"深南电A","000037","2026-07-14","2026年半年度业绩预告","https://static.cninfo.com.cn/finalpage/2026-07-14/1225421354.PDF"
"朝阳科技","002981","2026-07-14","2026年半年度业绩预告","https://static.cninfo.com.cn/finalpage/2026-07-14/1225421353.PDF"
"瑞达期货","002961","2026-07-14","2026年半年度业绩预告","https://static.cninfo.com.cn/finalpage/2026-07-14/1225421352.PDF"
"锦龙股份","000712","2026-07-14","2026年半年度业绩预告","https://static.cninfo.com.cn/finalpage/2026-07-14/1225421351.PDF"
"南极电商","002127","2026-07-14","2026年半年度业绩预告","https://static.cninfo.com.cn/finalpage/2026-07-14/1225421350.PDF"
"中基健康","000972","2026-07-14","2026年半年度业绩预告","https://static.cninfo.com.cn/finalpage/2026-07-14/1225421327.PDF"
"浙江永强","002489","2026-07-14","2026年半年度业绩预告","https://static.cninfo.com.cn/finalpage/2026-07-14/1225421325.PDF"
"宇新股份","002986","2026-07-14","2026年半年度业绩预告","https://static.cninfo.com.cn/finalpage/2026-07-14/1225421323.PDF"
"西麦食品","002956","2026-07-14","2026年半年度业绩预告","https://static.cninfo.com.cn/finalpage/2026-07-14/1225421322.PDF"
"深南电路","002916","2026-07-14","2026年半年度业绩预告","https://static.cninfo.com.cn/finalpage/2026-07-14/1225421321.PDF"
"塔牌集团","002233","2026-07-14","2026年半年度业绩预告","https://static.cninfo.com.cn/finalpage/2026-07-14/1225421320.PDF"
"川能动力","000155","2026-07-14","2026年半年度业绩预告","https://static.cninfo.com.cn/finalpage/2026-07-14/1225421317.PDF"
"高斯贝尔","002848","2026-07-14","2026年半年度业绩预告","https://static.cninfo.com.cn/finalpage/2026-07-14/1225421316.PDF"
"易明医药","002826","2026-07-14","2026年半年度业绩预告","https://static.cninfo.com.cn/finalpage/2026-07-14/1225421315.PDF"
"沪电股份","002463","2026-07-14","2026年半年度业绩预告","https://static.cninfo.com.cn/finalpage/2026-07-14/1225421314.PDF"
"广百股份","002187","2026-07-14","2026年半年度业绩预告","https://static.cninfo.com.cn/finalpage/2026-07-14/1225421313.PDF"
"大有能源","600403","2026-07-14","河南大有能源股份有限公司2026年半年度业绩预亏公告","https://static.cninfo.com.cn/finalpage/2026-07-14/1225421309.PDF"
"华正新材","603186","2026-07-14","浙江华正新材料股份有限公司2026年半年度业绩预增公告","https://static.cninfo.com.cn/finalpage/2026-07-14/1225421304.PDF"
"中重科技","603135","2026-07-14","2026年半年度业绩预增公告","https://static.cninfo.com.cn/finalpage/2026-07-14/1225421301.PDF"
"电投水电","600292","2026-07-14","电投水电2026年半年度业绩预增公告","https://static.cninfo.com.cn/finalpage/2026-07-14/1225421295.PDF"
"名臣健康","002919","2026-07-14","2026年半年度业绩预告","https://static.cninfo.com.cn/finalpage/2026-07-14/1225421288.PDF"
"金固股份","002488","2026-07-14","浙江金固股份有限公司2026年半年度业绩预告","https://static.cninfo.com.cn/finalpage/2026-07-14/1225421287.PDF"
"华天科技","002185","2026-07-14","2026年半年度业绩预告","https://static.cninfo.com.cn/finalpage/2026-07-14/1225421286.PDF"
"*ST中设","002883","2026-07-14","江苏中设集团股份有限公司2026年半年度业绩预告","https://static.cninfo.com.cn/finalpage/2026-07-14/1225421285.PDF"
"世龙实业","002748","2026-07-14","2026年半年度业绩预告","https://static.cninfo.com.cn/finalpage/2026-07-14/1225421284.PDF"
"共达电声","002655","2026-07-14","共达电声股份有限公司2026年半年度业绩预告","https://static.cninfo.com.cn/finalpage/2026-07-14/1225421283.PDF"
"*ST瑞和","002620","2026-07-14","2026年半年度业绩预告","https://static.cninfo.com.cn/finalpage/2026-07-14/1225421282.PDF"
"鸿路钢构","002541","2026-07-14","2026年半年度业绩预告","https://static.cninfo.com.cn/finalpage/2026-07-14/1225421281.PDF"
"日发精机","002520","2026-07-14","2026年半年度业绩预告","https://static.cninfo.com.cn/finalpage/2026-07-14/1225421280.PDF"
"兰州黄河","000929","2026-07-14","2026年半年度业绩预告","https://static.cninfo.com.cn/finalpage/2026-07-14/1225421279.PDF"
"苏州固锝","002079","2026-07-14","2026年半年度业绩预告","https://static.cninfo.com.cn/finalpage/2026-07-14/1225421278.PDF"
"天原股份","002386","2026-07-14","天原股份2026年半年度业绩预告","https://static.cninfo.com.cn/finalpage/2026-07-14/1225421276.PDF"
"久其软件","002279","2026-07-14","2026年半年度业绩预告","https://static.cninfo.com.cn/finalpage/2026-07-14/1225421275.PDF"
"大为股份","002213","2026-07-14","2026年半年度业绩预告","https://static.cninfo.com.cn/finalpage/2026-07-14/1225421274.PDF"
"东方中科","002819","2026-07-14","2026年半年度业绩预告","https://static.cninfo.com.cn/finalpage/2026-07-14/1225421272.PDF"
"世荣兆业","002016","2026-07-14","2026年半年度业绩预告","https://static.cninfo.com.cn/finalpage/2026-07-14/1225421271.PDF"
"山金国际","000975","2026-07-14","2026年半年度业绩预增公告","https://static.cninfo.com.cn/finalpage/2026-07-14/1225421270.PDF"
"东北证券","000686","2026-07-14","2026年半年度业绩预告","https://static.cninfo.com.cn/finalpage/2026-07-14/1225421269.PDF"
"西部创业","000557","2026-07-14","2026年半年度业绩预告","https://static.cninfo.com.cn/finalpage/2026-07-14/1225421268.PDF"
"鼎信通讯","603421","2026-07-14","鼎信通讯2026年半年度业绩预告","https://static.cninfo.com.cn/finalpage/2026-07-14/1225421226.PDF"
"海汽集团","603069","2026-07-14","海汽集团2026年半年度业绩预亏公告","https://static.cninfo.com.cn/finalpage/2026-07-14/1225421210.PDF"
"扬子新材","002652","2026-07-14","2026年半年度业绩预告","https://static.cninfo.com.cn/finalpage/2026-07-14/1225421203.PDF"
"华宏科技","002645","2026-07-14","2026年半年度业绩预告","https://static.cninfo.com.cn/finalpage/2026-07-14/1225421202.PDF"
"日海智能","002313","2026-07-14","2026年半年度业绩预告","https://static.cninfo.com.cn/finalpage/2026-07-14/1225421198.PDF"
"太阳电缆","002300","2026-07-14","福建南平太阳电缆股份有限公司2026年半年度业绩预告","https://static.cninfo.com.cn/finalpage/2026-07-14/1225421197.PDF"
"神开股份","002278","2026-07-14","2026年半年度业绩预告","https://static.cninfo.com.cn/finalpage/2026-07-14/1225421196.PDF"
"ST宏达","002211","2026-07-14","2026年半年度业绩预告","https://static.cninfo.com.cn/finalpage/2026-07-14/1225421195.PDF"
"红 宝 丽","002165","2026-07-14","2026年半年度业绩预告","https://static.cninfo.com.cn/finalpage/2026-07-14/1225421194.PDF"
"沧州明珠","002108","2026-07-14","沧州明珠塑料股份有限公司2026年半年度业绩预告","https://static.cninfo.com.cn/finalpage/2026-07-14/1225421193.PDF"
"永兴材料","002756","2026-07-14","2026年半年度业绩预告","https://static.cninfo.com.cn/finalpage/2026-07-14/1225421189.PDF"
"南天信息","000948","2026-07-14","2026年半年度业绩预告","https://static.cninfo.com.cn/finalpage/2026-07-14/1225421185.PDF"
"京基智农","000048","2026-07-14","2026年半年度业绩预告","https://static.cninfo.com.cn/finalpage/2026-07-14/1225421184.PDF"
"京泉华","002885","2026-07-14","2026年半年度业绩预告","https://static.cninfo.com.cn/finalpage/2026-07-14/1225421183.PDF"
"湖南黄金","002155","2026-07-14","2026年半年度业绩预告","https://static.cninfo.com.cn/finalpage/2026-07-14/1225421182.PDF"
"金字火腿","002515","2026-07-14","2026年半年度业绩预告","https://static.cninfo.com.cn/finalpage/2026-07-14/1225421180.PDF"
"华阳新材","600281","2026-07-14","山西华阳新材料股份有限公司2026年半年度业绩预告","https://static.cninfo.com.cn/finalpage/2026-07-14/1225421179.PDF"
"保变电气","600550","2026-07-14","保定天威保变电气股份有限公司2026年半年度业绩预增公告","https://static.cninfo.com.cn/finalpage/2026-07-14/1225421177.PDF"
"敦煌种业","600354","2026-07-14","甘肃省敦煌种业集团股份有限公司 2026年半年度业绩预增公告","https://static.cninfo.com.cn/finalpage/2026-07-14/1225421175.PDF"
"北汽蓝谷","600733","2026-07-14","2026年半年度业绩预亏公告","https://static.cninfo.com.cn/finalpage/2026-07-14/1225421170.PDF"
"浙江美大","002677","2026-07-14","2026年半年度业绩预告","https://static.cninfo.com.cn/finalpage/2026-07-14/1225421155.PDF"
"永顺泰","001338","2026-07-14","2026年半年度业绩预告","https://static.cninfo.com.cn/finalpage/2026-07-14/1225421152.PDF"
"好上好","001298","2026-07-14","2026年半年度业绩预告","https://static.cninfo.com.cn/finalpage/2026-07-14/1225421150.PDF"
"西藏矿业","000762","2026-07-14","西藏矿业发展股份有限公司2026年半年度业绩预告","https://static.cninfo.com.cn/finalpage/2026-07-14/1225421147.PDF"
"茂化实华","000637","2026-07-14","公司2026年半年度业绩预告","https://static.cninfo.com.cn/finalpage/2026-07-14/1225421146.PDF"
"粤宏远Ａ","000573","2026-07-14","2026年半年度业绩预告","https://static.cninfo.com.cn/finalpage/2026-07-14/1225421145.PDF"
"华映科技","000536","2026-07-14","2026年半年度业绩预告","https://static.cninfo.com.cn/finalpage/2026-07-14/1225421144.PDF"
"*ST利源","002501","2026-07-14","2026年半年度业绩预告","https://static.cninfo.com.cn/finalpage/2026-07-14/1225421108.PDF"
"睿能科技","603933","2026-07-14","睿能科技2026年半年度业绩预增公告","https://static.cninfo.com.cn/finalpage/2026-07-14/1225421100.PDF"
"信雅达","600571","2026-07-14","信雅达科技股份有限公司2026年半年度业绩预亏公告","https://static.cninfo.com.cn/finalpage/2026-07-14/1225421092.PDF"
"新黄浦","600638","2026-07-14","新黄浦2026年半年度业绩预告","https://static.cninfo.com.cn/finalpage/2026-07-14/1225421081.PDF"
"天创时尚","603608","2026-07-14","2026年半年度业绩预增公告","https://static.cninfo.com.cn/finalpage/2026-07-14/1225421078.PDF"
"中金黄金","600489","2026-07-14","中金黄金股份有限公司2026年半年度业绩预增公告","https://static.cninfo.com.cn/finalpage/2026-07-14/1225421076.PDF"
"蔚蓝锂芯","002245","2026-07-14","2026年半年度业绩预告","https://static.cninfo.com.cn/finalpage/2026-07-14/1225421068.PDF"
"北斗星通","002151","2026-07-14","2026年半年度业绩预告","https://static.cninfo.com.cn/finalpage/2026-07-14/1225421067.PDF"
"八方股份","603489","2026-07-14","2026年半年度业绩预告","https://static.cninfo.com.cn/finalpage/2026-07-14/1225421036.PDF"
"上海亚虹","603159","2026-07-14","上海亚虹模具股份有限公司2026年半年度业绩预告","https://static.cninfo.com.cn/finalpage/2026-07-14/1225421035.PDF"
"龙蟠科技","603906","2026-07-14","江苏龙蟠科技集团股份有限公司2026年半年度业绩预增公告","https://static.cninfo.com.cn/finalpage/2026-07-14/1225421018.PDF"
"盛剑科技","603324","2026-07-14","盛剑科技2026年半年度业绩预告","https://static.cninfo.com.cn/finalpage/2026-07-14/1225421009.PDF"
"京能置业","600791","2026-07-14","京能置业股份有限公司2026年半年度业绩预告","https://static.cninfo.com.cn/finalpage/2026-07-14/1225421004.PDF"
"大唐电信","600198","2026-07-14","大唐电信科技股份有限公司2026年半年度业绩预亏公告","https://static.cninfo.com.cn/finalpage/2026-07-14/1225421000.PDF"
"长城军工","601606","2026-07-14","安徽长城军工股份有限公司2026年半年度业绩预告","https://static.cninfo.com.cn/finalpage/2026-07-14/1225420995.PDF"
"一汽解放","000800","2026-07-14","2026年半年度业绩预告","https://static.cninfo.com.cn/finalpage/2026-07-14/1225420959.PDF"
"中国铝业","601600","2026-07-14","中国铝业2026年半年度业绩预增公告","https://static.cninfo.com.cn/finalpage/2026-07-14/1225420957.PDF"
"中通国脉","603559","2026-07-14","中通国脉通信股份有限公司2026年半年度业绩预告公告","https://static.cninfo.com.cn/finalpage/2026-07-14/1225420955.PDF"
"豫园股份","600655","2026-07-14","上海豫园旅游商城（集团）股份有限公司2026年半年度业绩预增公告","https://static.cninfo.com.cn/finalpage/2026-07-14/1225420944.PDF"
"驰宏锌锗","600497","2026-07-14","驰宏锌锗2026年半年度业绩预增公告","https://static.cninfo.com.cn/finalpage/2026-07-14/1225420935.PDF"
"开创国际","600097","2026-07-14","开创国际2026年半年度业绩预告","https://static.cninfo.com.cn/finalpage/2026-07-14/1225420933.PDF"
"贵绳股份","600992","2026-07-14","贵州钢绳股份有限公司2026年半年度业绩预告","https://static.cninfo.com.cn/finalpage/2026-07-14/1225420928.PDF"
"澄星股份","600078","2026-07-14","江苏澄星磷化工股份有限公司2026年半年度业绩预告","https://static.cninfo.com.cn/finalpage/2026-07-14/1225420924.PDF"
"海南矿业","601969","2026-07-14","海南矿业股份有限公司2026年半年度业绩预增公告","https://static.cninfo.com.cn/finalpage/2026-07-14/1225420923.PDF"
"湘电股份","600416","2026-07-14","湘潭电机股份有限公司2026年半年度业绩预告","https://static.cninfo.com.cn/finalpage/2026-07-14/1225420917.PDF"
"盛景微","603375","2026-07-14","2026年半年度业绩预告","https://static.cninfo.com.cn/finalpage/2026-07-14/1225420904.PDF"
"中钨高新","000657","2026-07-14","2026年半年度业绩预告","https://static.cninfo.com.cn/finalpage/2026-07-14/1225420903.PDF"
"科力尔","002892","2026-07-14","2026年半年度业绩预告","https://static.cninfo.com.cn/finalpage/2026-07-14/1225420902.PDF"
"中稀有色","600259","2026-07-14","中稀有色金属股份有限公司2026年半年度业绩预告","https://static.cninfo.com.cn/finalpage/2026-07-14/1225420897.PDF"
"永创智能","603901","2026-07-14","2026年半年度业绩预增公告","https://static.cninfo.com.cn/finalpage/2026-07-14/1225420895.PDF"
"通用股份","601500","2026-07-14","江苏通用科技股份有限公司2026年半年度业绩预增公告","https://static.cninfo.com.cn/finalpage/2026-07-14/1225420894.PDF"
"乐凯胶片","600135","2026-07-14","乐凯胶片股份有限公司2026年半年度业绩预亏公告","https://static.cninfo.com.cn/finalpage/2026-07-14/1225420891.PDF"
"渤海化学","600800","2026-07-14","天津渤海化学股份有限公司2026年半年度业绩预告","https://static.cninfo.com.cn/finalpage/2026-07-14/1225420890.PDF"
"银河电子","002519","2026-07-14","2026年半年度业绩预告","https://static.cninfo.com.cn/finalpage/2026-07-14/1225420881.PDF"
"西部建设","002302","2026-07-14","2026年半年度业绩预告","https://static.cninfo.com.cn/finalpage/2026-07-14/1225420880.PDF"
"南京熊猫","600775","2026-07-14","南京熊猫2026年半年度业绩预告","https://static.cninfo.com.cn/finalpage/2026-07-14/1225420879.PDF"
"中国船舶","600150","2026-07-14","中国船舶工业股份有限公司2026年半年度业绩预增公告","https://static.cninfo.com.cn/finalpage/2026-07-14/1225420864.PDF"
"ST明诚","600136","2026-07-14","公司2026年半年度业绩预告","https://static.cninfo.com.cn/finalpage/2026-07-14/1225420863.PDF"
"朗迪集团","603726","2026-07-14","2026年半年度业绩预增公告","https://static.cninfo.com.cn/finalpage/2026-07-14/1225420861.PDF"
"西部黄金","601069","2026-07-14","西部黄金股份有限公司2026年半年度业绩预增公告","https://static.cninfo.com.cn/finalpage/2026-07-14/1225420856.PDF"
"气派科技","688216","2026-07-14","气派科技股份有限公司2026年半年度业绩预告的自愿性披露公告","https://static.cninfo.com.cn/finalpage/2026-07-14/1225420855.PDF"
"远东传动","002406","2026-07-14","公司2026年半年度业绩预告","https://static.cninfo.com.cn/finalpage/2026-07-14/1225420847.PDF"
"德赛电池","000049","2026-07-14","2026年半年度业绩预告","https://static.cninfo.com.cn/finalpage/2026-07-14/1225420846.PDF"
"三钢闽光","002110","2026-07-14","2026年半年度业绩预告","https://static.cninfo.com.cn/finalpage/2026-07-14/1225420845.PDF"
"联发股份","002394","2026-07-14","2026年半年度业绩预告","https://static.cninfo.com.cn/finalpage/2026-07-14/1225420843.PDF"
"新大洲A","000571","2026-07-14","2026年半年度业绩预告","https://static.cninfo.com.cn/finalpage/2026-07-14/1225420842.PDF"
"生 意 宝","002095","2026-07-14","2026年半年度业绩预告","https://static.cninfo.com.cn/finalpage/2026-07-14/1225420841.PDF"
"坤泰股份","001260","2026-07-14","2026年半年度业绩预告","https://static.cninfo.com.cn/finalpage/2026-07-14/1225420835.PDF"
"百洋股份","002696","2026-07-14","2026年半年度业绩预告","https://static.cninfo.com.cn/finalpage/2026-07-14/1225420834.PDF"
"长白山","603099","2026-07-14","长白山旅游股份有限公司2026年半年度业绩预告","https://static.cninfo.com.cn/finalpage/2026-07-14/1225420833.PDF"
"和邦生物","603077","2026-07-14","和邦生物2026年半年度业绩预增公告","https://static.cninfo.com.cn/finalpage/2026-07-14/1225420832.PDF"
"舒华体育","605299","2026-07-14","舒华体育股份有限公司2026年半年度业绩预告","https://static.cninfo.com.cn/finalpage/2026-07-14/1225420830.PDF"
"金海通","603061","2026-07-14","2026年半年度业绩预增公告","https://static.cninfo.com.cn/finalpage/2026-07-14/1225420829.PDF"
"迎丰股份","605055","2026-07-14","迎丰股份2026年半年度业绩预亏公告","https://static.cninfo.com.cn/finalpage/2026-07-14/1225420815.PDF"
"璞源材料","603196","2026-07-14","2026年半年度业绩预增公告","https://static.cninfo.com.cn/finalpage/2026-07-14/1225420814.PDF"
"仙坛股份","002746","2026-07-14","2026年半年度业绩预告","https://static.cninfo.com.cn/finalpage/2026-07-14/1225420810.PDF"
"渝 开 发","000514","2026-07-14","2026年半年度业绩预告","https://static.cninfo.com.cn/finalpage/2026-07-14/1225420807.PDF"
"嘉美包装","002969","2026-07-14","2026年半年度业绩预告","https://static.cninfo.com.cn/finalpage/2026-07-14/1225420805.PDF"
"湘佳股份","002982","2026-07-14","2026年半年度业绩预告","https://static.cninfo.com.cn/finalpage/2026-07-14/1225420804.PDF"
"ST海泰","600082","2026-07-14","天津海泰科技发展股份有限公司2026年半年度业绩预告","https://static.cninfo.com.cn/finalpage/2026-07-14/1225420803.PDF"
"综艺股份","600770","2026-07-14","综艺股份2026年半年度业绩预增公告","https://static.cninfo.com.cn/finalpage/2026-07-14/1225420800.PDF"
"利群股份","601366","2026-07-14","利群商业集团股份有限公司2026年半年度业绩预告","https://static.cninfo.com.cn/finalpage/2026-07-14/1225420799.PDF"
"航天长峰","600855","2026-07-14","北京航天长峰股份有限公司2026年半年度业绩预亏公告","https://static.cninfo.com.cn/finalpage/2026-07-14/1225420794.PDF"
"丽人丽妆","605136","2026-07-14","2026年半年度业绩预告","https://static.cninfo.com.cn/finalpage/2026-07-14/1225420793.PDF"
"北大荒","600598","2026-07-14","黑龙江北大荒农业股份有限公司2026年半年度业绩预告","https://static.cninfo.com.cn/finalpage/2026-07-14/1225420790.PDF"
"茶花股份","603615","2026-07-14","2026年半年度业绩预告","https://static.cninfo.com.cn/finalpage/2026-07-14/1225420786.PDF"
"濮耐股份","002225","2026-07-14","2026年半年度业绩预告","https://static.cninfo.com.cn/finalpage/2026-07-14/1225420783.PDF"
"二六三","002467","2026-07-14","2026年半年度业绩预告","https://static.cninfo.com.cn/finalpage/2026-07-14/1225420782.PDF"
"富春染织","605189","2026-07-14","富春染织2026年半年度业绩预增公告","https://static.cninfo.com.cn/finalpage/2026-07-14/1225420773.PDF"
"哈空调","600202","2026-07-14","哈尔滨空调股份有限公司2026年半年度业绩预亏公告","https://static.cninfo.com.cn/finalpage/2026-07-14/1225420770.PDF"
"蓝科高新","601798","2026-07-14","蓝科高新2026年半年度业绩预增公告","https://static.cninfo.com.cn/finalpage/2026-07-14/1225420769.PDF"
"大元泵业","603757","2026-07-14","浙江大元泵业股份有限公司2026年半年度业绩预告","https://static.cninfo.com.cn/finalpage/2026-07-14/1225420766.PDF"
"中化国际","600500","2026-07-14","中化国际2026年半年度业绩预告","https://static.cninfo.com.cn/finalpage/2026-07-14/1225420764.PDF"
"风范股份","601700","2026-07-14","2026年半年度业绩预增公告","https://static.cninfo.com.cn/finalpage/2026-07-14/1225420762.PDF"
"北京利尔","002392","2026-07-14","2026年半年度业绩预告","https://static.cninfo.com.cn/finalpage/2026-07-14/1225420761.PDF"
"泰和新材","002254","2026-07-14","2026年半年度业绩预告","https://static.cninfo.com.cn/finalpage/2026-07-14/1225420760.PDF"
"汇通集团","603176","2026-07-14","汇通集团2026年半年度业绩预告","https://static.cninfo.com.cn/finalpage/2026-07-14/1225420750.PDF"
"志邦家居","603801","2026-07-14","志邦家居2026年半年度业绩预亏公告","https://static.cninfo.com.cn/finalpage/2026-07-14/1225420749.PDF"
"金煤科技","600844","2026-07-14","2026年半年度业绩预告","https://static.cninfo.com.cn/finalpage/2026-07-14/1225420748.PDF"
"昂立教育","600661","2026-07-14","昂立教育关于2026年半年度业绩预增的公告","https://static.cninfo.com.cn/finalpage/2026-07-14/1225420747.PDF"
"阿科力","603722","2026-07-14","无锡阿科力科技股份有限公司2026年半年度业绩预告","https://static.cninfo.com.cn/finalpage/2026-07-14/1225420746.PDF"
"菲林格尔","603226","2026-07-14","菲林格尔家居科技股份有限公司2026年半年度业绩预亏公告","https://static.cninfo.com.cn/finalpage/2026-07-14/1225420745.PDF"
"方大集团","000055","2026-07-14","2026年半年度业绩预告","https://static.cninfo.com.cn/finalpage/2026-07-14/1225420740.PDF"
"众鑫股份","603091","2026-07-14","关于2026年半年度业绩预增的公告","https://static.cninfo.com.cn/finalpage/2026-07-14/1225420723.PDF"
"昊华能源","601101","2026-07-14","北京昊华能源股份有限公司2026年半年度业绩预增公告","https://static.cninfo.com.cn/finalpage/2026-07-14/1225420721.PDF"
"爱丽家居","603221","2026-07-14","爱丽家居科技股份有限公司2026年半年度业绩预亏公告","https://static.cninfo.com.cn/finalpage/2026-07-14/1225420714.PDF"
"凤凰股份","600716","2026-07-14","凤凰股份2026年半年度业绩预亏公告","https://static.cninfo.com.cn/finalpage/2026-07-14/1225420711.PDF"
"宝丰能源","600989","2026-07-14","宁夏宝丰能源集团股份有限公司2026年半年度业绩预增公告","https://static.cninfo.com.cn/finalpage/2026-07-14/1225420709.PDF"
"江苏索普","600746","2026-07-14","江苏索普2026年半年度业绩预增公告","https://static.cninfo.com.cn/finalpage/2026-07-14/1225420707.PDF"
"森林包装","605500","2026-07-14","森林包装集团股份有限公司2026年半年度业绩预告的公告","https://static.cninfo.com.cn/finalpage/2026-07-14/1225420706.PDF"
"恒兴新材","603276","2026-07-14","2026年半年度业绩预告","https://static.cninfo.com.cn/finalpage/2026-07-14/1225420699.PDF"
"红蜻蜓","603116","2026-07-14","2026年半年度业绩预告公告","https://static.cninfo.com.cn/finalpage/2026-07-14/1225420698.PDF"
"罗欣药业","002793","2026-07-14","2026年半年度业绩预告","https://static.cninfo.com.cn/finalpage/2026-07-14/1225420689.PDF"
"昇兴股份","002752","2026-07-14","2026年半年度业绩预告","https://static.cninfo.com.cn/finalpage/2026-07-14/1225420687.PDF"
"德力股份","002571","2026-07-14","安徽德力日用玻璃股份有限公司2026年半年度业绩预告","https://static.cninfo.com.cn/finalpage/2026-07-14/1225420686.PDF"
"悦心健康","002162","2026-07-14","2026年半年度业绩预告","https://static.cninfo.com.cn/finalpage/2026-07-14/1225420684.PDF"
"强邦新材","001279","2026-07-14","2026年半年度业绩预告","https://static.cninfo.com.cn/finalpage/2026-07-14/1225420683.PDF"
"威尔泰","002058","2026-07-14","上海威尔泰工业自动化股份有限公司2026年半年度业绩预告","https://static.cninfo.com.cn/finalpage/2026-07-14/1225420682.PDF"
"*ST启环","000826","2026-07-14","启迪环境科技发展股份有限公司2026年半年度业绩预告","https://static.cninfo.com.cn/finalpage/2026-07-14/1225420681.PDF"
"锦旅Ｂ股","900929","2026-07-14","锦旅B股2026年半年度业绩预告","https://static.cninfo.com.cn/finalpage/2026-07-14/1225420679.PDF"
"邦基科技","603151","2026-07-14","山东邦基科技股份有限公司2026年半年度业绩预告","https://static.cninfo.com.cn/finalpage/2026-07-14/1225420678.PDF"
"明泰铝业","601677","2026-07-14","明泰铝业2026年半年度业绩预增公告","https://static.cninfo.com.cn/finalpage/2026-07-14/1225420675.PDF"
"园林股份","605303","2026-07-14","2026年半年度业绩预告","https://static.cninfo.com.cn/finalpage/2026-07-14/1225420673.PDF"
"威龙股份","603779","2026-07-14","威龙葡萄酒股份有限公司2026年半年度业绩预告","https://static.cninfo.com.cn/finalpage/2026-07-14/1225420671.PDF"
"富临运业","002357","2026-07-14","2026年半年度业绩预告","https://static.cninfo.com.cn/finalpage/2026-07-14/1225420651.PDF"
"恒星科技","002132","2026-07-14","公司2026年半年度业绩预告","https://static.cninfo.com.cn/finalpage/2026-07-14/1225420650.PDF"
"恒申新材","000782","2026-07-14","2026年半年度业绩预告","https://static.cninfo.com.cn/finalpage/2026-07-14/1225420649.PDF"
"南京公用","000421","2026-07-14","2026年半年度业绩预告","https://static.cninfo.com.cn/finalpage/2026-07-14/1225420648.PDF"
"晨光生物","300138","2026-07-13","2026年半年度业绩预告","https://static.cninfo.com.cn/finalpage/2026-07-13/1225421938.PDF"
"建新股份","300107","2026-07-13","河北建新化工股份有限公司2026年半年度业绩预告","https://static.cninfo.com.cn/finalpage/2026-07-13/1225421641.PDF"
"康龙化成","300759","2026-07-13","2026年半年度业绩预告","https://static.cninfo.com.cn/finalpage/2026-07-13/1225421809.PDF"
"鼎泰高科","301377","2026-07-13","2026年半年度业绩预告","https://static.cninfo.com.cn/finalpage/2026-07-13/1225422014.PDF"
"耐普矿机","300818","2026-07-13","2026年半年度业绩预告","https://static.cninfo.com.cn/finalpage/2026-07-13/1225422008.PDF"
"拓斯达","300607","2026-07-13","2026年半年度业绩预告","https://static.cninfo.com.cn/finalpage/2026-07-13/1225421948.PDF"
"飞荣达","300602","2026-07-13","2026年半年度业绩预告","https://static.cninfo.com.cn/finalpage/2026-07-13/1225421851.PDF"
"中伟新材","300919","2026-07-13","2026年半年度业绩预告","https://static.cninfo.com.cn/finalpage/2026-07-13/1225421779.PDF"
"拉卡拉","300773","2026-07-13","2026年半年度业绩预告","https://static.cninfo.com.cn/finalpage/2026-07-13/1225421723.PDF"
"大烨智能","300670","2026-07-13","2026年半年度业绩预告","https://static.cninfo.com.cn/finalpage/2026-07-13/1225421679.PDF"
"北京君正","300223","2026-07-13","2026年半年度业绩预告","https://static.cninfo.com.cn/finalpage/2026-07-13/1225421676.PDF"
"华宇软件","300271","2026-07-13","2026年半年度业绩预告","https://static.cninfo.com.cn/finalpage/2026-07-13/1225421636.PDF"
"国航远洋","920571","2026-07-13","2026年半年度业绩预告公告","https://static.cninfo.com.cn/finalpage/2026-07-13/1225422045.PDF"
"赛力斯","601127","2026-07-13","2026年半年度业绩预亏公告","https://static.cninfo.com.cn/finalpage/2026-07-13/1225420563.PDF"
"圣诺生物","688117","2026-07-13","2026年半年度业绩预告的自愿性披露公告","https://static.cninfo.com.cn/finalpage/2026-07-13/1225420559.PDF"
"杉杉股份","600884","2026-07-13","杉杉股份2026年半年度业绩预增公告","https://static.cninfo.com.cn/finalpage/2026-07-13/1225420522.PDF"
"三友化工","600409","2026-07-13","2026年半年度业绩预增公告","https://static.cninfo.com.cn/finalpage/2026-07-13/1225420521.PDF"
"山东钢铁","600022","2026-07-13","山东钢铁股份有限公司2026年半年度业绩预告","https://static.cninfo.com.cn/finalpage/2026-07-13/1225420502.PDF"
"神力股份","603819","2026-07-13","神力股份：2026年半年度业绩预增公告","https://static.cninfo.com.cn/finalpage/2026-07-13/1225420499.PDF"
"中国卫星","600118","2026-07-13","中国卫星2026年半年度业绩预告","https://static.cninfo.com.cn/finalpage/2026-07-13/1225420496.PDF"
"宁波富邦","600768","2026-07-13","宁波富邦2026年半年度业绩预增公告","https://static.cninfo.com.cn/finalpage/2026-07-13/1225420492.PDF"
"润都股份","002923","2026-07-13","2026年半年度业绩预告","https://static.cninfo.com.cn/finalpage/2026-07-13/1225419994.PDF"
"粤海饲料","001313","2026-07-13","2026年半年度业绩预告","https://static.cninfo.com.cn/finalpage/2026-07-13/1225419425.PDF"
"西子洁能","002534","2026-07-11","2026年半年度业绩预告","https://static.cninfo.com.cn/finalpage/2026-07-11/1225420313.PDF"
"中泰化学","002092","2026-07-11","新疆中泰化学股份有限公司2026年半年度业绩预告","https://static.cninfo.com.cn/finalpage/2026-07-11/1225420308.PDF"
"启明星辰","002439","2026-07-11","启明星辰2026年半年度业绩预告","https://static.cninfo.com.cn/finalpage/2026-07-11/1225420244.PDF"
"紫光股份","000938","2026-07-11","2026年半年度业绩预告","https://static.cninfo.com.cn/finalpage/2026-07-11/1225420242.PDF"
"华茂股份","000850","2026-07-11","2026年半年度业绩预告","https://static.cninfo.com.cn/finalpage/2026-07-11/1225420241.PDF"
"广汽集团","601238","2026-07-11","广汽集团2026年半年度业绩预告","https://static.cninfo.com.cn/finalpage/2026-07-11/1225420234.PDF"
"亿道信息","001314","2026-07-11","2026年半年度业绩预告","https://static.cninfo.com.cn/finalpage/2026-07-11/1225420030.PDF"
"九芝堂","000989","2026-07-11","2026年半年度业绩预告","https://static.cninfo.com.cn/finalpage/2026-07-11/1225420028.PDF"
"德生科技","002908","2026-07-11","2026年半年度业绩预告","https://static.cninfo.com.cn/finalpage/2026-07-11/1225420027.PDF"
"东方精工","002611","2026-07-11","2026年半年度业绩预告","https://static.cninfo.com.cn/finalpage/2026-07-11/1225420022.PDF"
"四环生物","000518","2026-07-11","江苏四环生物股份有限公司2026年半年度业绩预告","https://static.cninfo.com.cn/finalpage/2026-07-11/1225419997.PDF"
"世运电路","603920","2026-07-11","世运电路2026年半年度业绩预告","https://static.cninfo.com.cn/finalpage/2026-07-11/1225419947.PDF"
"品高股份","688227","2026-07-11","2026年半年度业绩预告","https://static.cninfo.com.cn/finalpage/2026-07-11/1225419835.PDF"
"方正科技","600601","2026-07-11","方正科技2026年半年度业绩预增公告","https://static.cninfo.com.cn/finalpage/2026-07-11/1225419786.PDF"
"永安林业","000663","2026-07-11","2026年半年度业绩预告","https://static.cninfo.com.cn/finalpage/2026-07-11/1225419624.PDF"
"惠博普","002554","2026-07-11","2026年半年度业绩预告","https://static.cninfo.com.cn/finalpage/2026-07-11/1225419584.PDF"
"*ST华幸","600340","2026-07-11","华夏幸福基业股份有限公司2026年半年度业绩预告","https://static.cninfo.com.cn/finalpage/2026-07-11/1225419575.PDF"
"风华高科","000636","2026-07-11","公司2026年半年度业绩预告","https://static.cninfo.com.cn/finalpage/2026-07-11/1225419544.PDF"
"牧原股份","002714","2026-07-11","2026年半年度业绩预告","https://static.cninfo.com.cn/finalpage/2026-07-11/1225419543.PDF"
"元祖股份","603886","2026-07-11","元祖股份2026年半年度业绩预告","https://static.cninfo.com.cn/finalpage/2026-07-11/1225419524.PDF"
"亚世光电","002952","2026-07-11","2026年半年度业绩预告","https://static.cninfo.com.cn/finalpage/2026-07-11/1225419516.PDF"
"北化股份","002246","2026-07-11","2026年半年度业绩预告","https://static.cninfo.com.cn/finalpage/2026-07-11/1225419515.PDF"
"中  鲁Ｂ","200992","2026-07-11","2026年半年度业绩预告","https://static.cninfo.com.cn/finalpage/2026-07-11/1225419504.PDF"
"鹿山新材","603051","2026-07-11","广州鹿山新材料股份有限公司2026年半年度业绩预增公告","https://static.cninfo.com.cn/finalpage/2026-07-11/1225419445.PDF"
"广田集团","002482","2026-07-11","2026年半年度业绩预告","https://static.cninfo.com.cn/finalpage/2026-07-11/1225419424.PDF"
"泰晶科技","603738","2026-07-11","泰晶科技股份有限公司2026年半年度业绩预告","https://static.cninfo.com.cn/finalpage/2026-07-11/1225419405.PDF"
"法狮龙","605318","2026-07-11","法狮龙家居建材股份有限公司2026年半年度业绩预告的公告","https://static.cninfo.com.cn/finalpage/2026-07-11/1225419402.PDF"
"红旗连锁","002697","2026-07-11","2026年半年度业绩预告","https://static.cninfo.com.cn/finalpage/2026-07-11/1225419398.PDF"
"多氟多","002407","2026-07-11","2026年半年度业绩预告","https://static.cninfo.com.cn/finalpage/2026-07-11/1225419392.PDF"
"泰尔股份","002347","2026-07-11","2026年半年度业绩预告","https://static.cninfo.com.cn/finalpage/2026-07-11/1225419390.PDF"
"天威视讯","002238","2026-07-11","天威视讯2026年半年度业绩预告","https://static.cninfo.com.cn/finalpage/2026-07-11/1225419382.PDF"
"四川黄金","001337","2026-07-11","2026年半年度业绩预告","https://static.cninfo.com.cn/finalpage/2026-07-11/1225419378.PDF"
"齐翔腾达","002408","2026-07-11","2026年半年度业绩预告","https://static.cninfo.com.cn/finalpage/2026-07-11/1225419289.PDF"
"宁通信B","200468","2026-07-11","2026年半年度业绩预告","https://static.cninfo.com.cn/finalpage/2026-07-11/1225419241.PDF"
"海正药业","600267","2026-07-11","浙江海正药业股份有限公司2026年半年度业绩预增公告","https://static.cninfo.com.cn/finalpage/2026-07-11/1225419223.PDF"
"安彩高科","600207","2026-07-11","安彩高科2026年半年度业绩预亏公告","https://static.cninfo.com.cn/finalpage/2026-07-11/1225419181.PDF"
"兰石重装","603169","2026-07-11","兰石重装2026年半年度业绩预告","https://static.cninfo.com.cn/finalpage/2026-07-11/1225419167.PDF"
"洛阳钼业","603993","2026-07-11","洛阳钼业2026年半年度业绩预增公告","https://static.cninfo.com.cn/finalpage/2026-07-11/1225419164.PDF"
"万东医疗","600055","2026-07-11","万东医疗2026年半年度业绩预告","https://static.cninfo.com.cn/finalpage/2026-07-11/1225419149.PDF"
"至纯科技","603690","2026-07-11","2026年半年度业绩预告","https://static.cninfo.com.cn/finalpage/2026-07-11/1225419146.PDF"
"丽岛新材","603937","2026-07-11","丽岛新材：2026年半年度业绩预告公告","https://static.cninfo.com.cn/finalpage/2026-07-11/1225419133.PDF"
"城投控股","600649","2026-07-11","上海城投控股股份有限公司2026年半年度业绩预告","https://static.cninfo.com.cn/finalpage/2026-07-11/1225419088.PDF"
"龙泉股份","002671","2026-07-11","2026年半年度业绩预告","https://static.cninfo.com.cn/finalpage/2026-07-11/1225419040.PDF"
"信德新材","301349","2026-07-11","2026年半年度业绩预告","https://static.cninfo.com.cn/finalpage/2026-07-11/1225418989.PDF"
"盛屯矿业","600711","2026-07-11","盛屯矿业集团股份有限公司2026年半年度业绩预增公告","https://static.cninfo.com.cn/finalpage/2026-07-11/1225418981.PDF"
"陕西煤业","601225","2026-07-11","陕西煤业股份有限公司2026年半年度业绩预增公告","https://static.cninfo.com.cn/finalpage/2026-07-11/1225418940.PDF"
"中船防务","600685","2026-07-11","中船防务2026年半年度业绩预增公告","https://static.cninfo.com.cn/finalpage/2026-07-11/1225418935.PDF"
"泉阳泉","600189","2026-07-11","关于2026年半年度业绩预增的公告","https://static.cninfo.com.cn/finalpage/2026-07-11/1225418933.PDF"
"晋亿实业","601002","2026-07-11","晋亿实业股份有限公司2026年半年度业绩预增公告","https://static.cninfo.com.cn/finalpage/2026-07-11/1225418927.PDF"
"万科A","000002","2026-07-11","2026年半年度业绩预告","https://static.cninfo.com.cn/finalpage/2026-07-11/1225418905.PDF"
"国恩股份","002768","2026-07-11","2026年半年度业绩预告","https://static.cninfo.com.cn/finalpage/2026-07-11/1225418898.PDF"
"国药现代","600420","2026-07-11","2026年半年度业绩预告","https://static.cninfo.com.cn/finalpage/2026-07-11/1225418861.PDF"
"清源股份","603628","2026-07-11","2026年半年度业绩预告","https://static.cninfo.com.cn/finalpage/2026-07-11/1225418854.PDF"
"深深房Ａ","000029","2026-07-11","2026年半年度业绩预告","https://static.cninfo.com.cn/finalpage/2026-07-11/1225418832.PDF"
"*ST集友","603429","2026-07-11","集友股份2026年半年度业绩预告","https://static.cninfo.com.cn/finalpage/2026-07-11/1225418826.PDF"
"中央商场","600280","2026-07-11","南京中央商场（集团）股份有限公司 2026年半年度业绩预亏公告","https://static.cninfo.com.cn/finalpage/2026-07-11/1225418825.PDF"
"哈森股份","603958","2026-07-11","2026年半年度业绩预告","https://static.cninfo.com.cn/finalpage/2026-07-11/1225418813.PDF"
"设计总院","603357","2026-07-11","设计总院2026年半年度业绩预告","https://static.cninfo.com.cn/finalpage/2026-07-11/1225418796.PDF"
"东贝集团","601956","2026-07-11","湖北东贝机电集团股份有限公司2026年半年度业绩预告","https://static.cninfo.com.cn/finalpage/2026-07-11/1225418771.PDF"
"中泰证券","600918","2026-07-11","中泰证券股份有限公司2026年半年度业绩预增公告","https://static.cninfo.com.cn/finalpage/2026-07-11/1225418769.PDF"
"航天晨光","600501","2026-07-11","航天晨光股份有限公司2026年半年度业绩预告","https://static.cninfo.com.cn/finalpage/2026-07-11/1225418768.PDF"
"长江证券","000783","2026-07-11","2026年半年度业绩预告","https://static.cninfo.com.cn/finalpage/2026-07-11/1225418758.PDF"
"华锦股份","000059","2026-07-11","2026年半年度业绩预告","https://static.cninfo.com.cn/finalpage/2026-07-11/1225418757.PDF"
"勤上股份","002638","2026-07-11","2026年半年度业绩预告","https://static.cninfo.com.cn/finalpage/2026-07-11/1225418753.PDF"
"盈新发展","000620","2026-07-11","2026年半年度业绩预告","https://static.cninfo.com.cn/finalpage/2026-07-11/1225418752.PDF"
"顺发恒能","000631","2026-07-11","顺发恒能股份公司2026年半年度业绩预告","https://static.cninfo.com.cn/finalpage/2026-07-11/1225418683.PDF"
"交投生态","002200","2026-07-11","2026年半年度业绩预告","https://static.cninfo.com.cn/finalpage/2026-07-11/1225418643.PDF"
"新朋股份","002328","2026-07-11","上海新朋实业股份有限公司2026年半年度业绩预告","https://static.cninfo.com.cn/finalpage/2026-07-11/1225418640.PDF"
"广弘控股","000529","2026-07-11","2026年半年度业绩预告","https://static.cninfo.com.cn/finalpage/2026-07-11/1225418614.PDF"
"翰宇药业","300199","2026-07-11","2026年半年度业绩预告","https://static.cninfo.com.cn/finalpage/2026-07-11/1225418613.PDF"
"中信证券","600030","2026-07-11","中信证券股份有限公司2026年半年度业绩预增公告","https://static.cninfo.com.cn/finalpage/2026-07-11/1225418583.PDF"
"盛和资源","600392","2026-07-11","盛和资源控股股份有限公司2026年半年度业绩预增预告","https://static.cninfo.com.cn/finalpage/2026-07-11/1225418574.PDF"
"大庆华科","000985","2026-07-11","大庆华科股份有限公司2026年半年度业绩预告","https://static.cninfo.com.cn/finalpage/2026-07-11/1225418550.PDF"
"天府文旅","000558","2026-07-11","2026年半年度业绩预告","https://static.cninfo.com.cn/finalpage/2026-07-11/1225418546.PDF"
"三孚股份","603938","2026-07-11","三孚股份：2026年半年度业绩预告","https://static.cninfo.com.cn/finalpage/2026-07-11/1225418515.PDF"
"安孚科技","603031","2026-07-11","安徽安孚电池科技股份有限公司2026年半年度业绩预告","https://static.cninfo.com.cn/finalpage/2026-07-11/1225418505.PDF"
"时代万恒","600241","2026-07-11","辽宁时代万恒股份有限公司2026年半年度业绩预亏公告","https://static.cninfo.com.cn/finalpage/2026-07-11/1225418504.PDF"
"安凯客车","000868","2026-07-11","2026年半年度业绩预告","https://static.cninfo.com.cn/finalpage/2026-07-11/1225418494.PDF"
"三六零","601360","2026-07-11","三六零安全科技股份有限公司2026年半年度业绩预告","https://static.cninfo.com.cn/finalpage/2026-07-11/1225418483.PDF"
"江苏新能","603693","2026-07-11","江苏新能2026年半年度业绩预告","https://static.cninfo.com.cn/finalpage/2026-07-11/1225418477.PDF"
"抚顺特钢","600399","2026-07-11","抚顺特钢：2026年半年度业绩预亏公告","https://static.cninfo.com.cn/finalpage/2026-07-11/1225418474.PDF"
"陕建股份","600248","2026-07-11","陕西建工集团股份有限公司2026年半年度业绩预告","https://static.cninfo.com.cn/finalpage/2026-07-11/1225418472.PDF"
"盘江股份","600395","2026-07-11","盘江股份2026年半年度业绩预告","https://static.cninfo.com.cn/finalpage/2026-07-11/1225418466.PDF"
"梅花生物","600873","2026-07-11","梅花生物2026年半年度业绩预告","https://static.cninfo.com.cn/finalpage/2026-07-11/1225418465.PDF"
"中 关 村","000931","2026-07-11","2026年半年度业绩预告","https://static.cninfo.com.cn/finalpage/2026-07-11/1225418448.PDF"
"天沃科技","002564","2026-07-11","2026年半年度业绩预告","https://static.cninfo.com.cn/finalpage/2026-07-11/1225418446.PDF"
"焦作万方","000612","2026-07-11","焦作万方铝业股份有限公司2026年半年度业绩预告","https://static.cninfo.com.cn/finalpage/2026-07-11/1225418445.PDF"
"中矿资源","002738","2026-07-11","2026年半年度业绩预告","https://static.cninfo.com.cn/finalpage/2026-07-11/1225418433.PDF"
"诚志股份","000990","2026-07-11","2026年半年度业绩预告","https://static.cninfo.com.cn/finalpage/2026-07-11/1225418431.PDF"
"云维股份","600725","2026-07-11","云维股份2026年半年度业绩预亏公告","https://static.cninfo.com.cn/finalpage/2026-07-11/1225418400.PDF"
"麦加芯彩","603062","2026-07-11","2026年半年度业绩预告","https://static.cninfo.com.cn/finalpage/2026-07-11/1225418387.PDF"
"华新建材","600801","2026-07-11","2026年半年度业绩预增公告","https://static.cninfo.com.cn/finalpage/2026-07-11/1225418381.PDF"
"北京文化","000802","2026-07-11","2026年半年度业绩预告","https://static.cninfo.com.cn/finalpage/2026-07-11/1225418375.PDF"
"ST兴化","002109","2026-07-11","2026-038 2026年半年度业绩预告","https://static.cninfo.com.cn/finalpage/2026-07-11/1225418360.PDF"
"翔鹭钨业","002842","2026-07-11","广东翔鹭钨业股份有限公司2026年半年度业绩预告_20260710_102319","https://static.cninfo.com.cn/finalpage/2026-07-11/1225418359.PDF"
"华鑫股份","600621","2026-07-11","华鑫股份2026年半年度业绩预增公告","https://static.cninfo.com.cn/finalpage/2026-07-11/1225418354.PDF"
"嘉化能源","600273","2026-07-11","1、【2026-029】嘉化能源：2026年半年度业绩预告","https://static.cninfo.com.cn/finalpage/2026-07-11/1225418349.PDF"
"中远海能","600026","2026-07-11","中远海能2026年半年度业绩预增公告","https://static.cninfo.com.cn/finalpage/2026-07-11/1225418348.PDF"
"杭钢股份","600126","2026-07-11","杭州钢铁股份有限公司2026年半年度业绩预告","https://static.cninfo.com.cn/finalpage/2026-07-11/1225418345.PDF"
"宏桥控股","002379","2026-07-11","2026年半年度业绩预告","https://static.cninfo.com.cn/finalpage/2026-07-11/1225418343.PDF"
"维科技术","600152","2026-07-11","维科技术2026年半年度业绩预亏公告","https://static.cninfo.com.cn/finalpage/2026-07-11/1225418334.PDF"
"开滦股份","600997","2026-07-11","开滦能源化工股份有限公司2026年半年度业绩预亏公告","https://static.cninfo.com.cn/finalpage/2026-07-11/1225418315.PDF"
"银龙股份","603969","2026-07-11","天津银龙集团股份有限公司2026年半年度业绩预增公告","https://static.cninfo.com.cn/finalpage/2026-07-11/1225418302.PDF"
"常青科技","603125","2026-07-11","2026年半年度业绩预告","https://static.cninfo.com.cn/finalpage/2026-07-11/1225418260.PDF"
"六国化工","600470","2026-07-11","六国化工2026年半年度业绩预告","https://static.cninfo.com.cn/finalpage/2026-07-11/1225418245.PDF"
"三星电气","601567","2026-07-11","三星电气2026年半年度业绩预告","https://static.cninfo.com.cn/finalpage/2026-07-11/1225418244.PDF"
"北方导航","600435","2026-07-11","北方导航2026年半年度业绩预亏公告","https://static.cninfo.com.cn/finalpage/2026-07-11/1225418239.PDF"
"凤竹纺织","600493","2026-07-11","凤竹纺织2026年半年度业绩预告","https://static.cninfo.com.cn/finalpage/2026-07-11/1225418233.PDF"
"绿地控股","600606","2026-07-11","绿地控股2026年半年度业绩预告","https://static.cninfo.com.cn/finalpage/2026-07-11/1225418231.PDF"
"岳阳林纸","600963","2026-07-11","岳阳林纸股份有限公司2026年半年度业绩预亏公告","https://static.cninfo.com.cn/finalpage/2026-07-11/1225418230.PDF"
"珠江啤酒","002461","2026-07-11","2026年半年度业绩预告","https://static.cninfo.com.cn/finalpage/2026-07-11/1225418213.PDF"
"中粮科技","000930","2026-07-11","2026年半年度业绩预告","https://static.cninfo.com.cn/finalpage/2026-07-11/1225418212.PDF"
"同兴达","002845","2026-07-11","深圳同兴达科技股份有限公司2026年半年度业绩预告","https://static.cninfo.com.cn/finalpage/2026-07-11/1225418184.PDF"
"瑞泰科技","002066","2026-07-11","2026年半年度业绩预告","https://static.cninfo.com.cn/finalpage/2026-07-11/1225418183.PDF"
"融捷股份","002192","2026-07-11","2026年半年度业绩预告","https://static.cninfo.com.cn/finalpage/2026-07-11/1225418172.PDF"
"交大思诺","300851","2026-07-10","2026年半年度业绩预告","https://static.cninfo.com.cn/finalpage/2026-07-10/1225419655.PDF"
"米奥会展","300795","2026-07-10","2026年半年度业绩预告","https://static.cninfo.com.cn/finalpage/2026-07-10/1225419492.PDF"
"力量钻石","301071","2026-07-10","2026年半年度业绩预告","https://static.cninfo.com.cn/finalpage/2026-07-10/1225419476.PDF"
"冰川网络","300533","2026-07-10","2026年半年度业绩预告","https://static.cninfo.com.cn/finalpage/2026-07-10/1225418828.PDF"
"慈星股份","300307","2026-07-10","2026年半年度业绩预告","https://static.cninfo.com.cn/finalpage/2026-07-10/1225418706.PDF"
"香农芯创","300475","2026-07-10","2026年半年度业绩预告","https://static.cninfo.com.cn/finalpage/2026-07-10/1225418356.PDF"
"天和磁材","603072","2026-07-10","2026年半年度业绩预告","https://static.cninfo.com.cn/finalpage/2026-07-10/1225417815.PDF"
"紫金矿业","601899","2026-07-10","紫金矿业集团股份有限公司2026年半年度业绩预增公告","https://static.cninfo.com.cn/finalpage/2026-07-10/1225417751.PDF"
"鼎龙股份","300054","2026-07-10","2026年半年度业绩预告","https://static.cninfo.com.cn/finalpage/2026-07-10/1225417683.PDF"
"富春环保","002479","2026-07-10","2026年半年度业绩预告","https://static.cninfo.com.cn/finalpage/2026-07-10/1225417602.PDF"
"苏州科达","603660","2026-07-10","2026年半年度业绩预亏公告","https://static.cninfo.com.cn/finalpage/2026-07-10/1225417470.PDF"
"红太阳","000525","2026-07-10","2026年半年度业绩预告","https://static.cninfo.com.cn/finalpage/2026-07-10/1225417364.PDF"
"恩捷股份","002812","2026-07-10","公司2026年半年度业绩预告","https://static.cninfo.com.cn/finalpage/2026-07-10/1225417346.PDF"
"工业富联","601138","2026-07-10","富士康工业互联网股份有限公司2026年半年度业绩预增公告","https://static.cninfo.com.cn/finalpage/2026-07-10/1225417297.PDF"
"西部矿业","601168","2026-07-10","西部矿业2026年半年度业绩预告","https://static.cninfo.com.cn/finalpage/2026-07-10/1225417296.PDF"
"高能环境","603588","2026-07-10","高能环境2026年半年度业绩预增公告","https://static.cninfo.com.cn/finalpage/2026-07-10/1225417293.PDF"
"博隆技术","603325","2026-07-10","2026年半年度业绩预告","https://static.cninfo.com.cn/finalpage/2026-07-10/1225417266.PDF"
"丰元股份","002805","2026-07-10","2026年半年度业绩预告","https://static.cninfo.com.cn/finalpage/2026-07-10/1225417231.PDF"
"三维通信","002115","2026-07-10","2026年半年度业绩预告","https://static.cninfo.com.cn/finalpage/2026-07-10/1225417180.PDF"
"大族激光","002008","2026-07-10","2026年半年度业绩预告","https://static.cninfo.com.cn/finalpage/2026-07-10/1225417179.PDF"
"兆易创新","603986","2026-07-10","兆易创新2026年半年度业绩预增公告","https://static.cninfo.com.cn/finalpage/2026-07-10/1225417171.PDF"
"宇晶股份","002943","2026-07-10","2026年半年度业绩预告","https://static.cninfo.com.cn/finalpage/2026-07-10/1225417086.PDF"
"统一股份","600506","2026-07-10","统一低碳科技（新疆）股份有限公司2026年半年度业绩预增公告","https://static.cninfo.com.cn/finalpage/2026-07-10/1225417071.PDF"
"天华新能","300390","2026-07-10","2026年半年度业绩预告","https://static.cninfo.com.cn/finalpage/2026-07-10/1225417014.PDF"
"新时达","002527","2026-07-10","2026年半年度业绩预告","https://static.cninfo.com.cn/finalpage/2026-07-10/1225416828.PDF"
"岳阳兴长","000819","2026-07-10","2026年半年度业绩预告","https://static.cninfo.com.cn/finalpage/2026-07-10/1225416802.PDF"
"岱美股份","603730","2026-07-10","上海岱美汽车内饰件股份有限公司2026年半年度业绩预告","https://static.cninfo.com.cn/finalpage/2026-07-10/1225416771.PDF"
"南华生物","000504","2026-07-10","2026-037 南华生物2026年半年度业绩预告的公告","https://static.cninfo.com.cn/finalpage/2026-07-10/1225416733.PDF"
"天赐材料","002709","2026-07-10","2026年半年度业绩预告","https://static.cninfo.com.cn/finalpage/2026-07-10/1225416732.PDF"
"丽臣实业","001218","2026-07-10","2026年半年度业绩预告","https://static.cninfo.com.cn/finalpage/2026-07-10/1225416731.PDF"
"甘肃能源","000791","2026-07-10","2026年半年度业绩预告","https://static.cninfo.com.cn/finalpage/2026-07-10/1225416727.PDF"
"罗曼股份","605289","2026-07-10","罗曼股份：2026年半年度业绩预告","https://static.cninfo.com.cn/finalpage/2026-07-10/1225416708.PDF"
"黔源电力","002039","2026-07-10","2026年半年度业绩预告","https://static.cninfo.com.cn/finalpage/2026-07-10/1225416666.PDF"
"神火股份","000933","2026-07-10","河南神火煤电股份有限公司2026年半年度业绩预告","https://static.cninfo.com.cn/finalpage/2026-07-10/1225416665.PDF"
"新安股份","600596","2026-07-10","新安股份2026年半年度业绩预增公告","https://static.cninfo.com.cn/finalpage/2026-07-10/1225416652.PDF"
"中远海特","600428","2026-07-10","中远海运特种运输股份有限公司2026年半年度业绩预增公告","https://static.cninfo.com.cn/finalpage/2026-07-10/1225416650.PDF"
"大智慧","601519","2026-07-10","2026年半年度业绩预告","https://static.cninfo.com.cn/finalpage/2026-07-10/1225416642.PDF"
"吉宏股份","002803","2026-07-10","2026年半年度业绩预告","https://static.cninfo.com.cn/finalpage/2026-07-10/1225416635.PDF"
"张家界","000430","2026-07-10","张家界旅游集团股份有限公司2026年半年度业绩预告","https://static.cninfo.com.cn/finalpage/2026-07-10/1225416629.PDF"
"正邦科技","002157","2026-07-10","2026年半年度业绩预告","https://static.cninfo.com.cn/finalpage/2026-07-10/1225416598.PDF"
"奥康国际","603001","2026-07-10","2026年半年度业绩预告公告","https://static.cninfo.com.cn/finalpage/2026-07-10/1225416590.PDF"
"华菱钢铁","000932","2026-07-10","2026年半年度业绩预告","https://static.cninfo.com.cn/finalpage/2026-07-10/1225416579.PDF"
"力鼎光电","605118","2026-07-10","力鼎光电2026年半年度业绩预增公告","https://static.cninfo.com.cn/finalpage/2026-07-10/1225416540.PDF"
"大连电瓷","002606","2026-07-10","大连电瓷集团股份有限公司2026年半年度业绩预告","https://static.cninfo.com.cn/finalpage/2026-07-10/1225416529.PDF"
"飞龙股份","002536","2026-07-10","飞龙汽车部件股份有限公司2026年半年度业绩预告","https://static.cninfo.com.cn/finalpage/2026-07-10/1225416528.PDF"
"新北洋","002376","2026-07-10","2026年半年度业绩预增公告","https://static.cninfo.com.cn/finalpage/2026-07-10/1225416527.PDF"
"财达证券","600906","2026-07-10","财达证券股份有限公司2026年半年度业绩预增公告","https://static.cninfo.com.cn/finalpage/2026-07-10/1225416518.PDF"
"财通证券","601108","2026-07-10","2026年半年度业绩预增公告","https://static.cninfo.com.cn/finalpage/2026-07-10/1225416486.PDF"
"哈药股份","600664","2026-07-10","哈药集团股份有限公司2026年半年度业绩预增公告","https://static.cninfo.com.cn/finalpage/2026-07-10/1225416436.PDF"
"大族数控","301200","2026-07-09","2026年半年度业绩预告","https://static.cninfo.com.cn/finalpage/2026-07-09/1225417685.PDF"
"青木科技","301110","2026-07-09","2026年半年度业绩预告","https://static.cninfo.com.cn/finalpage/2026-07-09/1225417499.PDF"
"鸿富瀚","301086","2026-07-09","2026年半年度业绩预告","https://static.cninfo.com.cn/finalpage/2026-07-09/1225417510.PDF"
"全志科技","300458","2026-07-09","2026年半年度业绩预告","https://static.cninfo.com.cn/finalpage/2026-07-09/1225417492.PDF"
"艾比森","300389","2026-07-09","2026年半年度业绩预告","https://static.cninfo.com.cn/finalpage/2026-07-09/1225417427.PDF"
"新宙邦","300037","2026-07-09","2026年半年度业绩预告","https://static.cninfo.com.cn/finalpage/2026-07-09/1225416878.PDF"
"优博讯","300531","2026-07-09","2026年半年度业绩预告","https://static.cninfo.com.cn/finalpage/2026-07-09/1225416879.PDF"
"美畅股份","300861","2026-07-09","2026年半年度业绩预告","https://static.cninfo.com.cn/finalpage/2026-07-09/1225416877.PDF"
"江淮汽车","600418","2026-07-09","江淮汽车2026年半年度业绩预亏公告","https://static.cninfo.com.cn/finalpage/2026-07-09/1225416003.PDF"
"高德红外","002414","2026-07-09","2026年半年度业绩预告","https://static.cninfo.com.cn/finalpage/2026-07-09/1225415917.PDF"
"诚邦股份","603316","2026-07-09","诚邦智芯科技股份有限公司2026年半年度业绩预告","https://static.cninfo.com.cn/finalpage/2026-07-09/1225415905.PDF"
"天味食品","603317","2026-07-09","2026年半年度业绩预增公告","https://static.cninfo.com.cn/finalpage/2026-07-09/1225415844.PDF"
"京东方Ａ","000725","2026-07-09","2026年半年度业绩预告","https://static.cninfo.com.cn/finalpage/2026-07-09/1225415802.PDF"
"皖维高新","600063","2026-07-09","皖维高新2026年半年度业绩预告的自愿性披露公告","https://static.cninfo.com.cn/finalpage/2026-07-09/1225415788.PDF"
"盛视科技","002990","2026-07-09","2026年半年度业绩预告","https://static.cninfo.com.cn/finalpage/2026-07-09/1225415752.PDF"
"长高电气","002452","2026-07-09","2026年半年度业绩预告","https://static.cninfo.com.cn/finalpage/2026-07-09/1225415737.PDF"
"星网宇达","002829","2026-07-09","2026年半年度业绩预告","https://static.cninfo.com.cn/finalpage/2026-07-09/1225415695.PDF"
"国创高新","002377","2026-07-09","2026年半年度业绩预告","https://static.cninfo.com.cn/finalpage/2026-07-09/1225415694.PDF"
"盛新锂能","002240","2026-07-09","2026年半年度业绩预告","https://static.cninfo.com.cn/finalpage/2026-07-09/1225415616.PDF"
"英 力 特","000635","2026-07-09","2026年半年度业绩预告","https://static.cninfo.com.cn/finalpage/2026-07-09/1225415614.PDF"
"国投丰乐","000713","2026-07-09","2026年半年度业绩预告","https://static.cninfo.com.cn/finalpage/2026-07-09/1225415569.PDF"
"特发信息","000070","2026-07-09","2026年半年度业绩预告","https://static.cninfo.com.cn/finalpage/2026-07-09/1225415568.PDF"
"纳微科技","688690","2026-07-09","苏州纳微科技股份有限公司2026年半年度业绩预告的自愿性披露公告","https://static.cninfo.com.cn/finalpage/2026-07-09/1225415555.PDF"
"天津普林","002134","2026-07-09","2026年半年度业绩预告","https://static.cninfo.com.cn/finalpage/2026-07-09/1225415524.PDF"
"科达制造","600499","2026-07-09","科达制造股份有限公司2026年半年度业绩预增公告","https://static.cninfo.com.cn/finalpage/2026-07-09/1225415455.PDF"
"江西铜业","600362","2026-07-09","江西铜业股份有限公司2026年半年度业绩预告","https://static.cninfo.com.cn/finalpage/2026-07-09/1225415300.PDF"
"海思科","002653","2026-07-09","2026年半年度业绩预告","https://static.cninfo.com.cn/finalpage/2026-07-09/1225415163.pdf"
"新乡化纤","000949","2026-07-09","新乡化纤股份有限公司2026年半年度业绩预告","https://static.cninfo.com.cn/finalpage/2026-07-09/1225415157.PDF"
"鲁北化工","600727","2026-07-09","鲁北化工2026年半年度业绩预增公告","https://static.cninfo.com.cn/finalpage/2026-07-09/1225415145.PDF"
"中孚实业","600595","2026-07-09","河南中孚实业股份有限公司2026年半年度业绩预增公告","https://static.cninfo.com.cn/finalpage/2026-07-09/1225415139.PDF"
"景兴纸业","002067","2026-07-09","2026年半年度业绩预告","https://static.cninfo.com.cn/finalpage/2026-07-09/1225415093.PDF"
"宝鼎科技","002552","2026-07-09","2026年半年度业绩预告","https://static.cninfo.com.cn/finalpage/2026-07-09/1225415092.PDF"
"华测检测","300012","2026-07-09","2026年半年度业绩预告","https://static.cninfo.com.cn/finalpage/2026-07-09/1225415059.PDF"
"亚翔集成","603929","2026-07-09","2026年半年度业绩预告","https://static.cninfo.com.cn/finalpage/2026-07-09/1225415036.PDF"
"中金公司","601995","2026-07-09","中金公司2026年半年度业绩预增公告","https://static.cninfo.com.cn/finalpage/2026-07-09/1225415033.PDF"
"国脉科技","002093","2026-07-09","2026年半年度业绩预告","https://static.cninfo.com.cn/finalpage/2026-07-09/1225414990.PDF"
"德美化工","002054","2026-07-09","2026年半年度业绩预告","https://static.cninfo.com.cn/finalpage/2026-07-09/1225414989.PDF"
"株冶集团","600961","2026-07-09","株冶集团2026年半年度业绩预告","https://static.cninfo.com.cn/finalpage/2026-07-09/1225414868.PDF"
"巨星科技","002444","2026-07-09","杭州巨星科技股份有限公司2026年半年度业绩预告","https://static.cninfo.com.cn/finalpage/2026-07-09/1225414821.PDF"
"华昌化工","002274","2026-07-09","2026年半年度业绩预告","https://static.cninfo.com.cn/finalpage/2026-07-09/1225414820.PDF"
"亚联机械","001395","2026-07-09","2026年半年度业绩预告","https://static.cninfo.com.cn/finalpage/2026-07-09/1225414819.PDF"
"东材科技","601208","2026-07-09","四川东材科技集团股份有限公司2026年半年度业绩预增公告","https://static.cninfo.com.cn/finalpage/2026-07-09/1225414813.PDF"
"天风证券","601162","2026-07-09","天风证券股份有限公司2026年半年度业绩预增公告","https://static.cninfo.com.cn/finalpage/2026-07-09/1225414783.PDF"
"骏亚科技","603386","2026-07-09","骏亚科技：2026年半年度业绩预亏公告","https://static.cninfo.com.cn/finalpage/2026-07-09/1225414779.PDF"
"上海雅仕","603329","2026-07-09","2026年半年度业绩预增公告","https://static.cninfo.com.cn/finalpage/2026-07-09/1225414729.PDF"
"德业股份","605117","2026-07-09","2026年半年度业绩预增公告","https://static.cninfo.com.cn/finalpage/2026-07-09/1225414720.PDF"
"风语筑","603466","2026-07-09","上海风语筑文化科技股份有限公司2026年半年度业绩预告","https://static.cninfo.com.cn/finalpage/2026-07-09/1225414705.PDF"
"五洲特纸","605007","2026-07-09","五洲特种纸业集团股份有限公司2026年半年度业绩预告","https://static.cninfo.com.cn/finalpage/2026-07-09/1225414646.PDF"
"恒通股份","603223","2026-07-09","恒通物流股份有限公司2026年半年度业绩预告","https://static.cninfo.com.cn/finalpage/2026-07-09/1225414644.PDF"
"沧州大化","600230","2026-07-09","沧州大化股份有限公司2026年半年度业绩预增公告","https://static.cninfo.com.cn/finalpage/2026-07-09/1225414641.PDF"
"祥源新材","300980","2026-07-08","2026年半年度业绩预告","https://static.cninfo.com.cn/finalpage/2026-07-08/1225416115.PDF"
"本川智能","300964","2026-07-08","2026年半年度业绩预告","https://static.cninfo.com.cn/finalpage/2026-07-08/1225415566.PDF"
"雅创电子","301099","2026-07-08","2026年半年度业绩预告","https://static.cninfo.com.cn/finalpage/2026-07-08/1225415198.PDF"
"大地海洋","301068","2026-07-08","2026年半年度业绩预告","https://static.cninfo.com.cn/finalpage/2026-07-08/1225414585.PDF"
"行云科技","300209","2026-07-08","2026年半年度业绩预告","https://static.cninfo.com.cn/finalpage/2026-07-08/1225414321.PDF"
"浪潮信息","000977","2026-07-08","2026年半年度业绩预告","https://static.cninfo.com.cn/finalpage/2026-07-08/1225414299.PDF"
"渤海租赁","000415","2026-07-08","2026年半年度业绩预告","https://static.cninfo.com.cn/finalpage/2026-07-08/1225414277.PDF"
"欧菲光","002456","2026-07-08","2026年半年度业绩预告","https://static.cninfo.com.cn/finalpage/2026-07-08/1225414276.PDF"
"坤彩科技","603826","2026-07-08","2026年半年度业绩预增公告","https://static.cninfo.com.cn/finalpage/2026-07-08/1225414245.PDF"
"安凯微","688620","2026-07-08","广州安凯微电子股份有限公司2026年半年度业绩预告","https://static.cninfo.com.cn/finalpage/2026-07-08/1225414123.PDF"
"复旦微电","688385","2026-07-08","2026年半年度业绩预告的自愿性披露公告","https://static.cninfo.com.cn/finalpage/2026-07-08/1225414120.PDF"
"宜宾纸业","600793","2026-07-08","2026年半年度业绩预告","https://static.cninfo.com.cn/finalpage/2026-07-08/1225414088.PDF"
"*ST国中","600187","2026-07-08","2026年半年度业绩预告","https://static.cninfo.com.cn/finalpage/2026-07-08/1225414043.PDF"
"*ST柳化","600423","2026-07-08","*ST柳化2026年半年度业绩预增公告","https://static.cninfo.com.cn/finalpage/2026-07-08/1225413845.PDF"
"高争民爆","002827","2026-07-08","西藏高争民爆股份有限公司2026年半年度业绩预告","https://static.cninfo.com.cn/finalpage/2026-07-08/1225413833.PDF"
"锦浪科技","300763","2026-07-08","2026年半年度业绩预告","https://static.cninfo.com.cn/finalpage/2026-07-08/1225413772.PDF"
"荣晟环保","603165","2026-07-08","浙江荣晟环保纸业股份有限公司2026年半年度业绩预增公告","https://static.cninfo.com.cn/finalpage/2026-07-08/1225413762.PDF"
"巨人网络","002558","2026-07-08","巨人网络集团股份有限公司2026年半年度业绩预告","https://static.cninfo.com.cn/finalpage/2026-07-08/1225413627.PDF"
"广合科技","001389","2026-07-08","2026年半年度业绩预告","https://static.cninfo.com.cn/finalpage/2026-07-08/1225413587.PDF"
"南华期货","603093","2026-07-08","南华期货股份有限公司2026年半年度业绩预增公告","https://static.cninfo.com.cn/finalpage/2026-07-08/1225413501.PDF"
"国城矿业","000688","2026-07-08","2026年半年度业绩预告","https://static.cninfo.com.cn/finalpage/2026-07-08/1225413242.PDF"
"招商证券","600999","2026-07-08","2026年半年度业绩预增公告","https://static.cninfo.com.cn/finalpage/2026-07-08/1225413234.PDF"
"松发股份","603268","2026-07-08","2026年半年度业绩预增公告","https://static.cninfo.com.cn/finalpage/2026-07-08/1225413227.PDF"
"瑞芯微","603893","2026-07-08","2026年半年度业绩预告","https://static.cninfo.com.cn/finalpage/2026-07-08/1225413225.PDF"
"智微智能","001339","2026-07-08","2026年半年度业绩预告","https://static.cninfo.com.cn/finalpage/2026-07-08/1225413198.PDF"
"石化机械","000852","2026-07-08","公司2026年半年度业绩预告","https://static.cninfo.com.cn/finalpage/2026-07-08/1225413197.PDF"
"索菱股份","002766","2026-07-08","2026年半年度业绩预告","https://static.cninfo.com.cn/finalpage/2026-07-08/1225413009.PDF"
"创维数字","000810","2026-07-08","2026年半年度业绩预告","https://static.cninfo.com.cn/finalpage/2026-07-08/1225412919.PDF"
"金徽股份","603132","2026-07-08","金徽股份2026年半年度业绩预增公告","https://static.cninfo.com.cn/finalpage/2026-07-08/1225412831.PDF"
"山东赫达","002810","2026-07-08","山东赫达集团股份有限公司2026年半年度业绩预告","https://static.cninfo.com.cn/finalpage/2026-07-08/1225412751.PDF"
"百隆东方","601339","2026-07-08","百隆东方2026年半年度业绩预增公告","https://static.cninfo.com.cn/finalpage/2026-07-08/1225412744.PDF"
"海通发展","603162","2026-07-08","福建海通发展股份有限公司2026年半年度业绩预增公告","https://static.cninfo.com.cn/finalpage/2026-07-08/1225412740.PDF"
"新联电子","002546","2026-07-08","2026年半年度业绩预告","https://static.cninfo.com.cn/finalpage/2026-07-08/1225412721.PDF"
"联动科技","301369","2026-07-07","2026年半年度业绩预告","https://static.cninfo.com.cn/finalpage/2026-07-07/1225413823.PDF"
"光库科技","300620","2026-07-07","2026年半年度业绩预告","https://static.cninfo.com.cn/finalpage/2026-07-07/1225412846.PDF"
"滨化股份","601678","2026-07-07","滨化股份2026年半年度业绩预增公告","https://static.cninfo.com.cn/finalpage/2026-07-07/1225412523.PDF"
"藏格矿业","000408","2026-07-07","2026年半年度业绩预告","https://static.cninfo.com.cn/finalpage/2026-07-07/1225412388.PDF"
"航锦科技","000818","2026-07-07","2026年半年度业绩预告","https://static.cninfo.com.cn/finalpage/2026-07-07/1225412294.PDF"
"赛意信息","300687","2026-07-07","2026年半年度业绩预告","https://static.cninfo.com.cn/finalpage/2026-07-07/1225412260.PDF"
"越秀资本","000987","2026-07-07","2026年半年度业绩预增公告","https://static.cninfo.com.cn/finalpage/2026-07-07/1225412129.PDF"
"雅化集团","002497","2026-07-07","2026年半年度业绩预告","https://static.cninfo.com.cn/finalpage/2026-07-07/1225411869.PDF"
"松霖科技","603992","2026-07-07","2026年半年度业绩预增公告","https://static.cninfo.com.cn/finalpage/2026-07-07/1225411859.PDF"
"沃华医药","002107","2026-07-07","山东沃华医药科技股份有限公司2026年半年度业绩预告","https://static.cninfo.com.cn/finalpage/2026-07-07/1225411830.PDF"
"燕京啤酒","000729","2026-07-07","2026年半年度业绩预告","https://static.cninfo.com.cn/finalpage/2026-07-07/1225411828.PDF"
"容百科技","688005","2026-07-07","2026年半年度业绩预告的自愿性披露公告","https://static.cninfo.com.cn/finalpage/2026-07-07/1225411751.PDF"
"浙江东方","600120","2026-07-07","浙江东方控股集团股份有限公司2026年半年度业绩预告","https://static.cninfo.com.cn/finalpage/2026-07-07/1225411487.PDF"
"兴通股份","603209","2026-07-07","兴通海运股份有限公司2026年半年度业绩预增公告","https://static.cninfo.com.cn/finalpage/2026-07-07/1225411227.PDF"
"视源股份","002841","2026-07-07","2026年半年度业绩预告","https://static.cninfo.com.cn/finalpage/2026-07-07/1225411208.PDF"
"汇嘉时代","603101","2026-07-07","2026年半年度业绩预增公告","https://static.cninfo.com.cn/finalpage/2026-07-07/1225411200.PDF"
"万华化学","600309","2026-07-07","万华化学2026年半年度业绩预增公告","https://static.cninfo.com.cn/finalpage/2026-07-07/1225411166.PDF"
"联泓新科","003022","2026-07-07","2026年半年度业绩预告","https://static.cninfo.com.cn/finalpage/2026-07-07/1225411114.PDF"
"华源控股","002787","2026-07-07","2026年半年度业绩预告","https://static.cninfo.com.cn/finalpage/2026-07-07/1225411018.PDF"
"新凤鸣","603225","2026-07-07","2026年半年度业绩预增公告","https://static.cninfo.com.cn/finalpage/2026-07-07/1225410877.PDF"
"国风新材","000859","2026-07-07","2026年半年度业绩预告","https://static.cninfo.com.cn/finalpage/2026-07-07/1225410792.PDF"
"恒力石化","600346","2026-07-07","恒力石化2026年半年度业绩预增公告","https://static.cninfo.com.cn/finalpage/2026-07-07/1225410631.PDF"
"宝地矿业","601121","2026-07-07","新疆宝地矿业股份有限公司关于2026年半年度业绩预告的公告","https://static.cninfo.com.cn/finalpage/2026-07-07/1225410561.PDF"
"申华控股","600653","2026-07-07","申华控股2026年半年度业绩预告","https://static.cninfo.com.cn/finalpage/2026-07-07/1225410549.PDF"
"云汉芯城","301563","2026-07-06","2026年半年度业绩预增公告","https://static.cninfo.com.cn/finalpage/2026-07-06/1225411215.PDF"
"西菱动力","300733","2026-07-06","2026年半年度业绩预告","https://static.cninfo.com.cn/finalpage/2026-07-06/1225411886.PDF"
"金城医药","300233","2026-07-06","山东金城医药集团股份有限公司2026年半年度业绩预告","https://static.cninfo.com.cn/finalpage/2026-07-06/1225411710.PDF"
"普源精电","688337","2026-07-06","普源精电科技股份有限公司关于2026年半年度业绩预告的自愿性披露公告","https://static.cninfo.com.cn/finalpage/2026-07-06/1225410345.PDF"
"奥来德","688378","2026-07-06","2026年半年度业绩预告的自愿性披露公告","https://static.cninfo.com.cn/finalpage/2026-07-06/1225410335.PDF"
"永鼎股份","600105","2026-07-06","永鼎股份2026年半年度业绩预增公告","https://static.cninfo.com.cn/finalpage/2026-07-06/1225410333.PDF"
"招商轮船","601872","2026-07-06","招商轮船2026年半年度业绩预增公告","https://static.cninfo.com.cn/finalpage/2026-07-06/1225410320.PDF"
"华海药业","600521","2026-07-06","浙江华海药业股份有限公司2026年半年度业绩预增公告","https://static.cninfo.com.cn/finalpage/2026-07-06/1225410281.PDF"
"生物股份","600201","2026-07-06","生物股份2026年半年度业绩预增公告","https://static.cninfo.com.cn/finalpage/2026-07-06/1225410276.PDF"
"东方盛虹","000301","2026-07-06","2026年半年度业绩预告","https://static.cninfo.com.cn/finalpage/2026-07-06/1225409393.PDF"
"浙富控股","002266","2026-07-06","2026年半年度业绩预告","https://static.cninfo.com.cn/finalpage/2026-07-06/1225408984.PDF"
"天山铝业","002532","2026-07-06","2026年半年度业绩预告","https://static.cninfo.com.cn/finalpage/2026-07-06/1225408294.PDF"
"*ST尼雅","600084","2026-07-04","中信尼雅葡萄酒股份有限公司2026年半年度业绩预增公告","https://static.cninfo.com.cn/finalpage/2026-07-04/1225409826.PDF"
"ST嘉澳","603822","2026-07-04","2026年半年度业绩预告的公告","https://static.cninfo.com.cn/finalpage/2026-07-04/1225409790.PDF"
"国泰海通","601211","2026-07-04","国泰海通证券股份有限公司2026年半年度业绩预告","https://static.cninfo.com.cn/finalpage/2026-07-04/1225409673.PDF"
"中电港","001287","2026-07-04","2026年半年度业绩预告","https://static.cninfo.com.cn/finalpage/2026-07-04/1225409301.PDF"
"华孚时尚","002042","2026-07-04","2026-32 华孚时尚股份有限公司2026年半年度业绩预告","https://static.cninfo.com.cn/finalpage/2026-07-04/1225409146.PDF"
"中金岭南","000060","2026-07-04","2026年半年度业绩预告","https://static.cninfo.com.cn/finalpage/2026-07-04/1225408956.PDF"
"华银电力","600744","2026-07-04","大唐华银电力股份有限公司2026年半年度业绩预告","https://static.cninfo.com.cn/finalpage/2026-07-04/1225408903.PDF"
"大连重工","002204","2026-07-04","2026年半年度业绩预告","https://static.cninfo.com.cn/finalpage/2026-07-04/1225408447.PDF"
"*ST京化","600889","2026-07-04","公司2026年半年度业绩预告(2026-046)","https://static.cninfo.com.cn/finalpage/2026-07-04/1225408186.PDF"
"江波龙","301308","2026-07-03","2026年半年度业绩预告","https://static.cninfo.com.cn/finalpage/2026-07-03/1225409631.PDF"
"东岳硅材","300821","2026-07-03","2026年半年度业绩预告","https://static.cninfo.com.cn/finalpage/2026-07-03/1225409173.PDF"
"奥飞娱乐","002292","2026-07-03","2026年半年度业绩预告","https://static.cninfo.com.cn/finalpage/2026-07-03/1225407467.PDF"
"星网锐捷","002396","2026-07-03","2026年半年度业绩预告","https://static.cninfo.com.cn/finalpage/2026-07-03/1225407247.PDF"
"盐湖股份","000792","2026-07-03","2026年半年度业绩预告","https://static.cninfo.com.cn/finalpage/2026-07-03/1225407140.PDF"
"北纬科技","002148","2026-07-03","2026年半年度业绩预告","https://static.cninfo.com.cn/finalpage/2026-07-03/1225406836.PDF"
"永和股份","605020","2026-07-03","浙江永和制冷股份有限公司2026年半年度业绩预增公告","https://static.cninfo.com.cn/finalpage/2026-07-03/1225406737.PDF"
"广钢气体","688548","2026-07-03","2026年半年度业绩预告的自愿性披露公告","https://static.cninfo.com.cn/finalpage/2026-07-03/1225406321.PDF"
"福蓉科技","603327","2026-07-03","2026年半年度业绩预增公告","https://static.cninfo.com.cn/finalpage/2026-07-03/1225405280.PDF"
"华峰化学","002064","2026-07-03","2026年半年度业绩预告","https://static.cninfo.com.cn/finalpage/2026-07-03/1225405046.PDF"
"雷赛智能","002979","2026-07-03","关于2026年半年度业绩预告的补充说明公告","https://static.cninfo.com.cn/finalpage/2026-07-03/1225404882.PDF"
"锐捷网络","301165","2026-07-02","2026年半年度业绩预告","https://static.cninfo.com.cn/finalpage/2026-07-02/1225406014.PDF"
"涛涛车业","301345","2026-07-02","2026年半年度业绩预告","https://static.cninfo.com.cn/finalpage/2026-07-02/1225405820.PDF"
"三瑞智能","301696","2026-07-02","2026年半年度业绩预告","https://static.cninfo.com.cn/finalpage/2026-07-02/1225404218.PDF"
"优彩资源","002998","2026-07-02","2026年半年度业绩预告","https://static.cninfo.com.cn/finalpage/2026-07-02/1225403762.PDF"